[DEBUG 02:04:21] git.cmd Popen(['git', 'version'], cwd=/root/autodl-tmp/AAAI/LLM_Communication/Baseline-cognac/MAIC, stdin=None, shell=False, universal_newlines=False)
[DEBUG 02:04:21] git.cmd Popen(['git', 'version'], cwd=/root/autodl-tmp/AAAI/LLM_Communication/Baseline-cognac/MAIC, stdin=None, shell=False, universal_newlines=False)
[DEBUG 02:04:21] git.util sys.platform='linux', git_executable='git'
[DEBUG 02:04:21] git.util sys.platform='linux', git_executable='git'
[DEBUG 02:04:21] git.util sys.platform='linux', git_executable='git'
[INFO 02:04:21] root Saving to FileStorageObserver in results/sacred.
[DEBUG 02:04:22] pymarl Using capture mode "fd"
[INFO 02:04:22] pymarl Running command 'my_main'
[INFO 02:04:22] pymarl Started run with ID "8"
[DEBUG 02:04:22] pymarl Starting Heartbeat
[DEBUG 02:04:22] my_main Started
[INFO 02:04:22] my_main Experiment Parameters:
[INFO 02:04:22] my_main 

{   'action_selector': 'epsilon_greedy',
    'agent': 'maic',
    'agent_output_type': 'q',
    'attention_dim': 32,
    'batch_size': 32,
    'batch_size_run': 1,
    'buffer_cpu_only': True,
    'buffer_size': 5000,
    'burn_in_period': 32,
    'checkpoint_path': '',
    'comment': '',
    'critic_lr': 0.0005,
    'double_q': True,
    'entropy_loss_weight': 0.01,
    'env': 'cognac',
    'env_args': {   'graph_path': 'src/envs/cognac_assets/basic_directed_network_10.npy',
                    'map_name': 'binary_consensus_10',
                    'max_steps': 100,
                    'seed': 1237,
                    'task': 'binary_consensus_10'},
    'epsilon_anneal_time': 50000,
    'epsilon_finish': 0.05,
    'epsilon_start': 1.0,
    'evaluate': False,
    'gamma': 0.99,
    'grad_norm_clip': 10,
    'hypernet_embed': 64,
    'hypernet_layers': 2,
    'is_batch_rl': False,
    'is_from_start': True,
    'is_save_buffer': False,
    'label': 'default_label',
    'latent_dim': 8,
    'learner': 'maic_learner',
    'learner_log_interval': 10000,
    'load_buffer_id': 0,
    'load_step': 0,
    'local_results_path': 'results',
    'log_interval': 2000,
    'log_weights': True,
    'lr': 0.0005,
    'mac': 'maic_mac',
    'mi_loss_weight': 0.001,
    'mixer': 'qmix',
    'mixing_embed_dim': 32,
    'msg_l1_reg_loss_weight': 0,
    'name': 'MAIC_COGNAC',
    'nn_hidden_size': 64,
    'num_circle': 1,
    'obs_agent_id': True,
    'obs_last_action': True,
    'optim_alpha': 0.99,
    'optim_eps': 1e-05,
    'repeat_id': 1,
    'rnn_hidden_dim': 64,
    'runner': 'episode',
    'runner_log_interval': 10000,
    'save_buffer_id': 0,
    'save_buffer_interval': 1000,
    'save_buffer_size': 10000,
    'save_model': False,
    'save_model_interval': 1000000,
    'save_replay': False,
    'seed': 1237,
    't_max': 2050000,
    'target_update_interval': 200,
    'test_greedy': True,
    'test_interval': 10000,
    'test_nepisode': 32,
    'use_cuda': True,
    'use_tensorboard': True,
    'var_floor': 0.002}

<class 'envs.cognac_wrapper.COGNACWrapper'>
[INFO 02:04:23] my_main Beginning training for 2050000 timesteps
/root/autodl-tmp/AAAI/LLM_Communication/Baseline-cognac/MAIC/src/components/episode_buffer.py:104: UserWarning: Creating a tensor from a list of numpy.ndarrays is extremely slow. Please consider converting the list to a single numpy.ndarray with numpy.array() before converting to a tensor. (Triggered internally at ../torch/csrc/utils/tensor_new.cpp:278.)
  v = th.tensor(v, dtype=dtype, device=self.device)
/root/autodl-tmp/AAAI/LLM_Communication/Baseline-cognac/MAIC/src/components/episode_buffer.py:104: UserWarning: To copy construct from a tensor, it is recommended to use sourceTensor.clone().detach() or sourceTensor.clone().detach().requires_grad_(True), rather than torch.tensor(sourceTensor).
  v = th.tensor(v, dtype=dtype, device=self.device)
[INFO 02:04:24] my_main t_env: 100 / 2050000
[INFO 02:04:24] my_main Estimated time left: 2 minutes, 23 seconds. Time passed: 0 seconds
[INFO 02:04:47] my_main Recent Stats | t_env:       2046 | Episode:       21
consensus_fraction_mean:   0.6000	ep_length_mean:          100.0000	episode_limit_mean:        1.0000	epsilon:                   1.0000
return_mean:             -565.0000	return_median:           -565.0000	return_std:                0.0000	success_mean:              0.0000
test_consensus_fraction_mean:  0.6969	test_ep_length_mean:     100.0000	test_episode_limit_mean:   1.0000	test_return_mean:        -407.3438
test_return_median:      -327.0000	test_return_std:         296.8447	test_success_mean:         0.0000	
[INFO 02:05:08] my_main Recent Stats | t_env:       4055 | Episode:       42
consensus_fraction_mean:   0.6000	entropy_loss:              0.0318	ep_length_mean:          100.0000	episode_limit_mean:        1.0000
epsilon:                   1.0000	grad_norm:               103.9917	loss:                     45.8487	mi_loss:                   0.0022
q_taken_mean:             -0.0298	return_mean:             -565.0000	return_median:           -565.0000	return_std:                0.0000
success_mean:              0.0000	target_mean:              -0.5310	td_error_abs:              5.0715	test_consensus_fraction_mean:  0.6969
test_ep_length_mean:     100.0000	test_episode_limit_mean:   1.0000	test_return_mean:        -407.3438	test_return_median:      -327.0000
test_return_std:         296.8447	test_success_mean:         0.0000	
[INFO 02:05:40] my_main Recent Stats | t_env:       6091 | Episode:       65
consensus_fraction_mean:   0.6000	entropy_loss:              0.0318	ep_length_mean:          100.0000	episode_limit_mean:        1.0000
epsilon:                   1.0000	grad_norm:               103.9917	loss:                     45.8487	mi_loss:                   0.0022
q_taken_mean:             -0.0298	return_mean:             -565.0000	return_median:           -565.0000	return_std:                0.0000
success_mean:              0.0000	target_mean:              -0.5310	td_error_abs:              5.0715	test_consensus_fraction_mean:  0.6969
test_ep_length_mean:     100.0000	test_episode_limit_mean:   1.0000	test_return_mean:        -407.3438	test_return_median:      -327.0000
test_return_std:         296.8447	test_success_mean:         0.0000	
[INFO 02:06:14] my_main Recent Stats | t_env:       8179 | Episode:       88
consensus_fraction_mean:   0.6000	entropy_loss:              0.0318	ep_length_mean:          100.0000	episode_limit_mean:        1.0000
epsilon:                   1.0000	grad_norm:               103.9917	loss:                     45.8487	mi_loss:                   0.0022
q_taken_mean:             -0.0298	return_mean:             -565.0000	return_median:           -565.0000	return_std:                0.0000
success_mean:              0.0000	target_mean:              -0.5310	td_error_abs:              5.0715	test_consensus_fraction_mean:  0.6969
test_ep_length_mean:     100.0000	test_episode_limit_mean:   1.0000	test_return_mean:        -407.3438	test_return_median:      -327.0000
test_return_std:         296.8447	test_success_mean:         0.0000	
[INFO 02:06:45] my_main t_env: 10132 / 2050000
[INFO 02:06:45] my_main Estimated time left: 7 hours, 57 minutes, 47 seconds. Time passed: 2 minutes, 21 seconds
[INFO 02:07:01] my_main Recent Stats | t_env:      10276 | Episode:      112
consensus_fraction_mean:   0.6394	entropy_loss:              0.0318	ep_length_mean:           96.0183	episode_limit_mean:        0.9312
epsilon:                   0.8084	grad_norm:               103.9917	loss:                     45.8487	mi_loss:                   0.0022
q_taken_mean:             -0.0298	return_mean:             -522.8394	return_median:           -544.5000	return_std:               72.7063
success_mean:              0.0688	target_mean:              -0.5310	td_error_abs:              5.0715	test_consensus_fraction_mean:  0.7047
test_ep_length_mean:     100.0000	test_episode_limit_mean:   1.0000	test_return_mean:        -388.0000	test_return_median:      -307.0000
test_return_std:         287.2827	test_success_mean:         0.0000	
[INFO 02:07:33] my_main Recent Stats | t_env:      12375 | Episode:      133
consensus_fraction_mean:   0.6394	entropy_loss:              0.0318	ep_length_mean:           96.0183	episode_limit_mean:        0.9312
epsilon:                   0.8084	grad_norm:               103.9917	loss:                     45.8487	mi_loss:                   0.0022
q_taken_mean:             -0.0298	return_mean:             -522.8394	return_median:           -544.5000	return_std:               72.7063
success_mean:              0.0688	target_mean:              -0.5310	td_error_abs:              5.0715	test_consensus_fraction_mean:  0.7047
test_ep_length_mean:     100.0000	test_episode_limit_mean:   1.0000	test_return_mean:        -388.0000	test_return_median:      -307.0000
test_return_std:         287.2827	test_success_mean:         0.0000	
[INFO 02:08:12] my_main Recent Stats | t_env:      14462 | Episode:      155
consensus_fraction_mean:   0.6394	entropy_loss:              0.0174	ep_length_mean:           96.0183	episode_limit_mean:        0.9312
epsilon:                   0.8084	grad_norm:                55.9710	loss:                     35.6200	mi_loss:                   0.0017
q_taken_mean:             -0.3063	return_mean:             -522.8394	return_median:           -544.5000	return_std:               72.7063
success_mean:              0.0688	target_mean:              -0.5608	td_error_abs:              3.9894	test_consensus_fraction_mean:  0.7047
test_ep_length_mean:     100.0000	test_episode_limit_mean:   1.0000	test_return_mean:        -388.0000	test_return_median:      -307.0000
test_return_std:         287.2827	test_success_mean:         0.0000	
[INFO 02:08:56] my_main Recent Stats | t_env:      16519 | Episode:      176
consensus_fraction_mean:   0.6394	entropy_loss:              0.0174	ep_length_mean:           96.0183	episode_limit_mean:        0.9312
epsilon:                   0.8084	grad_norm:                55.9710	loss:                     35.6200	mi_loss:                   0.0017
q_taken_mean:             -0.3063	return_mean:             -522.8394	return_median:           -544.5000	return_std:               72.7063
success_mean:              0.0688	target_mean:              -0.5608	td_error_abs:              3.9894	test_consensus_fraction_mean:  0.7047
test_ep_length_mean:     100.0000	test_episode_limit_mean:   1.0000	test_return_mean:        -388.0000	test_return_median:      -307.0000
test_return_std:         287.2827	test_success_mean:         0.0000	
[INFO 02:09:42] my_main Recent Stats | t_env:      18561 | Episode:      198
consensus_fraction_mean:   0.6394	entropy_loss:              0.0174	ep_length_mean:           96.0183	episode_limit_mean:        0.9312
epsilon:                   0.8084	grad_norm:                55.9710	loss:                     35.6200	mi_loss:                   0.0017
q_taken_mean:             -0.3063	return_mean:             -522.8394	return_median:           -544.5000	return_std:               72.7063
success_mean:              0.0688	target_mean:              -0.5608	td_error_abs:              3.9894	test_consensus_fraction_mean:  0.7047
test_ep_length_mean:     100.0000	test_episode_limit_mean:   1.0000	test_return_mean:        -388.0000	test_return_median:      -307.0000
test_return_std:         287.2827	test_success_mean:         0.0000	
[INFO 02:09:48] my_main Updated target network
[INFO 02:10:16] my_main t_env: 20139 / 2050000
[INFO 02:10:16] my_main Estimated time left: 11 hours, 52 minutes, 35 seconds. Time passed: 5 minutes, 52 seconds
[INFO 02:10:49] my_main Recent Stats | t_env:      20625 | Episode:      219
consensus_fraction_mean:   0.6497	entropy_loss:              0.0174	ep_length_mean:           96.0859	episode_limit_mean:        0.9221
epsilon:                   0.6193	grad_norm:                55.9710	loss:                     35.6200	mi_loss:                   0.0017
q_taken_mean:             -0.3063	return_mean:             -516.2263	return_median:           -537.8333	return_std:               83.0092
success_mean:              0.0779	target_mean:              -0.5608	td_error_abs:              3.9894	test_consensus_fraction_mean:  0.6979
test_ep_length_mean:     100.0000	test_episode_limit_mean:   1.0000	test_return_mean:        -392.0833	test_return_median:      -324.5000
test_return_std:         264.9912	test_success_mean:         0.0000	
[INFO 02:11:42] my_main Recent Stats | t_env:      22678 | Episode:      241
consensus_fraction_mean:   0.6497	entropy_loss:              0.0174	ep_length_mean:           96.0859	episode_limit_mean:        0.9221
epsilon:                   0.6193	grad_norm:                55.9710	loss:                     35.6200	mi_loss:                   0.0017
q_taken_mean:             -0.3063	return_mean:             -516.2263	return_median:           -537.8333	return_std:               83.0092
success_mean:              0.0779	target_mean:              -0.5608	td_error_abs:              3.9894	test_consensus_fraction_mean:  0.6979
test_ep_length_mean:     100.0000	test_episode_limit_mean:   1.0000	test_return_mean:        -392.0833	test_return_median:      -324.5000
test_return_std:         264.9912	test_success_mean:         0.0000	
[INFO 02:12:52] my_main Recent Stats | t_env:      24697 | Episode:      263
consensus_fraction_mean:   0.6497	entropy_loss:              0.0126	ep_length_mean:           96.0859	episode_limit_mean:        0.9221
epsilon:                   0.6193	grad_norm:                39.2342	loss:                     31.1200	mi_loss:                   0.0015
q_taken_mean:             -0.5532	return_mean:             -516.2263	return_median:           -537.8333	return_std:               83.0092
success_mean:              0.0779	target_mean:              -0.7275	td_error_abs:              3.6860	test_consensus_fraction_mean:  0.6979
test_ep_length_mean:     100.0000	test_episode_limit_mean:   1.0000	test_return_mean:        -392.0833	test_return_median:      -324.5000
test_return_std:         264.9912	test_success_mean:         0.0000	
[INFO 02:14:11] my_main Recent Stats | t_env:      26709 | Episode:      284
consensus_fraction_mean:   0.6497	entropy_loss:              0.0126	ep_length_mean:           96.0859	episode_limit_mean:        0.9221
epsilon:                   0.6193	grad_norm:                39.2342	loss:                     31.1200	mi_loss:                   0.0015
q_taken_mean:             -0.5532	return_mean:             -516.2263	return_median:           -537.8333	return_std:               83.0092
success_mean:              0.0779	target_mean:              -0.7275	td_error_abs:              3.6860	test_consensus_fraction_mean:  0.6979
test_ep_length_mean:     100.0000	test_episode_limit_mean:   1.0000	test_return_mean:        -392.0833	test_return_median:      -324.5000
test_return_std:         264.9912	test_success_mean:         0.0000	
[INFO 02:15:33] my_main Recent Stats | t_env:      28710 | Episode:      305
consensus_fraction_mean:   0.6497	entropy_loss:              0.0126	ep_length_mean:           96.0859	episode_limit_mean:        0.9221
epsilon:                   0.6193	grad_norm:                39.2342	loss:                     31.1200	mi_loss:                   0.0015
q_taken_mean:             -0.5532	return_mean:             -516.2263	return_median:           -537.8333	return_std:               83.0092
success_mean:              0.0779	target_mean:              -0.7275	td_error_abs:              3.6860	test_consensus_fraction_mean:  0.6979
test_ep_length_mean:     100.0000	test_episode_limit_mean:   1.0000	test_return_mean:        -392.0833	test_return_median:      -324.5000
test_return_std:         264.9912	test_success_mean:         0.0000	
[INFO 02:16:28] my_main t_env: 30235 / 2050000
[INFO 02:16:28] my_main Estimated time left: 20 hours, 42 minutes, 50 seconds. Time passed: 12 minutes, 5 seconds
[INFO 02:17:14] my_main Recent Stats | t_env:      30735 | Episode:      326
consensus_fraction_mean:   0.6520	entropy_loss:              0.0126	ep_length_mean:           95.6532	episode_limit_mean:        0.9112
epsilon:                   0.4274	grad_norm:                39.2342	loss:                     31.1200	mi_loss:                   0.0015
q_taken_mean:             -0.5532	return_mean:             -513.0179	return_median:           -538.3750	return_std:               95.3926
success_mean:              0.0888	target_mean:              -0.7275	td_error_abs:              3.6860	test_consensus_fraction_mean:  0.6969
test_ep_length_mean:     100.0000	test_episode_limit_mean:   1.0000	test_return_mean:        -382.2422	test_return_median:      -324.1250
test_return_std:         246.0371	test_success_mean:         0.0000	
[INFO 02:18:05] my_main Recent Stats | t_env:      32740 | Episode:      347
consensus_fraction_mean:   0.6520	entropy_loss:              0.0126	ep_length_mean:           95.6532	episode_limit_mean:        0.9112
epsilon:                   0.4274	grad_norm:                39.2342	loss:                     31.1200	mi_loss:                   0.0015
q_taken_mean:             -0.5532	return_mean:             -513.0179	return_median:           -538.3750	return_std:               95.3926
success_mean:              0.0888	target_mean:              -0.7275	td_error_abs:              3.6860	test_consensus_fraction_mean:  0.6969
test_ep_length_mean:     100.0000	test_episode_limit_mean:   1.0000	test_return_mean:        -382.2422	test_return_median:      -324.1250
test_return_std:         246.0371	test_success_mean:         0.0000	
[INFO 02:18:58] my_main Recent Stats | t_env:      34800 | Episode:      368
consensus_fraction_mean:   0.6520	entropy_loss:              0.0103	ep_length_mean:           95.6532	episode_limit_mean:        0.9112
epsilon:                   0.4274	grad_norm:                31.4770	loss:                     30.1184	mi_loss:                   0.0015
q_taken_mean:             -0.6861	return_mean:             -513.0179	return_median:           -538.3750	return_std:               95.3926
success_mean:              0.0888	target_mean:              -0.8121	td_error_abs:              3.5562	test_consensus_fraction_mean:  0.6969
test_ep_length_mean:     100.0000	test_episode_limit_mean:   1.0000	test_return_mean:        -382.2422	test_return_median:      -324.1250
test_return_std:         246.0371	test_success_mean:         0.0000	
[INFO 02:19:50] my_main Recent Stats | t_env:      36872 | Episode:      389
consensus_fraction_mean:   0.6520	entropy_loss:              0.0103	ep_length_mean:           95.6532	episode_limit_mean:        0.9112
epsilon:                   0.4274	grad_norm:                31.4770	loss:                     30.1184	mi_loss:                   0.0015
q_taken_mean:             -0.6861	return_mean:             -513.0179	return_median:           -538.3750	return_std:               95.3926
success_mean:              0.0888	target_mean:              -0.8121	td_error_abs:              3.5562	test_consensus_fraction_mean:  0.6969
test_ep_length_mean:     100.0000	test_episode_limit_mean:   1.0000	test_return_mean:        -382.2422	test_return_median:      -324.1250
test_return_std:         246.0371	test_success_mean:         0.0000	
[INFO 02:20:19] my_main Updated target network
[INFO 02:20:42] my_main Recent Stats | t_env:      38875 | Episode:      410
consensus_fraction_mean:   0.6520	entropy_loss:              0.0103	ep_length_mean:           95.6532	episode_limit_mean:        0.9112
epsilon:                   0.4274	grad_norm:                31.4770	loss:                     30.1184	mi_loss:                   0.0015
q_taken_mean:             -0.6861	return_mean:             -513.0179	return_median:           -538.3750	return_std:               95.3926
success_mean:              0.0888	target_mean:              -0.8121	td_error_abs:              3.5562	test_consensus_fraction_mean:  0.6969
test_ep_length_mean:     100.0000	test_episode_limit_mean:   1.0000	test_return_mean:        -382.2422	test_return_median:      -324.1250
test_return_std:         246.0371	test_success_mean:         0.0000	
[INFO 02:21:17] my_main t_env: 40275 / 2050000
[INFO 02:21:17] my_main Estimated time left: 16 hours, 3 minutes, 38 seconds. Time passed: 16 minutes, 54 seconds
[INFO 02:22:02] my_main Recent Stats | t_env:      40875 | Episode:      430
consensus_fraction_mean:   0.6503	entropy_loss:              0.0103	ep_length_mean:           96.0177	episode_limit_mean:        0.9173
epsilon:                   0.2367	grad_norm:                31.4770	loss:                     30.1184	mi_loss:                   0.0015
q_taken_mean:             -0.6861	return_mean:             -510.8143	return_median:           -534.5000	return_std:               97.9397
success_mean:              0.0827	target_mean:              -0.8121	td_error_abs:              3.5562	test_consensus_fraction_mean:  0.6956
test_ep_length_mean:     100.0000	test_episode_limit_mean:   1.0000	test_return_mean:        -389.8813	test_return_median:      -345.0000
test_return_std:         256.7361	test_success_mean:         0.0000	
[INFO 02:22:54] my_main Recent Stats | t_env:      42965 | Episode:      451
consensus_fraction_mean:   0.6503	entropy_loss:              0.0103	ep_length_mean:           96.0177	episode_limit_mean:        0.9173
epsilon:                   0.2367	grad_norm:                31.4770	loss:                     30.1184	mi_loss:                   0.0015
q_taken_mean:             -0.6861	return_mean:             -510.8143	return_median:           -534.5000	return_std:               97.9397
success_mean:              0.0827	target_mean:              -0.8121	td_error_abs:              3.5562	test_consensus_fraction_mean:  0.6956
test_ep_length_mean:     100.0000	test_episode_limit_mean:   1.0000	test_return_mean:        -389.8813	test_return_median:      -345.0000
test_return_std:         256.7361	test_success_mean:         0.0000	
[INFO 02:23:48] my_main Recent Stats | t_env:      45035 | Episode:      473
consensus_fraction_mean:   0.6503	entropy_loss:              0.0090	ep_length_mean:           96.0177	episode_limit_mean:        0.9173
epsilon:                   0.2367	grad_norm:                29.6626	loss:                     30.1125	mi_loss:                   0.0015
q_taken_mean:             -0.8428	return_mean:             -510.8143	return_median:           -534.5000	return_std:               97.9397
success_mean:              0.0827	target_mean:              -0.9420	td_error_abs:              3.4965	test_consensus_fraction_mean:  0.6956
test_ep_length_mean:     100.0000	test_episode_limit_mean:   1.0000	test_return_mean:        -389.8813	test_return_median:      -345.0000
test_return_std:         256.7361	test_success_mean:         0.0000	
[INFO 02:24:41] my_main Recent Stats | t_env:      47101 | Episode:      494
consensus_fraction_mean:   0.6503	entropy_loss:              0.0090	ep_length_mean:           96.0177	episode_limit_mean:        0.9173
epsilon:                   0.2367	grad_norm:                29.6626	loss:                     30.1125	mi_loss:                   0.0015
q_taken_mean:             -0.8428	return_mean:             -510.8143	return_median:           -534.5000	return_std:               97.9397
success_mean:              0.0827	target_mean:              -0.9420	td_error_abs:              3.4965	test_consensus_fraction_mean:  0.6956
test_ep_length_mean:     100.0000	test_episode_limit_mean:   1.0000	test_return_mean:        -389.8813	test_return_median:      -345.0000
test_return_std:         256.7361	test_success_mean:         0.0000	
[INFO 02:25:34] my_main Recent Stats | t_env:      49120 | Episode:      516
consensus_fraction_mean:   0.6503	entropy_loss:              0.0090	ep_length_mean:           96.0177	episode_limit_mean:        0.9173
epsilon:                   0.2367	grad_norm:                29.6626	loss:                     30.1125	mi_loss:                   0.0015
q_taken_mean:             -0.8428	return_mean:             -510.8143	return_median:           -534.5000	return_std:               97.9397
success_mean:              0.0827	target_mean:              -0.9420	td_error_abs:              3.4965	test_consensus_fraction_mean:  0.6956
test_ep_length_mean:     100.0000	test_episode_limit_mean:   1.0000	test_return_mean:        -389.8813	test_return_median:      -345.0000
test_return_std:         256.7361	test_success_mean:         0.0000	
[INFO 02:26:03] my_main t_env: 50320 / 2050000
[INFO 02:26:03] my_main Estimated time left: 15 hours, 48 minutes, 13 seconds. Time passed: 21 minutes, 39 seconds
[INFO 02:26:53] my_main Recent Stats | t_env:      51120 | Episode:      536
consensus_fraction_mean:   0.6584	entropy_loss:              0.0090	ep_length_mean:           95.3351	episode_limit_mean:        0.9058
epsilon:                   0.0500	grad_norm:                29.6626	loss:                     30.1125	mi_loss:                   0.0015
q_taken_mean:             -0.8428	return_mean:             -495.8662	return_median:           -519.2000	return_std:              133.5695
success_mean:              0.0942	target_mean:              -0.9420	td_error_abs:              3.4965	test_consensus_fraction_mean:  0.6900
test_ep_length_mean:     100.0000	test_episode_limit_mean:   1.0000	test_return_mean:        -389.5562	test_return_median:      -365.8000
test_return_std:         244.0729	test_success_mean:         0.0000	
[INFO 02:27:46] my_main Recent Stats | t_env:      53125 | Episode:      558
consensus_fraction_mean:   0.6584	entropy_loss:              0.0090	ep_length_mean:           95.3351	episode_limit_mean:        0.9058
epsilon:                   0.0500	grad_norm:                29.6626	loss:                     30.1125	mi_loss:                   0.0015
q_taken_mean:             -0.8428	return_mean:             -495.8662	return_median:           -519.2000	return_std:              133.5695
success_mean:              0.0942	target_mean:              -0.9420	td_error_abs:              3.4965	test_consensus_fraction_mean:  0.6900
test_ep_length_mean:     100.0000	test_episode_limit_mean:   1.0000	test_return_mean:        -389.5562	test_return_median:      -365.8000
test_return_std:         244.0729	test_success_mean:         0.0000	
[INFO 02:28:37] my_main Recent Stats | t_env:      55125 | Episode:      578
consensus_fraction_mean:   0.6584	entropy_loss:              0.0035	ep_length_mean:           95.3351	episode_limit_mean:        0.9058
epsilon:                   0.0500	grad_norm:                11.0078	loss:                     26.9124	mi_loss:                   0.0014
q_taken_mean:             -1.1311	return_mean:             -495.8662	return_median:           -519.2000	return_std:              133.5695
success_mean:              0.0942	target_mean:              -1.1354	td_error_abs:              3.1114	test_consensus_fraction_mean:  0.6900
test_ep_length_mean:     100.0000	test_episode_limit_mean:   1.0000	test_return_mean:        -389.5562	test_return_median:      -365.8000
test_return_std:         244.0729	test_success_mean:         0.0000	
[INFO 02:29:29] my_main Recent Stats | t_env:      57128 | Episode:      599
consensus_fraction_mean:   0.6584	entropy_loss:              0.0035	ep_length_mean:           95.3351	episode_limit_mean:        0.9058
epsilon:                   0.0500	grad_norm:                11.0078	loss:                     26.9124	mi_loss:                   0.0014
q_taken_mean:             -1.1311	return_mean:             -495.8662	return_median:           -519.2000	return_std:              133.5695
success_mean:              0.0942	target_mean:              -1.1354	td_error_abs:              3.1114	test_consensus_fraction_mean:  0.6900
test_ep_length_mean:     100.0000	test_episode_limit_mean:   1.0000	test_return_mean:        -389.5562	test_return_median:      -365.8000
test_return_std:         244.0729	test_success_mean:         0.0000	
[INFO 02:29:34] my_main Updated target network
[INFO 02:30:19] my_main Recent Stats | t_env:      59128 | Episode:      619
consensus_fraction_mean:   0.6584	entropy_loss:              0.0035	ep_length_mean:           95.3351	episode_limit_mean:        0.9058
epsilon:                   0.0500	grad_norm:                11.0078	loss:                     26.9124	mi_loss:                   0.0014
q_taken_mean:             -1.1311	return_mean:             -495.8662	return_median:           -519.2000	return_std:              133.5695
success_mean:              0.0942	target_mean:              -1.1354	td_error_abs:              3.1114	test_consensus_fraction_mean:  0.6900
test_ep_length_mean:     100.0000	test_episode_limit_mean:   1.0000	test_return_mean:        -389.5562	test_return_median:      -365.8000
test_return_std:         244.0729	test_success_mean:         0.0000	
[INFO 02:30:51] my_main t_env: 60332 / 2050000
[INFO 02:30:51] my_main Estimated time left: 15 hours, 53 minutes, 36 seconds. Time passed: 26 minutes, 27 seconds
[INFO 02:31:42] my_main Recent Stats | t_env:      61132 | Episode:      640
consensus_fraction_mean:   0.6524	entropy_loss:              0.0035	ep_length_mean:           96.1816	episode_limit_mean:        0.9256
epsilon:                   0.0500	grad_norm:                11.0078	loss:                     26.9124	mi_loss:                   0.0014
q_taken_mean:             -1.1311	return_mean:             -485.3112	return_median:           -488.2000	return_std:              148.2696
success_mean:              0.0744	target_mean:              -1.1354	td_error_abs:              3.1114	test_consensus_fraction_mean:  0.6769
test_ep_length_mean:     100.0000	test_episode_limit_mean:   1.0000	test_return_mean:        -414.3500	test_return_median:      -394.7000
test_return_std:         247.8139	test_success_mean:         0.0000	
[INFO 02:32:31] my_main Recent Stats | t_env:      63132 | Episode:      660
consensus_fraction_mean:   0.6524	entropy_loss:              0.0035	ep_length_mean:           96.1816	episode_limit_mean:        0.9256
epsilon:                   0.0500	grad_norm:                11.0078	loss:                     26.9124	mi_loss:                   0.0014
q_taken_mean:             -1.1311	return_mean:             -485.3112	return_median:           -488.2000	return_std:              148.2696
success_mean:              0.0744	target_mean:              -1.1354	td_error_abs:              3.1114	test_consensus_fraction_mean:  0.6769
test_ep_length_mean:     100.0000	test_episode_limit_mean:   1.0000	test_return_mean:        -414.3500	test_return_median:      -394.7000
test_return_std:         247.8139	test_success_mean:         0.0000	
[INFO 02:33:24] my_main Recent Stats | t_env:      65198 | Episode:      681
consensus_fraction_mean:   0.6524	entropy_loss:              0.0038	ep_length_mean:           96.1816	episode_limit_mean:        0.9256
epsilon:                   0.0500	grad_norm:                15.5519	loss:                     27.1730	mi_loss:                   0.0015
q_taken_mean:             -1.4012	return_mean:             -485.3112	return_median:           -488.2000	return_std:              148.2696
success_mean:              0.0744	target_mean:              -1.3936	td_error_abs:              3.1325	test_consensus_fraction_mean:  0.6769
test_ep_length_mean:     100.0000	test_episode_limit_mean:   1.0000	test_return_mean:        -414.3500	test_return_median:      -394.7000
test_return_std:         247.8139	test_success_mean:         0.0000	
[INFO 02:34:15] my_main Recent Stats | t_env:      67202 | Episode:      702
consensus_fraction_mean:   0.6524	entropy_loss:              0.0038	ep_length_mean:           96.1816	episode_limit_mean:        0.9256
epsilon:                   0.0500	grad_norm:                15.5519	loss:                     27.1730	mi_loss:                   0.0015
q_taken_mean:             -1.4012	return_mean:             -485.3112	return_median:           -488.2000	return_std:              148.2696
success_mean:              0.0744	target_mean:              -1.3936	td_error_abs:              3.1325	test_consensus_fraction_mean:  0.6769
test_ep_length_mean:     100.0000	test_episode_limit_mean:   1.0000	test_return_mean:        -414.3500	test_return_median:      -394.7000
test_return_std:         247.8139	test_success_mean:         0.0000	
[INFO 02:35:08] my_main Recent Stats | t_env:      69215 | Episode:      723
consensus_fraction_mean:   0.6524	entropy_loss:              0.0038	ep_length_mean:           96.1816	episode_limit_mean:        0.9256
epsilon:                   0.0500	grad_norm:                15.5519	loss:                     27.1730	mi_loss:                   0.0015
q_taken_mean:             -1.4012	return_mean:             -485.3112	return_median:           -488.2000	return_std:              148.2696
success_mean:              0.0744	target_mean:              -1.3936	td_error_abs:              3.1325	test_consensus_fraction_mean:  0.6769
test_ep_length_mean:     100.0000	test_episode_limit_mean:   1.0000	test_return_mean:        -414.3500	test_return_median:      -394.7000
test_return_std:         247.8139	test_success_mean:         0.0000	
[INFO 02:35:41] my_main t_env: 70398 / 2050000
[INFO 02:35:41] my_main Estimated time left: 15 hours, 49 minutes, 45 seconds. Time passed: 31 minutes, 17 seconds
[INFO 02:36:33] my_main Recent Stats | t_env:      71298 | Episode:      746
consensus_fraction_mean:   0.6519	entropy_loss:              0.0038	ep_length_mean:           96.1107	episode_limit_mean:        0.9334
epsilon:                   0.0500	grad_norm:                15.5519	loss:                     27.1730	mi_loss:                   0.0015
q_taken_mean:             -1.4012	return_mean:             -469.0369	return_median:           -460.3000	return_std:              169.5770
success_mean:              0.0666	target_mean:              -1.3936	td_error_abs:              3.1325	test_consensus_fraction_mean:  0.6963
test_ep_length_mean:      98.3125	test_episode_limit_mean:   0.9812	test_return_mean:        -390.1500	test_return_median:      -386.2000
test_return_std:         232.6500	test_success_mean:         0.0188	
[INFO 02:37:25] my_main Recent Stats | t_env:      73308 | Episode:      768
consensus_fraction_mean:   0.6519	entropy_loss:              0.0038	ep_length_mean:           96.1107	episode_limit_mean:        0.9334
epsilon:                   0.0500	grad_norm:                15.5519	loss:                     27.1730	mi_loss:                   0.0015
q_taken_mean:             -1.4012	return_mean:             -469.0369	return_median:           -460.3000	return_std:              169.5770
success_mean:              0.0666	target_mean:              -1.3936	td_error_abs:              3.1325	test_consensus_fraction_mean:  0.6963
test_ep_length_mean:      98.3125	test_episode_limit_mean:   0.9812	test_return_mean:        -390.1500	test_return_median:      -386.2000
test_return_std:         232.6500	test_success_mean:         0.0188	
[INFO 02:38:22] my_main Recent Stats | t_env:      75360 | Episode:      793
consensus_fraction_mean:   0.6519	entropy_loss:              0.0041	ep_length_mean:           96.1107	episode_limit_mean:        0.9334
epsilon:                   0.0500	grad_norm:                19.8619	loss:                     29.9605	mi_loss:                   0.0017
q_taken_mean:             -1.5725	return_mean:             -469.0369	return_median:           -460.3000	return_std:              169.5770
success_mean:              0.0666	target_mean:              -1.5683	td_error_abs:              3.1309	test_consensus_fraction_mean:  0.6963
test_ep_length_mean:      98.3125	test_episode_limit_mean:   0.9812	test_return_mean:        -390.1500	test_return_median:      -386.2000
test_return_std:         232.6500	test_success_mean:         0.0188	
[INFO 02:38:42] my_main Updated target network
[INFO 02:39:16] my_main Recent Stats | t_env:      77401 | Episode:      815
consensus_fraction_mean:   0.6519	entropy_loss:              0.0041	ep_length_mean:           96.1107	episode_limit_mean:        0.9334
epsilon:                   0.0500	grad_norm:                19.8619	loss:                     29.9605	mi_loss:                   0.0017
q_taken_mean:             -1.5725	return_mean:             -469.0369	return_median:           -460.3000	return_std:              169.5770
success_mean:              0.0666	target_mean:              -1.5683	td_error_abs:              3.1309	test_consensus_fraction_mean:  0.6963
test_ep_length_mean:      98.3125	test_episode_limit_mean:   0.9812	test_return_mean:        -390.1500	test_return_median:      -386.2000
test_return_std:         232.6500	test_success_mean:         0.0188	
[INFO 02:40:09] my_main Recent Stats | t_env:      79460 | Episode:      837
consensus_fraction_mean:   0.6519	entropy_loss:              0.0041	ep_length_mean:           96.1107	episode_limit_mean:        0.9334
epsilon:                   0.0500	grad_norm:                19.8619	loss:                     29.9605	mi_loss:                   0.0017
q_taken_mean:             -1.5725	return_mean:             -469.0369	return_median:           -460.3000	return_std:              169.5770
success_mean:              0.0666	target_mean:              -1.5683	td_error_abs:              3.1309	test_consensus_fraction_mean:  0.6963
test_ep_length_mean:      98.3125	test_episode_limit_mean:   0.9812	test_return_mean:        -390.1500	test_return_median:      -386.2000
test_return_std:         232.6500	test_success_mean:         0.0188	
[INFO 02:40:35] my_main t_env: 80424 / 2050000
[INFO 02:40:35] my_main Estimated time left: 16 hours, 3 minutes, 14 seconds. Time passed: 36 minutes, 11 seconds
[INFO 02:41:28] my_main Recent Stats | t_env:      81529 | Episode:      860
consensus_fraction_mean:   0.6670	entropy_loss:              0.0041	ep_length_mean:           95.3045	episode_limit_mean:        0.9325
epsilon:                   0.0500	grad_norm:                19.8619	loss:                     29.9605	mi_loss:                   0.0017
q_taken_mean:             -1.5725	return_mean:             -436.5818	return_median:           -423.3000	return_std:              178.5788
success_mean:              0.0675	target_mean:              -1.5683	td_error_abs:              3.1309	test_consensus_fraction_mean:  0.7275
test_ep_length_mean:      93.9000	test_episode_limit_mean:   0.9312	test_return_mean:        -362.6875	test_return_median:      -377.2000
test_return_std:         227.6256	test_success_mean:         0.0688	
[INFO 02:42:26] my_main Recent Stats | t_env:      83584 | Episode:      886
consensus_fraction_mean:   0.6670	entropy_loss:              0.0043	ep_length_mean:           95.3045	episode_limit_mean:        0.9325
epsilon:                   0.0500	grad_norm:                28.8826	loss:                     32.0457	mi_loss:                   0.0020
q_taken_mean:             -1.8313	return_mean:             -436.5818	return_median:           -423.3000	return_std:              178.5788
success_mean:              0.0675	target_mean:              -1.8185	td_error_abs:              3.1259	test_consensus_fraction_mean:  0.7275
test_ep_length_mean:      93.9000	test_episode_limit_mean:   0.9312	test_return_mean:        -362.6875	test_return_median:      -377.2000
test_return_std:         227.6256	test_success_mean:         0.0688	
[INFO 02:43:20] my_main Recent Stats | t_env:      85591 | Episode:      909
consensus_fraction_mean:   0.6670	entropy_loss:              0.0043	ep_length_mean:           95.3045	episode_limit_mean:        0.9325
epsilon:                   0.0500	grad_norm:                28.8826	loss:                     32.0457	mi_loss:                   0.0020
q_taken_mean:             -1.8313	return_mean:             -436.5818	return_median:           -423.3000	return_std:              178.5788
success_mean:              0.0675	target_mean:              -1.8185	td_error_abs:              3.1259	test_consensus_fraction_mean:  0.7275
test_ep_length_mean:      93.9000	test_episode_limit_mean:   0.9312	test_return_mean:        -362.6875	test_return_median:      -377.2000
test_return_std:         227.6256	test_success_mean:         0.0688	
[INFO 02:44:17] my_main Recent Stats | t_env:      87596 | Episode:      935
consensus_fraction_mean:   0.6670	entropy_loss:              0.0043	ep_length_mean:           95.3045	episode_limit_mean:        0.9325
epsilon:                   0.0500	grad_norm:                28.8826	loss:                     32.0457	mi_loss:                   0.0020
q_taken_mean:             -1.8313	return_mean:             -436.5818	return_median:           -423.3000	return_std:              178.5788
success_mean:              0.0675	target_mean:              -1.8185	td_error_abs:              3.1259	test_consensus_fraction_mean:  0.7275
test_ep_length_mean:      93.9000	test_episode_limit_mean:   0.9312	test_return_mean:        -362.6875	test_return_median:      -377.2000
test_return_std:         227.6256	test_success_mean:         0.0688	
[INFO 02:45:12] my_main Recent Stats | t_env:      89627 | Episode:      959
consensus_fraction_mean:   0.6670	entropy_loss:              0.0043	ep_length_mean:           95.3045	episode_limit_mean:        0.9325
epsilon:                   0.0500	grad_norm:                28.8826	loss:                     32.0457	mi_loss:                   0.0020
q_taken_mean:             -1.8313	return_mean:             -436.5818	return_median:           -423.3000	return_std:              178.5788
success_mean:              0.0675	target_mean:              -1.8185	td_error_abs:              3.1259	test_consensus_fraction_mean:  0.7275
test_ep_length_mean:      93.9000	test_episode_limit_mean:   0.9312	test_return_mean:        -362.6875	test_return_median:      -377.2000
test_return_std:         227.6256	test_success_mean:         0.0688	
[INFO 02:45:36] my_main t_env: 90449 / 2050000
[INFO 02:45:36] my_main Estimated time left: 16 hours, 20 minutes, 9 seconds. Time passed: 41 minutes, 12 seconds
[INFO 02:46:36] my_main Recent Stats | t_env:      91692 | Episode:      984
consensus_fraction_mean:   0.6959	entropy_loss:              0.0043	ep_length_mean:           92.3796	episode_limit_mean:        0.8962
epsilon:                   0.0500	grad_norm:                28.8826	loss:                     32.0457	mi_loss:                   0.0020
q_taken_mean:             -1.8313	return_mean:             -394.5670	return_median:           -383.7000	return_std:              193.9364
success_mean:              0.1038	target_mean:              -1.8185	td_error_abs:              3.1259	test_consensus_fraction_mean:  0.7669
test_ep_length_mean:      90.0125	test_episode_limit_mean:   0.8625	test_return_mean:        -325.0375	test_return_median:      -339.0000
test_return_std:         193.1314	test_success_mean:         0.1375	
[INFO 02:47:14] my_main Updated target network
[INFO 02:47:36] my_main Recent Stats | t_env:      93696 | Episode:     1011
consensus_fraction_mean:   0.6959	entropy_loss:              0.0043	ep_length_mean:           92.3796	episode_limit_mean:        0.8962
epsilon:                   0.0500	grad_norm:                42.1238	loss:                     32.2884	mi_loss:                   0.0022
q_taken_mean:             -2.0701	return_mean:             -394.5670	return_median:           -383.7000	return_std:              193.9364
success_mean:              0.1038	target_mean:              -2.0702	td_error_abs:              3.1041	test_consensus_fraction_mean:  0.7669
test_ep_length_mean:      90.0125	test_episode_limit_mean:   0.8625	test_return_mean:        -325.0375	test_return_median:      -339.0000
test_return_std:         193.1314	test_success_mean:         0.1375	
[INFO 02:48:31] my_main Recent Stats | t_env:      95704 | Episode:     1036
consensus_fraction_mean:   0.6959	entropy_loss:              0.0043	ep_length_mean:           92.3796	episode_limit_mean:        0.8962
epsilon:                   0.0500	grad_norm:                42.1238	loss:                     32.2884	mi_loss:                   0.0022
q_taken_mean:             -2.0701	return_mean:             -394.5670	return_median:           -383.7000	return_std:              193.9364
success_mean:              0.1038	target_mean:              -2.0702	td_error_abs:              3.1041	test_consensus_fraction_mean:  0.7669
test_ep_length_mean:      90.0125	test_episode_limit_mean:   0.8625	test_return_mean:        -325.0375	test_return_median:      -339.0000
test_return_std:         193.1314	test_success_mean:         0.1375	
[INFO 02:49:28] my_main Recent Stats | t_env:      97785 | Episode:     1061
consensus_fraction_mean:   0.6959	entropy_loss:              0.0043	ep_length_mean:           92.3796	episode_limit_mean:        0.8962
epsilon:                   0.0500	grad_norm:                42.1238	loss:                     32.2884	mi_loss:                   0.0022
q_taken_mean:             -2.0701	return_mean:             -394.5670	return_median:           -383.7000	return_std:              193.9364
success_mean:              0.1038	target_mean:              -2.0702	td_error_abs:              3.1041	test_consensus_fraction_mean:  0.7669
test_ep_length_mean:      90.0125	test_episode_limit_mean:   0.8625	test_return_mean:        -325.0375	test_return_median:      -339.0000
test_return_std:         193.1314	test_success_mean:         0.1375	
[INFO 02:50:33] my_main Recent Stats | t_env:      99831 | Episode:     1091
consensus_fraction_mean:   0.6959	entropy_loss:              0.0043	ep_length_mean:           92.3796	episode_limit_mean:        0.8962
epsilon:                   0.0500	grad_norm:                42.1238	loss:                     32.2884	mi_loss:                   0.0022
q_taken_mean:             -2.0701	return_mean:             -394.5670	return_median:           -383.7000	return_std:              193.9364
success_mean:              0.1038	target_mean:              -2.0702	td_error_abs:              3.1041	test_consensus_fraction_mean:  0.7669
test_ep_length_mean:      90.0125	test_episode_limit_mean:   0.8625	test_return_mean:        -325.0375	test_return_median:      -339.0000
test_return_std:         193.1314	test_success_mean:         0.1375	
[INFO 02:50:53] my_main t_env: 100456 / 2050000
[INFO 02:50:53] my_main Estimated time left: 17 hours, 8 minutes, 56 seconds. Time passed: 46 minutes, 29 seconds
[INFO 02:51:57] my_main Recent Stats | t_env:     101840 | Episode:     1118
consensus_fraction_mean:   0.7364	entropy_loss:              0.0043	ep_length_mean:           88.3402	episode_limit_mean:        0.8360
epsilon:                   0.0500	grad_norm:                42.1238	loss:                     32.2884	mi_loss:                   0.0022
q_taken_mean:             -2.0701	return_mean:             -343.5868	return_median:           -342.8000	return_std:              191.5653
success_mean:              0.1640	target_mean:              -2.0702	td_error_abs:              3.1041	test_consensus_fraction_mean:  0.8162
test_ep_length_mean:      84.7438	test_episode_limit_mean:   0.8000	test_return_mean:        -270.6625	test_return_median:      -289.4000
test_return_std:         169.7854	test_success_mean:         0.2000	
[INFO 02:52:58] my_main Recent Stats | t_env:     103897 | Episode:     1145
consensus_fraction_mean:   0.7364	entropy_loss:              0.0043	ep_length_mean:           88.3402	episode_limit_mean:        0.8360
epsilon:                   0.0500	grad_norm:                57.0203	loss:                     32.4529	mi_loss:                   0.0025
q_taken_mean:             -2.2977	return_mean:             -343.5868	return_median:           -342.8000	return_std:              191.5653
success_mean:              0.1640	target_mean:              -2.2991	td_error_abs:              3.1172	test_consensus_fraction_mean:  0.8162
test_ep_length_mean:      84.7438	test_episode_limit_mean:   0.8000	test_return_mean:        -270.6625	test_return_median:      -289.4000
test_return_std:         169.7854	test_success_mean:         0.2000	
[INFO 02:54:00] my_main Recent Stats | t_env:     105908 | Episode:     1174
consensus_fraction_mean:   0.7364	entropy_loss:              0.0043	ep_length_mean:           88.3402	episode_limit_mean:        0.8360
epsilon:                   0.0500	grad_norm:                57.0203	loss:                     32.4529	mi_loss:                   0.0025
q_taken_mean:             -2.2977	return_mean:             -343.5868	return_median:           -342.8000	return_std:              191.5653
success_mean:              0.1640	target_mean:              -2.2991	td_error_abs:              3.1172	test_consensus_fraction_mean:  0.8162
test_ep_length_mean:      84.7438	test_episode_limit_mean:   0.8000	test_return_mean:        -270.6625	test_return_median:      -289.4000
test_return_std:         169.7854	test_success_mean:         0.2000	
[INFO 02:54:57] my_main Updated target network
[INFO 02:55:06] my_main Recent Stats | t_env:     107976 | Episode:     1205
consensus_fraction_mean:   0.7364	entropy_loss:              0.0043	ep_length_mean:           88.3402	episode_limit_mean:        0.8360
epsilon:                   0.0500	grad_norm:                57.0203	loss:                     32.4529	mi_loss:                   0.0025
q_taken_mean:             -2.2977	return_mean:             -343.5868	return_median:           -342.8000	return_std:              191.5653
success_mean:              0.1640	target_mean:              -2.2991	td_error_abs:              3.1172	test_consensus_fraction_mean:  0.8162
test_ep_length_mean:      84.7438	test_episode_limit_mean:   0.8000	test_return_mean:        -270.6625	test_return_median:      -289.4000
test_return_std:         169.7854	test_success_mean:         0.2000	
[INFO 02:56:09] my_main Recent Stats | t_env:     110049 | Episode:     1235
consensus_fraction_mean:   0.7364	entropy_loss:              0.0043	ep_length_mean:           88.3402	episode_limit_mean:        0.8360
epsilon:                   0.0500	grad_norm:                57.0203	loss:                     32.4529	mi_loss:                   0.0025
q_taken_mean:             -2.2977	return_mean:             -343.5868	return_median:           -342.8000	return_std:              191.5653
success_mean:              0.1640	target_mean:              -2.2991	td_error_abs:              3.1172	test_consensus_fraction_mean:  0.8162
test_ep_length_mean:      84.7438	test_episode_limit_mean:   0.8000	test_return_mean:        -270.6625	test_return_median:      -289.4000
test_return_std:         169.7854	test_success_mean:         0.2000	
[INFO 02:56:23] my_main t_env: 110505 / 2050000
[INFO 02:56:23] my_main Estimated time left: 17 hours, 42 minutes, 23 seconds. Time passed: 51 minutes, 59 seconds
[INFO 02:57:40] my_main Recent Stats | t_env:     112053 | Episode:     1265
consensus_fraction_mean:   0.7849	entropy_loss:              0.0043	ep_length_mean:           83.3402	episode_limit_mean:        0.7444
epsilon:                   0.0500	grad_norm:                57.0203	loss:                     32.4529	mi_loss:                   0.0025
q_taken_mean:             -2.2977	return_mean:             -297.0996	return_median:           -312.0000	return_std:              176.9095
success_mean:              0.2556	target_mean:              -2.2991	td_error_abs:              3.1172	test_consensus_fraction_mean:  0.8675
test_ep_length_mean:      80.9187	test_episode_limit_mean:   0.7500	test_return_mean:        -198.2625	test_return_median:      -229.8000
test_return_std:         134.3857	test_success_mean:         0.2500	
[INFO 02:58:53] my_main Recent Stats | t_env:     114146 | Episode:     1301
consensus_fraction_mean:   0.7849	entropy_loss:              0.0044	ep_length_mean:           83.3402	episode_limit_mean:        0.7444
epsilon:                   0.0500	grad_norm:                65.8687	loss:                     35.2384	mi_loss:                   0.0029
q_taken_mean:             -2.5088	return_mean:             -297.0996	return_median:           -312.0000	return_std:              176.9095
success_mean:              0.2556	target_mean:              -2.5067	td_error_abs:              3.2671	test_consensus_fraction_mean:  0.8675
test_ep_length_mean:      80.9187	test_episode_limit_mean:   0.7500	test_return_mean:        -198.2625	test_return_median:      -229.8000
test_return_std:         134.3857	test_success_mean:         0.2500	
[INFO 02:59:56] my_main Recent Stats | t_env:     116176 | Episode:     1330
consensus_fraction_mean:   0.7849	entropy_loss:              0.0044	ep_length_mean:           83.3402	episode_limit_mean:        0.7444
epsilon:                   0.0500	grad_norm:                65.8687	loss:                     35.2384	mi_loss:                   0.0029
q_taken_mean:             -2.5088	return_mean:             -297.0996	return_median:           -312.0000	return_std:              176.9095
success_mean:              0.2556	target_mean:              -2.5067	td_error_abs:              3.2671	test_consensus_fraction_mean:  0.8675
test_ep_length_mean:      80.9187	test_episode_limit_mean:   0.7500	test_return_mean:        -198.2625	test_return_median:      -229.8000
test_return_std:         134.3857	test_success_mean:         0.2500	
[INFO 03:01:05] my_main Recent Stats | t_env:     118192 | Episode:     1364
consensus_fraction_mean:   0.7849	entropy_loss:              0.0044	ep_length_mean:           83.3402	episode_limit_mean:        0.7444
epsilon:                   0.0500	grad_norm:                65.8687	loss:                     35.2384	mi_loss:                   0.0029
q_taken_mean:             -2.5088	return_mean:             -297.0996	return_median:           -312.0000	return_std:              176.9095
success_mean:              0.2556	target_mean:              -2.5067	td_error_abs:              3.2671	test_consensus_fraction_mean:  0.8675
test_ep_length_mean:      80.9187	test_episode_limit_mean:   0.7500	test_return_mean:        -198.2625	test_return_median:      -229.8000
test_return_std:         134.3857	test_success_mean:         0.2500	
[INFO 03:02:13] my_main Recent Stats | t_env:     120218 | Episode:     1396
consensus_fraction_mean:   0.7849	entropy_loss:              0.0044	ep_length_mean:           83.3402	episode_limit_mean:        0.7444
epsilon:                   0.0500	grad_norm:                65.8687	loss:                     35.2384	mi_loss:                   0.0029
q_taken_mean:             -2.5088	return_mean:             -297.0996	return_median:           -312.0000	return_std:              176.9095
success_mean:              0.2556	target_mean:              -2.5067	td_error_abs:              3.2671	test_consensus_fraction_mean:  0.8675
test_ep_length_mean:      80.9187	test_episode_limit_mean:   0.7500	test_return_mean:        -198.2625	test_return_median:      -229.8000
test_return_std:         134.3857	test_success_mean:         0.2500	
[INFO 03:02:22] my_main t_env: 120542 / 2050000
[INFO 03:02:22] my_main Estimated time left: 19 hours, 9 minutes, 13 seconds. Time passed: 57 minutes, 58 seconds
[INFO 03:02:47] my_main Updated target network
[INFO 03:03:43] my_main Recent Stats | t_env:     122292 | Episode:     1427
consensus_fraction_mean:   0.8297	entropy_loss:              0.0044	ep_length_mean:           76.7920	episode_limit_mean:        0.6476
epsilon:                   0.0500	grad_norm:                65.8687	loss:                     35.2384	mi_loss:                   0.0029
q_taken_mean:             -2.5088	return_mean:             -240.2469	return_median:           -263.2000	return_std:              166.1278
success_mean:              0.3524	target_mean:              -2.5067	td_error_abs:              3.2671	test_consensus_fraction_mean:  0.8969
test_ep_length_mean:      76.6250	test_episode_limit_mean:   0.6938	test_return_mean:        -161.3688	test_return_median:      -191.7000
test_return_std:         127.7520	test_success_mean:         0.3063	
[INFO 03:04:44] my_main Recent Stats | t_env:     124309 | Episode:     1454
consensus_fraction_mean:   0.8297	entropy_loss:              0.0044	ep_length_mean:           76.7920	episode_limit_mean:        0.6476
epsilon:                   0.0500	grad_norm:                86.5042	loss:                     38.8055	mi_loss:                   0.0033
q_taken_mean:             -2.7222	return_mean:             -240.2469	return_median:           -263.2000	return_std:              166.1278
success_mean:              0.3524	target_mean:              -2.7066	td_error_abs:              3.4537	test_consensus_fraction_mean:  0.8969
test_ep_length_mean:      76.6250	test_episode_limit_mean:   0.6938	test_return_mean:        -161.3688	test_return_median:      -191.7000
test_return_std:         127.7520	test_success_mean:         0.3063	
[INFO 03:05:48] my_main Recent Stats | t_env:     126381 | Episode:     1483
consensus_fraction_mean:   0.8297	entropy_loss:              0.0044	ep_length_mean:           76.7920	episode_limit_mean:        0.6476
epsilon:                   0.0500	grad_norm:                86.5042	loss:                     38.8055	mi_loss:                   0.0033
q_taken_mean:             -2.7222	return_mean:             -240.2469	return_median:           -263.2000	return_std:              166.1278
success_mean:              0.3524	target_mean:              -2.7066	td_error_abs:              3.4537	test_consensus_fraction_mean:  0.8969
test_ep_length_mean:      76.6250	test_episode_limit_mean:   0.6938	test_return_mean:        -161.3688	test_return_median:      -191.7000
test_return_std:         127.7520	test_success_mean:         0.3063	
[INFO 03:06:55] my_main Recent Stats | t_env:     128436 | Episode:     1515
consensus_fraction_mean:   0.8297	entropy_loss:              0.0044	ep_length_mean:           76.7920	episode_limit_mean:        0.6476
epsilon:                   0.0500	grad_norm:                86.5042	loss:                     38.8055	mi_loss:                   0.0033
q_taken_mean:             -2.7222	return_mean:             -240.2469	return_median:           -263.2000	return_std:              166.1278
success_mean:              0.3524	target_mean:              -2.7066	td_error_abs:              3.4537	test_consensus_fraction_mean:  0.8969
test_ep_length_mean:      76.6250	test_episode_limit_mean:   0.6938	test_return_mean:        -161.3688	test_return_median:      -191.7000
test_return_std:         127.7520	test_success_mean:         0.3063	
[INFO 03:08:02] my_main Recent Stats | t_env:     130484 | Episode:     1547
consensus_fraction_mean:   0.8297	entropy_loss:              0.0044	ep_length_mean:           76.7920	episode_limit_mean:        0.6476
epsilon:                   0.0500	grad_norm:                86.5042	loss:                     38.8055	mi_loss:                   0.0033
q_taken_mean:             -2.7222	return_mean:             -240.2469	return_median:           -263.2000	return_std:              166.1278
success_mean:              0.3524	target_mean:              -2.7066	td_error_abs:              3.4537	test_consensus_fraction_mean:  0.8969
test_ep_length_mean:      76.6250	test_episode_limit_mean:   0.6938	test_return_mean:        -161.3688	test_return_median:      -191.7000
test_return_std:         127.7520	test_success_mean:         0.3063	
[INFO 03:08:05] my_main t_env: 130584 / 2050000
[INFO 03:08:05] my_main Estimated time left: 18 hours, 12 minutes, 58 seconds. Time passed: 1 hours, 3 minutes, 41 seconds
[INFO 03:09:26] my_main Recent Stats | t_env:     132487 | Episode:     1580
consensus_fraction_mean:   0.8626	entropy_loss:              0.0044	ep_length_mean:           72.2974	episode_limit_mean:        0.5728
epsilon:                   0.0500	grad_norm:                86.5042	loss:                     38.8055	mi_loss:                   0.0033
q_taken_mean:             -2.7222	return_mean:             -197.1180	return_median:           -224.1000	return_std:              157.4525
success_mean:              0.4272	target_mean:              -2.7066	td_error_abs:              3.4537	test_consensus_fraction_mean:  0.9206
test_ep_length_mean:      69.6125	test_episode_limit_mean:   0.6062	test_return_mean:        -124.9688	test_return_median:      -134.5000
test_return_std:         119.6031	test_success_mean:         0.3938	
[INFO 03:10:04] my_main Updated target network
[INFO 03:10:44] my_main Recent Stats | t_env:     134544 | Episode:     1619
consensus_fraction_mean:   0.8626	entropy_loss:              0.0045	ep_length_mean:           72.2974	episode_limit_mean:        0.5728
epsilon:                   0.0500	grad_norm:               110.0642	loss:                     42.9850	mi_loss:                   0.0037
q_taken_mean:             -2.9220	return_mean:             -197.1180	return_median:           -224.1000	return_std:              157.4525
success_mean:              0.4272	target_mean:              -2.9113	td_error_abs:              3.6396	test_consensus_fraction_mean:  0.9206
test_ep_length_mean:      69.6125	test_episode_limit_mean:   0.6062	test_return_mean:        -124.9688	test_return_median:      -134.5000
test_return_std:         119.6031	test_success_mean:         0.3938	
[INFO 03:11:55] my_main Recent Stats | t_env:     136578 | Episode:     1654
consensus_fraction_mean:   0.8626	entropy_loss:              0.0045	ep_length_mean:           72.2974	episode_limit_mean:        0.5728
epsilon:                   0.0500	grad_norm:               110.0642	loss:                     42.9850	mi_loss:                   0.0037
q_taken_mean:             -2.9220	return_mean:             -197.1180	return_median:           -224.1000	return_std:              157.4525
success_mean:              0.4272	target_mean:              -2.9113	td_error_abs:              3.6396	test_consensus_fraction_mean:  0.9206
test_ep_length_mean:      69.6125	test_episode_limit_mean:   0.6062	test_return_mean:        -124.9688	test_return_median:      -134.5000
test_return_std:         119.6031	test_success_mean:         0.3938	
[INFO 03:13:01] my_main Recent Stats | t_env:     138595 | Episode:     1685
consensus_fraction_mean:   0.8626	entropy_loss:              0.0045	ep_length_mean:           72.2974	episode_limit_mean:        0.5728
epsilon:                   0.0500	grad_norm:               110.0642	loss:                     42.9850	mi_loss:                   0.0037
q_taken_mean:             -2.9220	return_mean:             -197.1180	return_median:           -224.1000	return_std:              157.4525
success_mean:              0.4272	target_mean:              -2.9113	td_error_abs:              3.6396	test_consensus_fraction_mean:  0.9206
test_ep_length_mean:      69.6125	test_episode_limit_mean:   0.6062	test_return_mean:        -124.9688	test_return_median:      -134.5000
test_return_std:         119.6031	test_success_mean:         0.3938	
[INFO 03:14:11] my_main t_env: 140600 / 2050000
[INFO 03:14:11] my_main Estimated time left: 19 hours, 24 minutes, 1 seconds. Time passed: 1 hours, 9 minutes, 47 seconds
[INFO 03:14:29] my_main Recent Stats | t_env:     140600 | Episode:     1719
consensus_fraction_mean:   0.8922	entropy_loss:              0.0045	ep_length_mean:           67.4418	episode_limit_mean:        0.4910
epsilon:                   0.0500	grad_norm:               110.0642	loss:                     42.9850	mi_loss:                   0.0037
q_taken_mean:             -2.9220	return_mean:             -158.6826	return_median:           -182.7000	return_std:              146.6591
success_mean:              0.5090	target_mean:              -2.9113	td_error_abs:              3.6396	test_consensus_fraction_mean:  0.9387
test_ep_length_mean:      64.1937	test_episode_limit_mean:   0.5188	test_return_mean:        -89.7125	test_return_median:      -96.0000
test_return_std:         113.2209	test_success_mean:         0.4812	
[INFO 03:15:52] my_main Recent Stats | t_env:     142631 | Episode:     1762
consensus_fraction_mean:   0.8922	entropy_loss:              0.0045	ep_length_mean:           67.4418	episode_limit_mean:        0.4910
epsilon:                   0.0500	grad_norm:               110.0642	loss:                     42.9850	mi_loss:                   0.0037
q_taken_mean:             -2.9220	return_mean:             -158.6826	return_median:           -182.7000	return_std:              146.6591
success_mean:              0.5090	target_mean:              -2.9113	td_error_abs:              3.6396	test_consensus_fraction_mean:  0.9387
test_ep_length_mean:      64.1937	test_episode_limit_mean:   0.5188	test_return_mean:        -89.7125	test_return_median:      -96.0000
test_return_std:         113.2209	test_success_mean:         0.4812	
[INFO 03:17:08] my_main Updated target network
[INFO 03:17:15] my_main Recent Stats | t_env:     144660 | Episode:     1805
consensus_fraction_mean:   0.8922	entropy_loss:              0.0046	ep_length_mean:           67.4418	episode_limit_mean:        0.4910
epsilon:                   0.0500	grad_norm:               121.0345	loss:                     49.2874	mi_loss:                   0.0042
q_taken_mean:             -3.0330	return_mean:             -158.6826	return_median:           -182.7000	return_std:              146.6591
success_mean:              0.5090	target_mean:              -2.9993	td_error_abs:              3.8415	test_consensus_fraction_mean:  0.9387
test_ep_length_mean:      64.1937	test_episode_limit_mean:   0.5188	test_return_mean:        -89.7125	test_return_median:      -96.0000
test_return_std:         113.2209	test_success_mean:         0.4812	
[INFO 03:18:31] my_main Recent Stats | t_env:     146750 | Episode:     1843
consensus_fraction_mean:   0.8922	entropy_loss:              0.0046	ep_length_mean:           67.4418	episode_limit_mean:        0.4910
epsilon:                   0.0500	grad_norm:               121.0345	loss:                     49.2874	mi_loss:                   0.0042
q_taken_mean:             -3.0330	return_mean:             -158.6826	return_median:           -182.7000	return_std:              146.6591
success_mean:              0.5090	target_mean:              -2.9993	td_error_abs:              3.8415	test_consensus_fraction_mean:  0.9387
test_ep_length_mean:      64.1937	test_episode_limit_mean:   0.5188	test_return_mean:        -89.7125	test_return_median:      -96.0000
test_return_std:         113.2209	test_success_mean:         0.4812	
[INFO 03:19:44] my_main Recent Stats | t_env:     148752 | Episode:     1879
consensus_fraction_mean:   0.8922	entropy_loss:              0.0046	ep_length_mean:           67.4418	episode_limit_mean:        0.4910
epsilon:                   0.0500	grad_norm:               121.0345	loss:                     49.2874	mi_loss:                   0.0042
q_taken_mean:             -3.0330	return_mean:             -158.6826	return_median:           -182.7000	return_std:              146.6591
success_mean:              0.5090	target_mean:              -2.9993	td_error_abs:              3.8415	test_consensus_fraction_mean:  0.9387
test_ep_length_mean:      64.1937	test_episode_limit_mean:   0.5188	test_return_mean:        -89.7125	test_return_median:      -96.0000
test_return_std:         113.2209	test_success_mean:         0.4812	
[INFO 03:20:52] my_main t_env: 150663 / 2050000
[INFO 03:20:52] my_main Estimated time left: 21 hours, 16 seconds. Time passed: 1 hours, 16 minutes, 28 seconds
[INFO 03:21:20] my_main Recent Stats | t_env:     150763 | Episode:     1913
consensus_fraction_mean:   0.9146	entropy_loss:              0.0046	ep_length_mean:           62.5919	episode_limit_mean:        0.4114
epsilon:                   0.0500	grad_norm:               121.0345	loss:                     49.2874	mi_loss:                   0.0042
q_taken_mean:             -3.0330	return_mean:             -128.1870	return_median:           -133.3000	return_std:              139.1034
success_mean:              0.5886	target_mean:              -2.9993	td_error_abs:              3.8415	test_consensus_fraction_mean:  0.9350
test_ep_length_mean:      64.4313	test_episode_limit_mean:   0.5125	test_return_mean:        -87.4250	test_return_median:      -86.7000
test_return_std:         112.4305	test_success_mean:         0.4875	
[INFO 03:22:48] my_main Recent Stats | t_env:     152770 | Episode:     1961
consensus_fraction_mean:   0.9146	entropy_loss:              0.0046	ep_length_mean:           62.5919	episode_limit_mean:        0.4114
epsilon:                   0.0500	grad_norm:               121.0345	loss:                     49.2874	mi_loss:                   0.0042
q_taken_mean:             -3.0330	return_mean:             -128.1870	return_median:           -133.3000	return_std:              139.1034
success_mean:              0.5886	target_mean:              -2.9993	td_error_abs:              3.8415	test_consensus_fraction_mean:  0.9350
test_ep_length_mean:      64.4313	test_episode_limit_mean:   0.5125	test_return_mean:        -87.4250	test_return_median:      -86.7000
test_return_std:         112.4305	test_success_mean:         0.4875	
[INFO 03:24:00] my_main Updated target network
[INFO 03:24:15] my_main Recent Stats | t_env:     154799 | Episode:     2008
consensus_fraction_mean:   0.9146	entropy_loss:              0.0047	ep_length_mean:           62.5919	episode_limit_mean:        0.4114
epsilon:                   0.0500	grad_norm:               129.9716	loss:                     58.7118	mi_loss:                   0.0048
q_taken_mean:             -3.2371	return_mean:             -128.1870	return_median:           -133.3000	return_std:              139.1034
success_mean:              0.5886	target_mean:              -3.2003	td_error_abs:              4.0031	test_consensus_fraction_mean:  0.9350
test_ep_length_mean:      64.4313	test_episode_limit_mean:   0.5125	test_return_mean:        -87.4250	test_return_median:      -86.7000
test_return_std:         112.4305	test_success_mean:         0.4875	
[INFO 03:25:47] my_main Recent Stats | t_env:     156806 | Episode:     2058
consensus_fraction_mean:   0.9146	entropy_loss:              0.0047	ep_length_mean:           62.5919	episode_limit_mean:        0.4114
epsilon:                   0.0500	grad_norm:               129.9716	loss:                     58.7118	mi_loss:                   0.0048
q_taken_mean:             -3.2371	return_mean:             -128.1870	return_median:           -133.3000	return_std:              139.1034
success_mean:              0.5886	target_mean:              -3.2003	td_error_abs:              4.0031	test_consensus_fraction_mean:  0.9350
test_ep_length_mean:      64.4313	test_episode_limit_mean:   0.5125	test_return_mean:        -87.4250	test_return_median:      -86.7000
test_return_std:         112.4305	test_success_mean:         0.4875	
[INFO 03:27:10] my_main Recent Stats | t_env:     158809 | Episode:     2102
consensus_fraction_mean:   0.9146	entropy_loss:              0.0047	ep_length_mean:           62.5919	episode_limit_mean:        0.4114
epsilon:                   0.0500	grad_norm:               129.9716	loss:                     58.7118	mi_loss:                   0.0048
q_taken_mean:             -3.2371	return_mean:             -128.1870	return_median:           -133.3000	return_std:              139.1034
success_mean:              0.5886	target_mean:              -3.2003	td_error_abs:              4.0031	test_consensus_fraction_mean:  0.9350
test_ep_length_mean:      64.4313	test_episode_limit_mean:   0.5125	test_return_mean:        -87.4250	test_return_median:      -86.7000
test_return_std:         112.4305	test_success_mean:         0.4875	
[INFO 03:28:46] my_main t_env: 160671 / 2050000
[INFO 03:28:46] my_main Estimated time left: 1 days, 53 minutes, 9 seconds. Time passed: 1 hours, 24 minutes, 23 seconds
[INFO 03:29:08] my_main Recent Stats | t_env:     160812 | Episode:     2159
consensus_fraction_mean:   0.9323	entropy_loss:              0.0047	ep_length_mean:           56.5413	episode_limit_mean:        0.3296
epsilon:                   0.0500	grad_norm:               129.9716	loss:                     58.7118	mi_loss:                   0.0048
q_taken_mean:             -3.2371	return_mean:             -100.7885	return_median:           -94.3000	return_std:              134.6568
success_mean:              0.6704	target_mean:              -3.2003	td_error_abs:              4.0031	test_consensus_fraction_mean:  0.9462
test_ep_length_mean:      56.9562	test_episode_limit_mean:   0.4062	test_return_mean:        -73.3875	test_return_median:      -60.4000
test_return_std:         116.7412	test_success_mean:         0.5938	
[INFO 03:30:25] my_main Updated target network
[INFO 03:30:39] my_main Recent Stats | t_env:     162829 | Episode:     2208
consensus_fraction_mean:   0.9323	entropy_loss:              0.0047	ep_length_mean:           56.5413	episode_limit_mean:        0.3296
epsilon:                   0.0500	grad_norm:               129.9716	loss:                     58.7118	mi_loss:                   0.0048
q_taken_mean:             -3.2371	return_mean:             -100.7885	return_median:           -94.3000	return_std:              134.6568
success_mean:              0.6704	target_mean:              -3.2003	td_error_abs:              4.0031	test_consensus_fraction_mean:  0.9462
test_ep_length_mean:      56.9562	test_episode_limit_mean:   0.4062	test_return_mean:        -73.3875	test_return_median:      -60.4000
test_return_std:         116.7412	test_success_mean:         0.5938	
[INFO 03:31:57] my_main Recent Stats | t_env:     164834 | Episode:     2249
consensus_fraction_mean:   0.9323	entropy_loss:              0.0045	ep_length_mean:           56.5413	episode_limit_mean:        0.3296
epsilon:                   0.0500	grad_norm:               218.5997	loss:                     64.8456	mi_loss:                   0.0056
q_taken_mean:             -3.3519	return_mean:             -100.7885	return_median:           -94.3000	return_std:              134.6568
success_mean:              0.6704	target_mean:              -3.3623	td_error_abs:              4.1466	test_consensus_fraction_mean:  0.9462
test_ep_length_mean:      56.9562	test_episode_limit_mean:   0.4062	test_return_mean:        -73.3875	test_return_median:      -60.4000
test_return_std:         116.7412	test_success_mean:         0.5938	
[INFO 03:33:28] my_main Recent Stats | t_env:     166855 | Episode:     2300
consensus_fraction_mean:   0.9323	entropy_loss:              0.0045	ep_length_mean:           56.5413	episode_limit_mean:        0.3296
epsilon:                   0.0500	grad_norm:               218.5997	loss:                     64.8456	mi_loss:                   0.0056
q_taken_mean:             -3.3519	return_mean:             -100.7885	return_median:           -94.3000	return_std:              134.6568
success_mean:              0.6704	target_mean:              -3.3623	td_error_abs:              4.1466	test_consensus_fraction_mean:  0.9462
test_ep_length_mean:      56.9562	test_episode_limit_mean:   0.4062	test_return_mean:        -73.3875	test_return_median:      -60.4000
test_return_std:         116.7412	test_success_mean:         0.5938	
[INFO 03:34:57] my_main Recent Stats | t_env:     168876 | Episode:     2347
consensus_fraction_mean:   0.9323	entropy_loss:              0.0045	ep_length_mean:           56.5413	episode_limit_mean:        0.3296
epsilon:                   0.0500	grad_norm:               218.5997	loss:                     64.8456	mi_loss:                   0.0056
q_taken_mean:             -3.3519	return_mean:             -100.7885	return_median:           -94.3000	return_std:              134.6568
success_mean:              0.6704	target_mean:              -3.3623	td_error_abs:              4.1466	test_consensus_fraction_mean:  0.9462
test_ep_length_mean:      56.9562	test_episode_limit_mean:   0.4062	test_return_mean:        -73.3875	test_return_median:      -60.4000
test_return_std:         116.7412	test_success_mean:         0.5938	
[INFO 03:36:17] my_main t_env: 170721 / 2050000
[INFO 03:36:17] my_main Estimated time left: 23 hours, 24 minutes, 39 seconds. Time passed: 1 hours, 31 minutes, 53 seconds
[INFO 03:36:42] my_main Recent Stats | t_env:     170913 | Episode:     2393
consensus_fraction_mean:   0.9496	entropy_loss:              0.0045	ep_length_mean:           52.5428	episode_limit_mean:        0.2558
epsilon:                   0.0500	grad_norm:               218.5997	loss:                     64.8456	mi_loss:                   0.0056
q_taken_mean:             -3.3519	return_mean:             -87.6486	return_median:           -70.7000	return_std:              131.1522
success_mean:              0.7442	target_mean:              -3.3623	td_error_abs:              4.1466	test_consensus_fraction_mean:  0.9531
test_ep_length_mean:      53.0750	test_episode_limit_mean:   0.3438	test_return_mean:        -65.7938	test_return_median:      -39.2000
test_return_std:         116.4330	test_success_mean:         0.6562	
[INFO 03:36:57] my_main Updated target network
[INFO 03:37:58] my_main Recent Stats | t_env:     172920 | Episode:     2431
consensus_fraction_mean:   0.9496	entropy_loss:              0.0045	ep_length_mean:           52.5428	episode_limit_mean:        0.2558
epsilon:                   0.0500	grad_norm:               218.5997	loss:                     64.8456	mi_loss:                   0.0056
q_taken_mean:             -3.3519	return_mean:             -87.6486	return_median:           -70.7000	return_std:              131.1522
success_mean:              0.7442	target_mean:              -3.3623	td_error_abs:              4.1466	test_consensus_fraction_mean:  0.9531
test_ep_length_mean:      53.0750	test_episode_limit_mean:   0.3438	test_return_mean:        -65.7938	test_return_median:      -39.2000
test_return_std:         116.4330	test_success_mean:         0.6562	
[INFO 03:39:38] my_main Recent Stats | t_env:     174928 | Episode:     2487
consensus_fraction_mean:   0.9496	entropy_loss:              0.0045	ep_length_mean:           52.5428	episode_limit_mean:        0.2558
epsilon:                   0.0500	grad_norm:               249.2462	loss:                     77.1108	mi_loss:                   0.0063
q_taken_mean:             -3.5375	return_mean:             -87.6486	return_median:           -70.7000	return_std:              131.1522
success_mean:              0.7442	target_mean:              -3.5801	td_error_abs:              4.3476	test_consensus_fraction_mean:  0.9531
test_ep_length_mean:      53.0750	test_episode_limit_mean:   0.3438	test_return_mean:        -65.7938	test_return_median:      -39.2000
test_return_std:         116.4330	test_success_mean:         0.6562	
[INFO 03:40:56] my_main Recent Stats | t_env:     176932 | Episode:     2527
consensus_fraction_mean:   0.9496	entropy_loss:              0.0045	ep_length_mean:           52.5428	episode_limit_mean:        0.2558
epsilon:                   0.0500	grad_norm:               249.2462	loss:                     77.1108	mi_loss:                   0.0063
q_taken_mean:             -3.5375	return_mean:             -87.6486	return_median:           -70.7000	return_std:              131.1522
success_mean:              0.7442	target_mean:              -3.5801	td_error_abs:              4.3476	test_consensus_fraction_mean:  0.9531
test_ep_length_mean:      53.0750	test_episode_limit_mean:   0.3438	test_return_mean:        -65.7938	test_return_median:      -39.2000
test_return_std:         116.4330	test_success_mean:         0.6562	
[INFO 03:42:14] my_main Recent Stats | t_env:     178948 | Episode:     2565
consensus_fraction_mean:   0.9496	entropy_loss:              0.0045	ep_length_mean:           52.5428	episode_limit_mean:        0.2558
epsilon:                   0.0500	grad_norm:               249.2462	loss:                     77.1108	mi_loss:                   0.0063
q_taken_mean:             -3.5375	return_mean:             -87.6486	return_median:           -70.7000	return_std:              131.1522
success_mean:              0.7442	target_mean:              -3.5801	td_error_abs:              4.3476	test_consensus_fraction_mean:  0.9531
test_ep_length_mean:      53.0750	test_episode_limit_mean:   0.3438	test_return_mean:        -65.7938	test_return_median:      -39.2000
test_return_std:         116.4330	test_success_mean:         0.6562	
[INFO 03:43:23] my_main t_env: 180800 / 2050000
[INFO 03:43:23] my_main Estimated time left: 21 hours, 57 minutes, 13 seconds. Time passed: 1 hours, 38 minutes, 59 seconds
[INFO 03:43:36] my_main Updated target network
[INFO 03:43:41] my_main Recent Stats | t_env:     180994 | Episode:     2603
consensus_fraction_mean:   0.9634	entropy_loss:              0.0045	ep_length_mean:           48.5260	episode_limit_mean:        0.1889
epsilon:                   0.0500	grad_norm:               249.2462	loss:                     77.1108	mi_loss:                   0.0063
q_taken_mean:             -3.5375	return_mean:             -76.3028	return_median:           -49.6000	return_std:              127.8354
success_mean:              0.8111	target_mean:              -3.5801	td_error_abs:              4.3476	test_consensus_fraction_mean:  0.9575
test_ep_length_mean:      50.7625	test_episode_limit_mean:   0.2937	test_return_mean:        -64.0812	test_return_median:      -37.3000
test_return_std:         114.2946	test_success_mean:         0.7063	
[INFO 03:45:05] my_main Recent Stats | t_env:     183041 | Episode:     2647
consensus_fraction_mean:   0.9634	entropy_loss:              0.0045	ep_length_mean:           48.5260	episode_limit_mean:        0.1889
epsilon:                   0.0500	grad_norm:               249.2462	loss:                     77.1108	mi_loss:                   0.0063
q_taken_mean:             -3.5375	return_mean:             -76.3028	return_median:           -49.6000	return_std:              127.8354
success_mean:              0.8111	target_mean:              -3.5801	td_error_abs:              4.3476	test_consensus_fraction_mean:  0.9575
test_ep_length_mean:      50.7625	test_episode_limit_mean:   0.2937	test_return_mean:        -64.0812	test_return_median:      -37.3000
test_return_std:         114.2946	test_success_mean:         0.7063	
[INFO 03:46:37] my_main Recent Stats | t_env:     185062 | Episode:     2696
consensus_fraction_mean:   0.9634	entropy_loss:              0.0044	ep_length_mean:           48.5260	episode_limit_mean:        0.1889
epsilon:                   0.0500	grad_norm:               347.3042	loss:                     87.4940	mi_loss:                   0.0072
q_taken_mean:             -3.6297	return_mean:             -76.3028	return_median:           -49.6000	return_std:              127.8354
success_mean:              0.8111	target_mean:              -3.7241	td_error_abs:              4.7573	test_consensus_fraction_mean:  0.9575
test_ep_length_mean:      50.7625	test_episode_limit_mean:   0.2937	test_return_mean:        -64.0812	test_return_median:      -37.3000
test_return_std:         114.2946	test_success_mean:         0.7063	
[INFO 03:48:29] my_main Recent Stats | t_env:     187078 | Episode:     2760
consensus_fraction_mean:   0.9634	entropy_loss:              0.0044	ep_length_mean:           48.5260	episode_limit_mean:        0.1889
epsilon:                   0.0500	grad_norm:               347.3042	loss:                     87.4940	mi_loss:                   0.0072
q_taken_mean:             -3.6297	return_mean:             -76.3028	return_median:           -49.6000	return_std:              127.8354
success_mean:              0.8111	target_mean:              -3.7241	td_error_abs:              4.7573	test_consensus_fraction_mean:  0.9575
test_ep_length_mean:      50.7625	test_episode_limit_mean:   0.2937	test_return_mean:        -64.0812	test_return_median:      -37.3000
test_return_std:         114.2946	test_success_mean:         0.7063	
[INFO 03:49:40] my_main Updated target network
[INFO 03:50:12] my_main Recent Stats | t_env:     189163 | Episode:     2818
consensus_fraction_mean:   0.9634	entropy_loss:              0.0044	ep_length_mean:           48.5260	episode_limit_mean:        0.1889
epsilon:                   0.0500	grad_norm:               347.3042	loss:                     87.4940	mi_loss:                   0.0072
q_taken_mean:             -3.6297	return_mean:             -76.3028	return_median:           -49.6000	return_std:              127.8354
success_mean:              0.8111	target_mean:              -3.7241	td_error_abs:              4.7573	test_consensus_fraction_mean:  0.9575
test_ep_length_mean:      50.7625	test_episode_limit_mean:   0.2937	test_return_mean:        -64.0812	test_return_median:      -37.3000
test_return_std:         114.2946	test_success_mean:         0.7063	
[INFO 03:51:36] my_main t_env: 190806 / 2050000
[INFO 03:51:36] my_main Estimated time left: 1 days, 1 hours, 26 minutes, 30 seconds. Time passed: 1 hours, 47 minutes, 12 seconds
[INFO 03:52:06] my_main Recent Stats | t_env:     191164 | Episode:     2871
consensus_fraction_mean:   0.9734	entropy_loss:              0.0044	ep_length_mean:           44.3631	episode_limit_mean:        0.1323
epsilon:                   0.0500	grad_norm:               347.3042	loss:                     87.4940	mi_loss:                   0.0072
q_taken_mean:             -3.6297	return_mean:             -63.7576	return_median:           -28.0000	return_std:              122.9173
success_mean:              0.8677	target_mean:              -3.7241	td_error_abs:              4.7573	test_consensus_fraction_mean:  0.9556
test_ep_length_mean:      50.0625	test_episode_limit_mean:   0.2937	test_return_mean:        -65.2062	test_return_median:      -31.3000
test_return_std:         119.4387	test_success_mean:         0.7063	
[INFO 03:53:31] my_main Recent Stats | t_env:     193202 | Episode:     2916
consensus_fraction_mean:   0.9734	entropy_loss:              0.0044	ep_length_mean:           44.3631	episode_limit_mean:        0.1323
epsilon:                   0.0500	grad_norm:               347.3042	loss:                     87.4940	mi_loss:                   0.0072
q_taken_mean:             -3.6297	return_mean:             -63.7576	return_median:           -28.0000	return_std:              122.9173
success_mean:              0.8677	target_mean:              -3.7241	td_error_abs:              4.7573	test_consensus_fraction_mean:  0.9556
test_ep_length_mean:      50.0625	test_episode_limit_mean:   0.2937	test_return_mean:        -65.2062	test_return_median:      -31.3000
test_return_std:         119.4387	test_success_mean:         0.7063	
[INFO 03:55:00] my_main Recent Stats | t_env:     195291 | Episode:     2962
consensus_fraction_mean:   0.9734	entropy_loss:              0.0043	ep_length_mean:           44.3631	episode_limit_mean:        0.1323
epsilon:                   0.0500	grad_norm:               412.8338	loss:                     93.0710	mi_loss:                   0.0081
q_taken_mean:             -3.7999	return_mean:             -63.7576	return_median:           -28.0000	return_std:              122.9173
success_mean:              0.8677	target_mean:              -3.8834	td_error_abs:              4.9486	test_consensus_fraction_mean:  0.9556
test_ep_length_mean:      50.0625	test_episode_limit_mean:   0.2937	test_return_mean:        -65.2062	test_return_median:      -31.3000
test_return_std:         119.4387	test_success_mean:         0.7063	
[INFO 03:56:11] my_main Updated target network
[INFO 03:56:34] my_main Recent Stats | t_env:     197347 | Episode:     3013
consensus_fraction_mean:   0.9734	entropy_loss:              0.0043	ep_length_mean:           44.3631	episode_limit_mean:        0.1323
epsilon:                   0.0500	grad_norm:               412.8338	loss:                     93.0710	mi_loss:                   0.0081
q_taken_mean:             -3.7999	return_mean:             -63.7576	return_median:           -28.0000	return_std:              122.9173
success_mean:              0.8677	target_mean:              -3.8834	td_error_abs:              4.9486	test_consensus_fraction_mean:  0.9556
test_ep_length_mean:      50.0625	test_episode_limit_mean:   0.2937	test_return_mean:        -65.2062	test_return_median:      -31.3000
test_return_std:         119.4387	test_success_mean:         0.7063	
[INFO 03:58:16] my_main Recent Stats | t_env:     199392 | Episode:     3069
consensus_fraction_mean:   0.9734	entropy_loss:              0.0043	ep_length_mean:           44.3631	episode_limit_mean:        0.1323
epsilon:                   0.0500	grad_norm:               412.8338	loss:                     93.0710	mi_loss:                   0.0081
q_taken_mean:             -3.7999	return_mean:             -63.7576	return_median:           -28.0000	return_std:              122.9173
success_mean:              0.8677	target_mean:              -3.8834	td_error_abs:              4.9486	test_consensus_fraction_mean:  0.9556
test_ep_length_mean:      50.0625	test_episode_limit_mean:   0.2937	test_return_mean:        -65.2062	test_return_median:      -31.3000
test_return_std:         119.4387	test_success_mean:         0.7063	
[INFO 03:59:24] my_main t_env: 200806 / 2050000
[INFO 03:59:24] my_main Estimated time left: 1 days, 1 minutes, 10 seconds. Time passed: 1 hours, 55 minutes, 0 seconds
[INFO 04:00:08] my_main Recent Stats | t_env:     201415 | Episode:     3125
consensus_fraction_mean:   0.9792	entropy_loss:              0.0043	ep_length_mean:           42.1996	episode_limit_mean:        0.0985
epsilon:                   0.0500	grad_norm:               412.8338	loss:                     93.0710	mi_loss:                   0.0081
q_taken_mean:             -3.7999	return_mean:             -58.3302	return_median:           -26.4000	return_std:              120.4501
success_mean:              0.9015	target_mean:              -3.8834	td_error_abs:              4.9486	test_consensus_fraction_mean:  0.9756
test_ep_length_mean:      42.1625	test_episode_limit_mean:   0.1688	test_return_mean:        -45.9062	test_return_median:       -8.4000
test_return_std:         111.5934	test_success_mean:         0.8313	
[INFO 04:01:47] my_main Recent Stats | t_env:     203419 | Episode:     3181
consensus_fraction_mean:   0.9792	entropy_loss:              0.0043	ep_length_mean:           42.1996	episode_limit_mean:        0.0985
epsilon:                   0.0500	grad_norm:               412.8338	loss:                     93.0710	mi_loss:                   0.0081
q_taken_mean:             -3.7999	return_mean:             -58.3302	return_median:           -26.4000	return_std:              120.4501
success_mean:              0.9015	target_mean:              -3.8834	td_error_abs:              4.9486	test_consensus_fraction_mean:  0.9756
test_ep_length_mean:      42.1625	test_episode_limit_mean:   0.1688	test_return_mean:        -45.9062	test_return_median:       -8.4000
test_return_std:         111.5934	test_success_mean:         0.8313	
[INFO 04:02:23] my_main Updated target network
[INFO 04:03:39] my_main Recent Stats | t_env:     205444 | Episode:     3245
consensus_fraction_mean:   0.9792	entropy_loss:              0.0041	ep_length_mean:           42.1996	episode_limit_mean:        0.0985
epsilon:                   0.0500	grad_norm:               516.1594	loss:                    100.2057	mi_loss:                   0.0090
q_taken_mean:             -3.8701	return_mean:             -58.3302	return_median:           -26.4000	return_std:              120.4501
success_mean:              0.9015	target_mean:              -3.9825	td_error_abs:              5.3038	test_consensus_fraction_mean:  0.9756
test_ep_length_mean:      42.1625	test_episode_limit_mean:   0.1688	test_return_mean:        -45.9062	test_return_median:       -8.4000
test_return_std:         111.5934	test_success_mean:         0.8313	
[INFO 04:05:14] my_main Recent Stats | t_env:     207445 | Episode:     3298
consensus_fraction_mean:   0.9792	entropy_loss:              0.0041	ep_length_mean:           42.1996	episode_limit_mean:        0.0985
epsilon:                   0.0500	grad_norm:               516.1594	loss:                    100.2057	mi_loss:                   0.0090
q_taken_mean:             -3.8701	return_mean:             -58.3302	return_median:           -26.4000	return_std:              120.4501
success_mean:              0.9015	target_mean:              -3.9825	td_error_abs:              5.3038	test_consensus_fraction_mean:  0.9756
test_ep_length_mean:      42.1625	test_episode_limit_mean:   0.1688	test_return_mean:        -45.9062	test_return_median:       -8.4000
test_return_std:         111.5934	test_success_mean:         0.8313	
[INFO 04:06:54] my_main Recent Stats | t_env:     209466 | Episode:     3353
consensus_fraction_mean:   0.9792	entropy_loss:              0.0041	ep_length_mean:           42.1996	episode_limit_mean:        0.0985
epsilon:                   0.0500	grad_norm:               516.1594	loss:                    100.2057	mi_loss:                   0.0090
q_taken_mean:             -3.8701	return_mean:             -58.3302	return_median:           -26.4000	return_std:              120.4501
success_mean:              0.9015	target_mean:              -3.9825	td_error_abs:              5.3038	test_consensus_fraction_mean:  0.9756
test_ep_length_mean:      42.1625	test_episode_limit_mean:   0.1688	test_return_mean:        -45.9062	test_return_median:       -8.4000
test_return_std:         111.5934	test_success_mean:         0.8313	
[INFO 04:08:09] my_main t_env: 210808 / 2050000
[INFO 04:08:09] my_main Estimated time left: 1 days, 2 hours, 48 minutes, 31 seconds. Time passed: 2 hours, 3 minutes, 45 seconds
[INFO 04:08:33] my_main Updated target network
[INFO 04:09:01] my_main Recent Stats | t_env:     211482 | Episode:     3417
consensus_fraction_mean:   0.9822	entropy_loss:              0.0041	ep_length_mean:           40.9422	episode_limit_mean:        0.0852
epsilon:                   0.0500	grad_norm:               516.1594	loss:                    100.2057	mi_loss:                   0.0090
q_taken_mean:             -3.8701	return_mean:             -53.8456	return_median:           -24.4000	return_std:              116.5056
success_mean:              0.9148	target_mean:              -3.9825	td_error_abs:              5.3038	test_consensus_fraction_mean:  0.9812
test_ep_length_mean:      41.5812	test_episode_limit_mean:   0.1437	test_return_mean:        -39.8813	test_return_median:      -10.7000
test_return_std:         101.3503	test_success_mean:         0.8562	
[INFO 04:10:48] my_main Recent Stats | t_env:     213522 | Episode:     3477
consensus_fraction_mean:   0.9822	entropy_loss:              0.0041	ep_length_mean:           40.9422	episode_limit_mean:        0.0852
epsilon:                   0.0500	grad_norm:               516.1594	loss:                    100.2057	mi_loss:                   0.0090
q_taken_mean:             -3.8701	return_mean:             -53.8456	return_median:           -24.4000	return_std:              116.5056
success_mean:              0.9148	target_mean:              -3.9825	td_error_abs:              5.3038	test_consensus_fraction_mean:  0.9812
test_ep_length_mean:      41.5812	test_episode_limit_mean:   0.1437	test_return_mean:        -39.8813	test_return_median:      -10.7000
test_return_std:         101.3503	test_success_mean:         0.8562	
[INFO 04:12:38] my_main Recent Stats | t_env:     215596 | Episode:     3539
consensus_fraction_mean:   0.9822	entropy_loss:              0.0042	ep_length_mean:           40.9422	episode_limit_mean:        0.0852
epsilon:                   0.0500	grad_norm:               608.9434	loss:                    112.1966	mi_loss:                   0.0100
q_taken_mean:             -3.8343	return_mean:             -53.8456	return_median:           -24.4000	return_std:              116.5056
success_mean:              0.9148	target_mean:              -3.8783	td_error_abs:              5.7188	test_consensus_fraction_mean:  0.9812
test_ep_length_mean:      41.5812	test_episode_limit_mean:   0.1437	test_return_mean:        -39.8813	test_return_median:      -10.7000
test_return_std:         101.3503	test_success_mean:         0.8562	
[INFO 04:14:16] my_main Recent Stats | t_env:     217634 | Episode:     3593
consensus_fraction_mean:   0.9822	entropy_loss:              0.0042	ep_length_mean:           40.9422	episode_limit_mean:        0.0852
epsilon:                   0.0500	grad_norm:               608.9434	loss:                    112.1966	mi_loss:                   0.0100
q_taken_mean:             -3.8343	return_mean:             -53.8456	return_median:           -24.4000	return_std:              116.5056
success_mean:              0.9148	target_mean:              -3.8783	td_error_abs:              5.7188	test_consensus_fraction_mean:  0.9812
test_ep_length_mean:      41.5812	test_episode_limit_mean:   0.1437	test_return_mean:        -39.8813	test_return_median:      -10.7000
test_return_std:         101.3503	test_success_mean:         0.8562	
[INFO 04:14:31] my_main Updated target network
[INFO 04:15:54] my_main Recent Stats | t_env:     219706 | Episode:     3646
consensus_fraction_mean:   0.9822	entropy_loss:              0.0042	ep_length_mean:           40.9422	episode_limit_mean:        0.0852
epsilon:                   0.0500	grad_norm:               608.9434	loss:                    112.1966	mi_loss:                   0.0100
q_taken_mean:             -3.8343	return_mean:             -53.8456	return_median:           -24.4000	return_std:              116.5056
success_mean:              0.9148	target_mean:              -3.8783	td_error_abs:              5.7188	test_consensus_fraction_mean:  0.9812
test_ep_length_mean:      41.5812	test_episode_limit_mean:   0.1437	test_return_mean:        -39.8813	test_return_median:      -10.7000
test_return_std:         101.3503	test_success_mean:         0.8562	
[INFO 04:17:00] my_main t_env: 220839 / 2050000
[INFO 04:17:00] my_main Estimated time left: 1 days, 2 hours, 54 minutes, 18 seconds. Time passed: 2 hours, 12 minutes, 36 seconds
[INFO 04:17:56] my_main Recent Stats | t_env:     221707 | Episode:     3711
consensus_fraction_mean:   0.9856	entropy_loss:              0.0042	ep_length_mean:           39.2574	episode_limit_mean:        0.0727
epsilon:                   0.0500	grad_norm:               608.9434	loss:                    112.1966	mi_loss:                   0.0100
q_taken_mean:             -3.8343	return_mean:             -46.8911	return_median:           -22.0000	return_std:              109.4528
success_mean:              0.9273	target_mean:              -3.8783	td_error_abs:              5.7188	test_consensus_fraction_mean:  0.9881
test_ep_length_mean:      37.6813	test_episode_limit_mean:   0.0875	test_return_mean:        -30.3062	test_return_median:       -5.6000
test_return_std:          93.0552	test_success_mean:         0.9125	
[INFO 04:19:42] my_main Recent Stats | t_env:     223711 | Episode:     3770
consensus_fraction_mean:   0.9856	entropy_loss:              0.0042	ep_length_mean:           39.2574	episode_limit_mean:        0.0727
epsilon:                   0.0500	grad_norm:               608.9434	loss:                    112.1966	mi_loss:                   0.0100
q_taken_mean:             -3.8343	return_mean:             -46.8911	return_median:           -22.0000	return_std:              109.4528
success_mean:              0.9273	target_mean:              -3.8783	td_error_abs:              5.7188	test_consensus_fraction_mean:  0.9881
test_ep_length_mean:      37.6813	test_episode_limit_mean:   0.0875	test_return_mean:        -30.3062	test_return_median:       -5.6000
test_return_std:          93.0552	test_success_mean:         0.9125	
[INFO 04:20:37] my_main Updated target network
[INFO 04:21:38] my_main Recent Stats | t_env:     225775 | Episode:     3836
consensus_fraction_mean:   0.9856	entropy_loss:              0.0043	ep_length_mean:           39.2574	episode_limit_mean:        0.0727
epsilon:                   0.0500	grad_norm:               632.6888	loss:                    121.1369	mi_loss:                   0.0109
q_taken_mean:             -3.7636	return_mean:             -46.8911	return_median:           -22.0000	return_std:              109.4528
success_mean:              0.9273	target_mean:              -3.7679	td_error_abs:              6.1640	test_consensus_fraction_mean:  0.9881
test_ep_length_mean:      37.6813	test_episode_limit_mean:   0.0875	test_return_mean:        -30.3062	test_return_median:       -5.6000
test_return_std:          93.0552	test_success_mean:         0.9125	
[INFO 04:23:22] my_main Recent Stats | t_env:     227779 | Episode:     3894
consensus_fraction_mean:   0.9856	entropy_loss:              0.0043	ep_length_mean:           39.2574	episode_limit_mean:        0.0727
epsilon:                   0.0500	grad_norm:               632.6888	loss:                    121.1369	mi_loss:                   0.0109
q_taken_mean:             -3.7636	return_mean:             -46.8911	return_median:           -22.0000	return_std:              109.4528
success_mean:              0.9273	target_mean:              -3.7679	td_error_abs:              6.1640	test_consensus_fraction_mean:  0.9881
test_ep_length_mean:      37.6813	test_episode_limit_mean:   0.0875	test_return_mean:        -30.3062	test_return_median:       -5.6000
test_return_std:          93.0552	test_success_mean:         0.9125	
[INFO 04:25:12] my_main Recent Stats | t_env:     229854 | Episode:     3957
consensus_fraction_mean:   0.9856	entropy_loss:              0.0043	ep_length_mean:           39.2574	episode_limit_mean:        0.0727
epsilon:                   0.0500	grad_norm:               632.6888	loss:                    121.1369	mi_loss:                   0.0109
q_taken_mean:             -3.7636	return_mean:             -46.8911	return_median:           -22.0000	return_std:              109.4528
success_mean:              0.9273	target_mean:              -3.7679	td_error_abs:              6.1640	test_consensus_fraction_mean:  0.9881
test_ep_length_mean:      37.6813	test_episode_limit_mean:   0.0875	test_return_mean:        -30.3062	test_return_median:       -5.6000
test_return_std:          93.0552	test_success_mean:         0.9125	
[INFO 04:26:08] my_main t_env: 230849 / 2050000
[INFO 04:26:08] my_main Estimated time left: 1 days, 3 hours, 41 minutes, 1 seconds. Time passed: 2 hours, 21 minutes, 44 seconds
[INFO 04:26:42] my_main Updated target network
[INFO 04:27:17] my_main Recent Stats | t_env:     231879 | Episode:     4021
consensus_fraction_mean:   0.9913	entropy_loss:              0.0043	ep_length_mean:           36.2678	episode_limit_mean:        0.0435
epsilon:                   0.0500	grad_norm:               632.6888	loss:                    121.1369	mi_loss:                   0.0109
q_taken_mean:             -3.7636	return_mean:             -38.4754	return_median:           -12.4000	return_std:              104.5325
success_mean:              0.9565	target_mean:              -3.7679	td_error_abs:              6.1640	test_consensus_fraction_mean:  0.9894
test_ep_length_mean:      37.7687	test_episode_limit_mean:   0.0812	test_return_mean:        -25.6187	test_return_median:       -4.5000
test_return_std:          86.3741	test_success_mean:         0.9187	
[INFO 04:29:14] my_main Recent Stats | t_env:     233889 | Episode:     4088
consensus_fraction_mean:   0.9913	entropy_loss:              0.0043	ep_length_mean:           36.2678	episode_limit_mean:        0.0435
epsilon:                   0.0500	grad_norm:               632.6888	loss:                    121.1369	mi_loss:                   0.0109
q_taken_mean:             -3.7636	return_mean:             -38.4754	return_median:           -12.4000	return_std:              104.5325
success_mean:              0.9565	target_mean:              -3.7679	td_error_abs:              6.1640	test_consensus_fraction_mean:  0.9894
test_ep_length_mean:      37.7687	test_episode_limit_mean:   0.0812	test_return_mean:        -25.6187	test_return_median:       -4.5000
test_return_std:          86.3741	test_success_mean:         0.9187	
[INFO 04:31:18] my_main Recent Stats | t_env:     235903 | Episode:     4161
consensus_fraction_mean:   0.9913	entropy_loss:              0.0043	ep_length_mean:           36.2678	episode_limit_mean:        0.0435
epsilon:                   0.0500	grad_norm:               651.1563	loss:                    123.8231	mi_loss:                   0.0119
q_taken_mean:             -3.6513	return_mean:             -38.4754	return_median:           -12.4000	return_std:              104.5325
success_mean:              0.9565	target_mean:              -3.5791	td_error_abs:              6.2856	test_consensus_fraction_mean:  0.9894
test_ep_length_mean:      37.7687	test_episode_limit_mean:   0.0812	test_return_mean:        -25.6187	test_return_median:       -4.5000
test_return_std:          86.3741	test_success_mean:         0.9187	
[INFO 04:32:24] my_main Updated target network
[INFO 04:33:34] my_main Recent Stats | t_env:     237903 | Episode:     4242
consensus_fraction_mean:   0.9913	entropy_loss:              0.0043	ep_length_mean:           36.2678	episode_limit_mean:        0.0435
epsilon:                   0.0500	grad_norm:               651.1563	loss:                    123.8231	mi_loss:                   0.0119
q_taken_mean:             -3.6513	return_mean:             -38.4754	return_median:           -12.4000	return_std:              104.5325
success_mean:              0.9565	target_mean:              -3.5791	td_error_abs:              6.2856	test_consensus_fraction_mean:  0.9894
test_ep_length_mean:      37.7687	test_episode_limit_mean:   0.0812	test_return_mean:        -25.6187	test_return_median:       -4.5000
test_return_std:          86.3741	test_success_mean:         0.9187	
[INFO 04:35:37] my_main Recent Stats | t_env:     239904 | Episode:     4314
consensus_fraction_mean:   0.9913	entropy_loss:              0.0043	ep_length_mean:           36.2678	episode_limit_mean:        0.0435
epsilon:                   0.0500	grad_norm:               651.1563	loss:                    123.8231	mi_loss:                   0.0119
q_taken_mean:             -3.6513	return_mean:             -38.4754	return_median:           -12.4000	return_std:              104.5325
success_mean:              0.9565	target_mean:              -3.5791	td_error_abs:              6.2856	test_consensus_fraction_mean:  0.9894
test_ep_length_mean:      37.7687	test_episode_limit_mean:   0.0812	test_return_mean:        -25.6187	test_return_median:       -4.5000
test_return_std:          86.3741	test_success_mean:         0.9187	
[INFO 04:36:34] my_main t_env: 240866 / 2050000
[INFO 04:36:34] my_main Estimated time left: 1 days, 7 hours, 23 minutes, 33 seconds. Time passed: 2 hours, 32 minutes, 10 seconds
[INFO 04:37:58] my_main Recent Stats | t_env:     241925 | Episode:     4390
consensus_fraction_mean:   0.9935	entropy_loss:              0.0043	ep_length_mean:           34.3279	episode_limit_mean:        0.0321
epsilon:                   0.0500	grad_norm:               651.1563	loss:                    123.8231	mi_loss:                   0.0119
q_taken_mean:             -3.6513	return_mean:             -33.3655	return_median:            -9.2000	return_std:              100.9067
success_mean:              0.9679	target_mean:              -3.5791	td_error_abs:              6.2856	test_consensus_fraction_mean:  0.9944
test_ep_length_mean:      32.9938	test_episode_limit_mean:   0.0437	test_return_mean:        -12.9250	test_return_median:        3.4000
test_return_std:          73.5029	test_success_mean:         0.9563	
[INFO 04:38:16] my_main Updated target network
[INFO 04:40:05] my_main Recent Stats | t_env:     243930 | Episode:     4465
consensus_fraction_mean:   0.9935	entropy_loss:              0.0043	ep_length_mean:           34.3279	episode_limit_mean:        0.0321
epsilon:                   0.0500	grad_norm:               651.1563	loss:                    123.8231	mi_loss:                   0.0119
q_taken_mean:             -3.6513	return_mean:             -33.3655	return_median:            -9.2000	return_std:              100.9067
success_mean:              0.9679	target_mean:              -3.5791	td_error_abs:              6.2856	test_consensus_fraction_mean:  0.9944
test_ep_length_mean:      32.9938	test_episode_limit_mean:   0.0437	test_return_mean:        -12.9250	test_return_median:        3.4000
test_return_std:          73.5029	test_success_mean:         0.9563	
[INFO 04:42:17] my_main Recent Stats | t_env:     246025 | Episode:     4543
consensus_fraction_mean:   0.9935	entropy_loss:              0.0043	ep_length_mean:           34.3279	episode_limit_mean:        0.0321
epsilon:                   0.0500	grad_norm:               771.5328	loss:                    142.3882	mi_loss:                   0.0128
q_taken_mean:             -3.3872	return_mean:             -33.3655	return_median:            -9.2000	return_std:              100.9067
success_mean:              0.9679	target_mean:              -3.3057	td_error_abs:              6.8713	test_consensus_fraction_mean:  0.9944
test_ep_length_mean:      32.9938	test_episode_limit_mean:   0.0437	test_return_mean:        -12.9250	test_return_median:        3.4000
test_return_std:          73.5029	test_success_mean:         0.9563	
[INFO 04:43:58] my_main Updated target network
[INFO 04:44:25] my_main Recent Stats | t_env:     248044 | Episode:     4617
consensus_fraction_mean:   0.9935	entropy_loss:              0.0043	ep_length_mean:           34.3279	episode_limit_mean:        0.0321
epsilon:                   0.0500	grad_norm:               771.5328	loss:                    142.3882	mi_loss:                   0.0128
q_taken_mean:             -3.3872	return_mean:             -33.3655	return_median:            -9.2000	return_std:              100.9067
success_mean:              0.9679	target_mean:              -3.3057	td_error_abs:              6.8713	test_consensus_fraction_mean:  0.9944
test_ep_length_mean:      32.9938	test_episode_limit_mean:   0.0437	test_return_mean:        -12.9250	test_return_median:        3.4000
test_return_std:          73.5029	test_success_mean:         0.9563	
[INFO 04:46:36] my_main Recent Stats | t_env:     250066 | Episode:     4694
consensus_fraction_mean:   0.9935	entropy_loss:              0.0043	ep_length_mean:           34.3279	episode_limit_mean:        0.0321
epsilon:                   0.0500	grad_norm:               771.5328	loss:                    142.3882	mi_loss:                   0.0128
q_taken_mean:             -3.3872	return_mean:             -33.3655	return_median:            -9.2000	return_std:              100.9067
success_mean:              0.9679	target_mean:              -3.3057	td_error_abs:              6.8713	test_consensus_fraction_mean:  0.9944
test_ep_length_mean:      32.9938	test_episode_limit_mean:   0.0437	test_return_mean:        -12.9250	test_return_median:        3.4000
test_return_std:          73.5029	test_success_mean:         0.9563	
[INFO 04:47:38] my_main t_env: 250885 / 2050000
[INFO 04:47:38] my_main Estimated time left: 1 days, 9 hours, 7 minutes, 21 seconds. Time passed: 2 hours, 43 minutes, 14 seconds
[INFO 04:49:00] my_main Recent Stats | t_env:     252081 | Episode:     4773
consensus_fraction_mean:   0.9961	entropy_loss:              0.0043	ep_length_mean:           31.2546	episode_limit_mean:        0.0199
epsilon:                   0.0500	grad_norm:               771.5328	loss:                    142.3882	mi_loss:                   0.0128
q_taken_mean:             -3.3872	return_mean:             -23.1276	return_median:             0.0000	return_std:               95.3580
success_mean:              0.9801	target_mean:              -3.3057	td_error_abs:              6.8713	test_consensus_fraction_mean:  0.9950
test_ep_length_mean:      31.7750	test_episode_limit_mean:   0.0375	test_return_mean:         -9.1625	test_return_median:        8.1000
test_return_std:          72.5031	test_success_mean:         0.9625	
[INFO 04:49:49] my_main Updated target network
[INFO 04:51:08] my_main Recent Stats | t_env:     254111 | Episode:     4848
consensus_fraction_mean:   0.9961	entropy_loss:              0.0044	ep_length_mean:           31.2546	episode_limit_mean:        0.0199
epsilon:                   0.0500	grad_norm:               748.4601	loss:                    148.1025	mi_loss:                   0.0137
q_taken_mean:             -3.1995	return_mean:             -23.1276	return_median:             0.0000	return_std:               95.3580
success_mean:              0.9801	target_mean:              -3.1178	td_error_abs:              7.0538	test_consensus_fraction_mean:  0.9950
test_ep_length_mean:      31.7750	test_episode_limit_mean:   0.0375	test_return_mean:         -9.1625	test_return_median:        8.1000
test_return_std:          72.5031	test_success_mean:         0.9625	
[INFO 04:53:28] my_main Recent Stats | t_env:     256128 | Episode:     4933
consensus_fraction_mean:   0.9961	entropy_loss:              0.0044	ep_length_mean:           31.2546	episode_limit_mean:        0.0199
epsilon:                   0.0500	grad_norm:               748.4601	loss:                    148.1025	mi_loss:                   0.0137
q_taken_mean:             -3.1995	return_mean:             -23.1276	return_median:             0.0000	return_std:               95.3580
success_mean:              0.9801	target_mean:              -3.1178	td_error_abs:              7.0538	test_consensus_fraction_mean:  0.9950
test_ep_length_mean:      31.7750	test_episode_limit_mean:   0.0375	test_return_mean:         -9.1625	test_return_median:        8.1000
test_return_std:          72.5031	test_success_mean:         0.9625	
[INFO 04:55:25] my_main Updated target network
[INFO 04:55:40] my_main Recent Stats | t_env:     258145 | Episode:     5010
consensus_fraction_mean:   0.9961	entropy_loss:              0.0044	ep_length_mean:           31.2546	episode_limit_mean:        0.0199
epsilon:                   0.0500	grad_norm:               748.4601	loss:                    148.1025	mi_loss:                   0.0137
q_taken_mean:             -3.1995	return_mean:             -23.1276	return_median:             0.0000	return_std:               95.3580
success_mean:              0.9801	target_mean:              -3.1178	td_error_abs:              7.0538	test_consensus_fraction_mean:  0.9950
test_ep_length_mean:      31.7750	test_episode_limit_mean:   0.0375	test_return_mean:         -9.1625	test_return_median:        8.1000
test_return_std:          72.5031	test_success_mean:         0.9625	
[INFO 04:57:37] my_main Recent Stats | t_env:     260166 | Episode:     5076
consensus_fraction_mean:   0.9961	entropy_loss:              0.0044	ep_length_mean:           31.2546	episode_limit_mean:        0.0199
epsilon:                   0.0500	grad_norm:               748.4601	loss:                    148.1025	mi_loss:                   0.0137
q_taken_mean:             -3.1995	return_mean:             -23.1276	return_median:             0.0000	return_std:               95.3580
success_mean:              0.9801	target_mean:              -3.1178	td_error_abs:              7.0538	test_consensus_fraction_mean:  0.9950
test_ep_length_mean:      31.7750	test_episode_limit_mean:   0.0375	test_return_mean:         -9.1625	test_return_median:        8.1000
test_return_std:          72.5031	test_success_mean:         0.9625	
[INFO 04:58:23] my_main t_env: 260920 / 2050000
[INFO 04:58:23] my_main Estimated time left: 1 days, 7 hours, 56 minutes, 31 seconds. Time passed: 2 hours, 53 minutes, 59 seconds
[INFO 04:59:56] my_main Recent Stats | t_env:     262182 | Episode:     5151
consensus_fraction_mean:   0.9965	entropy_loss:              0.0044	ep_length_mean:           29.7185	episode_limit_mean:        0.0192
epsilon:                   0.0500	grad_norm:               748.4601	loss:                    148.1025	mi_loss:                   0.0137
q_taken_mean:             -3.1995	return_mean:             -16.2035	return_median:             6.0000	return_std:               90.8826
success_mean:              0.9808	target_mean:              -3.1178	td_error_abs:              7.0538	test_consensus_fraction_mean:  0.9937
test_ep_length_mean:      30.4375	test_episode_limit_mean:   0.0500	test_return_mean:         -2.3500	test_return_median:       20.7000
test_return_std:          72.2694	test_success_mean:         0.9500	
[INFO 05:01:24] my_main Updated target network
[INFO 05:01:56] my_main Recent Stats | t_env:     264219 | Episode:     5219
consensus_fraction_mean:   0.9965	entropy_loss:              0.0043	ep_length_mean:           29.7185	episode_limit_mean:        0.0192
epsilon:                   0.0500	grad_norm:               736.4973	loss:                    147.3946	mi_loss:                   0.0146
q_taken_mean:             -3.0409	return_mean:             -16.2035	return_median:             6.0000	return_std:               90.8826
success_mean:              0.9808	target_mean:              -3.0280	td_error_abs:              7.0230	test_consensus_fraction_mean:  0.9937
test_ep_length_mean:      30.4375	test_episode_limit_mean:   0.0500	test_return_mean:         -2.3500	test_return_median:       20.7000
test_return_std:          72.2694	test_success_mean:         0.9500	
[INFO 05:04:15] my_main Recent Stats | t_env:     266228 | Episode:     5302
consensus_fraction_mean:   0.9965	entropy_loss:              0.0043	ep_length_mean:           29.7185	episode_limit_mean:        0.0192
epsilon:                   0.0500	grad_norm:               736.4973	loss:                    147.3946	mi_loss:                   0.0146
q_taken_mean:             -3.0409	return_mean:             -16.2035	return_median:             6.0000	return_std:               90.8826
success_mean:              0.9808	target_mean:              -3.0280	td_error_abs:              7.0230	test_consensus_fraction_mean:  0.9937
test_ep_length_mean:      30.4375	test_episode_limit_mean:   0.0500	test_return_mean:         -2.3500	test_return_median:       20.7000
test_return_std:          72.2694	test_success_mean:         0.9500	
[INFO 05:06:54] my_main Recent Stats | t_env:     268233 | Episode:     5400
consensus_fraction_mean:   0.9965	entropy_loss:              0.0043	ep_length_mean:           29.7185	episode_limit_mean:        0.0192
epsilon:                   0.0500	grad_norm:               736.4973	loss:                    147.3946	mi_loss:                   0.0146
q_taken_mean:             -3.0409	return_mean:             -16.2035	return_median:             6.0000	return_std:               90.8826
success_mean:              0.9808	target_mean:              -3.0280	td_error_abs:              7.0230	test_consensus_fraction_mean:  0.9937
test_ep_length_mean:      30.4375	test_episode_limit_mean:   0.0500	test_return_mean:         -2.3500	test_return_median:       20.7000
test_return_std:          72.2694	test_success_mean:         0.9500	
[INFO 05:06:56] my_main Updated target network
[INFO 05:09:27] my_main Recent Stats | t_env:     270236 | Episode:     5493
consensus_fraction_mean:   0.9965	entropy_loss:              0.0043	ep_length_mean:           29.7185	episode_limit_mean:        0.0192
epsilon:                   0.0500	grad_norm:               736.4973	loss:                    147.3946	mi_loss:                   0.0146
q_taken_mean:             -3.0409	return_mean:             -16.2035	return_median:             6.0000	return_std:               90.8826
success_mean:              0.9808	target_mean:              -3.0280	td_error_abs:              7.0230	test_consensus_fraction_mean:  0.9937
test_ep_length_mean:      30.4375	test_episode_limit_mean:   0.0500	test_return_mean:         -2.3500	test_return_median:       20.7000
test_return_std:          72.2694	test_success_mean:         0.9500	
[INFO 05:10:10] my_main t_env: 270950 / 2050000
[INFO 05:10:10] my_main Estimated time left: 1 days, 10 hours, 50 minutes, 22 seconds. Time passed: 3 hours, 5 minutes, 46 seconds
[INFO 05:12:03] my_main Recent Stats | t_env:     272245 | Episode:     5581
consensus_fraction_mean:   0.9970	entropy_loss:              0.0043	ep_length_mean:           27.6103	episode_limit_mean:        0.0175
epsilon:                   0.0500	grad_norm:               736.4973	loss:                    147.3946	mi_loss:                   0.0146
q_taken_mean:             -3.0409	return_mean:              -6.5454	return_median:            14.4000	return_std:               86.0026
success_mean:              0.9825	target_mean:              -3.0280	td_error_abs:              7.0230	test_consensus_fraction_mean:  0.9931
test_ep_length_mean:      30.2625	test_episode_limit_mean:   0.0562	test_return_mean:         -0.1438	test_return_median:       23.1000
test_return_std:          70.8735	test_success_mean:         0.9438	
[INFO 05:12:37] my_main Updated target network
[INFO 05:14:38] my_main Recent Stats | t_env:     274254 | Episode:     5675
consensus_fraction_mean:   0.9970	entropy_loss:              0.0041	ep_length_mean:           27.6103	episode_limit_mean:        0.0175
epsilon:                   0.0500	grad_norm:               911.2871	loss:                    148.9565	mi_loss:                   0.0154
q_taken_mean:             -2.5830	return_mean:              -6.5454	return_median:            14.4000	return_std:               86.0026
success_mean:              0.9825	target_mean:              -2.6409	td_error_abs:              7.2628	test_consensus_fraction_mean:  0.9931
test_ep_length_mean:      30.2625	test_episode_limit_mean:   0.0562	test_return_mean:         -0.1438	test_return_median:       23.1000
test_return_std:          70.8735	test_success_mean:         0.9438	
[INFO 05:17:13] my_main Recent Stats | t_env:     276323 | Episode:     5769
consensus_fraction_mean:   0.9970	entropy_loss:              0.0041	ep_length_mean:           27.6103	episode_limit_mean:        0.0175
epsilon:                   0.0500	grad_norm:               911.2871	loss:                    148.9565	mi_loss:                   0.0154
q_taken_mean:             -2.5830	return_mean:              -6.5454	return_median:            14.4000	return_std:               86.0026
success_mean:              0.9825	target_mean:              -2.6409	td_error_abs:              7.2628	test_consensus_fraction_mean:  0.9931
test_ep_length_mean:      30.2625	test_episode_limit_mean:   0.0562	test_return_mean:         -0.1438	test_return_median:       23.1000
test_return_std:          70.8735	test_success_mean:         0.9438	
[INFO 05:18:08] my_main Updated target network
[INFO 05:19:14] my_main Recent Stats | t_env:     278334 | Episode:     5839
consensus_fraction_mean:   0.9970	entropy_loss:              0.0041	ep_length_mean:           27.6103	episode_limit_mean:        0.0175
epsilon:                   0.0500	grad_norm:               911.2871	loss:                    148.9565	mi_loss:                   0.0154
q_taken_mean:             -2.5830	return_mean:              -6.5454	return_median:            14.4000	return_std:               86.0026
success_mean:              0.9825	target_mean:              -2.6409	td_error_abs:              7.2628	test_consensus_fraction_mean:  0.9931
test_ep_length_mean:      30.2625	test_episode_limit_mean:   0.0562	test_return_mean:         -0.1438	test_return_median:       23.1000
test_return_std:          70.8735	test_success_mean:         0.9438	
[INFO 05:21:49] my_main Recent Stats | t_env:     280370 | Episode:     5933
consensus_fraction_mean:   0.9970	entropy_loss:              0.0041	ep_length_mean:           27.6103	episode_limit_mean:        0.0175
epsilon:                   0.0500	grad_norm:               911.2871	loss:                    148.9565	mi_loss:                   0.0154
q_taken_mean:             -2.5830	return_mean:              -6.5454	return_median:            14.4000	return_std:               86.0026
success_mean:              0.9825	target_mean:              -2.6409	td_error_abs:              7.2628	test_consensus_fraction_mean:  0.9931
test_ep_length_mean:      30.2625	test_episode_limit_mean:   0.0562	test_return_mean:         -0.1438	test_return_median:       23.1000
test_return_std:          70.8735	test_success_mean:         0.9438	
[INFO 05:22:35] my_main t_env: 280986 / 2050000
[INFO 05:22:35] my_main Estimated time left: 1 days, 12 hours, 28 minutes, 46 seconds. Time passed: 3 hours, 18 minutes, 11 seconds
[INFO 05:23:48] my_main Updated target network
[INFO 05:24:43] my_main Recent Stats | t_env:     282379 | Episode:     6035
consensus_fraction_mean:   0.9975	entropy_loss:              0.0041	ep_length_mean:           25.5773	episode_limit_mean:        0.0158
epsilon:                   0.0500	grad_norm:               911.2871	loss:                    148.9565	mi_loss:                   0.0154
q_taken_mean:             -2.5830	return_mean:               1.9782	return_median:            23.2000	return_std:               82.4693
success_mean:              0.9842	target_mean:              -2.6409	td_error_abs:              7.2628	test_consensus_fraction_mean:  0.9937
test_ep_length_mean:      28.3312	test_episode_limit_mean:   0.0500	test_return_mean:         -0.6000	test_return_median:       27.6000
test_return_std:          84.6428	test_success_mean:         0.9500	
[INFO 05:27:00] my_main Recent Stats | t_env:     284384 | Episode:     6117
consensus_fraction_mean:   0.9975	entropy_loss:              0.0041	ep_length_mean:           25.5773	episode_limit_mean:        0.0158
epsilon:                   0.0500	grad_norm:               895.6279	loss:                    167.0814	mi_loss:                   0.0160
q_taken_mean:             -1.9183	return_mean:               1.9782	return_median:            23.2000	return_std:               82.4693
success_mean:              0.9842	target_mean:              -1.9859	td_error_abs:              7.6798	test_consensus_fraction_mean:  0.9937
test_ep_length_mean:      28.3312	test_episode_limit_mean:   0.0500	test_return_mean:         -0.6000	test_return_median:       27.6000
test_return_std:          84.6428	test_success_mean:         0.9500	
[INFO 05:29:16] my_main Updated target network
[INFO 05:29:35] my_main Recent Stats | t_env:     286400 | Episode:     6212
consensus_fraction_mean:   0.9975	entropy_loss:              0.0041	ep_length_mean:           25.5773	episode_limit_mean:        0.0158
epsilon:                   0.0500	grad_norm:               895.6279	loss:                    167.0814	mi_loss:                   0.0160
q_taken_mean:             -1.9183	return_mean:               1.9782	return_median:            23.2000	return_std:               82.4693
success_mean:              0.9842	target_mean:              -1.9859	td_error_abs:              7.6798	test_consensus_fraction_mean:  0.9937
test_ep_length_mean:      28.3312	test_episode_limit_mean:   0.0500	test_return_mean:         -0.6000	test_return_median:       27.6000
test_return_std:          84.6428	test_success_mean:         0.9500	
[INFO 05:32:13] my_main Recent Stats | t_env:     288409 | Episode:     6310
consensus_fraction_mean:   0.9975	entropy_loss:              0.0041	ep_length_mean:           25.5773	episode_limit_mean:        0.0158
epsilon:                   0.0500	grad_norm:               895.6279	loss:                    167.0814	mi_loss:                   0.0160
q_taken_mean:             -1.9183	return_mean:               1.9782	return_median:            23.2000	return_std:               82.4693
success_mean:              0.9842	target_mean:              -1.9859	td_error_abs:              7.6798	test_consensus_fraction_mean:  0.9937
test_ep_length_mean:      28.3312	test_episode_limit_mean:   0.0500	test_return_mean:         -0.6000	test_return_median:       27.6000
test_return_std:          84.6428	test_success_mean:         0.9500	
[INFO 05:34:42] my_main Updated target network
[INFO 05:34:49] my_main Recent Stats | t_env:     290483 | Episode:     6405
consensus_fraction_mean:   0.9975	entropy_loss:              0.0041	ep_length_mean:           25.5773	episode_limit_mean:        0.0158
epsilon:                   0.0500	grad_norm:               895.6279	loss:                    167.0814	mi_loss:                   0.0160
q_taken_mean:             -1.9183	return_mean:               1.9782	return_median:            23.2000	return_std:               82.4693
success_mean:              0.9842	target_mean:              -1.9859	td_error_abs:              7.6798	test_consensus_fraction_mean:  0.9937
test_ep_length_mean:      28.3312	test_episode_limit_mean:   0.0500	test_return_mean:         -0.6000	test_return_median:       27.6000
test_return_std:          84.6428	test_success_mean:         0.9500	
[INFO 05:35:22] my_main t_env: 290994 / 2050000
[INFO 05:35:22] my_main Estimated time left: 1 days, 13 hours, 25 minutes, 42 seconds. Time passed: 3 hours, 30 minutes, 58 seconds
[INFO 05:37:22] my_main Recent Stats | t_env:     292496 | Episode:     6492
consensus_fraction_mean:   0.9978	entropy_loss:              0.0041	ep_length_mean:           24.2887	episode_limit_mean:        0.0144
epsilon:                   0.0500	grad_norm:               895.6279	loss:                    167.0814	mi_loss:                   0.0160
q_taken_mean:             -1.9183	return_mean:               7.1809	return_median:            28.6000	return_std:               81.3830
success_mean:              0.9856	target_mean:              -1.9859	td_error_abs:              7.6798	test_consensus_fraction_mean:  0.9950
test_ep_length_mean:      28.0187	test_episode_limit_mean:   0.0437	test_return_mean:          1.5313	test_return_median:       28.9000
test_return_std:          86.7817	test_success_mean:         0.9563	
[INFO 05:40:06] my_main Recent Stats | t_env:     294498 | Episode:     6595
consensus_fraction_mean:   0.9978	entropy_loss:              0.0041	ep_length_mean:           24.2887	episode_limit_mean:        0.0144
epsilon:                   0.0500	grad_norm:               993.9659	loss:                    166.2049	mi_loss:                   0.0167
q_taken_mean:             -1.3648	return_mean:               7.1809	return_median:            28.6000	return_std:               81.3830
success_mean:              0.9856	target_mean:              -1.5282	td_error_abs:              7.8674	test_consensus_fraction_mean:  0.9950
test_ep_length_mean:      28.0187	test_episode_limit_mean:   0.0437	test_return_mean:          1.5313	test_return_median:       28.9000
test_return_std:          86.7817	test_success_mean:         0.9563	
[INFO 05:40:15] my_main Updated target network
[INFO 05:42:31] my_main Recent Stats | t_env:     296504 | Episode:     6683
consensus_fraction_mean:   0.9978	entropy_loss:              0.0041	ep_length_mean:           24.2887	episode_limit_mean:        0.0144
epsilon:                   0.0500	grad_norm:               993.9659	loss:                    166.2049	mi_loss:                   0.0167
q_taken_mean:             -1.3648	return_mean:               7.1809	return_median:            28.6000	return_std:               81.3830
success_mean:              0.9856	target_mean:              -1.5282	td_error_abs:              7.8674	test_consensus_fraction_mean:  0.9950
test_ep_length_mean:      28.0187	test_episode_limit_mean:   0.0437	test_return_mean:          1.5313	test_return_median:       28.9000
test_return_std:          86.7817	test_success_mean:         0.9563	
[INFO 05:45:00] my_main Recent Stats | t_env:     298505 | Episode:     6776
consensus_fraction_mean:   0.9978	entropy_loss:              0.0041	ep_length_mean:           24.2887	episode_limit_mean:        0.0144
epsilon:                   0.0500	grad_norm:               993.9659	loss:                    166.2049	mi_loss:                   0.0167
q_taken_mean:             -1.3648	return_mean:               7.1809	return_median:            28.6000	return_std:               81.3830
success_mean:              0.9856	target_mean:              -1.5282	td_error_abs:              7.8674	test_consensus_fraction_mean:  0.9950
test_ep_length_mean:      28.0187	test_episode_limit_mean:   0.0437	test_return_mean:          1.5313	test_return_median:       28.9000
test_return_std:          86.7817	test_success_mean:         0.9563	
[INFO 05:45:37] my_main Updated target network
[INFO 05:47:32] my_main Recent Stats | t_env:     300604 | Episode:     6873
consensus_fraction_mean:   0.9978	entropy_loss:              0.0041	ep_length_mean:           24.2887	episode_limit_mean:        0.0144
epsilon:                   0.0500	grad_norm:               993.9659	loss:                    166.2049	mi_loss:                   0.0167
q_taken_mean:             -1.3648	return_mean:               7.1809	return_median:            28.6000	return_std:               81.3830
success_mean:              0.9856	target_mean:              -1.5282	td_error_abs:              7.8674	test_consensus_fraction_mean:  0.9950
test_ep_length_mean:      28.0187	test_episode_limit_mean:   0.0437	test_return_mean:          1.5313	test_return_median:       28.9000
test_return_std:          86.7817	test_success_mean:         0.9563	
[INFO 05:47:56] my_main t_env: 301010 / 2050000
[INFO 05:47:56] my_main Estimated time left: 1 days, 12 hours, 34 minutes, 23 seconds. Time passed: 3 hours, 43 minutes, 32 seconds
[INFO 05:49:48] my_main Recent Stats | t_env:     302613 | Episode:     6953
consensus_fraction_mean:   0.9979	entropy_loss:              0.0041	ep_length_mean:           23.4240	episode_limit_mean:        0.0144
epsilon:                   0.0500	grad_norm:               993.9659	loss:                    166.2049	mi_loss:                   0.0167
q_taken_mean:             -1.3648	return_mean:              11.2672	return_median:            32.4000	return_std:               80.1081
success_mean:              0.9856	target_mean:              -1.5282	td_error_abs:              7.8674	test_consensus_fraction_mean:  0.9950
test_ep_length_mean:      25.2000	test_episode_limit_mean:   0.0437	test_return_mean:         12.6625	test_return_median:       38.9000
test_return_std:          80.4462	test_success_mean:         0.9563	
[INFO 05:51:03] my_main Updated target network
[INFO 05:52:22] my_main Recent Stats | t_env:     304630 | Episode:     7051
consensus_fraction_mean:   0.9979	entropy_loss:              0.0040	ep_length_mean:           23.4240	episode_limit_mean:        0.0144
epsilon:                   0.0500	grad_norm:               1367.1968	loss:                    171.9781	mi_loss:                   0.0172
q_taken_mean:             -0.4206	return_mean:              11.2672	return_median:            32.4000	return_std:               80.1081
success_mean:              0.9856	target_mean:              -0.6262	td_error_abs:              8.3847	test_consensus_fraction_mean:  0.9950
test_ep_length_mean:      25.2000	test_episode_limit_mean:   0.0437	test_return_mean:         12.6625	test_return_median:       38.9000
test_return_std:          80.4462	test_success_mean:         0.9563	
[INFO 05:55:01] my_main Recent Stats | t_env:     306651 | Episode:     7153
consensus_fraction_mean:   0.9979	entropy_loss:              0.0040	ep_length_mean:           23.4240	episode_limit_mean:        0.0144
epsilon:                   0.0500	grad_norm:               1367.1968	loss:                    171.9781	mi_loss:                   0.0172
q_taken_mean:             -0.4206	return_mean:              11.2672	return_median:            32.4000	return_std:               80.1081
success_mean:              0.9856	target_mean:              -0.6262	td_error_abs:              8.3847	test_consensus_fraction_mean:  0.9950
test_ep_length_mean:      25.2000	test_episode_limit_mean:   0.0437	test_return_mean:         12.6625	test_return_median:       38.9000
test_return_std:          80.4462	test_success_mean:         0.9563	
[INFO 05:56:19] my_main Updated target network
[INFO 05:57:30] my_main Recent Stats | t_env:     308661 | Episode:     7249
consensus_fraction_mean:   0.9979	entropy_loss:              0.0040	ep_length_mean:           23.4240	episode_limit_mean:        0.0144
epsilon:                   0.0500	grad_norm:               1367.1968	loss:                    171.9781	mi_loss:                   0.0172
q_taken_mean:             -0.4206	return_mean:              11.2672	return_median:            32.4000	return_std:               80.1081
success_mean:              0.9856	target_mean:              -0.6262	td_error_abs:              8.3847	test_consensus_fraction_mean:  0.9950
test_ep_length_mean:      25.2000	test_episode_limit_mean:   0.0437	test_return_mean:         12.6625	test_return_median:       38.9000
test_return_std:          80.4462	test_success_mean:         0.9563	
[INFO 06:00:14] my_main Recent Stats | t_env:     310676 | Episode:     7358
consensus_fraction_mean:   0.9979	entropy_loss:              0.0040	ep_length_mean:           23.4240	episode_limit_mean:        0.0144
epsilon:                   0.0500	grad_norm:               1367.1968	loss:                    171.9781	mi_loss:                   0.0172
q_taken_mean:             -0.4206	return_mean:              11.2672	return_median:            32.4000	return_std:               80.1081
success_mean:              0.9856	target_mean:              -0.6262	td_error_abs:              8.3847	test_consensus_fraction_mean:  0.9950
test_ep_length_mean:      25.2000	test_episode_limit_mean:   0.0437	test_return_mean:         12.6625	test_return_median:       38.9000
test_return_std:          80.4462	test_success_mean:         0.9563	
[INFO 06:00:40] my_main t_env: 311028 / 2050000
[INFO 06:00:40] my_main Estimated time left: 1 days, 12 hours, 52 minutes, 6 seconds. Time passed: 3 hours, 56 minutes, 17 seconds
[INFO 06:01:23] my_main Updated target network
[INFO 06:02:53] my_main Recent Stats | t_env:     312679 | Episode:     7461
consensus_fraction_mean:   0.9983	entropy_loss:              0.0040	ep_length_mean:           22.1201	episode_limit_mean:        0.0108
epsilon:                   0.0500	grad_norm:               1367.1968	loss:                    171.9781	mi_loss:                   0.0172
q_taken_mean:             -0.4206	return_mean:              17.0206	return_median:            37.4000	return_std:               76.6470
success_mean:              0.9892	target_mean:              -0.6262	td_error_abs:              8.3847	test_consensus_fraction_mean:  0.9988
test_ep_length_mean:      20.7625	test_episode_limit_mean:   0.0125	test_return_mean:         23.4875	test_return_median:       42.1000
test_return_std:          69.4681	test_success_mean:         0.9875	
[INFO 06:05:18] my_main Recent Stats | t_env:     314706 | Episode:     7555
consensus_fraction_mean:   0.9983	entropy_loss:              0.0041	ep_length_mean:           22.1201	episode_limit_mean:        0.0108
epsilon:                   0.0500	grad_norm:               1312.7858	loss:                    181.1762	mi_loss:                   0.0174
q_taken_mean:              0.3020	return_mean:              17.0206	return_median:            37.4000	return_std:               76.6470
success_mean:              0.9892	target_mean:               0.1573	td_error_abs:              8.7138	test_consensus_fraction_mean:  0.9988
test_ep_length_mean:      20.7625	test_episode_limit_mean:   0.0125	test_return_mean:         23.4875	test_return_median:       42.1000
test_return_std:          69.4681	test_success_mean:         0.9875	
[INFO 06:06:29] my_main Updated target network
[INFO 06:07:30] my_main Recent Stats | t_env:     316707 | Episode:     7640
consensus_fraction_mean:   0.9983	entropy_loss:              0.0041	ep_length_mean:           22.1201	episode_limit_mean:        0.0108
epsilon:                   0.0500	grad_norm:               1312.7858	loss:                    181.1762	mi_loss:                   0.0174
q_taken_mean:              0.3020	return_mean:              17.0206	return_median:            37.4000	return_std:               76.6470
success_mean:              0.9892	target_mean:               0.1573	td_error_abs:              8.7138	test_consensus_fraction_mean:  0.9988
test_ep_length_mean:      20.7625	test_episode_limit_mean:   0.0125	test_return_mean:         23.4875	test_return_median:       42.1000
test_return_std:          69.4681	test_success_mean:         0.9875	
[INFO 06:09:37] my_main Recent Stats | t_env:     318737 | Episode:     7725
consensus_fraction_mean:   0.9983	entropy_loss:              0.0041	ep_length_mean:           22.1201	episode_limit_mean:        0.0108
epsilon:                   0.0500	grad_norm:               1312.7858	loss:                    181.1762	mi_loss:                   0.0174
q_taken_mean:              0.3020	return_mean:              17.0206	return_median:            37.4000	return_std:               76.6470
success_mean:              0.9892	target_mean:               0.1573	td_error_abs:              8.7138	test_consensus_fraction_mean:  0.9988
test_ep_length_mean:      20.7625	test_episode_limit_mean:   0.0125	test_return_mean:         23.4875	test_return_median:       42.1000
test_return_std:          69.4681	test_success_mean:         0.9875	
[INFO 06:11:26] my_main Updated target network
[INFO 06:11:59] my_main Recent Stats | t_env:     320743 | Episode:     7826
consensus_fraction_mean:   0.9983	entropy_loss:              0.0041	ep_length_mean:           22.1201	episode_limit_mean:        0.0108
epsilon:                   0.0500	grad_norm:               1312.7858	loss:                    181.1762	mi_loss:                   0.0174
q_taken_mean:              0.3020	return_mean:              17.0206	return_median:            37.4000	return_std:               76.6470
success_mean:              0.9892	target_mean:               0.1573	td_error_abs:              8.7138	test_consensus_fraction_mean:  0.9988
test_ep_length_mean:      20.7625	test_episode_limit_mean:   0.0125	test_return_mean:         23.4875	test_return_median:       42.1000
test_return_std:          69.4681	test_success_mean:         0.9875	
[INFO 06:12:17] my_main t_env: 321039 / 2050000
[INFO 06:12:17] my_main Estimated time left: 1 days, 9 hours, 25 minutes, 21 seconds. Time passed: 4 hours, 7 minutes, 53 seconds
[INFO 06:14:28] my_main Recent Stats | t_env:     322747 | Episode:     7921
consensus_fraction_mean:   0.9988	entropy_loss:              0.0041	ep_length_mean:           21.6107	episode_limit_mean:        0.0074
epsilon:                   0.0500	grad_norm:               1312.7858	loss:                    181.1762	mi_loss:                   0.0174
q_taken_mean:              0.3020	return_mean:              19.5903	return_median:            40.6000	return_std:               74.4250
success_mean:              0.9926	target_mean:               0.1573	td_error_abs:              8.7138	test_consensus_fraction_mean:  0.9994
test_ep_length_mean:      19.1063	test_episode_limit_mean:   0.0125	test_return_mean:         28.2063	test_return_median:       48.6000
test_return_std:          73.5288	test_success_mean:         0.9875	
[INFO 06:16:32] my_main Recent Stats | t_env:     324777 | Episode:     7999
consensus_fraction_mean:   0.9988	entropy_loss:              0.0041	ep_length_mean:           21.6107	episode_limit_mean:        0.0074
epsilon:                   0.0500	grad_norm:               1278.8425	loss:                    176.9616	mi_loss:                   0.0178
q_taken_mean:              0.8379	return_mean:              19.5903	return_median:            40.6000	return_std:               74.4250
success_mean:              0.9926	target_mean:               0.7054	td_error_abs:              8.6487	test_consensus_fraction_mean:  0.9994
test_ep_length_mean:      19.1063	test_episode_limit_mean:   0.0125	test_return_mean:         28.2063	test_return_median:       48.6000
test_return_std:          73.5288	test_success_mean:         0.9875	
[INFO 06:16:34] my_main Updated target network
[INFO 06:19:28] my_main Recent Stats | t_env:     326781 | Episode:     8127
consensus_fraction_mean:   0.9988	entropy_loss:              0.0041	ep_length_mean:           21.6107	episode_limit_mean:        0.0074
epsilon:                   0.0500	grad_norm:               1278.8425	loss:                    176.9616	mi_loss:                   0.0178
q_taken_mean:              0.8379	return_mean:              19.5903	return_median:            40.6000	return_std:               74.4250
success_mean:              0.9926	target_mean:               0.7054	td_error_abs:              8.6487	test_consensus_fraction_mean:  0.9994
test_ep_length_mean:      19.1063	test_episode_limit_mean:   0.0125	test_return_mean:         28.2063	test_return_median:       48.6000
test_return_std:          73.5288	test_success_mean:         0.9875	
[INFO 06:21:11] my_main Updated target network
[INFO 06:22:21] my_main Recent Stats | t_env:     328798 | Episode:     8254
consensus_fraction_mean:   0.9988	entropy_loss:              0.0041	ep_length_mean:           21.6107	episode_limit_mean:        0.0074
epsilon:                   0.0500	grad_norm:               1278.8425	loss:                    176.9616	mi_loss:                   0.0178
q_taken_mean:              0.8379	return_mean:              19.5903	return_median:            40.6000	return_std:               74.4250
success_mean:              0.9926	target_mean:               0.7054	td_error_abs:              8.6487	test_consensus_fraction_mean:  0.9994
test_ep_length_mean:      19.1063	test_episode_limit_mean:   0.0125	test_return_mean:         28.2063	test_return_median:       48.6000
test_return_std:          73.5288	test_success_mean:         0.9875	
[INFO 06:25:17] my_main Recent Stats | t_env:     330813 | Episode:     8380
consensus_fraction_mean:   0.9988	entropy_loss:              0.0041	ep_length_mean:           21.6107	episode_limit_mean:        0.0074
epsilon:                   0.0500	grad_norm:               1278.8425	loss:                    176.9616	mi_loss:                   0.0178
q_taken_mean:              0.8379	return_mean:              19.5903	return_median:            40.6000	return_std:               74.4250
success_mean:              0.9926	target_mean:               0.7054	td_error_abs:              8.6487	test_consensus_fraction_mean:  0.9994
test_ep_length_mean:      19.1063	test_episode_limit_mean:   0.0125	test_return_mean:         28.2063	test_return_median:       48.6000
test_return_std:          73.5288	test_success_mean:         0.9875	
[INFO 06:25:42] my_main t_env: 331042 / 2050000
[INFO 06:25:42] my_main Estimated time left: 1 days, 14 hours, 25 minutes, 27 seconds. Time passed: 4 hours, 21 minutes, 18 seconds
[INFO 06:25:52] my_main Updated target network
[INFO 06:28:04] my_main Recent Stats | t_env:     332821 | Episode:     8497
consensus_fraction_mean:   0.9986	entropy_loss:              0.0041	ep_length_mean:           20.6523	episode_limit_mean:        0.0062
epsilon:                   0.0500	grad_norm:               1278.8425	loss:                    176.9616	mi_loss:                   0.0178
q_taken_mean:              0.8379	return_mean:              22.7959	return_median:            44.2000	return_std:               74.6574
success_mean:              0.9938	target_mean:               0.7054	td_error_abs:              8.6487	test_consensus_fraction_mean:  0.9994
test_ep_length_mean:      18.3563	test_episode_limit_mean:   0.0125	test_return_mean:         37.9625	test_return_median:       52.0000
test_return_std:          54.0267	test_success_mean:         0.9875	
[INFO 06:30:22] my_main Updated target network
[INFO 06:30:42] my_main Recent Stats | t_env:     334831 | Episode:     8615
consensus_fraction_mean:   0.9986	entropy_loss:              0.0041	ep_length_mean:           20.6523	episode_limit_mean:        0.0062
epsilon:                   0.0500	grad_norm:               1343.3474	loss:                    171.9318	mi_loss:                   0.0179
q_taken_mean:              1.3037	return_mean:              22.7959	return_median:            44.2000	return_std:               74.6574
success_mean:              0.9938	target_mean:               1.1242	td_error_abs:              8.8135	test_consensus_fraction_mean:  0.9994
test_ep_length_mean:      18.3563	test_episode_limit_mean:   0.0125	test_return_mean:         37.9625	test_return_median:       52.0000
test_return_std:          54.0267	test_success_mean:         0.9875	
[INFO 06:33:34] my_main Recent Stats | t_env:     336844 | Episode:     8748
consensus_fraction_mean:   0.9986	entropy_loss:              0.0041	ep_length_mean:           20.6523	episode_limit_mean:        0.0062
epsilon:                   0.0500	grad_norm:               1343.3474	loss:                    171.9318	mi_loss:                   0.0179
q_taken_mean:              1.3037	return_mean:              22.7959	return_median:            44.2000	return_std:               74.6574
success_mean:              0.9938	target_mean:               1.1242	td_error_abs:              8.8135	test_consensus_fraction_mean:  0.9994
test_ep_length_mean:      18.3563	test_episode_limit_mean:   0.0125	test_return_mean:         37.9625	test_return_median:       52.0000
test_return_std:          54.0267	test_success_mean:         0.9875	
[INFO 06:34:43] my_main Updated target network
[INFO 06:36:24] my_main Recent Stats | t_env:     338852 | Episode:     8884
consensus_fraction_mean:   0.9986	entropy_loss:              0.0041	ep_length_mean:           20.6523	episode_limit_mean:        0.0062
epsilon:                   0.0500	grad_norm:               1343.3474	loss:                    171.9318	mi_loss:                   0.0179
q_taken_mean:              1.3037	return_mean:              22.7959	return_median:            44.2000	return_std:               74.6574
success_mean:              0.9938	target_mean:               1.1242	td_error_abs:              8.8135	test_consensus_fraction_mean:  0.9994
test_ep_length_mean:      18.3563	test_episode_limit_mean:   0.0125	test_return_mean:         37.9625	test_return_median:       52.0000
test_return_std:          54.0267	test_success_mean:         0.9875	
[INFO 06:38:56] my_main Recent Stats | t_env:     340852 | Episode:     8997
consensus_fraction_mean:   0.9986	entropy_loss:              0.0041	ep_length_mean:           20.6523	episode_limit_mean:        0.0062
epsilon:                   0.0500	grad_norm:               1343.3474	loss:                    171.9318	mi_loss:                   0.0179
q_taken_mean:              1.3037	return_mean:              22.7959	return_median:            44.2000	return_std:               74.6574
success_mean:              0.9938	target_mean:               1.1242	td_error_abs:              8.8135	test_consensus_fraction_mean:  0.9994
test_ep_length_mean:      18.3563	test_episode_limit_mean:   0.0125	test_return_mean:         37.9625	test_return_median:       52.0000
test_return_std:          54.0267	test_success_mean:         0.9875	
[INFO 06:39:01] my_main Updated target network
[INFO 06:39:14] my_main t_env: 341064 / 2050000
[INFO 06:39:14] my_main Estimated time left: 1 days, 14 hours, 28 minutes, 5 seconds. Time passed: 4 hours, 34 minutes, 50 seconds
[INFO 06:41:48] my_main Recent Stats | t_env:     342856 | Episode:     9132
consensus_fraction_mean:   0.9988	entropy_loss:              0.0041	ep_length_mean:           19.5990	episode_limit_mean:        0.0053
epsilon:                   0.0500	grad_norm:               1343.3474	loss:                    171.9318	mi_loss:                   0.0179
q_taken_mean:              1.3037	return_mean:              27.8328	return_median:            48.2000	return_std:               69.9889
success_mean:              0.9947	target_mean:               1.1242	td_error_abs:              8.8135	test_consensus_fraction_mean:  0.9994
test_ep_length_mean:      16.4312	test_episode_limit_mean:   0.0125	test_return_mean:         43.4562	test_return_median:       58.0000
test_return_std:          56.2186	test_success_mean:         0.9875	
[INFO 06:43:14] my_main Updated target network
[INFO 06:44:18] my_main Recent Stats | t_env:     344883 | Episode:     9248
consensus_fraction_mean:   0.9988	entropy_loss:              0.0040	ep_length_mean:           19.5990	episode_limit_mean:        0.0053
epsilon:                   0.0500	grad_norm:               1216.6721	loss:                    163.4208	mi_loss:                   0.0182
q_taken_mean:              1.8171	return_mean:              27.8328	return_median:            48.2000	return_std:               69.9889
success_mean:              0.9947	target_mean:               1.7445	td_error_abs:              8.4268	test_consensus_fraction_mean:  0.9994
test_ep_length_mean:      16.4312	test_episode_limit_mean:   0.0125	test_return_mean:         43.4562	test_return_median:       58.0000
test_return_std:          56.2186	test_success_mean:         0.9875	
[INFO 06:46:47] my_main Recent Stats | t_env:     346890 | Episode:     9359
consensus_fraction_mean:   0.9988	entropy_loss:              0.0040	ep_length_mean:           19.5990	episode_limit_mean:        0.0053
epsilon:                   0.0500	grad_norm:               1216.6721	loss:                    163.4208	mi_loss:                   0.0182
q_taken_mean:              1.8171	return_mean:              27.8328	return_median:            48.2000	return_std:               69.9889
success_mean:              0.9947	target_mean:               1.7445	td_error_abs:              8.4268	test_consensus_fraction_mean:  0.9994
test_ep_length_mean:      16.4312	test_episode_limit_mean:   0.0125	test_return_mean:         43.4562	test_return_median:       58.0000
test_return_std:          56.2186	test_success_mean:         0.9875	
[INFO 06:47:43] my_main Updated target network
[INFO 06:49:18] my_main Recent Stats | t_env:     348897 | Episode:     9476
consensus_fraction_mean:   0.9988	entropy_loss:              0.0040	ep_length_mean:           19.5990	episode_limit_mean:        0.0053
epsilon:                   0.0500	grad_norm:               1216.6721	loss:                    163.4208	mi_loss:                   0.0182
q_taken_mean:              1.8171	return_mean:              27.8328	return_median:            48.2000	return_std:               69.9889
success_mean:              0.9947	target_mean:               1.7445	td_error_abs:              8.4268	test_consensus_fraction_mean:  0.9994
test_ep_length_mean:      16.4312	test_episode_limit_mean:   0.0125	test_return_mean:         43.4562	test_return_median:       58.0000
test_return_std:          56.2186	test_success_mean:         0.9875	
[INFO 06:51:46] my_main Recent Stats | t_env:     350909 | Episode:     9596
consensus_fraction_mean:   0.9988	entropy_loss:              0.0040	ep_length_mean:           19.5990	episode_limit_mean:        0.0053
epsilon:                   0.0500	grad_norm:               1216.6721	loss:                    163.4208	mi_loss:                   0.0182
q_taken_mean:              1.8171	return_mean:              27.8328	return_median:            48.2000	return_std:               69.9889
success_mean:              0.9947	target_mean:               1.7445	td_error_abs:              8.4268	test_consensus_fraction_mean:  0.9994
test_ep_length_mean:      16.4312	test_episode_limit_mean:   0.0125	test_return_mean:         43.4562	test_return_median:       58.0000
test_return_std:          56.2186	test_success_mean:         0.9875	
[INFO 06:51:52] my_main Updated target network
[INFO 06:51:58] my_main t_env: 351072 / 2050000
[INFO 06:51:58] my_main Estimated time left: 1 days, 12 hours, 2 minutes, 28 seconds. Time passed: 4 hours, 47 minutes, 35 seconds
[INFO 06:54:35] my_main Recent Stats | t_env:     352910 | Episode:     9729
consensus_fraction_mean:   0.9991	entropy_loss:              0.0040	ep_length_mean:           18.6365	episode_limit_mean:        0.0031
epsilon:                   0.0500	grad_norm:               1216.6721	loss:                    163.4208	mi_loss:                   0.0182
q_taken_mean:              1.8171	return_mean:              32.9350	return_median:            52.2000	return_std:               64.9171
success_mean:              0.9969	target_mean:               1.7445	td_error_abs:              8.4268	test_consensus_fraction_mean:  0.9994
test_ep_length_mean:      16.1938	test_episode_limit_mean:   0.0125	test_return_mean:         43.3375	test_return_median:       61.2000
test_return_std:          59.2756	test_success_mean:         0.9875	
[INFO 06:56:02] my_main Updated target network
[INFO 06:57:08] my_main Recent Stats | t_env:     354926 | Episode:     9853
consensus_fraction_mean:   0.9991	entropy_loss:              0.0040	ep_length_mean:           18.6365	episode_limit_mean:        0.0031
epsilon:                   0.0500	grad_norm:               973.7871	loss:                    152.3793	mi_loss:                   0.0183
q_taken_mean:              2.0654	return_mean:              32.9350	return_median:            52.2000	return_std:               64.9171
success_mean:              0.9969	target_mean:               2.1215	td_error_abs:              7.8418	test_consensus_fraction_mean:  0.9994
test_ep_length_mean:      16.1938	test_episode_limit_mean:   0.0125	test_return_mean:         43.3375	test_return_median:       61.2000
test_return_std:          59.2756	test_success_mean:         0.9875	
[INFO 07:00:03] my_main Recent Stats | t_env:     356931 | Episode:     9992
consensus_fraction_mean:   0.9991	entropy_loss:              0.0040	ep_length_mean:           18.6365	episode_limit_mean:        0.0031
epsilon:                   0.0500	grad_norm:               973.7871	loss:                    152.3793	mi_loss:                   0.0183
q_taken_mean:              2.0654	return_mean:              32.9350	return_median:            52.2000	return_std:               64.9171
success_mean:              0.9969	target_mean:               2.1215	td_error_abs:              7.8418	test_consensus_fraction_mean:  0.9994
test_ep_length_mean:      16.1938	test_episode_limit_mean:   0.0125	test_return_mean:         43.3375	test_return_median:       61.2000
test_return_std:          59.2756	test_success_mean:         0.9875	
[INFO 07:00:15] my_main Updated target network
[INFO 07:02:38] my_main Recent Stats | t_env:     358948 | Episode:    10114
consensus_fraction_mean:   0.9991	entropy_loss:              0.0040	ep_length_mean:           18.6365	episode_limit_mean:        0.0031
epsilon:                   0.0500	grad_norm:               973.7871	loss:                    152.3793	mi_loss:                   0.0183
q_taken_mean:              2.0654	return_mean:              32.9350	return_median:            52.2000	return_std:               64.9171
success_mean:              0.9969	target_mean:               2.1215	td_error_abs:              7.8418	test_consensus_fraction_mean:  0.9994
test_ep_length_mean:      16.1938	test_episode_limit_mean:   0.0125	test_return_mean:         43.3375	test_return_median:       61.2000
test_return_std:          59.2756	test_success_mean:         0.9875	
[INFO 07:04:28] my_main Updated target network
[INFO 07:05:14] my_main Recent Stats | t_env:     360951 | Episode:    10244
consensus_fraction_mean:   0.9991	entropy_loss:              0.0040	ep_length_mean:           18.6365	episode_limit_mean:        0.0031
epsilon:                   0.0500	grad_norm:               973.7871	loss:                    152.3793	mi_loss:                   0.0183
q_taken_mean:              2.0654	return_mean:              32.9350	return_median:            52.2000	return_std:               64.9171
success_mean:              0.9969	target_mean:               2.1215	td_error_abs:              7.8418	test_consensus_fraction_mean:  0.9994
test_ep_length_mean:      16.1938	test_episode_limit_mean:   0.0125	test_return_mean:         43.3375	test_return_median:       61.2000
test_return_std:          59.2756	test_success_mean:         0.9875	
[INFO 07:05:24] my_main t_env: 361077 / 2050000
[INFO 07:05:24] my_main Estimated time left: 1 days, 13 hours, 45 minutes, 56 seconds. Time passed: 5 hours, 1 minutes, 0 seconds
[INFO 07:07:50] my_main Recent Stats | t_env:     362976 | Episode:    10366
consensus_fraction_mean:   0.9989	entropy_loss:              0.0040	ep_length_mean:           17.6283	episode_limit_mean:        0.0034
epsilon:                   0.0500	grad_norm:               973.7871	loss:                    152.3793	mi_loss:                   0.0183
q_taken_mean:              2.0654	return_mean:              35.8718	return_median:            55.4000	return_std:               66.0494
success_mean:              0.9966	target_mean:               2.1215	td_error_abs:              7.8418	test_consensus_fraction_mean:  0.9994
test_ep_length_mean:      17.6187	test_episode_limit_mean:   0.0125	test_return_mean:         37.6875	test_return_median:       60.7000
test_return_std:          73.7683	test_success_mean:         0.9875	
[INFO 07:08:32] my_main Updated target network
[INFO 07:10:35] my_main Recent Stats | t_env:     364976 | Episode:    10502
consensus_fraction_mean:   0.9989	entropy_loss:              0.0038	ep_length_mean:           17.6283	episode_limit_mean:        0.0034
epsilon:                   0.0500	grad_norm:               968.0892	loss:                    148.4191	mi_loss:                   0.0184
q_taken_mean:              2.5206	return_mean:              35.8718	return_median:            55.4000	return_std:               66.0494
success_mean:              0.9966	target_mean:               2.5751	td_error_abs:              7.8411	test_consensus_fraction_mean:  0.9994
test_ep_length_mean:      17.6187	test_episode_limit_mean:   0.0125	test_return_mean:         37.6875	test_return_median:       60.7000
test_return_std:          73.7683	test_success_mean:         0.9875	
[INFO 07:12:32] my_main Updated target network
[INFO 07:13:23] my_main Recent Stats | t_env:     366976 | Episode:    10646
consensus_fraction_mean:   0.9989	entropy_loss:              0.0038	ep_length_mean:           17.6283	episode_limit_mean:        0.0034
epsilon:                   0.0500	grad_norm:               968.0892	loss:                    148.4191	mi_loss:                   0.0184
q_taken_mean:              2.5206	return_mean:              35.8718	return_median:            55.4000	return_std:               66.0494
success_mean:              0.9966	target_mean:               2.5751	td_error_abs:              7.8411	test_consensus_fraction_mean:  0.9994
test_ep_length_mean:      17.6187	test_episode_limit_mean:   0.0125	test_return_mean:         37.6875	test_return_median:       60.7000
test_return_std:          73.7683	test_success_mean:         0.9875	
[INFO 07:15:54] my_main Recent Stats | t_env:     368977 | Episode:    10774
consensus_fraction_mean:   0.9989	entropy_loss:              0.0038	ep_length_mean:           17.6283	episode_limit_mean:        0.0034
epsilon:                   0.0500	grad_norm:               968.0892	loss:                    148.4191	mi_loss:                   0.0184
q_taken_mean:              2.5206	return_mean:              35.8718	return_median:            55.4000	return_std:               66.0494
success_mean:              0.9966	target_mean:               2.5751	td_error_abs:              7.8411	test_consensus_fraction_mean:  0.9994
test_ep_length_mean:      17.6187	test_episode_limit_mean:   0.0125	test_return_mean:         37.6875	test_return_median:       60.7000
test_return_std:          73.7683	test_success_mean:         0.9875	
[INFO 07:16:25] my_main Updated target network
[INFO 07:18:32] my_main Recent Stats | t_env:     370978 | Episode:    10913
consensus_fraction_mean:   0.9989	entropy_loss:              0.0038	ep_length_mean:           17.6283	episode_limit_mean:        0.0034
epsilon:                   0.0500	grad_norm:               968.0892	loss:                    148.4191	mi_loss:                   0.0184
q_taken_mean:              2.5206	return_mean:              35.8718	return_median:            55.4000	return_std:               66.0494
success_mean:              0.9966	target_mean:               2.5751	td_error_abs:              7.8411	test_consensus_fraction_mean:  0.9994
test_ep_length_mean:      17.6187	test_episode_limit_mean:   0.0125	test_return_mean:         37.6875	test_return_median:       60.7000
test_return_std:          73.7683	test_success_mean:         0.9875	
[INFO 07:18:39] my_main t_env: 371092 / 2050000
[INFO 07:18:39] my_main Estimated time left: 1 days, 13 hours, 1 minutes, 25 seconds. Time passed: 5 hours, 14 minutes, 15 seconds
[INFO 07:20:18] my_main Updated target network
[INFO 07:21:00] my_main Recent Stats | t_env:     372979 | Episode:    11039
consensus_fraction_mean:   0.9988	entropy_loss:              0.0038	ep_length_mean:           16.3024	episode_limit_mean:        0.0036
epsilon:                   0.0500	grad_norm:               968.0892	loss:                    148.4191	mi_loss:                   0.0184
q_taken_mean:              2.5206	return_mean:              40.4160	return_median:            58.8000	return_std:               64.5611
success_mean:              0.9964	target_mean:               2.5751	td_error_abs:              7.8411	test_consensus_fraction_mean:  1.0000
test_ep_length_mean:      15.6562	test_episode_limit_mean:   0.0000	test_return_mean:         44.8375	test_return_median:       64.8000
test_return_std:          64.5110	test_success_mean:         1.0000	
[INFO 07:23:27] my_main Recent Stats | t_env:     375013 | Episode:    11173
consensus_fraction_mean:   0.9988	entropy_loss:              0.0037	ep_length_mean:           16.3024	episode_limit_mean:        0.0036
epsilon:                   0.0500	grad_norm:               845.1108	loss:                    138.0677	mi_loss:                   0.0185
q_taken_mean:              2.9628	return_mean:              40.4160	return_median:            58.8000	return_std:               64.5611
success_mean:              0.9964	target_mean:               3.0747	td_error_abs:              7.5655	test_consensus_fraction_mean:  1.0000
test_ep_length_mean:      15.6562	test_episode_limit_mean:   0.0000	test_return_mean:         44.8375	test_return_median:       64.8000
test_return_std:          64.5110	test_success_mean:         1.0000	
[INFO 07:24:02] my_main Updated target network
[INFO 07:25:54] my_main Recent Stats | t_env:     377018 | Episode:    11301
consensus_fraction_mean:   0.9988	entropy_loss:              0.0037	ep_length_mean:           16.3024	episode_limit_mean:        0.0036
epsilon:                   0.0500	grad_norm:               845.1108	loss:                    138.0677	mi_loss:                   0.0185
q_taken_mean:              2.9628	return_mean:              40.4160	return_median:            58.8000	return_std:               64.5611
success_mean:              0.9964	target_mean:               3.0747	td_error_abs:              7.5655	test_consensus_fraction_mean:  1.0000
test_ep_length_mean:      15.6562	test_episode_limit_mean:   0.0000	test_return_mean:         44.8375	test_return_median:       64.8000
test_return_std:          64.5110	test_success_mean:         1.0000	
[INFO 07:27:48] my_main Updated target network
[INFO 07:28:08] my_main Recent Stats | t_env:     379021 | Episode:    11420
consensus_fraction_mean:   0.9988	entropy_loss:              0.0037	ep_length_mean:           16.3024	episode_limit_mean:        0.0036
epsilon:                   0.0500	grad_norm:               845.1108	loss:                    138.0677	mi_loss:                   0.0185
q_taken_mean:              2.9628	return_mean:              40.4160	return_median:            58.8000	return_std:               64.5611
success_mean:              0.9964	target_mean:               3.0747	td_error_abs:              7.5655	test_consensus_fraction_mean:  1.0000
test_ep_length_mean:      15.6562	test_episode_limit_mean:   0.0000	test_return_mean:         44.8375	test_return_median:       64.8000
test_return_std:          64.5110	test_success_mean:         1.0000	
[INFO 07:30:25] my_main Recent Stats | t_env:     381052 | Episode:    11541
consensus_fraction_mean:   0.9988	entropy_loss:              0.0037	ep_length_mean:           16.3024	episode_limit_mean:        0.0036
epsilon:                   0.0500	grad_norm:               845.1108	loss:                    138.0677	mi_loss:                   0.0185
q_taken_mean:              2.9628	return_mean:              40.4160	return_median:            58.8000	return_std:               64.5611
success_mean:              0.9964	target_mean:               3.0747	td_error_abs:              7.5655	test_consensus_fraction_mean:  1.0000
test_ep_length_mean:      15.6562	test_episode_limit_mean:   0.0000	test_return_mean:         44.8375	test_return_median:       64.8000
test_return_std:          64.5110	test_success_mean:         1.0000	
[INFO 07:30:28] my_main t_env: 381102 / 2050000
[INFO 07:30:28] my_main Estimated time left: 1 days, 8 hours, 50 minutes, 10 seconds. Time passed: 5 hours, 26 minutes, 4 seconds
[INFO 07:31:39] my_main Updated target network
[INFO 07:33:01] my_main Recent Stats | t_env:     383053 | Episode:    11677
consensus_fraction_mean:   0.9991	entropy_loss:              0.0037	ep_length_mean:           15.9382	episode_limit_mean:        0.0028
epsilon:                   0.0500	grad_norm:               845.1108	loss:                    138.0677	mi_loss:                   0.0185
q_taken_mean:              2.9628	return_mean:              42.9148	return_median:            59.2000	return_std:               60.3466
success_mean:              0.9972	target_mean:               3.0747	td_error_abs:              7.5655	test_consensus_fraction_mean:  1.0000
test_ep_length_mean:      15.2125	test_episode_limit_mean:   0.0000	test_return_mean:         45.9937	test_return_median:       66.3000
test_return_std:          65.6108	test_success_mean:         1.0000	
[INFO 07:35:17] my_main Updated target network
[INFO 07:35:47] my_main Recent Stats | t_env:     385057 | Episode:    11828
consensus_fraction_mean:   0.9991	entropy_loss:              0.0033	ep_length_mean:           15.9382	episode_limit_mean:        0.0028
epsilon:                   0.0500	grad_norm:               831.5858	loss:                    128.7281	mi_loss:                   0.0186
q_taken_mean:              3.0638	return_mean:              42.9148	return_median:            59.2000	return_std:               60.3466
success_mean:              0.9972	target_mean:               3.2311	td_error_abs:              7.2440	test_consensus_fraction_mean:  1.0000
test_ep_length_mean:      15.2125	test_episode_limit_mean:   0.0000	test_return_mean:         45.9937	test_return_median:       66.3000
test_return_std:          65.6108	test_success_mean:         1.0000	
[INFO 07:38:21] my_main Recent Stats | t_env:     387063 | Episode:    11975
consensus_fraction_mean:   0.9991	entropy_loss:              0.0033	ep_length_mean:           15.9382	episode_limit_mean:        0.0028
epsilon:                   0.0500	grad_norm:               831.5858	loss:                    128.7281	mi_loss:                   0.0186
q_taken_mean:              3.0638	return_mean:              42.9148	return_median:            59.2000	return_std:               60.3466
success_mean:              0.9972	target_mean:               3.2311	td_error_abs:              7.2440	test_consensus_fraction_mean:  1.0000
test_ep_length_mean:      15.2125	test_episode_limit_mean:   0.0000	test_return_mean:         45.9937	test_return_median:       66.3000
test_return_std:          65.6108	test_success_mean:         1.0000	
[INFO 07:38:50] my_main Updated target network
[INFO 07:40:50] my_main Recent Stats | t_env:     389063 | Episode:    12120
consensus_fraction_mean:   0.9991	entropy_loss:              0.0033	ep_length_mean:           15.9382	episode_limit_mean:        0.0028
epsilon:                   0.0500	grad_norm:               831.5858	loss:                    128.7281	mi_loss:                   0.0186
q_taken_mean:              3.0638	return_mean:              42.9148	return_median:            59.2000	return_std:               60.3466
success_mean:              0.9972	target_mean:               3.2311	td_error_abs:              7.2440	test_consensus_fraction_mean:  1.0000
test_ep_length_mean:      15.2125	test_episode_limit_mean:   0.0000	test_return_mean:         45.9937	test_return_median:       66.3000
test_return_std:          65.6108	test_success_mean:         1.0000	
[INFO 07:42:12] my_main Updated target network
[INFO 07:43:15] my_main Recent Stats | t_env:     391064 | Episode:    12261
consensus_fraction_mean:   0.9991	entropy_loss:              0.0033	ep_length_mean:           15.9382	episode_limit_mean:        0.0028
epsilon:                   0.0500	grad_norm:               831.5858	loss:                    128.7281	mi_loss:                   0.0186
q_taken_mean:              3.0638	return_mean:              42.9148	return_median:            59.2000	return_std:               60.3466
success_mean:              0.9972	target_mean:               3.2311	td_error_abs:              7.2440	test_consensus_fraction_mean:  1.0000
test_ep_length_mean:      15.2125	test_episode_limit_mean:   0.0000	test_return_mean:         45.9937	test_return_median:       66.3000
test_return_std:          65.6108	test_success_mean:         1.0000	
[INFO 07:43:18] my_main t_env: 391115 / 2050000
[INFO 07:43:18] my_main Estimated time left: 1 days, 11 hours, 27 minutes, 4 seconds. Time passed: 5 hours, 38 minutes, 55 seconds
[INFO 07:45:42] my_main Updated target network
[INFO 07:45:43] my_main Recent Stats | t_env:     393065 | Episode:    12402
consensus_fraction_mean:   0.9990	entropy_loss:              0.0033	ep_length_mean:           15.4459	episode_limit_mean:        0.0034
epsilon:                   0.0500	grad_norm:               831.5858	loss:                    128.7281	mi_loss:                   0.0186
q_taken_mean:              3.0638	return_mean:              45.5589	return_median:            61.2000	return_std:               57.9307
success_mean:              0.9966	target_mean:               3.2311	td_error_abs:              7.2440	test_consensus_fraction_mean:  1.0000
test_ep_length_mean:      13.7875	test_episode_limit_mean:   0.0000	test_return_mean:         52.8875	test_return_median:       70.8000
test_return_std:          54.6682	test_success_mean:         1.0000	
[INFO 07:48:04] my_main Recent Stats | t_env:     395066 | Episode:    12541
consensus_fraction_mean:   0.9990	entropy_loss:              0.0030	ep_length_mean:           15.4459	episode_limit_mean:        0.0034
epsilon:                   0.0500	grad_norm:               823.9090	loss:                    125.8362	mi_loss:                   0.0188
q_taken_mean:              3.5226	return_mean:              45.5589	return_median:            61.2000	return_std:               57.9307
success_mean:              0.9966	target_mean:               3.6848	td_error_abs:              7.3172	test_consensus_fraction_mean:  1.0000
test_ep_length_mean:      13.7875	test_episode_limit_mean:   0.0000	test_return_mean:         52.8875	test_return_median:       70.8000
test_return_std:          54.6682	test_success_mean:         1.0000	
[INFO 07:49:04] my_main Updated target network
[INFO 07:50:29] my_main Recent Stats | t_env:     397077 | Episode:    12681
consensus_fraction_mean:   0.9990	entropy_loss:              0.0030	ep_length_mean:           15.4459	episode_limit_mean:        0.0034
epsilon:                   0.0500	grad_norm:               823.9090	loss:                    125.8362	mi_loss:                   0.0188
q_taken_mean:              3.5226	return_mean:              45.5589	return_median:            61.2000	return_std:               57.9307
success_mean:              0.9966	target_mean:               3.6848	td_error_abs:              7.3172	test_consensus_fraction_mean:  1.0000
test_ep_length_mean:      13.7875	test_episode_limit_mean:   0.0000	test_return_mean:         52.8875	test_return_median:       70.8000
test_return_std:          54.6682	test_success_mean:         1.0000	
[INFO 07:52:28] my_main Updated target network
[INFO 07:52:46] my_main Recent Stats | t_env:     399106 | Episode:    12819
consensus_fraction_mean:   0.9990	entropy_loss:              0.0030	ep_length_mean:           15.4459	episode_limit_mean:        0.0034
epsilon:                   0.0500	grad_norm:               823.9090	loss:                    125.8362	mi_loss:                   0.0188
q_taken_mean:              3.5226	return_mean:              45.5589	return_median:            61.2000	return_std:               57.9307
success_mean:              0.9966	target_mean:               3.6848	td_error_abs:              7.3172	test_consensus_fraction_mean:  1.0000
test_ep_length_mean:      13.7875	test_episode_limit_mean:   0.0000	test_return_mean:         52.8875	test_return_median:       70.8000
test_return_std:          54.6682	test_success_mean:         1.0000	
[INFO 07:55:13] my_main t_env: 401190 / 2050000
[INFO 07:55:13] my_main Estimated time left: 1 days, 8 hours, 28 minutes, 8 seconds. Time passed: 5 hours, 50 minutes, 49 seconds
[INFO 07:55:16] my_main Recent Stats | t_env:     401190 | Episode:    12960
consensus_fraction_mean:   0.9987	entropy_loss:              0.0030	ep_length_mean:           14.9812	episode_limit_mean:        0.0042
epsilon:                   0.0500	grad_norm:               823.9090	loss:                    125.8362	mi_loss:                   0.0188
q_taken_mean:              3.5226	return_mean:              46.9267	return_median:            62.8000	return_std:               58.1240
success_mean:              0.9958	target_mean:               3.6848	td_error_abs:              7.3172	test_consensus_fraction_mean:  1.0000
test_ep_length_mean:      12.9250	test_episode_limit_mean:   0.0000	test_return_mean:         57.4813	test_return_median:       72.9000
test_return_std:          48.3876	test_success_mean:         1.0000	
[INFO 07:56:00] my_main Updated target network
[INFO 07:57:43] my_main Recent Stats | t_env:     403190 | Episode:    13104
consensus_fraction_mean:   0.9987	entropy_loss:              0.0030	ep_length_mean:           14.9812	episode_limit_mean:        0.0042
epsilon:                   0.0500	grad_norm:               823.9090	loss:                    125.8362	mi_loss:                   0.0188
q_taken_mean:              3.5226	return_mean:              46.9267	return_median:            62.8000	return_std:               58.1240
success_mean:              0.9958	target_mean:               3.6848	td_error_abs:              7.3172	test_consensus_fraction_mean:  1.0000
test_ep_length_mean:      12.9250	test_episode_limit_mean:   0.0000	test_return_mean:         57.4813	test_return_median:       72.9000
test_return_std:          48.3876	test_success_mean:         1.0000	
[INFO 07:59:18] my_main Updated target network
[INFO 08:00:03] my_main Recent Stats | t_env:     405194 | Episode:    13246
consensus_fraction_mean:   0.9987	entropy_loss:              0.0026	ep_length_mean:           14.9812	episode_limit_mean:        0.0042
epsilon:                   0.0500	grad_norm:               689.4520	loss:                    118.4790	mi_loss:                   0.0191
q_taken_mean:              3.8887	return_mean:              46.9267	return_median:            62.8000	return_std:               58.1240
success_mean:              0.9958	target_mean:               3.9690	td_error_abs:              7.3243	test_consensus_fraction_mean:  1.0000
test_ep_length_mean:      12.9250	test_episode_limit_mean:   0.0000	test_return_mean:         57.4813	test_return_median:       72.9000
test_return_std:          48.3876	test_success_mean:         1.0000	
[INFO 08:02:38] my_main Updated target network
[INFO 08:02:38] my_main Recent Stats | t_env:     407199 | Episode:    13401
consensus_fraction_mean:   0.9987	entropy_loss:              0.0026	ep_length_mean:           14.9812	episode_limit_mean:        0.0042
epsilon:                   0.0500	grad_norm:               689.4520	loss:                    118.4790	mi_loss:                   0.0191
q_taken_mean:              3.8887	return_mean:              46.9267	return_median:            62.8000	return_std:               58.1240
success_mean:              0.9958	target_mean:               3.9690	td_error_abs:              7.3243	test_consensus_fraction_mean:  1.0000
test_ep_length_mean:      12.9250	test_episode_limit_mean:   0.0000	test_return_mean:         57.4813	test_return_median:       72.9000
test_return_std:          48.3876	test_success_mean:         1.0000	
[INFO 08:05:06] my_main Recent Stats | t_env:     409203 | Episode:    13555
consensus_fraction_mean:   0.9987	entropy_loss:              0.0026	ep_length_mean:           14.9812	episode_limit_mean:        0.0042
epsilon:                   0.0500	grad_norm:               689.4520	loss:                    118.4790	mi_loss:                   0.0191
q_taken_mean:              3.8887	return_mean:              46.9267	return_median:            62.8000	return_std:               58.1240
success_mean:              0.9958	target_mean:               3.9690	td_error_abs:              7.3243	test_consensus_fraction_mean:  1.0000
test_ep_length_mean:      12.9250	test_episode_limit_mean:   0.0000	test_return_mean:         57.4813	test_return_median:       72.9000
test_return_std:          48.3876	test_success_mean:         1.0000	
[INFO 08:05:52] my_main Updated target network
[INFO 08:07:36] my_main t_env: 411201 / 2050000
[INFO 08:07:36] my_main Estimated time left: 1 days, 9 hours, 49 minutes, 4 seconds. Time passed: 6 hours, 3 minutes, 13 seconds
[INFO 08:07:42] my_main Recent Stats | t_env:     411207 | Episode:    13709
consensus_fraction_mean:   0.9992	entropy_loss:              0.0026	ep_length_mean:           14.5604	episode_limit_mean:        0.0026
epsilon:                   0.0500	grad_norm:               689.4520	loss:                    118.4790	mi_loss:                   0.0191
q_taken_mean:              3.8887	return_mean:              49.3785	return_median:            64.2000	return_std:               53.5315
success_mean:              0.9974	target_mean:               3.9690	td_error_abs:              7.3243	test_consensus_fraction_mean:  1.0000
test_ep_length_mean:      11.5938	test_episode_limit_mean:   0.0000	test_return_mean:         63.4125	test_return_median:       72.5000
test_return_std:          33.9898	test_success_mean:         1.0000	
[INFO 08:09:23] my_main Updated target network
[INFO 08:10:10] my_main Recent Stats | t_env:     413207 | Episode:    13849
consensus_fraction_mean:   0.9992	entropy_loss:              0.0026	ep_length_mean:           14.5604	episode_limit_mean:        0.0026
epsilon:                   0.0500	grad_norm:               689.4520	loss:                    118.4790	mi_loss:                   0.0191
q_taken_mean:              3.8887	return_mean:              49.3785	return_median:            64.2000	return_std:               53.5315
success_mean:              0.9974	target_mean:               3.9690	td_error_abs:              7.3243	test_consensus_fraction_mean:  1.0000
test_ep_length_mean:      11.5938	test_episode_limit_mean:   0.0000	test_return_mean:         63.4125	test_return_median:       72.5000
test_return_std:          33.9898	test_success_mean:         1.0000	
[INFO 08:12:31] my_main Recent Stats | t_env:     415210 | Episode:    14000
consensus_fraction_mean:   0.9992	entropy_loss:              0.0023	ep_length_mean:           14.5604	episode_limit_mean:        0.0026
epsilon:                   0.0500	grad_norm:               690.7560	loss:                    102.9274	mi_loss:                   0.0196
q_taken_mean:              4.3302	return_mean:              49.3785	return_median:            64.2000	return_std:               53.5315
success_mean:              0.9974	target_mean:               4.4157	td_error_abs:              6.9075	test_consensus_fraction_mean:  1.0000
test_ep_length_mean:      11.5938	test_episode_limit_mean:   0.0000	test_return_mean:         63.4125	test_return_median:       72.5000
test_return_std:          33.9898	test_success_mean:         1.0000	
[INFO 08:12:32] my_main Updated target network
[INFO 08:14:48] my_main Recent Stats | t_env:     417226 | Episode:    14143
consensus_fraction_mean:   0.9992	entropy_loss:              0.0023	ep_length_mean:           14.5604	episode_limit_mean:        0.0026
epsilon:                   0.0500	grad_norm:               690.7560	loss:                    102.9274	mi_loss:                   0.0196
q_taken_mean:              4.3302	return_mean:              49.3785	return_median:            64.2000	return_std:               53.5315
success_mean:              0.9974	target_mean:               4.4157	td_error_abs:              6.9075	test_consensus_fraction_mean:  1.0000
test_ep_length_mean:      11.5938	test_episode_limit_mean:   0.0000	test_return_mean:         63.4125	test_return_median:       72.5000
test_return_std:          33.9898	test_success_mean:         1.0000	
[INFO 08:15:41] my_main Updated target network
[INFO 08:17:03] my_main Recent Stats | t_env:     419231 | Episode:    14286
consensus_fraction_mean:   0.9992	entropy_loss:              0.0023	ep_length_mean:           14.5604	episode_limit_mean:        0.0026
epsilon:                   0.0500	grad_norm:               690.7560	loss:                    102.9274	mi_loss:                   0.0196
q_taken_mean:              4.3302	return_mean:              49.3785	return_median:            64.2000	return_std:               53.5315
success_mean:              0.9974	target_mean:               4.4157	td_error_abs:              6.9075	test_consensus_fraction_mean:  1.0000
test_ep_length_mean:      11.5938	test_episode_limit_mean:   0.0000	test_return_mean:         63.4125	test_return_median:       72.5000
test_return_std:          33.9898	test_success_mean:         1.0000	
[INFO 08:18:55] my_main Updated target network
[INFO 08:19:12] my_main t_env: 421203 / 2050000
[INFO 08:19:12] my_main Estimated time left: 1 days, 7 hours, 29 minutes, 17 seconds. Time passed: 6 hours, 14 minutes, 49 seconds
[INFO 08:19:19] my_main Recent Stats | t_env:     421237 | Episode:    14422
consensus_fraction_mean:   0.9993	entropy_loss:              0.0023	ep_length_mean:           14.3754	episode_limit_mean:        0.0023
epsilon:                   0.0500	grad_norm:               690.7560	loss:                    102.9274	mi_loss:                   0.0196
q_taken_mean:              4.3302	return_mean:              50.3283	return_median:            64.6000	return_std:               51.2960
success_mean:              0.9977	target_mean:               4.4157	td_error_abs:              6.9075	test_consensus_fraction_mean:  1.0000
test_ep_length_mean:      11.0375	test_episode_limit_mean:   0.0000	test_return_mean:         63.7313	test_return_median:       73.1000
test_return_std:          34.0235	test_success_mean:         1.0000	
[INFO 08:21:30] my_main Recent Stats | t_env:     423244 | Episode:    14559
consensus_fraction_mean:   0.9993	entropy_loss:              0.0023	ep_length_mean:           14.3754	episode_limit_mean:        0.0023
epsilon:                   0.0500	grad_norm:               690.7560	loss:                    102.9274	mi_loss:                   0.0196
q_taken_mean:              4.3302	return_mean:              50.3283	return_median:            64.6000	return_std:               51.2960
success_mean:              0.9977	target_mean:               4.4157	td_error_abs:              6.9075	test_consensus_fraction_mean:  1.0000
test_ep_length_mean:      11.0375	test_episode_limit_mean:   0.0000	test_return_mean:         63.7313	test_return_median:       73.1000
test_return_std:          34.0235	test_success_mean:         1.0000	
[INFO 08:22:15] my_main Updated target network
[INFO 08:23:16] my_main Recent Stats | t_env:     425259 | Episode:    14657
consensus_fraction_mean:   0.9993	entropy_loss:              0.0021	ep_length_mean:           14.3754	episode_limit_mean:        0.0023
epsilon:                   0.0500	grad_norm:               814.4528	loss:                     99.5272	mi_loss:                   0.0200
q_taken_mean:              4.8457	return_mean:              50.3283	return_median:            64.6000	return_std:               51.2960
success_mean:              0.9977	target_mean:               4.8634	td_error_abs:              6.9234	test_consensus_fraction_mean:  1.0000
test_ep_length_mean:      11.0375	test_episode_limit_mean:   0.0000	test_return_mean:         63.7313	test_return_median:       73.1000
test_return_std:          34.0235	test_success_mean:         1.0000	
[INFO 08:25:15] my_main Recent Stats | t_env:     427336 | Episode:    14767
consensus_fraction_mean:   0.9993	entropy_loss:              0.0021	ep_length_mean:           14.3754	episode_limit_mean:        0.0023
epsilon:                   0.0500	grad_norm:               814.4528	loss:                     99.5272	mi_loss:                   0.0200
q_taken_mean:              4.8457	return_mean:              50.3283	return_median:            64.6000	return_std:               51.2960
success_mean:              0.9977	target_mean:               4.8634	td_error_abs:              6.9234	test_consensus_fraction_mean:  1.0000
test_ep_length_mean:      11.0375	test_episode_limit_mean:   0.0000	test_return_mean:         63.7313	test_return_median:       73.1000
test_return_std:          34.0235	test_success_mean:         1.0000	
[INFO 08:25:48] my_main Updated target network
[INFO 08:27:01] my_main Recent Stats | t_env:     429348 | Episode:    14865
consensus_fraction_mean:   0.9993	entropy_loss:              0.0021	ep_length_mean:           14.3754	episode_limit_mean:        0.0023
epsilon:                   0.0500	grad_norm:               814.4528	loss:                     99.5272	mi_loss:                   0.0200
q_taken_mean:              4.8457	return_mean:              50.3283	return_median:            64.6000	return_std:               51.2960
success_mean:              0.9977	target_mean:               4.8634	td_error_abs:              6.9234	test_consensus_fraction_mean:  1.0000
test_ep_length_mean:      11.0375	test_episode_limit_mean:   0.0000	test_return_mean:         63.7313	test_return_median:       73.1000
test_return_std:          34.0235	test_success_mean:         1.0000	
[INFO 08:28:47] my_main t_env: 431214 / 2050000
[INFO 08:28:47] my_main Estimated time left: 1 days, 1 hours, 48 minutes, 32 seconds. Time passed: 6 hours, 24 minutes, 23 seconds
[INFO 08:28:57] my_main Recent Stats | t_env:     431379 | Episode:    14965
consensus_fraction_mean:   0.9986	entropy_loss:              0.0021	ep_length_mean:           14.8543	episode_limit_mean:        0.0079
epsilon:                   0.0500	grad_norm:               814.4528	loss:                     99.5272	mi_loss:                   0.0200
q_taken_mean:              4.8457	return_mean:              49.6246	return_median:            65.6000	return_std:               53.6264
success_mean:              0.9921	target_mean:               4.8634	td_error_abs:              6.9234	test_consensus_fraction_mean:  0.9994
test_ep_length_mean:      10.8750	test_episode_limit_mean:   0.0063	test_return_mean:         64.2000	test_return_median:       72.7000
test_return_std:          32.3672	test_success_mean:         0.9937	
[INFO 08:29:37] my_main Updated target network
[INFO 08:31:06] my_main Recent Stats | t_env:     433399 | Episode:    15081
consensus_fraction_mean:   0.9986	entropy_loss:              0.0021	ep_length_mean:           14.8543	episode_limit_mean:        0.0079
epsilon:                   0.0500	grad_norm:               814.4528	loss:                     99.5272	mi_loss:                   0.0200
q_taken_mean:              4.8457	return_mean:              49.6246	return_median:            65.6000	return_std:               53.6264
success_mean:              0.9921	target_mean:               4.8634	td_error_abs:              6.9234	test_consensus_fraction_mean:  0.9994
test_ep_length_mean:      10.8750	test_episode_limit_mean:   0.0063	test_return_mean:         64.2000	test_return_median:       72.7000
test_return_std:          32.3672	test_success_mean:         0.9937	
[INFO 08:33:15] my_main Updated target network
[INFO 08:33:39] my_main Recent Stats | t_env:     435429 | Episode:    15221
consensus_fraction_mean:   0.9986	entropy_loss:              0.0020	ep_length_mean:           14.8543	episode_limit_mean:        0.0079
epsilon:                   0.0500	grad_norm:               758.9271	loss:                     85.5809	mi_loss:                   0.0205
q_taken_mean:              5.3918	return_mean:              49.6246	return_median:            65.6000	return_std:               53.6264
success_mean:              0.9921	target_mean:               5.4172	td_error_abs:              6.5240	test_consensus_fraction_mean:  0.9994
test_ep_length_mean:      10.8750	test_episode_limit_mean:   0.0063	test_return_mean:         64.2000	test_return_median:       72.7000
test_return_std:          32.3672	test_success_mean:         0.9937	
[INFO 08:35:58] my_main Recent Stats | t_env:     437439 | Episode:    15340
consensus_fraction_mean:   0.9986	entropy_loss:              0.0020	ep_length_mean:           14.8543	episode_limit_mean:        0.0079
epsilon:                   0.0500	grad_norm:               758.9271	loss:                     85.5809	mi_loss:                   0.0205
q_taken_mean:              5.3918	return_mean:              49.6246	return_median:            65.6000	return_std:               53.6264
success_mean:              0.9921	target_mean:               5.4172	td_error_abs:              6.5240	test_consensus_fraction_mean:  0.9994
test_ep_length_mean:      10.8750	test_episode_limit_mean:   0.0063	test_return_mean:         64.2000	test_return_median:       72.7000
test_return_std:          32.3672	test_success_mean:         0.9937	
[INFO 08:37:08] my_main Updated target network
[INFO 08:37:50] my_main Recent Stats | t_env:     439442 | Episode:    15435
consensus_fraction_mean:   0.9986	entropy_loss:              0.0020	ep_length_mean:           14.8543	episode_limit_mean:        0.0079
epsilon:                   0.0500	grad_norm:               758.9271	loss:                     85.5809	mi_loss:                   0.0205
q_taken_mean:              5.3918	return_mean:              49.6246	return_median:            65.6000	return_std:               53.6264
success_mean:              0.9921	target_mean:               5.4172	td_error_abs:              6.5240	test_consensus_fraction_mean:  0.9994
test_ep_length_mean:      10.8750	test_episode_limit_mean:   0.0063	test_return_mean:         64.2000	test_return_median:       72.7000
test_return_std:          32.3672	test_success_mean:         0.9937	
[INFO 08:39:16] my_main t_env: 441237 / 2050000
[INFO 08:39:16] my_main Estimated time left: 1 days, 4 hours, 3 minutes, 4 seconds. Time passed: 6 hours, 34 minutes, 52 seconds
[INFO 08:39:51] my_main Recent Stats | t_env:     441479 | Episode:    15523
consensus_fraction_mean:   0.9983	entropy_loss:              0.0020	ep_length_mean:           15.7348	episode_limit_mean:        0.0088
epsilon:                   0.0500	grad_norm:               758.9271	loss:                     85.5809	mi_loss:                   0.0205
q_taken_mean:              5.3918	return_mean:              47.6324	return_median:            65.0000	return_std:               56.3660
success_mean:              0.9912	target_mean:               5.4172	td_error_abs:              6.5240	test_consensus_fraction_mean:  0.9887
test_ep_length_mean:      20.9125	test_episode_limit_mean:   0.0812	test_return_mean:         36.3188	test_return_median:       36.2000
test_return_std:          50.1473	test_success_mean:         0.9187	
[INFO 08:41:24] my_main Updated target network
[INFO 08:42:05] my_main Recent Stats | t_env:     443490 | Episode:    15632
consensus_fraction_mean:   0.9983	entropy_loss:              0.0020	ep_length_mean:           15.7348	episode_limit_mean:        0.0088
epsilon:                   0.0500	grad_norm:               758.9271	loss:                     85.5809	mi_loss:                   0.0205
q_taken_mean:              5.3918	return_mean:              47.6324	return_median:            65.0000	return_std:               56.3660
success_mean:              0.9912	target_mean:               5.4172	td_error_abs:              6.5240	test_consensus_fraction_mean:  0.9887
test_ep_length_mean:      20.9125	test_episode_limit_mean:   0.0812	test_return_mean:         36.3188	test_return_median:       36.2000
test_return_std:          50.1473	test_success_mean:         0.9187	
[INFO 08:44:23] my_main Recent Stats | t_env:     445495 | Episode:    15758
consensus_fraction_mean:   0.9983	entropy_loss:              0.0021	ep_length_mean:           15.7348	episode_limit_mean:        0.0088
epsilon:                   0.0500	grad_norm:               636.0699	loss:                     72.1565	mi_loss:                   0.0207
q_taken_mean:              5.5507	return_mean:              47.6324	return_median:            65.0000	return_std:               56.3660
success_mean:              0.9912	target_mean:               5.5521	td_error_abs:              6.0522	test_consensus_fraction_mean:  0.9887
test_ep_length_mean:      20.9125	test_episode_limit_mean:   0.0812	test_return_mean:         36.3188	test_return_median:       36.2000
test_return_std:          50.1473	test_success_mean:         0.9187	
[INFO 08:45:11] my_main Updated target network
[INFO 08:46:58] my_main Recent Stats | t_env:     447497 | Episode:    15898
consensus_fraction_mean:   0.9983	entropy_loss:              0.0021	ep_length_mean:           15.7348	episode_limit_mean:        0.0088
epsilon:                   0.0500	grad_norm:               636.0699	loss:                     72.1565	mi_loss:                   0.0207
q_taken_mean:              5.5507	return_mean:              47.6324	return_median:            65.0000	return_std:               56.3660
success_mean:              0.9912	target_mean:               5.5521	td_error_abs:              6.0522	test_consensus_fraction_mean:  0.9887
test_ep_length_mean:      20.9125	test_episode_limit_mean:   0.0812	test_return_mean:         36.3188	test_return_median:       36.2000
test_return_std:          50.1473	test_success_mean:         0.9187	
[INFO 08:48:57] my_main Updated target network
[INFO 08:49:12] my_main Recent Stats | t_env:     449498 | Episode:    16014
consensus_fraction_mean:   0.9983	entropy_loss:              0.0021	ep_length_mean:           15.7348	episode_limit_mean:        0.0088
epsilon:                   0.0500	grad_norm:               636.0699	loss:                     72.1565	mi_loss:                   0.0207
q_taken_mean:              5.5507	return_mean:              47.6324	return_median:            65.0000	return_std:               56.3660
success_mean:              0.9912	target_mean:               5.5521	td_error_abs:              6.0522	test_consensus_fraction_mean:  0.9887
test_ep_length_mean:      20.9125	test_episode_limit_mean:   0.0812	test_return_mean:         36.3188	test_return_median:       36.2000
test_return_std:          50.1473	test_success_mean:         0.9187	
[INFO 08:51:32] my_main t_env: 451240 / 2050000
[INFO 08:51:32] my_main Estimated time left: 1 days, 8 hours, 39 minutes, 44 seconds. Time passed: 6 hours, 47 minutes, 8 seconds
[INFO 08:51:54] my_main Recent Stats | t_env:     451508 | Episode:    16154
consensus_fraction_mean:   0.9985	entropy_loss:              0.0021	ep_length_mean:           16.0212	episode_limit_mean:        0.0086
epsilon:                   0.0500	grad_norm:               636.0699	loss:                     72.1565	mi_loss:                   0.0207
q_taken_mean:              5.5507	return_mean:              47.5417	return_median:            64.8000	return_std:               56.0829
success_mean:              0.9914	target_mean:               5.5521	td_error_abs:              6.0522	test_consensus_fraction_mean:  0.9887
test_ep_length_mean:      20.6875	test_episode_limit_mean:   0.0812	test_return_mean:         37.0750	test_return_median:       36.3000
test_return_std:          49.7540	test_success_mean:         0.9187	
[INFO 08:52:42] my_main Updated target network
[INFO 08:54:36] my_main Recent Stats | t_env:     453514 | Episode:    16300
consensus_fraction_mean:   0.9985	entropy_loss:              0.0021	ep_length_mean:           16.0212	episode_limit_mean:        0.0086
epsilon:                   0.0500	grad_norm:               636.0699	loss:                     72.1565	mi_loss:                   0.0207
q_taken_mean:              5.5507	return_mean:              47.5417	return_median:            64.8000	return_std:               56.0829
success_mean:              0.9914	target_mean:               5.5521	td_error_abs:              6.0522	test_consensus_fraction_mean:  0.9887
test_ep_length_mean:      20.6875	test_episode_limit_mean:   0.0812	test_return_mean:         37.0750	test_return_median:       36.3000
test_return_std:          49.7540	test_success_mean:         0.9187	
[INFO 08:56:36] my_main Updated target network
[INFO 08:57:45] my_main Recent Stats | t_env:     455531 | Episode:    16461
consensus_fraction_mean:   0.9985	entropy_loss:              0.0021	ep_length_mean:           16.0212	episode_limit_mean:        0.0086
epsilon:                   0.0500	grad_norm:               649.4634	loss:                     67.7081	mi_loss:                   0.0209
q_taken_mean:              5.8714	return_mean:              47.5417	return_median:            64.8000	return_std:               56.0829
success_mean:              0.9914	target_mean:               5.8704	td_error_abs:              5.8841	test_consensus_fraction_mean:  0.9887
test_ep_length_mean:      20.6875	test_episode_limit_mean:   0.0812	test_return_mean:         37.0750	test_return_median:       36.3000
test_return_std:          49.7540	test_success_mean:         0.9187	
[INFO 09:00:23] my_main Updated target network
[INFO 09:00:43] my_main Recent Stats | t_env:     457554 | Episode:    16618
consensus_fraction_mean:   0.9985	entropy_loss:              0.0021	ep_length_mean:           16.0212	episode_limit_mean:        0.0086
epsilon:                   0.0500	grad_norm:               649.4634	loss:                     67.7081	mi_loss:                   0.0209
q_taken_mean:              5.8714	return_mean:              47.5417	return_median:            64.8000	return_std:               56.0829
success_mean:              0.9914	target_mean:               5.8704	td_error_abs:              5.8841	test_consensus_fraction_mean:  0.9887
test_ep_length_mean:      20.6875	test_episode_limit_mean:   0.0812	test_return_mean:         37.0750	test_return_median:       36.3000
test_return_std:          49.7540	test_success_mean:         0.9187	
[INFO 09:03:36] my_main Recent Stats | t_env:     459559 | Episode:    16768
consensus_fraction_mean:   0.9985	entropy_loss:              0.0021	ep_length_mean:           16.0212	episode_limit_mean:        0.0086
epsilon:                   0.0500	grad_norm:               649.4634	loss:                     67.7081	mi_loss:                   0.0209
q_taken_mean:              5.8714	return_mean:              47.5417	return_median:            64.8000	return_std:               56.0829
success_mean:              0.9914	target_mean:               5.8704	td_error_abs:              5.8841	test_consensus_fraction_mean:  0.9887
test_ep_length_mean:      20.6875	test_episode_limit_mean:   0.0812	test_return_mean:         37.0750	test_return_median:       36.3000
test_return_std:          49.7540	test_success_mean:         0.9187	
[INFO 09:04:18] my_main Updated target network
[INFO 09:05:28] my_main t_env: 461261 / 2050000
[INFO 09:05:28] my_main Estimated time left: 1 days, 12 hours, 49 minutes, 30 seconds. Time passed: 7 hours, 1 minutes, 4 seconds
[INFO 09:05:47] my_main Recent Stats | t_env:     461580 | Episode:    16871
consensus_fraction_mean:   0.9984	entropy_loss:              0.0021	ep_length_mean:           16.1166	episode_limit_mean:        0.0091
epsilon:                   0.0500	grad_norm:               649.4634	loss:                     67.7081	mi_loss:                   0.0209
q_taken_mean:              5.8714	return_mean:              47.6009	return_median:            65.0000	return_std:               56.7240
success_mean:              0.9909	target_mean:               5.8704	td_error_abs:              5.8841	test_consensus_fraction_mean:  0.9850
test_ep_length_mean:      21.6812	test_episode_limit_mean:   0.0938	test_return_mean:         34.9438	test_return_median:       39.9000
test_return_std:          59.0880	test_success_mean:         0.9062	
[INFO 09:08:09] my_main Recent Stats | t_env:     463591 | Episode:    16995
consensus_fraction_mean:   0.9984	entropy_loss:              0.0021	ep_length_mean:           16.1166	episode_limit_mean:        0.0091
epsilon:                   0.0500	grad_norm:               649.4634	loss:                     67.7081	mi_loss:                   0.0209
q_taken_mean:              5.8714	return_mean:              47.6009	return_median:            65.0000	return_std:               56.7240
success_mean:              0.9909	target_mean:               5.8704	td_error_abs:              5.8841	test_consensus_fraction_mean:  0.9850
test_ep_length_mean:      21.6812	test_episode_limit_mean:   0.0938	test_return_mean:         34.9438	test_return_median:       39.9000
test_return_std:          59.0880	test_success_mean:         0.9062	
[INFO 09:08:14] my_main Updated target network
[INFO 09:11:01] my_main Recent Stats | t_env:     465592 | Episode:    17146
consensus_fraction_mean:   0.9984	entropy_loss:              0.0022	ep_length_mean:           16.1166	episode_limit_mean:        0.0091
epsilon:                   0.0500	grad_norm:               592.6672	loss:                     62.1140	mi_loss:                   0.0210
q_taken_mean:              6.0635	return_mean:              47.6009	return_median:            65.0000	return_std:               56.7240
success_mean:              0.9909	target_mean:               6.0198	td_error_abs:              5.6619	test_consensus_fraction_mean:  0.9850
test_ep_length_mean:      21.6812	test_episode_limit_mean:   0.0938	test_return_mean:         34.9438	test_return_median:       39.9000
test_return_std:          59.0880	test_success_mean:         0.9062	
[INFO 09:12:00] my_main Updated target network
[INFO 09:13:48] my_main Recent Stats | t_env:     467619 | Episode:    17296
consensus_fraction_mean:   0.9984	entropy_loss:              0.0022	ep_length_mean:           16.1166	episode_limit_mean:        0.0091
epsilon:                   0.0500	grad_norm:               592.6672	loss:                     62.1140	mi_loss:                   0.0210
q_taken_mean:              6.0635	return_mean:              47.6009	return_median:            65.0000	return_std:               56.7240
success_mean:              0.9909	target_mean:               6.0198	td_error_abs:              5.6619	test_consensus_fraction_mean:  0.9850
test_ep_length_mean:      21.6812	test_episode_limit_mean:   0.0938	test_return_mean:         34.9438	test_return_median:       39.9000
test_return_std:          59.0880	test_success_mean:         0.9062	
[INFO 09:15:42] my_main Updated target network
[INFO 09:16:34] my_main Recent Stats | t_env:     469671 | Episode:    17450
consensus_fraction_mean:   0.9984	entropy_loss:              0.0022	ep_length_mean:           16.1166	episode_limit_mean:        0.0091
epsilon:                   0.0500	grad_norm:               592.6672	loss:                     62.1140	mi_loss:                   0.0210
q_taken_mean:              6.0635	return_mean:              47.6009	return_median:            65.0000	return_std:               56.7240
success_mean:              0.9909	target_mean:               6.0198	td_error_abs:              5.6619	test_consensus_fraction_mean:  0.9850
test_ep_length_mean:      21.6812	test_episode_limit_mean:   0.0938	test_return_mean:         34.9438	test_return_median:       39.9000
test_return_std:          59.0880	test_success_mean:         0.9062	
[INFO 09:18:50] my_main t_env: 471266 / 2050000
[INFO 09:18:50] my_main Estimated time left: 1 days, 11 hours, 8 minutes, 31 seconds. Time passed: 7 hours, 14 minutes, 26 seconds
[INFO 09:19:22] my_main Updated target network
[INFO 09:19:31] my_main Recent Stats | t_env:     471671 | Episode:    17609
consensus_fraction_mean:   0.9982	entropy_loss:              0.0022	ep_length_mean:           16.1095	episode_limit_mean:        0.0097
epsilon:                   0.0500	grad_norm:               592.6672	loss:                     62.1140	mi_loss:                   0.0210
q_taken_mean:              6.0635	return_mean:              47.9974	return_median:            65.2000	return_std:               56.8253
success_mean:              0.9903	target_mean:               6.0198	td_error_abs:              5.6619	test_consensus_fraction_mean:  0.9850
test_ep_length_mean:      22.1938	test_episode_limit_mean:   0.0938	test_return_mean:         35.0375	test_return_median:       39.2000
test_return_std:          58.5750	test_success_mean:         0.9062	
[INFO 09:22:21] my_main Recent Stats | t_env:     473675 | Episode:    17752
consensus_fraction_mean:   0.9982	entropy_loss:              0.0022	ep_length_mean:           16.1095	episode_limit_mean:        0.0097
epsilon:                   0.0500	grad_norm:               592.6672	loss:                     62.1140	mi_loss:                   0.0210
q_taken_mean:              6.0635	return_mean:              47.9974	return_median:            65.2000	return_std:               56.8253
success_mean:              0.9903	target_mean:               6.0198	td_error_abs:              5.6619	test_consensus_fraction_mean:  0.9850
test_ep_length_mean:      22.1938	test_episode_limit_mean:   0.0938	test_return_mean:         35.0375	test_return_median:       39.2000
test_return_std:          58.5750	test_success_mean:         0.9062	
[INFO 09:23:16] my_main Updated target network
[INFO 09:25:13] my_main Recent Stats | t_env:     475675 | Episode:    17909
consensus_fraction_mean:   0.9982	entropy_loss:              0.0022	ep_length_mean:           16.1095	episode_limit_mean:        0.0097
epsilon:                   0.0500	grad_norm:               445.9521	loss:                     56.1343	mi_loss:                   0.0209
q_taken_mean:              6.0067	return_mean:              47.9974	return_median:            65.2000	return_std:               56.8253
success_mean:              0.9903	target_mean:               6.0017	td_error_abs:              5.2994	test_consensus_fraction_mean:  0.9850
test_ep_length_mean:      22.1938	test_episode_limit_mean:   0.0938	test_return_mean:         35.0375	test_return_median:       39.2000
test_return_std:          58.5750	test_success_mean:         0.9062	
[INFO 09:27:00] my_main Updated target network
[INFO 09:28:16] my_main Recent Stats | t_env:     477678 | Episode:    18071
consensus_fraction_mean:   0.9982	entropy_loss:              0.0022	ep_length_mean:           16.1095	episode_limit_mean:        0.0097
epsilon:                   0.0500	grad_norm:               445.9521	loss:                     56.1343	mi_loss:                   0.0209
q_taken_mean:              6.0067	return_mean:              47.9974	return_median:            65.2000	return_std:               56.8253
success_mean:              0.9903	target_mean:               6.0017	td_error_abs:              5.2994	test_consensus_fraction_mean:  0.9850
test_ep_length_mean:      22.1938	test_episode_limit_mean:   0.0938	test_return_mean:         35.0375	test_return_median:       39.2000
test_return_std:          58.5750	test_success_mean:         0.9062	
[INFO 09:30:42] my_main Updated target network
[INFO 09:31:21] my_main Recent Stats | t_env:     479687 | Episode:    18237
consensus_fraction_mean:   0.9982	entropy_loss:              0.0022	ep_length_mean:           16.1095	episode_limit_mean:        0.0097
epsilon:                   0.0500	grad_norm:               445.9521	loss:                     56.1343	mi_loss:                   0.0209
q_taken_mean:              6.0067	return_mean:              47.9974	return_median:            65.2000	return_std:               56.8253
success_mean:              0.9903	target_mean:               6.0017	td_error_abs:              5.2994	test_consensus_fraction_mean:  0.9850
test_ep_length_mean:      22.1938	test_episode_limit_mean:   0.0938	test_return_mean:         35.0375	test_return_median:       39.2000
test_return_std:          58.5750	test_success_mean:         0.9062	
[INFO 09:33:48] my_main t_env: 481268 / 2050000
[INFO 09:33:48] my_main Estimated time left: 1 days, 15 hours, 6 minutes, 53 seconds. Time passed: 7 hours, 29 minutes, 24 seconds
[INFO 09:34:14] my_main Updated target network
[INFO 09:34:35] my_main Recent Stats | t_env:     481691 | Episode:    18420
consensus_fraction_mean:   0.9990	entropy_loss:              0.0022	ep_length_mean:           14.9072	episode_limit_mean:        0.0041
epsilon:                   0.0500	grad_norm:               445.9521	loss:                     56.1343	mi_loss:                   0.0209
q_taken_mean:              6.0067	return_mean:              51.3784	return_median:            66.2000	return_std:               51.5204
success_mean:              0.9959	target_mean:               6.0017	td_error_abs:              5.2994	test_consensus_fraction_mean:  0.9856
test_ep_length_mean:      21.7062	test_episode_limit_mean:   0.0875	test_return_mean:         36.7313	test_return_median:       39.6000
test_return_std:          54.4793	test_success_mean:         0.9125	
[INFO 09:37:21] my_main Recent Stats | t_env:     483697 | Episode:    18576
consensus_fraction_mean:   0.9990	entropy_loss:              0.0022	ep_length_mean:           14.9072	episode_limit_mean:        0.0041
epsilon:                   0.0500	grad_norm:               445.9521	loss:                     56.1343	mi_loss:                   0.0209
q_taken_mean:              6.0067	return_mean:              51.3784	return_median:            66.2000	return_std:               51.5204
success_mean:              0.9959	target_mean:               6.0017	td_error_abs:              5.2994	test_consensus_fraction_mean:  0.9856
test_ep_length_mean:      21.7062	test_episode_limit_mean:   0.0875	test_return_mean:         36.7313	test_return_median:       39.6000
test_return_std:          54.4793	test_success_mean:         0.9125	
[INFO 09:37:49] my_main Updated target network
[INFO 09:40:18] my_main Recent Stats | t_env:     485714 | Episode:    18732
consensus_fraction_mean:   0.9990	entropy_loss:              0.0022	ep_length_mean:           14.9072	episode_limit_mean:        0.0041
epsilon:                   0.0500	grad_norm:               443.9190	loss:                     52.7498	mi_loss:                   0.0209
q_taken_mean:              6.1084	return_mean:              51.3784	return_median:            66.2000	return_std:               51.5204
success_mean:              0.9959	target_mean:               6.0264	td_error_abs:              5.2176	test_consensus_fraction_mean:  0.9856
test_ep_length_mean:      21.7062	test_episode_limit_mean:   0.0875	test_return_mean:         36.7313	test_return_median:       39.6000
test_return_std:          54.4793	test_success_mean:         0.9125	
[INFO 09:41:37] my_main Updated target network
[INFO 09:43:44] my_main Recent Stats | t_env:     487717 | Episode:    18914
consensus_fraction_mean:   0.9990	entropy_loss:              0.0022	ep_length_mean:           14.9072	episode_limit_mean:        0.0041
epsilon:                   0.0500	grad_norm:               443.9190	loss:                     52.7498	mi_loss:                   0.0209
q_taken_mean:              6.1084	return_mean:              51.3784	return_median:            66.2000	return_std:               51.5204
success_mean:              0.9959	target_mean:               6.0264	td_error_abs:              5.2176	test_consensus_fraction_mean:  0.9856
test_ep_length_mean:      21.7062	test_episode_limit_mean:   0.0875	test_return_mean:         36.7313	test_return_median:       39.6000
test_return_std:          54.4793	test_success_mean:         0.9125	
[INFO 09:45:16] my_main Updated target network
[INFO 09:46:39] my_main Recent Stats | t_env:     489721 | Episode:    19072
consensus_fraction_mean:   0.9990	entropy_loss:              0.0022	ep_length_mean:           14.9072	episode_limit_mean:        0.0041
epsilon:                   0.0500	grad_norm:               443.9190	loss:                     52.7498	mi_loss:                   0.0209
q_taken_mean:              6.1084	return_mean:              51.3784	return_median:            66.2000	return_std:               51.5204
success_mean:              0.9959	target_mean:               6.0264	td_error_abs:              5.2176	test_consensus_fraction_mean:  0.9856
test_ep_length_mean:      21.7062	test_episode_limit_mean:   0.0875	test_return_mean:         36.7313	test_return_median:       39.6000
test_return_std:          54.4793	test_success_mean:         0.9125	
[INFO 09:48:38] my_main t_env: 491289 / 2050000
[INFO 09:48:38] my_main Estimated time left: 1 days, 14 hours, 28 minutes, 52 seconds. Time passed: 7 hours, 44 minutes, 14 seconds
[INFO 09:49:10] my_main Updated target network
[INFO 09:49:13] my_main Recent Stats | t_env:     491723 | Episode:    19205
consensus_fraction_mean:   0.9993	entropy_loss:              0.0022	ep_length_mean:           13.7670	episode_limit_mean:        0.0028
epsilon:                   0.0500	grad_norm:               443.9190	loss:                     52.7498	mi_loss:                   0.0209
q_taken_mean:              6.1084	return_mean:              54.3393	return_median:            67.0000	return_std:               47.5151
success_mean:              0.9972	target_mean:               6.0264	td_error_abs:              5.2176	test_consensus_fraction_mean:  0.9962
test_ep_length_mean:      12.2750	test_episode_limit_mean:   0.0125	test_return_mean:         63.2313	test_return_median:       74.8000
test_return_std:          37.8628	test_success_mean:         0.9875	
[INFO 09:52:03] my_main Recent Stats | t_env:     493724 | Episode:    19364
consensus_fraction_mean:   0.9993	entropy_loss:              0.0022	ep_length_mean:           13.7670	episode_limit_mean:        0.0028
epsilon:                   0.0500	grad_norm:               443.9190	loss:                     52.7498	mi_loss:                   0.0209
q_taken_mean:              6.1084	return_mean:              54.3393	return_median:            67.0000	return_std:               47.5151
success_mean:              0.9972	target_mean:               6.0264	td_error_abs:              5.2176	test_consensus_fraction_mean:  0.9962
test_ep_length_mean:      12.2750	test_episode_limit_mean:   0.0125	test_return_mean:         63.2313	test_return_median:       74.8000
test_return_std:          37.8628	test_success_mean:         0.9875	
[INFO 09:52:42] my_main Updated target network
[INFO 09:54:55] my_main Recent Stats | t_env:     495724 | Episode:    19523
consensus_fraction_mean:   0.9993	entropy_loss:              0.0023	ep_length_mean:           13.7670	episode_limit_mean:        0.0028
epsilon:                   0.0500	grad_norm:               456.9339	loss:                     51.9944	mi_loss:                   0.0207
q_taken_mean:              6.0852	return_mean:              54.3393	return_median:            67.0000	return_std:               47.5151
success_mean:              0.9972	target_mean:               5.9735	td_error_abs:              5.2931	test_consensus_fraction_mean:  0.9962
test_ep_length_mean:      12.2750	test_episode_limit_mean:   0.0125	test_return_mean:         63.2313	test_return_median:       74.8000
test_return_std:          37.8628	test_success_mean:         0.9875	
[INFO 09:56:24] my_main Updated target network
[INFO 09:57:39] my_main Recent Stats | t_env:     497748 | Episode:    19669
consensus_fraction_mean:   0.9993	entropy_loss:              0.0023	ep_length_mean:           13.7670	episode_limit_mean:        0.0028
epsilon:                   0.0500	grad_norm:               456.9339	loss:                     51.9944	mi_loss:                   0.0207
q_taken_mean:              6.0852	return_mean:              54.3393	return_median:            67.0000	return_std:               47.5151
success_mean:              0.9972	target_mean:               5.9735	td_error_abs:              5.2931	test_consensus_fraction_mean:  0.9962
test_ep_length_mean:      12.2750	test_episode_limit_mean:   0.0125	test_return_mean:         63.2313	test_return_median:       74.8000
test_return_std:          37.8628	test_success_mean:         0.9875	
[INFO 10:00:04] my_main Updated target network
[INFO 10:00:14] my_main Recent Stats | t_env:     499759 | Episode:    19811
consensus_fraction_mean:   0.9993	entropy_loss:              0.0023	ep_length_mean:           13.7670	episode_limit_mean:        0.0028
epsilon:                   0.0500	grad_norm:               456.9339	loss:                     51.9944	mi_loss:                   0.0207
q_taken_mean:              6.0852	return_mean:              54.3393	return_median:            67.0000	return_std:               47.5151
success_mean:              0.9972	target_mean:               5.9735	td_error_abs:              5.2931	test_consensus_fraction_mean:  0.9962
test_ep_length_mean:      12.2750	test_episode_limit_mean:   0.0125	test_return_mean:         63.2313	test_return_median:       74.8000
test_return_std:          37.8628	test_success_mean:         0.9875	
[INFO 10:02:21] my_main t_env: 501295 / 2050000
[INFO 10:02:21] my_main Estimated time left: 1 days, 11 hours, 21 minutes, 42 seconds. Time passed: 7 hours, 57 minutes, 57 seconds
[INFO 10:03:06] my_main Recent Stats | t_env:     501759 | Episode:    19976
consensus_fraction_mean:   0.9995	entropy_loss:              0.0023	ep_length_mean:           13.2145	episode_limit_mean:        0.0019
epsilon:                   0.0500	grad_norm:               456.9339	loss:                     51.9944	mi_loss:                   0.0207
q_taken_mean:              6.0852	return_mean:              55.9342	return_median:            67.8000	return_std:               44.8358
success_mean:              0.9981	target_mean:               5.9735	td_error_abs:              5.2931	test_consensus_fraction_mean:  0.9962
test_ep_length_mean:      13.1125	test_episode_limit_mean:   0.0125	test_return_mean:         60.9188	test_return_median:       75.3000
test_return_std:          42.5779	test_success_mean:         0.9875	
[INFO 10:03:31] my_main Updated target network
[INFO 10:05:42] my_main Recent Stats | t_env:     503762 | Episode:    20136
consensus_fraction_mean:   0.9995	entropy_loss:              0.0023	ep_length_mean:           13.2145	episode_limit_mean:        0.0019
epsilon:                   0.0500	grad_norm:               456.9339	loss:                     51.9944	mi_loss:                   0.0207
q_taken_mean:              6.0852	return_mean:              55.9342	return_median:            67.8000	return_std:               44.8358
success_mean:              0.9981	target_mean:               5.9735	td_error_abs:              5.2931	test_consensus_fraction_mean:  0.9962
test_ep_length_mean:      13.1125	test_episode_limit_mean:   0.0125	test_return_mean:         60.9188	test_return_median:       75.3000
test_return_std:          42.5779	test_success_mean:         0.9875	
[INFO 10:06:47] my_main Updated target network
[INFO 10:08:11] my_main Recent Stats | t_env:     505762 | Episode:    20284
consensus_fraction_mean:   0.9995	entropy_loss:              0.0024	ep_length_mean:           13.2145	episode_limit_mean:        0.0019
epsilon:                   0.0500	grad_norm:               434.5678	loss:                     52.8938	mi_loss:                   0.0205
q_taken_mean:              5.9607	return_mean:              55.9342	return_median:            67.8000	return_std:               44.8358
success_mean:              0.9981	target_mean:               5.9046	td_error_abs:              5.2464	test_consensus_fraction_mean:  0.9962
test_ep_length_mean:      13.1125	test_episode_limit_mean:   0.0125	test_return_mean:         60.9188	test_return_median:       75.3000
test_return_std:          42.5779	test_success_mean:         0.9875	
[INFO 10:10:04] my_main Updated target network
[INFO 10:10:46] my_main Recent Stats | t_env:     507762 | Episode:    20445
consensus_fraction_mean:   0.9995	entropy_loss:              0.0024	ep_length_mean:           13.2145	episode_limit_mean:        0.0019
epsilon:                   0.0500	grad_norm:               434.5678	loss:                     52.8938	mi_loss:                   0.0205
q_taken_mean:              5.9607	return_mean:              55.9342	return_median:            67.8000	return_std:               44.8358
success_mean:              0.9981	target_mean:               5.9046	td_error_abs:              5.2464	test_consensus_fraction_mean:  0.9962
test_ep_length_mean:      13.1125	test_episode_limit_mean:   0.0125	test_return_mean:         60.9188	test_return_median:       75.3000
test_return_std:          42.5779	test_success_mean:         0.9875	
[INFO 10:13:13] my_main Updated target network
[INFO 10:13:20] my_main Recent Stats | t_env:     509769 | Episode:    20608
consensus_fraction_mean:   0.9995	entropy_loss:              0.0024	ep_length_mean:           13.2145	episode_limit_mean:        0.0019
epsilon:                   0.0500	grad_norm:               434.5678	loss:                     52.8938	mi_loss:                   0.0205
q_taken_mean:              5.9607	return_mean:              55.9342	return_median:            67.8000	return_std:               44.8358
success_mean:              0.9981	target_mean:               5.9046	td_error_abs:              5.2464	test_consensus_fraction_mean:  0.9962
test_ep_length_mean:      13.1125	test_episode_limit_mean:   0.0125	test_return_mean:         60.9188	test_return_median:       75.3000
test_return_std:          42.5779	test_success_mean:         0.9875	
[INFO 10:15:05] my_main t_env: 511304 / 2050000
[INFO 10:15:05] my_main Estimated time left: 1 days, 8 hours, 38 minutes, 29 seconds. Time passed: 8 hours, 10 minutes, 41 seconds
[INFO 10:15:38] my_main Recent Stats | t_env:     511773 | Episode:    20753
consensus_fraction_mean:   0.9995	entropy_loss:              0.0024	ep_length_mean:           12.9892	episode_limit_mean:        0.0016
epsilon:                   0.0500	grad_norm:               434.5678	loss:                     52.8938	mi_loss:                   0.0205
q_taken_mean:              5.9607	return_mean:              56.4856	return_median:            67.8000	return_std:               43.6669
success_mean:              0.9984	target_mean:               5.9046	td_error_abs:              5.2464	test_consensus_fraction_mean:  1.0000
test_ep_length_mean:      12.0375	test_episode_limit_mean:   0.0000	test_return_mean:         63.5812	test_return_median:       74.4000
test_return_std:          32.8030	test_success_mean:         1.0000	
[INFO 10:16:23] my_main Updated target network
[INFO 10:17:49] my_main Recent Stats | t_env:     513807 | Episode:    20889
consensus_fraction_mean:   0.9995	entropy_loss:              0.0024	ep_length_mean:           12.9892	episode_limit_mean:        0.0016
epsilon:                   0.0500	grad_norm:               434.5678	loss:                     52.8938	mi_loss:                   0.0205
q_taken_mean:              5.9607	return_mean:              56.4856	return_median:            67.8000	return_std:               43.6669
success_mean:              0.9984	target_mean:               5.9046	td_error_abs:              5.2464	test_consensus_fraction_mean:  1.0000
test_ep_length_mean:      12.0375	test_episode_limit_mean:   0.0000	test_return_mean:         63.5812	test_return_median:       74.4000
test_return_std:          32.8030	test_success_mean:         1.0000	
[INFO 10:19:32] my_main Updated target network
[INFO 10:19:51] my_main Recent Stats | t_env:     515810 | Episode:    21019
consensus_fraction_mean:   0.9995	entropy_loss:              0.0025	ep_length_mean:           12.9892	episode_limit_mean:        0.0016
epsilon:                   0.0500	grad_norm:               432.1775	loss:                     56.1138	mi_loss:                   0.0202
q_taken_mean:              5.8749	return_mean:              56.4856	return_median:            67.8000	return_std:               43.6669
success_mean:              0.9984	target_mean:               5.8447	td_error_abs:              5.3705	test_consensus_fraction_mean:  1.0000
test_ep_length_mean:      12.0375	test_episode_limit_mean:   0.0000	test_return_mean:         63.5812	test_return_median:       74.4000
test_return_std:          32.8030	test_success_mean:         1.0000	
[INFO 10:22:14] my_main Recent Stats | t_env:     517820 | Episode:    21175
consensus_fraction_mean:   0.9995	entropy_loss:              0.0025	ep_length_mean:           12.9892	episode_limit_mean:        0.0016
epsilon:                   0.0500	grad_norm:               432.1775	loss:                     56.1138	mi_loss:                   0.0202
q_taken_mean:              5.8749	return_mean:              56.4856	return_median:            67.8000	return_std:               43.6669
success_mean:              0.9984	target_mean:               5.8447	td_error_abs:              5.3705	test_consensus_fraction_mean:  1.0000
test_ep_length_mean:      12.0375	test_episode_limit_mean:   0.0000	test_return_mean:         63.5812	test_return_median:       74.4000
test_return_std:          32.8030	test_success_mean:         1.0000	
[INFO 10:22:39] my_main Updated target network
[INFO 10:24:32] my_main Recent Stats | t_env:     519834 | Episode:    21329
consensus_fraction_mean:   0.9995	entropy_loss:              0.0025	ep_length_mean:           12.9892	episode_limit_mean:        0.0016
epsilon:                   0.0500	grad_norm:               432.1775	loss:                     56.1138	mi_loss:                   0.0202
q_taken_mean:              5.8749	return_mean:              56.4856	return_median:            67.8000	return_std:               43.6669
success_mean:              0.9984	target_mean:               5.8447	td_error_abs:              5.3705	test_consensus_fraction_mean:  1.0000
test_ep_length_mean:      12.0375	test_episode_limit_mean:   0.0000	test_return_mean:         63.5812	test_return_median:       74.4000
test_return_std:          32.8030	test_success_mean:         1.0000	
[INFO 10:25:42] my_main Updated target network
[INFO 10:26:10] my_main t_env: 521310 / 2050000
[INFO 10:26:10] my_main Estimated time left: 1 days, 4 hours, 14 minutes, 6 seconds. Time passed: 8 hours, 21 minutes, 47 seconds
[INFO 10:26:56] my_main Recent Stats | t_env:     521834 | Episode:    21475
consensus_fraction_mean:   0.9997	entropy_loss:              0.0025	ep_length_mean:           13.0014	episode_limit_mean:        0.0008
epsilon:                   0.0500	grad_norm:               432.1775	loss:                     56.1138	mi_loss:                   0.0202
q_taken_mean:              5.8749	return_mean:              56.3129	return_median:            67.2000	return_std:               42.6318
success_mean:              0.9992	target_mean:               5.8447	td_error_abs:              5.3705	test_consensus_fraction_mean:  1.0000
test_ep_length_mean:      11.7312	test_episode_limit_mean:   0.0000	test_return_mean:         63.9813	test_return_median:       73.0000
test_return_std:          31.2922	test_success_mean:         1.0000	
[INFO 10:28:45] my_main Updated target network
[INFO 10:29:20] my_main Recent Stats | t_env:     523863 | Episode:    21643
consensus_fraction_mean:   0.9997	entropy_loss:              0.0025	ep_length_mean:           13.0014	episode_limit_mean:        0.0008
epsilon:                   0.0500	grad_norm:               432.1775	loss:                     56.1138	mi_loss:                   0.0202
q_taken_mean:              5.8749	return_mean:              56.3129	return_median:            67.2000	return_std:               42.6318
success_mean:              0.9992	target_mean:               5.8447	td_error_abs:              5.3705	test_consensus_fraction_mean:  1.0000
test_ep_length_mean:      11.7312	test_episode_limit_mean:   0.0000	test_return_mean:         63.9813	test_return_median:       73.0000
test_return_std:          31.2922	test_success_mean:         1.0000	
[INFO 10:31:33] my_main Recent Stats | t_env:     525884 | Episode:    21795
consensus_fraction_mean:   0.9997	entropy_loss:              0.0026	ep_length_mean:           13.0014	episode_limit_mean:        0.0008
epsilon:                   0.0500	grad_norm:               436.8409	loss:                     55.4225	mi_loss:                   0.0200
q_taken_mean:              5.9307	return_mean:              56.3129	return_median:            67.2000	return_std:               42.6318
success_mean:              0.9992	target_mean:               5.9359	td_error_abs:              5.2801	test_consensus_fraction_mean:  1.0000
test_ep_length_mean:      11.7312	test_episode_limit_mean:   0.0000	test_return_mean:         63.9813	test_return_median:       73.0000
test_return_std:          31.2922	test_success_mean:         1.0000	
[INFO 10:31:39] my_main Updated target network
[INFO 10:33:35] my_main Recent Stats | t_env:     527910 | Episode:    21933
consensus_fraction_mean:   0.9997	entropy_loss:              0.0026	ep_length_mean:           13.0014	episode_limit_mean:        0.0008
epsilon:                   0.0500	grad_norm:               436.8409	loss:                     55.4225	mi_loss:                   0.0200
q_taken_mean:              5.9307	return_mean:              56.3129	return_median:            67.2000	return_std:               42.6318
success_mean:              0.9992	target_mean:               5.9359	td_error_abs:              5.2801	test_consensus_fraction_mean:  1.0000
test_ep_length_mean:      11.7312	test_episode_limit_mean:   0.0000	test_return_mean:         63.9813	test_return_median:       73.0000
test_return_std:          31.2922	test_success_mean:         1.0000	
[INFO 10:34:31] my_main Updated target network
[INFO 10:35:43] my_main Recent Stats | t_env:     529922 | Episode:    22090
consensus_fraction_mean:   0.9997	entropy_loss:              0.0026	ep_length_mean:           13.0014	episode_limit_mean:        0.0008
epsilon:                   0.0500	grad_norm:               436.8409	loss:                     55.4225	mi_loss:                   0.0200
q_taken_mean:              5.9307	return_mean:              56.3129	return_median:            67.2000	return_std:               42.6318
success_mean:              0.9992	target_mean:               5.9359	td_error_abs:              5.2801	test_consensus_fraction_mean:  1.0000
test_ep_length_mean:      11.7312	test_episode_limit_mean:   0.0000	test_return_mean:         63.9813	test_return_median:       73.0000
test_return_std:          31.2922	test_success_mean:         1.0000	
[INFO 10:37:14] my_main Updated target network
[INFO 10:37:23] my_main t_env: 531310 / 2050000
[INFO 10:37:23] my_main Estimated time left: 1 days, 4 hours, 22 minutes, 13 seconds. Time passed: 8 hours, 32 minutes, 59 seconds
[INFO 10:38:11] my_main Recent Stats | t_env:     531928 | Episode:    22271
consensus_fraction_mean:   0.9997	entropy_loss:              0.0026	ep_length_mean:           13.0772	episode_limit_mean:        0.0008
epsilon:                   0.0500	grad_norm:               436.8409	loss:                     55.4225	mi_loss:                   0.0200
q_taken_mean:              5.9307	return_mean:              56.0191	return_median:            67.4000	return_std:               43.4418
success_mean:              0.9992	target_mean:               5.9359	td_error_abs:              5.2801	test_consensus_fraction_mean:  1.0000
test_ep_length_mean:      10.8875	test_episode_limit_mean:   0.0000	test_return_mean:         66.0750	test_return_median:       74.6000
test_return_std:          30.6251	test_success_mean:         1.0000	
[INFO 10:40:06] my_main Updated target network
[INFO 10:40:31] my_main Recent Stats | t_env:     533928 | Episode:    22433
consensus_fraction_mean:   0.9997	entropy_loss:              0.0026	ep_length_mean:           13.0772	episode_limit_mean:        0.0008
epsilon:                   0.0500	grad_norm:               436.8409	loss:                     55.4225	mi_loss:                   0.0200
q_taken_mean:              5.9307	return_mean:              56.0191	return_median:            67.4000	return_std:               43.4418
success_mean:              0.9992	target_mean:               5.9359	td_error_abs:              5.2801	test_consensus_fraction_mean:  1.0000
test_ep_length_mean:      10.8875	test_episode_limit_mean:   0.0000	test_return_mean:         66.0750	test_return_median:       74.6000
test_return_std:          30.6251	test_success_mean:         1.0000	
[INFO 10:42:55] my_main Updated target network
[INFO 10:43:04] my_main Recent Stats | t_env:     535940 | Episode:    22610
consensus_fraction_mean:   0.9997	entropy_loss:              0.0026	ep_length_mean:           13.0772	episode_limit_mean:        0.0008
epsilon:                   0.0500	grad_norm:               356.5416	loss:                     54.3118	mi_loss:                   0.0200
q_taken_mean:              6.0096	return_mean:              56.0191	return_median:            67.4000	return_std:               43.4418
success_mean:              0.9992	target_mean:               6.0642	td_error_abs:              5.1241	test_consensus_fraction_mean:  1.0000
test_ep_length_mean:      10.8875	test_episode_limit_mean:   0.0000	test_return_mean:         66.0750	test_return_median:       74.6000
test_return_std:          30.6251	test_success_mean:         1.0000	
[INFO 10:45:09] my_main Recent Stats | t_env:     537945 | Episode:    22759
consensus_fraction_mean:   0.9997	entropy_loss:              0.0026	ep_length_mean:           13.0772	episode_limit_mean:        0.0008
epsilon:                   0.0500	grad_norm:               356.5416	loss:                     54.3118	mi_loss:                   0.0200
q_taken_mean:              6.0096	return_mean:              56.0191	return_median:            67.4000	return_std:               43.4418
success_mean:              0.9992	target_mean:               6.0642	td_error_abs:              5.1241	test_consensus_fraction_mean:  1.0000
test_ep_length_mean:      10.8875	test_episode_limit_mean:   0.0000	test_return_mean:         66.0750	test_return_median:       74.6000
test_return_std:          30.6251	test_success_mean:         1.0000	
[INFO 10:45:42] my_main Updated target network
[INFO 10:47:22] my_main Recent Stats | t_env:     540021 | Episode:    22926
consensus_fraction_mean:   0.9997	entropy_loss:              0.0026	ep_length_mean:           13.0772	episode_limit_mean:        0.0008
epsilon:                   0.0500	grad_norm:               356.5416	loss:                     54.3118	mi_loss:                   0.0200
q_taken_mean:              6.0096	return_mean:              56.0191	return_median:            67.4000	return_std:               43.4418
success_mean:              0.9992	target_mean:               6.0642	td_error_abs:              5.1241	test_consensus_fraction_mean:  1.0000
test_ep_length_mean:      10.8875	test_episode_limit_mean:   0.0000	test_return_mean:         66.0750	test_return_median:       74.6000
test_return_std:          30.6251	test_success_mean:         1.0000	
[INFO 10:48:28] my_main Updated target network
[INFO 10:48:37] my_main t_env: 541315 / 2050000
[INFO 10:48:37] my_main Estimated time left: 1 days, 4 hours, 13 minutes, 30 seconds. Time passed: 8 hours, 44 minutes, 13 seconds
[INFO 10:49:24] my_main Recent Stats | t_env:     542023 | Episode:    23068
consensus_fraction_mean:   0.9998	entropy_loss:              0.0026	ep_length_mean:           13.0606	episode_limit_mean:        0.0008
epsilon:                   0.0500	grad_norm:               356.5416	loss:                     54.3118	mi_loss:                   0.0200
q_taken_mean:              6.0096	return_mean:              56.0773	return_median:            67.6000	return_std:               43.3972
success_mean:              0.9992	target_mean:               6.0642	td_error_abs:              5.1241	test_consensus_fraction_mean:  1.0000
test_ep_length_mean:      11.0250	test_episode_limit_mean:   0.0000	test_return_mean:         65.6375	test_return_median:       73.6000
test_return_std:          31.5002	test_success_mean:         1.0000	
[INFO 10:51:15] my_main Updated target network
[INFO 10:51:46] my_main Recent Stats | t_env:     544027 | Episode:    23238
consensus_fraction_mean:   0.9998	entropy_loss:              0.0026	ep_length_mean:           13.0606	episode_limit_mean:        0.0008
epsilon:                   0.0500	grad_norm:               356.5416	loss:                     54.3118	mi_loss:                   0.0200
q_taken_mean:              6.0096	return_mean:              56.0773	return_median:            67.6000	return_std:               43.3972
success_mean:              0.9992	target_mean:               6.0642	td_error_abs:              5.1241	test_consensus_fraction_mean:  1.0000
test_ep_length_mean:      11.0250	test_episode_limit_mean:   0.0000	test_return_mean:         65.6375	test_return_median:       73.6000
test_return_std:          31.5002	test_success_mean:         1.0000	
[INFO 10:53:59] my_main Updated target network
[INFO 10:54:02] my_main Recent Stats | t_env:     546049 | Episode:    23404
consensus_fraction_mean:   0.9998	entropy_loss:              0.0024	ep_length_mean:           13.0606	episode_limit_mean:        0.0008
epsilon:                   0.0500	grad_norm:               365.2741	loss:                     56.2081	mi_loss:                   0.0200
q_taken_mean:              6.1911	return_mean:              56.0773	return_median:            67.6000	return_std:               43.3972
success_mean:              0.9992	target_mean:               6.2407	td_error_abs:              5.2020	test_consensus_fraction_mean:  1.0000
test_ep_length_mean:      11.0250	test_episode_limit_mean:   0.0000	test_return_mean:         65.6375	test_return_median:       73.6000
test_return_std:          31.5002	test_success_mean:         1.0000	
[INFO 10:56:09] my_main Recent Stats | t_env:     548065 | Episode:    23552
consensus_fraction_mean:   0.9998	entropy_loss:              0.0024	ep_length_mean:           13.0606	episode_limit_mean:        0.0008
epsilon:                   0.0500	grad_norm:               365.2741	loss:                     56.2081	mi_loss:                   0.0200
q_taken_mean:              6.1911	return_mean:              56.0773	return_median:            67.6000	return_std:               43.3972
success_mean:              0.9992	target_mean:               6.2407	td_error_abs:              5.2020	test_consensus_fraction_mean:  1.0000
test_ep_length_mean:      11.0250	test_episode_limit_mean:   0.0000	test_return_mean:         65.6375	test_return_median:       73.6000
test_return_std:          31.5002	test_success_mean:         1.0000	
[INFO 10:56:47] my_main Updated target network
[INFO 10:58:32] my_main Recent Stats | t_env:     550073 | Episode:    23731
consensus_fraction_mean:   0.9998	entropy_loss:              0.0024	ep_length_mean:           13.0606	episode_limit_mean:        0.0008
epsilon:                   0.0500	grad_norm:               365.2741	loss:                     56.2081	mi_loss:                   0.0200
q_taken_mean:              6.1911	return_mean:              56.0773	return_median:            67.6000	return_std:               43.3972
success_mean:              0.9992	target_mean:               6.2407	td_error_abs:              5.2020	test_consensus_fraction_mean:  1.0000
test_ep_length_mean:      11.0250	test_episode_limit_mean:   0.0000	test_return_mean:         65.6375	test_return_median:       73.6000
test_return_std:          31.5002	test_success_mean:         1.0000	
[INFO 10:59:36] my_main Updated target network
[INFO 10:59:45] my_main t_env: 551336 / 2050000
[INFO 10:59:45] my_main Estimated time left: 1 days, 3 hours, 45 minutes, 13 seconds. Time passed: 8 hours, 55 minutes, 21 seconds
[INFO 11:00:42] my_main Recent Stats | t_env:     552073 | Episode:    23871
consensus_fraction_mean:   0.9998	entropy_loss:              0.0024	ep_length_mean:           12.9422	episode_limit_mean:        0.0008
epsilon:                   0.0500	grad_norm:               365.2741	loss:                     56.2081	mi_loss:                   0.0200
q_taken_mean:              6.1911	return_mean:              56.2623	return_median:            68.4000	return_std:               43.3505
success_mean:              0.9992	target_mean:               6.2407	td_error_abs:              5.2020	test_consensus_fraction_mean:  1.0000
test_ep_length_mean:      11.4812	test_episode_limit_mean:   0.0000	test_return_mean:         63.4813	test_return_median:       70.4000
test_return_std:          32.3730	test_success_mean:         1.0000	
[INFO 11:02:34] my_main Updated target network
[INFO 11:02:37] my_main Recent Stats | t_env:     554081 | Episode:    24005
consensus_fraction_mean:   0.9998	entropy_loss:              0.0024	ep_length_mean:           12.9422	episode_limit_mean:        0.0008
epsilon:                   0.0500	grad_norm:               365.2741	loss:                     56.2081	mi_loss:                   0.0200
q_taken_mean:              6.1911	return_mean:              56.2623	return_median:            68.4000	return_std:               43.3505
success_mean:              0.9992	target_mean:               6.2407	td_error_abs:              5.2020	test_consensus_fraction_mean:  1.0000
test_ep_length_mean:      11.4812	test_episode_limit_mean:   0.0000	test_return_mean:         63.4813	test_return_median:       70.4000
test_return_std:          32.3730	test_success_mean:         1.0000	
[INFO 11:04:49] my_main Recent Stats | t_env:     556083 | Episode:    24167
consensus_fraction_mean:   0.9998	entropy_loss:              0.0022	ep_length_mean:           12.9422	episode_limit_mean:        0.0008
epsilon:                   0.0500	grad_norm:               309.8570	loss:                     54.0192	mi_loss:                   0.0201
q_taken_mean:              6.2991	return_mean:              56.2623	return_median:            68.4000	return_std:               43.3505
success_mean:              0.9992	target_mean:               6.3338	td_error_abs:              5.1517	test_consensus_fraction_mean:  1.0000
test_ep_length_mean:      11.4812	test_episode_limit_mean:   0.0000	test_return_mean:         63.4813	test_return_median:       70.4000
test_return_std:          32.3730	test_success_mean:         1.0000	
[INFO 11:05:17] my_main Updated target network
[INFO 11:07:15] my_main Recent Stats | t_env:     558083 | Episode:    24344
consensus_fraction_mean:   0.9998	entropy_loss:              0.0022	ep_length_mean:           12.9422	episode_limit_mean:        0.0008
epsilon:                   0.0500	grad_norm:               309.8570	loss:                     54.0192	mi_loss:                   0.0201
q_taken_mean:              6.2991	return_mean:              56.2623	return_median:            68.4000	return_std:               43.3505
success_mean:              0.9992	target_mean:               6.3338	td_error_abs:              5.1517	test_consensus_fraction_mean:  1.0000
test_ep_length_mean:      11.4812	test_episode_limit_mean:   0.0000	test_return_mean:         63.4813	test_return_median:       70.4000
test_return_std:          32.3730	test_success_mean:         1.0000	
[INFO 11:08:01] my_main Updated target network
[INFO 11:09:36] my_main Recent Stats | t_env:     560099 | Episode:    24518
consensus_fraction_mean:   0.9998	entropy_loss:              0.0022	ep_length_mean:           12.9422	episode_limit_mean:        0.0008
epsilon:                   0.0500	grad_norm:               309.8570	loss:                     54.0192	mi_loss:                   0.0201
q_taken_mean:              6.2991	return_mean:              56.2623	return_median:            68.4000	return_std:               43.3505
success_mean:              0.9992	target_mean:               6.3338	td_error_abs:              5.1517	test_consensus_fraction_mean:  1.0000
test_ep_length_mean:      11.4812	test_episode_limit_mean:   0.0000	test_return_mean:         63.4813	test_return_median:       70.4000
test_return_std:          32.3730	test_success_mean:         1.0000	
[INFO 11:10:43] my_main Updated target network
[INFO 11:10:59] my_main t_env: 561357 / 2050000
[INFO 11:10:59] my_main Estimated time left: 1 days, 3 hours, 49 minutes, 42 seconds. Time passed: 9 hours, 6 minutes, 35 seconds
[INFO 11:11:55] my_main Recent Stats | t_env:     562106 | Episode:    24684
consensus_fraction_mean:   0.9999	entropy_loss:              0.0022	ep_length_mean:           12.8636	episode_limit_mean:        0.0005
epsilon:                   0.0500	grad_norm:               309.8570	loss:                     54.0192	mi_loss:                   0.0201
q_taken_mean:              6.2991	return_mean:              56.7008	return_median:            68.8000	return_std:               42.6771
success_mean:              0.9995	target_mean:               6.3338	td_error_abs:              5.1517	test_consensus_fraction_mean:  1.0000
test_ep_length_mean:      10.5750	test_episode_limit_mean:   0.0000	test_return_mean:         66.7375	test_return_median:       72.5000
test_return_std:          29.8680	test_success_mean:         1.0000	
[INFO 11:13:32] my_main Updated target network
[INFO 11:14:06] my_main Recent Stats | t_env:     564134 | Episode:    24842
consensus_fraction_mean:   0.9999	entropy_loss:              0.0022	ep_length_mean:           12.8636	episode_limit_mean:        0.0005
epsilon:                   0.0500	grad_norm:               309.8570	loss:                     54.0192	mi_loss:                   0.0201
q_taken_mean:              6.2991	return_mean:              56.7008	return_median:            68.8000	return_std:               42.6771
success_mean:              0.9995	target_mean:               6.3338	td_error_abs:              5.1517	test_consensus_fraction_mean:  1.0000
test_ep_length_mean:      10.5750	test_episode_limit_mean:   0.0000	test_return_mean:         66.7375	test_return_median:       72.5000
test_return_std:          29.8680	test_success_mean:         1.0000	
[INFO 11:16:20] my_main Recent Stats | t_env:     566137 | Episode:    24999
consensus_fraction_mean:   0.9999	entropy_loss:              0.0021	ep_length_mean:           12.8636	episode_limit_mean:        0.0005
epsilon:                   0.0500	grad_norm:               316.7923	loss:                     53.7147	mi_loss:                   0.0201
q_taken_mean:              6.3258	return_mean:              56.7008	return_median:            68.8000	return_std:               42.6771
success_mean:              0.9995	target_mean:               6.3680	td_error_abs:              5.1824	test_consensus_fraction_mean:  1.0000
test_ep_length_mean:      10.5750	test_episode_limit_mean:   0.0000	test_return_mean:         66.7375	test_return_median:       72.5000
test_return_std:          29.8680	test_success_mean:         1.0000	
[INFO 11:16:21] my_main Updated target network
[INFO 11:18:24] my_main Recent Stats | t_env:     568142 | Episode:    25149
consensus_fraction_mean:   0.9999	entropy_loss:              0.0021	ep_length_mean:           12.8636	episode_limit_mean:        0.0005
epsilon:                   0.0500	grad_norm:               316.7923	loss:                     53.7147	mi_loss:                   0.0201
q_taken_mean:              6.3258	return_mean:              56.7008	return_median:            68.8000	return_std:               42.6771
success_mean:              0.9995	target_mean:               6.3680	td_error_abs:              5.1824	test_consensus_fraction_mean:  1.0000
test_ep_length_mean:      10.5750	test_episode_limit_mean:   0.0000	test_return_mean:         66.7375	test_return_median:       72.5000
test_return_std:          29.8680	test_success_mean:         1.0000	
[INFO 11:19:06] my_main Updated target network
[INFO 11:20:47] my_main Recent Stats | t_env:     570143 | Episode:    25324
consensus_fraction_mean:   0.9999	entropy_loss:              0.0021	ep_length_mean:           12.8636	episode_limit_mean:        0.0005
epsilon:                   0.0500	grad_norm:               316.7923	loss:                     53.7147	mi_loss:                   0.0201
q_taken_mean:              6.3258	return_mean:              56.7008	return_median:            68.8000	return_std:               42.6771
success_mean:              0.9995	target_mean:               6.3680	td_error_abs:              5.1824	test_consensus_fraction_mean:  1.0000
test_ep_length_mean:      10.5750	test_episode_limit_mean:   0.0000	test_return_mean:         66.7375	test_return_median:       72.5000
test_return_std:          29.8680	test_success_mean:         1.0000	
[INFO 11:21:52] my_main Updated target network
[INFO 11:22:10] my_main t_env: 571362 / 2050000
[INFO 11:22:10] my_main Estimated time left: 1 days, 3 hours, 31 minutes, 11 seconds. Time passed: 9 hours, 17 minutes, 46 seconds
[INFO 11:23:11] my_main Recent Stats | t_env:     572158 | Episode:    25490
consensus_fraction_mean:   0.9999	entropy_loss:              0.0021	ep_length_mean:           12.5400	episode_limit_mean:        0.0005
epsilon:                   0.0500	grad_norm:               316.7923	loss:                     53.7147	mi_loss:                   0.0201
q_taken_mean:              6.3258	return_mean:              57.5485	return_median:            70.2000	return_std:               42.6326
success_mean:              0.9995	target_mean:               6.3680	td_error_abs:              5.1824	test_consensus_fraction_mean:  1.0000
test_ep_length_mean:      10.5437	test_episode_limit_mean:   0.0000	test_return_mean:         66.2687	test_return_median:       74.8000
test_return_std:          30.5895	test_success_mean:         1.0000	
[INFO 11:24:44] my_main Updated target network
[INFO 11:25:26] my_main Recent Stats | t_env:     574182 | Episode:    25649
consensus_fraction_mean:   0.9999	entropy_loss:              0.0021	ep_length_mean:           12.5400	episode_limit_mean:        0.0005
epsilon:                   0.0500	grad_norm:               316.7923	loss:                     53.7147	mi_loss:                   0.0201
q_taken_mean:              6.3258	return_mean:              57.5485	return_median:            70.2000	return_std:               42.6326
success_mean:              0.9995	target_mean:               6.3680	td_error_abs:              5.1824	test_consensus_fraction_mean:  1.0000
test_ep_length_mean:      10.5437	test_episode_limit_mean:   0.0000	test_return_mean:         66.2687	test_return_median:       74.8000
test_return_std:          30.5895	test_success_mean:         1.0000	
[INFO 11:27:32] my_main Updated target network
[INFO 11:27:39] my_main Recent Stats | t_env:     576190 | Episode:    25810
consensus_fraction_mean:   0.9999	entropy_loss:              0.0021	ep_length_mean:           12.5400	episode_limit_mean:        0.0005
epsilon:                   0.0500	grad_norm:               317.9860	loss:                     58.7598	mi_loss:                   0.0202
q_taken_mean:              6.2508	return_mean:              57.5485	return_median:            70.2000	return_std:               42.6326
success_mean:              0.9995	target_mean:               6.2975	td_error_abs:              5.4144	test_consensus_fraction_mean:  1.0000
test_ep_length_mean:      10.5437	test_episode_limit_mean:   0.0000	test_return_mean:         66.2687	test_return_median:       74.8000
test_return_std:          30.5895	test_success_mean:         1.0000	
[INFO 11:30:02] my_main Recent Stats | t_env:     578195 | Episode:    25976
consensus_fraction_mean:   0.9999	entropy_loss:              0.0021	ep_length_mean:           12.5400	episode_limit_mean:        0.0005
epsilon:                   0.0500	grad_norm:               317.9860	loss:                     58.7598	mi_loss:                   0.0202
q_taken_mean:              6.2508	return_mean:              57.5485	return_median:            70.2000	return_std:               42.6326
success_mean:              0.9995	target_mean:               6.2975	td_error_abs:              5.4144	test_consensus_fraction_mean:  1.0000
test_ep_length_mean:      10.5437	test_episode_limit_mean:   0.0000	test_return_mean:         66.2687	test_return_median:       74.8000
test_return_std:          30.5895	test_success_mean:         1.0000	
[INFO 11:30:23] my_main Updated target network
[INFO 11:32:15] my_main Recent Stats | t_env:     580223 | Episode:    26134
consensus_fraction_mean:   0.9999	entropy_loss:              0.0021	ep_length_mean:           12.5400	episode_limit_mean:        0.0005
epsilon:                   0.0500	grad_norm:               317.9860	loss:                     58.7598	mi_loss:                   0.0202
q_taken_mean:              6.2508	return_mean:              57.5485	return_median:            70.2000	return_std:               42.6326
success_mean:              0.9995	target_mean:               6.2975	td_error_abs:              5.4144	test_consensus_fraction_mean:  1.0000
test_ep_length_mean:      10.5437	test_episode_limit_mean:   0.0000	test_return_mean:         66.2687	test_return_median:       74.8000
test_return_std:          30.5895	test_success_mean:         1.0000	
[INFO 11:33:11] my_main Updated target network
[INFO 11:33:28] my_main t_env: 581376 / 2050000
[INFO 11:33:28] my_main Estimated time left: 1 days, 3 hours, 38 minutes, 10 seconds. Time passed: 9 hours, 29 minutes, 4 seconds
[INFO 11:34:24] my_main Recent Stats | t_env:     582242 | Episode:    26283
consensus_fraction_mean:   1.0000	entropy_loss:              0.0021	ep_length_mean:           12.4858	episode_limit_mean:        0.0002
epsilon:                   0.0500	grad_norm:               317.9860	loss:                     58.7598	mi_loss:                   0.0202
q_taken_mean:              6.2508	return_mean:              57.7092	return_median:            70.6000	return_std:               42.6853
success_mean:              0.9997	target_mean:               6.2975	td_error_abs:              5.4144	test_consensus_fraction_mean:  1.0000
test_ep_length_mean:      11.0000	test_episode_limit_mean:   0.0000	test_return_mean:         65.1375	test_return_median:       74.3000
test_return_std:          32.1256	test_success_mean:         1.0000	
[INFO 11:36:01] my_main Updated target network
[INFO 11:36:32] my_main Recent Stats | t_env:     584267 | Episode:    26438
consensus_fraction_mean:   1.0000	entropy_loss:              0.0021	ep_length_mean:           12.4858	episode_limit_mean:        0.0002
epsilon:                   0.0500	grad_norm:               317.9860	loss:                     58.7598	mi_loss:                   0.0202
q_taken_mean:              6.2508	return_mean:              57.7092	return_median:            70.6000	return_std:               42.6853
success_mean:              0.9997	target_mean:               6.2975	td_error_abs:              5.4144	test_consensus_fraction_mean:  1.0000
test_ep_length_mean:      11.0000	test_episode_limit_mean:   0.0000	test_return_mean:         65.1375	test_return_median:       74.3000
test_return_std:          32.1256	test_success_mean:         1.0000	
[INFO 11:38:45] my_main Updated target network
[INFO 11:38:56] my_main Recent Stats | t_env:     586276 | Episode:    26615
consensus_fraction_mean:   1.0000	entropy_loss:              0.0022	ep_length_mean:           12.4858	episode_limit_mean:        0.0002
epsilon:                   0.0500	grad_norm:               295.6424	loss:                     63.4175	mi_loss:                   0.0202
q_taken_mean:              6.1661	return_mean:              57.7092	return_median:            70.6000	return_std:               42.6853
success_mean:              0.9997	target_mean:               6.2029	td_error_abs:              5.6500	test_consensus_fraction_mean:  1.0000
test_ep_length_mean:      11.0000	test_episode_limit_mean:   0.0000	test_return_mean:         65.1375	test_return_median:       74.3000
test_return_std:          32.1256	test_success_mean:         1.0000	
[INFO 11:41:07] my_main Recent Stats | t_env:     588276 | Episode:    26775
consensus_fraction_mean:   1.0000	entropy_loss:              0.0022	ep_length_mean:           12.4858	episode_limit_mean:        0.0002
epsilon:                   0.0500	grad_norm:               295.6424	loss:                     63.4175	mi_loss:                   0.0202
q_taken_mean:              6.1661	return_mean:              57.7092	return_median:            70.6000	return_std:               42.6853
success_mean:              0.9997	target_mean:               6.2029	td_error_abs:              5.6500	test_consensus_fraction_mean:  1.0000
test_ep_length_mean:      11.0000	test_episode_limit_mean:   0.0000	test_return_mean:         65.1375	test_return_median:       74.3000
test_return_std:          32.1256	test_success_mean:         1.0000	
[INFO 11:41:27] my_main Updated target network
[INFO 11:43:15] my_main Recent Stats | t_env:     590303 | Episode:    26927
consensus_fraction_mean:   1.0000	entropy_loss:              0.0022	ep_length_mean:           12.4858	episode_limit_mean:        0.0002
epsilon:                   0.0500	grad_norm:               295.6424	loss:                     63.4175	mi_loss:                   0.0202
q_taken_mean:              6.1661	return_mean:              57.7092	return_median:            70.6000	return_std:               42.6853
success_mean:              0.9997	target_mean:               6.2029	td_error_abs:              5.6500	test_consensus_fraction_mean:  1.0000
test_ep_length_mean:      11.0000	test_episode_limit_mean:   0.0000	test_return_mean:         65.1375	test_return_median:       74.3000
test_return_std:          32.1256	test_success_mean:         1.0000	
[INFO 11:44:18] my_main Updated target network
[INFO 11:44:23] my_main t_env: 591405 / 2050000
[INFO 11:44:23] my_main Estimated time left: 1 days, 2 hours, 27 minutes, 31 seconds. Time passed: 9 hours, 39 minutes, 59 seconds
[INFO 11:45:25] my_main Recent Stats | t_env:     592312 | Episode:    27074
consensus_fraction_mean:   0.9999	entropy_loss:              0.0022	ep_length_mean:           12.5397	episode_limit_mean:        0.0005
epsilon:                   0.0500	grad_norm:               295.6424	loss:                     63.4175	mi_loss:                   0.0202
q_taken_mean:              6.1661	return_mean:              57.1520	return_median:            70.4000	return_std:               43.8893
success_mean:              0.9995	target_mean:               6.2029	td_error_abs:              5.6500	test_consensus_fraction_mean:  1.0000
test_ep_length_mean:      10.7875	test_episode_limit_mean:   0.0000	test_return_mean:         65.2687	test_return_median:       73.5000
test_return_std:          30.1412	test_success_mean:         1.0000	
[INFO 11:47:13] my_main Updated target network
[INFO 11:47:26] my_main Recent Stats | t_env:     594318 | Episode:    27215
consensus_fraction_mean:   0.9999	entropy_loss:              0.0023	ep_length_mean:           12.5397	episode_limit_mean:        0.0005
epsilon:                   0.0500	grad_norm:               259.0598	loss:                     62.5879	mi_loss:                   0.0203
q_taken_mean:              6.1464	return_mean:              57.1520	return_median:            70.4000	return_std:               43.8893
success_mean:              0.9995	target_mean:               6.2015	td_error_abs:              5.6105	test_consensus_fraction_mean:  1.0000
test_ep_length_mean:      10.7875	test_episode_limit_mean:   0.0000	test_return_mean:         65.2687	test_return_median:       73.5000
test_return_std:          30.1412	test_success_mean:         1.0000	
[INFO 11:49:31] my_main Recent Stats | t_env:     596320 | Episode:    27370
consensus_fraction_mean:   0.9999	entropy_loss:              0.0023	ep_length_mean:           12.5397	episode_limit_mean:        0.0005
epsilon:                   0.0500	grad_norm:               259.0598	loss:                     62.5879	mi_loss:                   0.0203
q_taken_mean:              6.1464	return_mean:              57.1520	return_median:            70.4000	return_std:               43.8893
success_mean:              0.9995	target_mean:               6.2015	td_error_abs:              5.6105	test_consensus_fraction_mean:  1.0000
test_ep_length_mean:      10.7875	test_episode_limit_mean:   0.0000	test_return_mean:         65.2687	test_return_median:       73.5000
test_return_std:          30.1412	test_success_mean:         1.0000	
[INFO 11:49:54] my_main Updated target network
[INFO 11:51:40] my_main Recent Stats | t_env:     598326 | Episode:    27528
consensus_fraction_mean:   0.9999	entropy_loss:              0.0023	ep_length_mean:           12.5397	episode_limit_mean:        0.0005
epsilon:                   0.0500	grad_norm:               259.0598	loss:                     62.5879	mi_loss:                   0.0203
q_taken_mean:              6.1464	return_mean:              57.1520	return_median:            70.4000	return_std:               43.8893
success_mean:              0.9995	target_mean:               6.2015	td_error_abs:              5.6105	test_consensus_fraction_mean:  1.0000
test_ep_length_mean:      10.7875	test_episode_limit_mean:   0.0000	test_return_mean:         65.2687	test_return_median:       73.5000
test_return_std:          30.1412	test_success_mean:         1.0000	
[INFO 11:52:48] my_main Updated target network
[INFO 11:53:53] my_main Recent Stats | t_env:     600337 | Episode:    27683
consensus_fraction_mean:   0.9999	entropy_loss:              0.0023	ep_length_mean:           12.5397	episode_limit_mean:        0.0005
epsilon:                   0.0500	grad_norm:               259.0598	loss:                     62.5879	mi_loss:                   0.0203
q_taken_mean:              6.1464	return_mean:              57.1520	return_median:            70.4000	return_std:               43.8893
success_mean:              0.9995	target_mean:               6.2015	td_error_abs:              5.6105	test_consensus_fraction_mean:  1.0000
test_ep_length_mean:      10.7875	test_episode_limit_mean:   0.0000	test_return_mean:         65.2687	test_return_median:       73.5000
test_return_std:          30.1412	test_success_mean:         1.0000	
[INFO 11:55:00] my_main t_env: 601437 / 2050000
[INFO 11:55:00] my_main Estimated time left: 1 days, 1 hours, 33 minutes, 42 seconds. Time passed: 9 hours, 50 minutes, 36 seconds
[INFO 11:55:36] my_main Updated target network
[INFO 11:55:56] my_main Recent Stats | t_env:     602338 | Episode:    27823
consensus_fraction_mean:   0.9998	entropy_loss:              0.0023	ep_length_mean:           12.6896	episode_limit_mean:        0.0008
epsilon:                   0.0500	grad_norm:               259.0598	loss:                     62.5879	mi_loss:                   0.0203
q_taken_mean:              6.1464	return_mean:              56.7203	return_median:            69.8000	return_std:               44.7652
success_mean:              0.9992	target_mean:               6.2015	td_error_abs:              5.6105	test_consensus_fraction_mean:  1.0000
test_ep_length_mean:       9.8125	test_episode_limit_mean:   0.0000	test_return_mean:         68.9562	test_return_median:       75.4000
test_return_std:          25.5760	test_success_mean:         1.0000	
[INFO 11:57:59] my_main Recent Stats | t_env:     604348 | Episode:    27967
consensus_fraction_mean:   0.9998	entropy_loss:              0.0023	ep_length_mean:           12.6896	episode_limit_mean:        0.0008
epsilon:                   0.0500	grad_norm:               285.6357	loss:                     63.7244	mi_loss:                   0.0203
q_taken_mean:              6.1551	return_mean:              56.7203	return_median:            69.8000	return_std:               44.7652
success_mean:              0.9992	target_mean:               6.1811	td_error_abs:              5.7110	test_consensus_fraction_mean:  1.0000
test_ep_length_mean:       9.8125	test_episode_limit_mean:   0.0000	test_return_mean:         68.9562	test_return_median:       75.4000
test_return_std:          25.5760	test_success_mean:         1.0000	
[INFO 11:58:30] my_main Updated target network
[INFO 12:00:03] my_main Recent Stats | t_env:     606387 | Episode:    28112
consensus_fraction_mean:   0.9998	entropy_loss:              0.0023	ep_length_mean:           12.6896	episode_limit_mean:        0.0008
epsilon:                   0.0500	grad_norm:               285.6357	loss:                     63.7244	mi_loss:                   0.0203
q_taken_mean:              6.1551	return_mean:              56.7203	return_median:            69.8000	return_std:               44.7652
success_mean:              0.9992	target_mean:               6.1811	td_error_abs:              5.7110	test_consensus_fraction_mean:  1.0000
test_ep_length_mean:       9.8125	test_episode_limit_mean:   0.0000	test_return_mean:         68.9562	test_return_median:       75.4000
test_return_std:          25.5760	test_success_mean:         1.0000	
[INFO 12:01:18] my_main Updated target network
[INFO 12:02:07] my_main Recent Stats | t_env:     608406 | Episode:    28260
consensus_fraction_mean:   0.9998	entropy_loss:              0.0023	ep_length_mean:           12.6896	episode_limit_mean:        0.0008
epsilon:                   0.0500	grad_norm:               285.6357	loss:                     63.7244	mi_loss:                   0.0203
q_taken_mean:              6.1551	return_mean:              56.7203	return_median:            69.8000	return_std:               44.7652
success_mean:              0.9992	target_mean:               6.1811	td_error_abs:              5.7110	test_consensus_fraction_mean:  1.0000
test_ep_length_mean:       9.8125	test_episode_limit_mean:   0.0000	test_return_mean:         68.9562	test_return_median:       75.4000
test_return_std:          25.5760	test_success_mean:         1.0000	
[INFO 12:04:07] my_main Updated target network
[INFO 12:04:11] my_main Recent Stats | t_env:     610416 | Episode:    28407
consensus_fraction_mean:   0.9998	entropy_loss:              0.0023	ep_length_mean:           12.6896	episode_limit_mean:        0.0008
epsilon:                   0.0500	grad_norm:               285.6357	loss:                     63.7244	mi_loss:                   0.0203
q_taken_mean:              6.1551	return_mean:              56.7203	return_median:            69.8000	return_std:               44.7652
success_mean:              0.9992	target_mean:               6.1811	td_error_abs:              5.7110	test_consensus_fraction_mean:  1.0000
test_ep_length_mean:       9.8125	test_episode_limit_mean:   0.0000	test_return_mean:         68.9562	test_return_median:       75.4000
test_return_std:          25.5760	test_success_mean:         1.0000	
[INFO 12:05:20] my_main t_env: 611437 / 2050000
[INFO 12:05:20] my_main Estimated time left: 1 days, 46 minutes, 56 seconds. Time passed: 10 hours, 57 seconds
[INFO 12:06:39] my_main Recent Stats | t_env:     612421 | Episode:    28581
consensus_fraction_mean:   0.9998	entropy_loss:              0.0023	ep_length_mean:           12.9686	episode_limit_mean:        0.0008
epsilon:                   0.0500	grad_norm:               285.6357	loss:                     63.7244	mi_loss:                   0.0203
q_taken_mean:              6.1551	return_mean:              55.4063	return_median:            68.6000	return_std:               45.7885
success_mean:              0.9992	target_mean:               6.1811	td_error_abs:              5.7110	test_consensus_fraction_mean:  1.0000
test_ep_length_mean:      10.6250	test_episode_limit_mean:   0.0000	test_return_mean:         65.9562	test_return_median:       72.1000
test_return_std:          27.8343	test_success_mean:         1.0000	
[INFO 12:06:56] my_main Updated target network
[INFO 12:08:47] my_main Recent Stats | t_env:     614426 | Episode:    28735
consensus_fraction_mean:   0.9998	entropy_loss:              0.0022	ep_length_mean:           12.9686	episode_limit_mean:        0.0008
epsilon:                   0.0500	grad_norm:               283.0533	loss:                     60.7703	mi_loss:                   0.0204
q_taken_mean:              6.2260	return_mean:              55.4063	return_median:            68.6000	return_std:               45.7885
success_mean:              0.9992	target_mean:               6.2508	td_error_abs:              5.5347	test_consensus_fraction_mean:  1.0000
test_ep_length_mean:      10.6250	test_episode_limit_mean:   0.0000	test_return_mean:         65.9562	test_return_median:       72.1000
test_return_std:          27.8343	test_success_mean:         1.0000	
[INFO 12:09:42] my_main Updated target network
[INFO 12:10:57] my_main Recent Stats | t_env:     616430 | Episode:    28894
consensus_fraction_mean:   0.9998	entropy_loss:              0.0022	ep_length_mean:           12.9686	episode_limit_mean:        0.0008
epsilon:                   0.0500	grad_norm:               283.0533	loss:                     60.7703	mi_loss:                   0.0204
q_taken_mean:              6.2260	return_mean:              55.4063	return_median:            68.6000	return_std:               45.7885
success_mean:              0.9992	target_mean:               6.2508	td_error_abs:              5.5347	test_consensus_fraction_mean:  1.0000
test_ep_length_mean:      10.6250	test_episode_limit_mean:   0.0000	test_return_mean:         65.9562	test_return_median:       72.1000
test_return_std:          27.8343	test_success_mean:         1.0000	
[INFO 12:12:28] my_main Updated target network
[INFO 12:12:56] my_main Recent Stats | t_env:     618430 | Episode:    29032
consensus_fraction_mean:   0.9998	entropy_loss:              0.0022	ep_length_mean:           12.9686	episode_limit_mean:        0.0008
epsilon:                   0.0500	grad_norm:               283.0533	loss:                     60.7703	mi_loss:                   0.0204
q_taken_mean:              6.2260	return_mean:              55.4063	return_median:            68.6000	return_std:               45.7885
success_mean:              0.9992	target_mean:               6.2508	td_error_abs:              5.5347	test_consensus_fraction_mean:  1.0000
test_ep_length_mean:      10.6250	test_episode_limit_mean:   0.0000	test_return_mean:         65.9562	test_return_median:       72.1000
test_return_std:          27.8343	test_success_mean:         1.0000	
[INFO 12:15:07] my_main Recent Stats | t_env:     620440 | Episode:    29194
consensus_fraction_mean:   0.9998	entropy_loss:              0.0022	ep_length_mean:           12.9686	episode_limit_mean:        0.0008
epsilon:                   0.0500	grad_norm:               283.0533	loss:                     60.7703	mi_loss:                   0.0204
q_taken_mean:              6.2260	return_mean:              55.4063	return_median:            68.6000	return_std:               45.7885
success_mean:              0.9992	target_mean:               6.2508	td_error_abs:              5.5347	test_consensus_fraction_mean:  1.0000
test_ep_length_mean:      10.6250	test_episode_limit_mean:   0.0000	test_return_mean:         65.9562	test_return_median:       72.1000
test_return_std:          27.8343	test_success_mean:         1.0000	
[INFO 12:15:12] my_main Updated target network
[INFO 12:16:09] my_main t_env: 621450 / 2050000
[INFO 12:16:09] my_main Estimated time left: 1 days, 1 hours, 42 minutes, 42 seconds. Time passed: 10 hours, 11 minutes, 45 seconds
[INFO 12:17:17] my_main Recent Stats | t_env:     622444 | Episode:    29343
consensus_fraction_mean:   0.9998	entropy_loss:              0.0022	ep_length_mean:           13.0443	episode_limit_mean:        0.0008
epsilon:                   0.0500	grad_norm:               283.0533	loss:                     60.7703	mi_loss:                   0.0204
q_taken_mean:              6.2260	return_mean:              55.4014	return_median:            68.4000	return_std:               45.2593
success_mean:              0.9992	target_mean:               6.2508	td_error_abs:              5.5347	test_consensus_fraction_mean:  1.0000
test_ep_length_mean:      10.2563	test_episode_limit_mean:   0.0000	test_return_mean:         67.5812	test_return_median:       73.0000
test_return_std:          27.8566	test_success_mean:         1.0000	
[INFO 12:18:07] my_main Updated target network
[INFO 12:19:11] my_main Recent Stats | t_env:     624450 | Episode:    29472
consensus_fraction_mean:   0.9998	entropy_loss:              0.0020	ep_length_mean:           13.0443	episode_limit_mean:        0.0008
epsilon:                   0.0500	grad_norm:               269.2788	loss:                     56.0332	mi_loss:                   0.0205
q_taken_mean:              6.4315	return_mean:              55.4014	return_median:            68.4000	return_std:               45.2593
success_mean:              0.9992	target_mean:               6.4153	td_error_abs:              5.4292	test_consensus_fraction_mean:  1.0000
test_ep_length_mean:      10.2563	test_episode_limit_mean:   0.0000	test_return_mean:         67.5812	test_return_median:       73.0000
test_return_std:          27.8566	test_success_mean:         1.0000	
[INFO 12:21:02] my_main Updated target network
[INFO 12:21:16] my_main Recent Stats | t_env:     626454 | Episode:    29615
consensus_fraction_mean:   0.9998	entropy_loss:              0.0020	ep_length_mean:           13.0443	episode_limit_mean:        0.0008
epsilon:                   0.0500	grad_norm:               269.2788	loss:                     56.0332	mi_loss:                   0.0205
q_taken_mean:              6.4315	return_mean:              55.4014	return_median:            68.4000	return_std:               45.2593
success_mean:              0.9992	target_mean:               6.4153	td_error_abs:              5.4292	test_consensus_fraction_mean:  1.0000
test_ep_length_mean:      10.2563	test_episode_limit_mean:   0.0000	test_return_mean:         67.5812	test_return_median:       73.0000
test_return_std:          27.8566	test_success_mean:         1.0000	
[INFO 12:23:19] my_main Recent Stats | t_env:     628459 | Episode:    29756
consensus_fraction_mean:   0.9998	entropy_loss:              0.0020	ep_length_mean:           13.0443	episode_limit_mean:        0.0008
epsilon:                   0.0500	grad_norm:               269.2788	loss:                     56.0332	mi_loss:                   0.0205
q_taken_mean:              6.4315	return_mean:              55.4014	return_median:            68.4000	return_std:               45.2593
success_mean:              0.9992	target_mean:               6.4153	td_error_abs:              5.4292	test_consensus_fraction_mean:  1.0000
test_ep_length_mean:      10.2563	test_episode_limit_mean:   0.0000	test_return_mean:         67.5812	test_return_median:       73.0000
test_return_std:          27.8566	test_success_mean:         1.0000	
[INFO 12:23:59] my_main Updated target network
[INFO 12:25:39] my_main Recent Stats | t_env:     630473 | Episode:    29918
consensus_fraction_mean:   0.9998	entropy_loss:              0.0020	ep_length_mean:           13.0443	episode_limit_mean:        0.0008
epsilon:                   0.0500	grad_norm:               269.2788	loss:                     56.0332	mi_loss:                   0.0205
q_taken_mean:              6.4315	return_mean:              55.4014	return_median:            68.4000	return_std:               45.2593
success_mean:              0.9992	target_mean:               6.4153	td_error_abs:              5.4292	test_consensus_fraction_mean:  1.0000
test_ep_length_mean:      10.2563	test_episode_limit_mean:   0.0000	test_return_mean:         67.5812	test_return_median:       73.0000
test_return_std:          27.8566	test_success_mean:         1.0000	
[INFO 12:26:43] my_main t_env: 631469 / 2050000
[INFO 12:26:43] my_main Estimated time left: 1 days, 56 minutes, 26 seconds. Time passed: 10 hours, 22 minutes, 20 seconds
[INFO 12:27:01] my_main Updated target network
[INFO 12:27:53] my_main Recent Stats | t_env:     632477 | Episode:    30057
consensus_fraction_mean:   0.9997	entropy_loss:              0.0020	ep_length_mean:           13.3207	episode_limit_mean:        0.0016
epsilon:                   0.0500	grad_norm:               269.2788	loss:                     56.0332	mi_loss:                   0.0205
q_taken_mean:              6.4315	return_mean:              54.9843	return_median:            68.2000	return_std:               45.9695
success_mean:              0.9984	target_mean:               6.4153	td_error_abs:              5.4292	test_consensus_fraction_mean:  1.0000
test_ep_length_mean:      10.2688	test_episode_limit_mean:   0.0000	test_return_mean:         67.4188	test_return_median:       73.3000
test_return_std:          29.4052	test_success_mean:         1.0000	
[INFO 12:30:02] my_main Updated target network
[INFO 12:30:13] my_main Recent Stats | t_env:     634487 | Episode:    30214
consensus_fraction_mean:   0.9997	entropy_loss:              0.0018	ep_length_mean:           13.3207	episode_limit_mean:        0.0016
epsilon:                   0.0500	grad_norm:               272.1207	loss:                     51.5732	mi_loss:                   0.0204
q_taken_mean:              6.4471	return_mean:              54.9843	return_median:            68.2000	return_std:               45.9695
success_mean:              0.9984	target_mean:               6.4239	td_error_abs:              5.2605	test_consensus_fraction_mean:  1.0000
test_ep_length_mean:      10.2688	test_episode_limit_mean:   0.0000	test_return_mean:         67.4188	test_return_median:       73.3000
test_return_std:          29.4052	test_success_mean:         1.0000	
[INFO 12:32:30] my_main Recent Stats | t_env:     636493 | Episode:    30368
consensus_fraction_mean:   0.9997	entropy_loss:              0.0018	ep_length_mean:           13.3207	episode_limit_mean:        0.0016
epsilon:                   0.0500	grad_norm:               272.1207	loss:                     51.5732	mi_loss:                   0.0204
q_taken_mean:              6.4471	return_mean:              54.9843	return_median:            68.2000	return_std:               45.9695
success_mean:              0.9984	target_mean:               6.4239	td_error_abs:              5.2605	test_consensus_fraction_mean:  1.0000
test_ep_length_mean:      10.2688	test_episode_limit_mean:   0.0000	test_return_mean:         67.4188	test_return_median:       73.3000
test_return_std:          29.4052	test_success_mean:         1.0000	
[INFO 12:33:01] my_main Updated target network
[INFO 12:34:39] my_main Recent Stats | t_env:     638498 | Episode:    30511
consensus_fraction_mean:   0.9997	entropy_loss:              0.0018	ep_length_mean:           13.3207	episode_limit_mean:        0.0016
epsilon:                   0.0500	grad_norm:               272.1207	loss:                     51.5732	mi_loss:                   0.0204
q_taken_mean:              6.4471	return_mean:              54.9843	return_median:            68.2000	return_std:               45.9695
success_mean:              0.9984	target_mean:               6.4239	td_error_abs:              5.2605	test_consensus_fraction_mean:  1.0000
test_ep_length_mean:      10.2688	test_episode_limit_mean:   0.0000	test_return_mean:         67.4188	test_return_median:       73.3000
test_return_std:          29.4052	test_success_mean:         1.0000	
[INFO 12:35:57] my_main Updated target network
[INFO 12:36:53] my_main Recent Stats | t_env:     640510 | Episode:    30670
consensus_fraction_mean:   0.9997	entropy_loss:              0.0018	ep_length_mean:           13.3207	episode_limit_mean:        0.0016
epsilon:                   0.0500	grad_norm:               272.1207	loss:                     51.5732	mi_loss:                   0.0204
q_taken_mean:              6.4471	return_mean:              54.9843	return_median:            68.2000	return_std:               45.9695
success_mean:              0.9984	target_mean:               6.4239	td_error_abs:              5.2605	test_consensus_fraction_mean:  1.0000
test_ep_length_mean:      10.2688	test_episode_limit_mean:   0.0000	test_return_mean:         67.4188	test_return_median:       73.3000
test_return_std:          29.4052	test_success_mean:         1.0000	
[INFO 12:38:02] my_main t_env: 641493 / 2050000
[INFO 12:38:02] my_main Estimated time left: 1 days, 2 hours, 30 minutes, 22 seconds. Time passed: 10 hours, 33 minutes, 39 seconds
[INFO 12:38:51] my_main Updated target network
[INFO 12:39:19] my_main Recent Stats | t_env:     642524 | Episode:    30830
consensus_fraction_mean:   0.9998	entropy_loss:              0.0018	ep_length_mean:           13.3966	episode_limit_mean:        0.0011
epsilon:                   0.0500	grad_norm:               272.1207	loss:                     51.5732	mi_loss:                   0.0204
q_taken_mean:              6.4471	return_mean:              55.1803	return_median:            68.2000	return_std:               45.1224
success_mean:              0.9989	target_mean:               6.4239	td_error_abs:              5.2605	test_consensus_fraction_mean:  1.0000
test_ep_length_mean:      10.0500	test_episode_limit_mean:   0.0000	test_return_mean:         68.0000	test_return_median:       75.0000
test_return_std:          29.8644	test_success_mean:         1.0000	
[INFO 12:41:35] my_main Recent Stats | t_env:     644540 | Episode:    30977
consensus_fraction_mean:   0.9998	entropy_loss:              0.0016	ep_length_mean:           13.3966	episode_limit_mean:        0.0011
epsilon:                   0.0500	grad_norm:               270.5786	loss:                     49.1926	mi_loss:                   0.0204
q_taken_mean:              6.5190	return_mean:              55.1803	return_median:            68.2000	return_std:               45.1224
success_mean:              0.9989	target_mean:               6.5109	td_error_abs:              5.0858	test_consensus_fraction_mean:  1.0000
test_ep_length_mean:      10.0500	test_episode_limit_mean:   0.0000	test_return_mean:         68.0000	test_return_median:       75.0000
test_return_std:          29.8644	test_success_mean:         1.0000	
[INFO 12:41:58] my_main Updated target network
[INFO 12:43:48] my_main Recent Stats | t_env:     646550 | Episode:    31125
consensus_fraction_mean:   0.9998	entropy_loss:              0.0016	ep_length_mean:           13.3966	episode_limit_mean:        0.0011
epsilon:                   0.0500	grad_norm:               270.5786	loss:                     49.1926	mi_loss:                   0.0204
q_taken_mean:              6.5190	return_mean:              55.1803	return_median:            68.2000	return_std:               45.1224
success_mean:              0.9989	target_mean:               6.5109	td_error_abs:              5.0858	test_consensus_fraction_mean:  1.0000
test_ep_length_mean:      10.0500	test_episode_limit_mean:   0.0000	test_return_mean:         68.0000	test_return_median:       75.0000
test_return_std:          29.8644	test_success_mean:         1.0000	
[INFO 12:44:59] my_main Updated target network
[INFO 12:46:14] my_main Recent Stats | t_env:     648559 | Episode:    31287
consensus_fraction_mean:   0.9998	entropy_loss:              0.0016	ep_length_mean:           13.3966	episode_limit_mean:        0.0011
epsilon:                   0.0500	grad_norm:               270.5786	loss:                     49.1926	mi_loss:                   0.0204
q_taken_mean:              6.5190	return_mean:              55.1803	return_median:            68.2000	return_std:               45.1224
success_mean:              0.9989	target_mean:               6.5109	td_error_abs:              5.0858	test_consensus_fraction_mean:  1.0000
test_ep_length_mean:      10.0500	test_episode_limit_mean:   0.0000	test_return_mean:         68.0000	test_return_median:       75.0000
test_return_std:          29.8644	test_success_mean:         1.0000	
[INFO 12:47:58] my_main Updated target network
[INFO 12:48:32] my_main Recent Stats | t_env:     650561 | Episode:    31440
consensus_fraction_mean:   0.9998	entropy_loss:              0.0016	ep_length_mean:           13.3966	episode_limit_mean:        0.0011
epsilon:                   0.0500	grad_norm:               270.5786	loss:                     49.1926	mi_loss:                   0.0204
q_taken_mean:              6.5190	return_mean:              55.1803	return_median:            68.2000	return_std:               45.1224
success_mean:              0.9989	target_mean:               6.5109	td_error_abs:              5.0858	test_consensus_fraction_mean:  1.0000
test_ep_length_mean:      10.0500	test_episode_limit_mean:   0.0000	test_return_mean:         68.0000	test_return_median:       75.0000
test_return_std:          29.8644	test_success_mean:         1.0000	
[INFO 12:49:25] my_main t_env: 651494 / 2050000
[INFO 12:49:25] my_main Estimated time left: 1 days, 2 hours, 31 minutes, 9 seconds. Time passed: 10 hours, 45 minutes, 1 seconds
[INFO 12:50:45] my_main Recent Stats | t_env:     652566 | Episode:    31583
consensus_fraction_mean:   0.9999	entropy_loss:              0.0016	ep_length_mean:           13.4132	episode_limit_mean:        0.0008
epsilon:                   0.0500	grad_norm:               270.5786	loss:                     49.1926	mi_loss:                   0.0204
q_taken_mean:              6.5190	return_mean:              55.2121	return_median:            68.4000	return_std:               45.1311
success_mean:              0.9992	target_mean:               6.5109	td_error_abs:              5.0858	test_consensus_fraction_mean:  1.0000
test_ep_length_mean:       9.9250	test_episode_limit_mean:   0.0000	test_return_mean:         68.4938	test_return_median:       75.2000
test_return_std:          29.0944	test_success_mean:         1.0000	
[INFO 12:51:00] my_main Updated target network
[INFO 12:53:16] my_main Recent Stats | t_env:     654570 | Episode:    31755
consensus_fraction_mean:   0.9999	entropy_loss:              0.0015	ep_length_mean:           13.4132	episode_limit_mean:        0.0008
epsilon:                   0.0500	grad_norm:               230.5763	loss:                     45.4589	mi_loss:                   0.0203
q_taken_mean:              6.5598	return_mean:              55.2121	return_median:            68.4000	return_std:               45.1311
success_mean:              0.9992	target_mean:               6.5715	td_error_abs:              4.8368	test_consensus_fraction_mean:  1.0000
test_ep_length_mean:       9.9250	test_episode_limit_mean:   0.0000	test_return_mean:         68.4938	test_return_median:       75.2000
test_return_std:          29.0944	test_success_mean:         1.0000	
[INFO 12:53:55] my_main Updated target network
[INFO 12:55:44] my_main Recent Stats | t_env:     656573 | Episode:    31921
consensus_fraction_mean:   0.9999	entropy_loss:              0.0015	ep_length_mean:           13.4132	episode_limit_mean:        0.0008
epsilon:                   0.0500	grad_norm:               230.5763	loss:                     45.4589	mi_loss:                   0.0203
q_taken_mean:              6.5598	return_mean:              55.2121	return_median:            68.4000	return_std:               45.1311
success_mean:              0.9992	target_mean:               6.5715	td_error_abs:              4.8368	test_consensus_fraction_mean:  1.0000
test_ep_length_mean:       9.9250	test_episode_limit_mean:   0.0000	test_return_mean:         68.4938	test_return_median:       75.2000
test_return_std:          29.0944	test_success_mean:         1.0000	
[INFO 12:57:00] my_main Updated target network
[INFO 12:57:57] my_main Recent Stats | t_env:     658585 | Episode:    32063
consensus_fraction_mean:   0.9999	entropy_loss:              0.0015	ep_length_mean:           13.4132	episode_limit_mean:        0.0008
epsilon:                   0.0500	grad_norm:               230.5763	loss:                     45.4589	mi_loss:                   0.0203
q_taken_mean:              6.5598	return_mean:              55.2121	return_median:            68.4000	return_std:               45.1311
success_mean:              0.9992	target_mean:               6.5715	td_error_abs:              4.8368	test_consensus_fraction_mean:  1.0000
test_ep_length_mean:       9.9250	test_episode_limit_mean:   0.0000	test_return_mean:         68.4938	test_return_median:       75.2000
test_return_std:          29.0944	test_success_mean:         1.0000	
[INFO 13:00:03] my_main Updated target network
[INFO 13:00:22] my_main Recent Stats | t_env:     660586 | Episode:    32223
consensus_fraction_mean:   0.9999	entropy_loss:              0.0015	ep_length_mean:           13.4132	episode_limit_mean:        0.0008
epsilon:                   0.0500	grad_norm:               230.5763	loss:                     45.4589	mi_loss:                   0.0203
q_taken_mean:              6.5598	return_mean:              55.2121	return_median:            68.4000	return_std:               45.1311
success_mean:              0.9992	target_mean:               6.5715	td_error_abs:              4.8368	test_consensus_fraction_mean:  1.0000
test_ep_length_mean:       9.9250	test_episode_limit_mean:   0.0000	test_return_mean:         68.4938	test_return_median:       75.2000
test_return_std:          29.0944	test_success_mean:         1.0000	
[INFO 13:01:33] my_main t_env: 661505 / 2050000
[INFO 13:01:33] my_main Estimated time left: 1 days, 4 hours, 3 minutes, 16 seconds. Time passed: 10 hours, 57 minutes, 10 seconds
[INFO 13:02:45] my_main Recent Stats | t_env:     662591 | Episode:    32374
consensus_fraction_mean:   0.9998	entropy_loss:              0.0015	ep_length_mean:           13.1501	episode_limit_mean:        0.0011
epsilon:                   0.0500	grad_norm:               230.5763	loss:                     45.4589	mi_loss:                   0.0203
q_taken_mean:              6.5598	return_mean:              56.2827	return_median:            69.4000	return_std:               44.4565
success_mean:              0.9989	target_mean:               6.5715	td_error_abs:              4.8368	test_consensus_fraction_mean:  1.0000
test_ep_length_mean:       9.7312	test_episode_limit_mean:   0.0000	test_return_mean:         69.7438	test_return_median:       75.8000
test_return_std:          27.5404	test_success_mean:         1.0000	
[INFO 13:03:08] my_main Updated target network
[INFO 13:05:11] my_main Recent Stats | t_env:     664597 | Episode:    32535
consensus_fraction_mean:   0.9998	entropy_loss:              0.0015	ep_length_mean:           13.1501	episode_limit_mean:        0.0011
epsilon:                   0.0500	grad_norm:               327.7317	loss:                     48.6091	mi_loss:                   0.0204
q_taken_mean:              6.6096	return_mean:              56.2827	return_median:            69.4000	return_std:               44.4565
success_mean:              0.9989	target_mean:               6.6515	td_error_abs:              5.0331	test_consensus_fraction_mean:  1.0000
test_ep_length_mean:       9.7312	test_episode_limit_mean:   0.0000	test_return_mean:         69.7438	test_return_median:       75.8000
test_return_std:          27.5404	test_success_mean:         1.0000	
[INFO 13:06:14] my_main Updated target network
[INFO 13:07:26] my_main Recent Stats | t_env:     666605 | Episode:    32686
consensus_fraction_mean:   0.9998	entropy_loss:              0.0015	ep_length_mean:           13.1501	episode_limit_mean:        0.0011
epsilon:                   0.0500	grad_norm:               327.7317	loss:                     48.6091	mi_loss:                   0.0204
q_taken_mean:              6.6096	return_mean:              56.2827	return_median:            69.4000	return_std:               44.4565
success_mean:              0.9989	target_mean:               6.6515	td_error_abs:              5.0331	test_consensus_fraction_mean:  1.0000
test_ep_length_mean:       9.7312	test_episode_limit_mean:   0.0000	test_return_mean:         69.7438	test_return_median:       75.8000
test_return_std:          27.5404	test_success_mean:         1.0000	
[INFO 13:09:10] my_main Updated target network
[INFO 13:09:38] my_main Recent Stats | t_env:     668624 | Episode:    32834
consensus_fraction_mean:   0.9998	entropy_loss:              0.0015	ep_length_mean:           13.1501	episode_limit_mean:        0.0011
epsilon:                   0.0500	grad_norm:               327.7317	loss:                     48.6091	mi_loss:                   0.0204
q_taken_mean:              6.6096	return_mean:              56.2827	return_median:            69.4000	return_std:               44.4565
success_mean:              0.9989	target_mean:               6.6515	td_error_abs:              5.0331	test_consensus_fraction_mean:  1.0000
test_ep_length_mean:       9.7312	test_episode_limit_mean:   0.0000	test_return_mean:         69.7438	test_return_median:       75.8000
test_return_std:          27.5404	test_success_mean:         1.0000	
[INFO 13:11:53] my_main Recent Stats | t_env:     670639 | Episode:    32982
consensus_fraction_mean:   0.9998	entropy_loss:              0.0015	ep_length_mean:           13.1501	episode_limit_mean:        0.0011
epsilon:                   0.0500	grad_norm:               327.7317	loss:                     48.6091	mi_loss:                   0.0204
q_taken_mean:              6.6096	return_mean:              56.2827	return_median:            69.4000	return_std:               44.4565
success_mean:              0.9989	target_mean:               6.6515	td_error_abs:              5.0331	test_consensus_fraction_mean:  1.0000
test_ep_length_mean:       9.7312	test_episode_limit_mean:   0.0000	test_return_mean:         69.7438	test_return_median:       75.8000
test_return_std:          27.5404	test_success_mean:         1.0000	
[INFO 13:12:08] my_main Updated target network
[INFO 13:12:58] my_main t_env: 671509 / 2050000
[INFO 13:12:58] my_main Estimated time left: 1 days, 2 hours, 11 minutes, 41 seconds. Time passed: 11 hours, 8 minutes, 34 seconds
[INFO 13:14:27] my_main Recent Stats | t_env:     672640 | Episode:    33153
consensus_fraction_mean:   0.9998	entropy_loss:              0.0015	ep_length_mean:           13.2294	episode_limit_mean:        0.0011
epsilon:                   0.0500	grad_norm:               327.7317	loss:                     48.6091	mi_loss:                   0.0204
q_taken_mean:              6.6096	return_mean:              55.8335	return_median:            69.0000	return_std:               44.9684
success_mean:              0.9989	target_mean:               6.6515	td_error_abs:              5.0331	test_consensus_fraction_mean:  1.0000
test_ep_length_mean:      10.2875	test_episode_limit_mean:   0.0000	test_return_mean:         68.2750	test_return_median:       73.4000
test_return_std:          27.7187	test_success_mean:         1.0000	
[INFO 13:15:09] my_main Updated target network
[INFO 13:16:42] my_main Recent Stats | t_env:     674657 | Episode:    33303
consensus_fraction_mean:   0.9998	entropy_loss:              0.0015	ep_length_mean:           13.2294	episode_limit_mean:        0.0011
epsilon:                   0.0500	grad_norm:               307.8094	loss:                     48.9559	mi_loss:                   0.0204
q_taken_mean:              6.5675	return_mean:              55.8335	return_median:            69.0000	return_std:               44.9684
success_mean:              0.9989	target_mean:               6.6118	td_error_abs:              5.0311	test_consensus_fraction_mean:  1.0000
test_ep_length_mean:      10.2875	test_episode_limit_mean:   0.0000	test_return_mean:         68.2750	test_return_median:       73.4000
test_return_std:          27.7187	test_success_mean:         1.0000	
[INFO 13:18:11] my_main Updated target network
[INFO 13:19:04] my_main Recent Stats | t_env:     676660 | Episode:    33457
consensus_fraction_mean:   0.9998	entropy_loss:              0.0015	ep_length_mean:           13.2294	episode_limit_mean:        0.0011
epsilon:                   0.0500	grad_norm:               307.8094	loss:                     48.9559	mi_loss:                   0.0204
q_taken_mean:              6.5675	return_mean:              55.8335	return_median:            69.0000	return_std:               44.9684
success_mean:              0.9989	target_mean:               6.6118	td_error_abs:              5.0311	test_consensus_fraction_mean:  1.0000
test_ep_length_mean:      10.2875	test_episode_limit_mean:   0.0000	test_return_mean:         68.2750	test_return_median:       73.4000
test_return_std:          27.7187	test_success_mean:         1.0000	
[INFO 13:21:17] my_main Recent Stats | t_env:     678670 | Episode:    33600
consensus_fraction_mean:   0.9998	entropy_loss:              0.0015	ep_length_mean:           13.2294	episode_limit_mean:        0.0011
epsilon:                   0.0500	grad_norm:               307.8094	loss:                     48.9559	mi_loss:                   0.0204
q_taken_mean:              6.5675	return_mean:              55.8335	return_median:            69.0000	return_std:               44.9684
success_mean:              0.9989	target_mean:               6.6118	td_error_abs:              5.0311	test_consensus_fraction_mean:  1.0000
test_ep_length_mean:      10.2875	test_episode_limit_mean:   0.0000	test_return_mean:         68.2750	test_return_median:       73.4000
test_return_std:          27.7187	test_success_mean:         1.0000	
[INFO 13:21:18] my_main Updated target network
[INFO 13:23:35] my_main Recent Stats | t_env:     680681 | Episode:    33757
consensus_fraction_mean:   0.9998	entropy_loss:              0.0015	ep_length_mean:           13.2294	episode_limit_mean:        0.0011
epsilon:                   0.0500	grad_norm:               307.8094	loss:                     48.9559	mi_loss:                   0.0204
q_taken_mean:              6.5675	return_mean:              55.8335	return_median:            69.0000	return_std:               44.9684
success_mean:              0.9989	target_mean:               6.6118	td_error_abs:              5.0311	test_consensus_fraction_mean:  1.0000
test_ep_length_mean:      10.2875	test_episode_limit_mean:   0.0000	test_return_mean:         68.2750	test_return_median:       73.4000
test_return_std:          27.7187	test_success_mean:         1.0000	
[INFO 13:24:15] my_main Updated target network
[INFO 13:24:25] my_main t_env: 681516 / 2050000
[INFO 13:24:25] my_main Estimated time left: 1 days, 2 hours, 5 minutes, 36 seconds. Time passed: 11 hours, 20 minutes, 1 seconds
[INFO 13:25:59] my_main Recent Stats | t_env:     682717 | Episode:    33913
consensus_fraction_mean:   0.9999	entropy_loss:              0.0015	ep_length_mean:           13.1008	episode_limit_mean:        0.0008
epsilon:                   0.0500	grad_norm:               307.8094	loss:                     48.9559	mi_loss:                   0.0204
q_taken_mean:              6.5675	return_mean:              55.9277	return_median:            68.4000	return_std:               44.6077
success_mean:              0.9992	target_mean:               6.6118	td_error_abs:              5.0311	test_consensus_fraction_mean:  1.0000
test_ep_length_mean:      10.1187	test_episode_limit_mean:   0.0000	test_return_mean:         68.6000	test_return_median:       73.1000
test_return_std:          24.9021	test_success_mean:         1.0000	
[INFO 13:27:18] my_main Updated target network
[INFO 13:28:22] my_main Recent Stats | t_env:     684717 | Episode:    34070
consensus_fraction_mean:   0.9999	entropy_loss:              0.0015	ep_length_mean:           13.1008	episode_limit_mean:        0.0008
epsilon:                   0.0500	grad_norm:               327.6447	loss:                     47.6156	mi_loss:                   0.0206
q_taken_mean:              6.5966	return_mean:              55.9277	return_median:            68.4000	return_std:               44.6077
success_mean:              0.9992	target_mean:               6.6643	td_error_abs:              4.9326	test_consensus_fraction_mean:  1.0000
test_ep_length_mean:      10.1187	test_episode_limit_mean:   0.0000	test_return_mean:         68.6000	test_return_median:       73.1000
test_return_std:          24.9021	test_success_mean:         1.0000	
[INFO 13:30:20] my_main Updated target network
[INFO 13:30:56] my_main Recent Stats | t_env:     686748 | Episode:    34243
consensus_fraction_mean:   0.9999	entropy_loss:              0.0015	ep_length_mean:           13.1008	episode_limit_mean:        0.0008
epsilon:                   0.0500	grad_norm:               327.6447	loss:                     47.6156	mi_loss:                   0.0206
q_taken_mean:              6.5966	return_mean:              55.9277	return_median:            68.4000	return_std:               44.6077
success_mean:              0.9992	target_mean:               6.6643	td_error_abs:              4.9326	test_consensus_fraction_mean:  1.0000
test_ep_length_mean:      10.1187	test_episode_limit_mean:   0.0000	test_return_mean:         68.6000	test_return_median:       73.1000
test_return_std:          24.9021	test_success_mean:         1.0000	
[INFO 13:33:13] my_main Recent Stats | t_env:     688754 | Episode:    34398
consensus_fraction_mean:   0.9999	entropy_loss:              0.0015	ep_length_mean:           13.1008	episode_limit_mean:        0.0008
epsilon:                   0.0500	grad_norm:               327.6447	loss:                     47.6156	mi_loss:                   0.0206
q_taken_mean:              6.5966	return_mean:              55.9277	return_median:            68.4000	return_std:               44.6077
success_mean:              0.9992	target_mean:               6.6643	td_error_abs:              4.9326	test_consensus_fraction_mean:  1.0000
test_ep_length_mean:      10.1187	test_episode_limit_mean:   0.0000	test_return_mean:         68.6000	test_return_median:       73.1000
test_return_std:          24.9021	test_success_mean:         1.0000	
[INFO 13:33:16] my_main Updated target network
[INFO 13:35:34] my_main Recent Stats | t_env:     690757 | Episode:    34556
consensus_fraction_mean:   0.9999	entropy_loss:              0.0015	ep_length_mean:           13.1008	episode_limit_mean:        0.0008
epsilon:                   0.0500	grad_norm:               327.6447	loss:                     47.6156	mi_loss:                   0.0206
q_taken_mean:              6.5966	return_mean:              55.9277	return_median:            68.4000	return_std:               44.6077
success_mean:              0.9992	target_mean:               6.6643	td_error_abs:              4.9326	test_consensus_fraction_mean:  1.0000
test_ep_length_mean:      10.1187	test_episode_limit_mean:   0.0000	test_return_mean:         68.6000	test_return_median:       73.1000
test_return_std:          24.9021	test_success_mean:         1.0000	
[INFO 13:36:13] my_main Updated target network
[INFO 13:36:32] my_main t_env: 691522 / 2050000
[INFO 13:36:32] my_main Estimated time left: 1 days, 3 hours, 25 minutes, 42 seconds. Time passed: 11 hours, 32 minutes, 8 seconds
[INFO 13:37:56] my_main Recent Stats | t_env:     692757 | Episode:    34717
consensus_fraction_mean:   0.9999	entropy_loss:              0.0015	ep_length_mean:           12.9283	episode_limit_mean:        0.0008
epsilon:                   0.0500	grad_norm:               327.6447	loss:                     47.6156	mi_loss:                   0.0206
q_taken_mean:              6.5966	return_mean:              56.2724	return_median:            69.0000	return_std:               44.0688
success_mean:              0.9992	target_mean:               6.6643	td_error_abs:              4.9326	test_consensus_fraction_mean:  1.0000
test_ep_length_mean:      10.4438	test_episode_limit_mean:   0.0000	test_return_mean:         67.9375	test_return_median:       73.9000
test_return_std:          26.7614	test_success_mean:         1.0000	
[INFO 13:39:14] my_main Updated target network
[INFO 13:40:14] my_main Recent Stats | t_env:     694770 | Episode:    34869
consensus_fraction_mean:   0.9999	entropy_loss:              0.0014	ep_length_mean:           12.9283	episode_limit_mean:        0.0008
epsilon:                   0.0500	grad_norm:               340.0027	loss:                     48.4046	mi_loss:                   0.0206
q_taken_mean:              6.5393	return_mean:              56.2724	return_median:            69.0000	return_std:               44.0688
success_mean:              0.9992	target_mean:               6.5801	td_error_abs:              5.0231	test_consensus_fraction_mean:  1.0000
test_ep_length_mean:      10.4438	test_episode_limit_mean:   0.0000	test_return_mean:         67.9375	test_return_median:       73.9000
test_return_std:          26.7614	test_success_mean:         1.0000	
[INFO 13:42:04] my_main Updated target network
[INFO 13:42:21] my_main Recent Stats | t_env:     696778 | Episode:    35019
consensus_fraction_mean:   0.9999	entropy_loss:              0.0014	ep_length_mean:           12.9283	episode_limit_mean:        0.0008
epsilon:                   0.0500	grad_norm:               340.0027	loss:                     48.4046	mi_loss:                   0.0206
q_taken_mean:              6.5393	return_mean:              56.2724	return_median:            69.0000	return_std:               44.0688
success_mean:              0.9992	target_mean:               6.5801	td_error_abs:              5.0231	test_consensus_fraction_mean:  1.0000
test_ep_length_mean:      10.4438	test_episode_limit_mean:   0.0000	test_return_mean:         67.9375	test_return_median:       73.9000
test_return_std:          26.7614	test_success_mean:         1.0000	
[INFO 13:44:34] my_main Recent Stats | t_env:     698791 | Episode:    35169
consensus_fraction_mean:   0.9999	entropy_loss:              0.0014	ep_length_mean:           12.9283	episode_limit_mean:        0.0008
epsilon:                   0.0500	grad_norm:               340.0027	loss:                     48.4046	mi_loss:                   0.0206
q_taken_mean:              6.5393	return_mean:              56.2724	return_median:            69.0000	return_std:               44.0688
success_mean:              0.9992	target_mean:               6.5801	td_error_abs:              5.0231	test_consensus_fraction_mean:  1.0000
test_ep_length_mean:      10.4438	test_episode_limit_mean:   0.0000	test_return_mean:         67.9375	test_return_median:       73.9000
test_return_std:          26.7614	test_success_mean:         1.0000	
[INFO 13:45:00] my_main Updated target network
[INFO 13:47:03] my_main Recent Stats | t_env:     700798 | Episode:    35345
consensus_fraction_mean:   0.9999	entropy_loss:              0.0014	ep_length_mean:           12.9283	episode_limit_mean:        0.0008
epsilon:                   0.0500	grad_norm:               340.0027	loss:                     48.4046	mi_loss:                   0.0206
q_taken_mean:              6.5393	return_mean:              56.2724	return_median:            69.0000	return_std:               44.0688
success_mean:              0.9992	target_mean:               6.5801	td_error_abs:              5.0231	test_consensus_fraction_mean:  1.0000
test_ep_length_mean:      10.4438	test_episode_limit_mean:   0.0000	test_return_mean:         67.9375	test_return_median:       73.9000
test_return_std:          26.7614	test_success_mean:         1.0000	
[INFO 13:47:50] my_main Updated target network
[INFO 13:47:52] my_main t_env: 701525 / 2050000
[INFO 13:47:52] my_main Estimated time left: 1 days, 1 hours, 27 minutes, 59 seconds. Time passed: 11 hours, 43 minutes, 28 seconds
[INFO 13:49:22] my_main Recent Stats | t_env:     702800 | Episode:    35507
consensus_fraction_mean:   0.9999	entropy_loss:              0.0014	ep_length_mean:           12.8152	episode_limit_mean:        0.0008
epsilon:                   0.0500	grad_norm:               340.0027	loss:                     48.4046	mi_loss:                   0.0206
q_taken_mean:              6.5393	return_mean:              56.6797	return_median:            68.8000	return_std:               42.6111
success_mean:              0.9992	target_mean:               6.5801	td_error_abs:              5.0231	test_consensus_fraction_mean:  1.0000
test_ep_length_mean:      10.7563	test_episode_limit_mean:   0.0000	test_return_mean:         66.7375	test_return_median:       74.4000
test_return_std:          30.0371	test_success_mean:         1.0000	
[INFO 13:50:41] my_main Updated target network
[INFO 13:51:30] my_main Recent Stats | t_env:     704810 | Episode:    35656
consensus_fraction_mean:   0.9999	entropy_loss:              0.0013	ep_length_mean:           12.8152	episode_limit_mean:        0.0008
epsilon:                   0.0500	grad_norm:               423.7974	loss:                     48.9657	mi_loss:                   0.0208
q_taken_mean:              6.5711	return_mean:              56.6797	return_median:            68.8000	return_std:               42.6111
success_mean:              0.9992	target_mean:               6.5775	td_error_abs:              5.1359	test_consensus_fraction_mean:  1.0000
test_ep_length_mean:      10.7563	test_episode_limit_mean:   0.0000	test_return_mean:         66.7375	test_return_median:       74.4000
test_return_std:          30.0371	test_success_mean:         1.0000	
[INFO 13:53:32] my_main Updated target network
[INFO 13:53:47] my_main Recent Stats | t_env:     706818 | Episode:    35819
consensus_fraction_mean:   0.9999	entropy_loss:              0.0013	ep_length_mean:           12.8152	episode_limit_mean:        0.0008
epsilon:                   0.0500	grad_norm:               423.7974	loss:                     48.9657	mi_loss:                   0.0208
q_taken_mean:              6.5711	return_mean:              56.6797	return_median:            68.8000	return_std:               42.6111
success_mean:              0.9992	target_mean:               6.5775	td_error_abs:              5.1359	test_consensus_fraction_mean:  1.0000
test_ep_length_mean:      10.7563	test_episode_limit_mean:   0.0000	test_return_mean:         66.7375	test_return_median:       74.4000
test_return_std:          30.0371	test_success_mean:         1.0000	
[INFO 13:56:03] my_main Recent Stats | t_env:     708826 | Episode:    35987
consensus_fraction_mean:   0.9999	entropy_loss:              0.0013	ep_length_mean:           12.8152	episode_limit_mean:        0.0008
epsilon:                   0.0500	grad_norm:               423.7974	loss:                     48.9657	mi_loss:                   0.0208
q_taken_mean:              6.5711	return_mean:              56.6797	return_median:            68.8000	return_std:               42.6111
success_mean:              0.9992	target_mean:               6.5775	td_error_abs:              5.1359	test_consensus_fraction_mean:  1.0000
test_ep_length_mean:      10.7563	test_episode_limit_mean:   0.0000	test_return_mean:         66.7375	test_return_median:       74.4000
test_return_std:          30.0371	test_success_mean:         1.0000	
[INFO 13:56:16] my_main Updated target network
[INFO 13:58:20] my_main Recent Stats | t_env:     710856 | Episode:    36151
consensus_fraction_mean:   0.9999	entropy_loss:              0.0013	ep_length_mean:           12.8152	episode_limit_mean:        0.0008
epsilon:                   0.0500	grad_norm:               423.7974	loss:                     48.9657	mi_loss:                   0.0208
q_taken_mean:              6.5711	return_mean:              56.6797	return_median:            68.8000	return_std:               42.6111
success_mean:              0.9992	target_mean:               6.5775	td_error_abs:              5.1359	test_consensus_fraction_mean:  1.0000
test_ep_length_mean:      10.7563	test_episode_limit_mean:   0.0000	test_return_mean:         66.7375	test_return_median:       74.4000
test_return_std:          30.0371	test_success_mean:         1.0000	
[INFO 13:59:02] my_main Updated target network
[INFO 13:59:03] my_main t_env: 711544 / 2050000
[INFO 13:59:03] my_main Estimated time left: 1 days, 55 minutes, 2 seconds. Time passed: 11 hours, 54 minutes, 40 seconds
[INFO 14:00:26] my_main Recent Stats | t_env:     712885 | Episode:    36297
consensus_fraction_mean:   0.9999	entropy_loss:              0.0013	ep_length_mean:           12.8358	episode_limit_mean:        0.0005
epsilon:                   0.0500	grad_norm:               423.7974	loss:                     48.9657	mi_loss:                   0.0208
q_taken_mean:              6.5711	return_mean:              56.8095	return_median:            69.1000	return_std:               41.9221
success_mean:              0.9995	target_mean:               6.5775	td_error_abs:              5.1359	test_consensus_fraction_mean:  1.0000
test_ep_length_mean:      11.0000	test_episode_limit_mean:   0.0000	test_return_mean:         65.6312	test_return_median:       73.5000
test_return_std:          30.6235	test_success_mean:         1.0000	
[INFO 14:01:56] my_main Updated target network
[INFO 14:02:23] my_main Recent Stats | t_env:     714889 | Episode:    36435
consensus_fraction_mean:   0.9999	entropy_loss:              0.0013	ep_length_mean:           12.8358	episode_limit_mean:        0.0005
epsilon:                   0.0500	grad_norm:               279.7538	loss:                     45.0219	mi_loss:                   0.0209
q_taken_mean:              6.6074	return_mean:              56.8095	return_median:            69.1000	return_std:               41.9221
success_mean:              0.9995	target_mean:               6.5685	td_error_abs:              4.9802	test_consensus_fraction_mean:  1.0000
test_ep_length_mean:      11.0000	test_episode_limit_mean:   0.0000	test_return_mean:         65.6312	test_return_median:       73.5000
test_return_std:          30.6235	test_success_mean:         1.0000	
[INFO 14:04:42] my_main Recent Stats | t_env:     716935 | Episode:    36595
consensus_fraction_mean:   0.9999	entropy_loss:              0.0013	ep_length_mean:           12.8358	episode_limit_mean:        0.0005
epsilon:                   0.0500	grad_norm:               279.7538	loss:                     45.0219	mi_loss:                   0.0209
q_taken_mean:              6.6074	return_mean:              56.8095	return_median:            69.1000	return_std:               41.9221
success_mean:              0.9995	target_mean:               6.5685	td_error_abs:              4.9802	test_consensus_fraction_mean:  1.0000
test_ep_length_mean:      11.0000	test_episode_limit_mean:   0.0000	test_return_mean:         65.6312	test_return_median:       73.5000
test_return_std:          30.6235	test_success_mean:         1.0000	
[INFO 14:04:47] my_main Updated target network
[INFO 14:06:55] my_main Recent Stats | t_env:     718939 | Episode:    36748
consensus_fraction_mean:   0.9999	entropy_loss:              0.0013	ep_length_mean:           12.8358	episode_limit_mean:        0.0005
epsilon:                   0.0500	grad_norm:               279.7538	loss:                     45.0219	mi_loss:                   0.0209
q_taken_mean:              6.6074	return_mean:              56.8095	return_median:            69.1000	return_std:               41.9221
success_mean:              0.9995	target_mean:               6.5685	td_error_abs:              4.9802	test_consensus_fraction_mean:  1.0000
test_ep_length_mean:      11.0000	test_episode_limit_mean:   0.0000	test_return_mean:         65.6312	test_return_median:       73.5000
test_return_std:          30.6235	test_success_mean:         1.0000	
[INFO 14:07:38] my_main Updated target network
[INFO 14:09:19] my_main Recent Stats | t_env:     720952 | Episode:    36929
consensus_fraction_mean:   0.9999	entropy_loss:              0.0013	ep_length_mean:           12.8358	episode_limit_mean:        0.0005
epsilon:                   0.0500	grad_norm:               279.7538	loss:                     45.0219	mi_loss:                   0.0209
q_taken_mean:              6.6074	return_mean:              56.8095	return_median:            69.1000	return_std:               41.9221
success_mean:              0.9995	target_mean:               6.5685	td_error_abs:              4.9802	test_consensus_fraction_mean:  1.0000
test_ep_length_mean:      11.0000	test_episode_limit_mean:   0.0000	test_return_mean:         65.6312	test_return_median:       73.5000
test_return_std:          30.6235	test_success_mean:         1.0000	
[INFO 14:09:58] my_main t_env: 721554 / 2050000
[INFO 14:09:58] my_main Estimated time left: 1 days, 7 minutes, 34 seconds. Time passed: 12 hours, 5 minutes, 34 seconds
[INFO 14:10:22] my_main Updated target network
[INFO 14:11:39] my_main Recent Stats | t_env:     722966 | Episode:    37093
consensus_fraction_mean:   0.9999	entropy_loss:              0.0013	ep_length_mean:           12.7723	episode_limit_mean:        0.0010
epsilon:                   0.0500	grad_norm:               279.7538	loss:                     45.0219	mi_loss:                   0.0209
q_taken_mean:              6.6074	return_mean:              57.3841	return_median:            69.3000	return_std:               41.1587
success_mean:              0.9990	target_mean:               6.5685	td_error_abs:              4.9802	test_consensus_fraction_mean:  1.0000
test_ep_length_mean:      10.9438	test_episode_limit_mean:   0.0000	test_return_mean:         66.7000	test_return_median:       74.7000
test_return_std:          28.9035	test_success_mean:         1.0000	
[INFO 14:13:08] my_main Updated target network
[INFO 14:13:47] my_main Recent Stats | t_env:     724990 | Episode:    37245
consensus_fraction_mean:   0.9999	entropy_loss:              0.0012	ep_length_mean:           12.7723	episode_limit_mean:        0.0010
epsilon:                   0.0500	grad_norm:               333.5464	loss:                     45.1453	mi_loss:                   0.0210
q_taken_mean:              6.6249	return_mean:              57.3841	return_median:            69.3000	return_std:               41.1587
success_mean:              0.9990	target_mean:               6.6342	td_error_abs:              4.9665	test_consensus_fraction_mean:  1.0000
test_ep_length_mean:      10.9438	test_episode_limit_mean:   0.0000	test_return_mean:         66.7000	test_return_median:       74.7000
test_return_std:          28.9035	test_success_mean:         1.0000	
[INFO 14:15:53] my_main Recent Stats | t_env:     727015 | Episode:    37400
consensus_fraction_mean:   0.9999	entropy_loss:              0.0012	ep_length_mean:           12.7723	episode_limit_mean:        0.0010
epsilon:                   0.0500	grad_norm:               333.5464	loss:                     45.1453	mi_loss:                   0.0210
q_taken_mean:              6.6249	return_mean:              57.3841	return_median:            69.3000	return_std:               41.1587
success_mean:              0.9990	target_mean:               6.6342	td_error_abs:              4.9665	test_consensus_fraction_mean:  1.0000
test_ep_length_mean:      10.9438	test_episode_limit_mean:   0.0000	test_return_mean:         66.7000	test_return_median:       74.7000
test_return_std:          28.9035	test_success_mean:         1.0000	
[INFO 14:15:54] my_main Updated target network
[INFO 14:17:50] my_main Recent Stats | t_env:     729018 | Episode:    37537
consensus_fraction_mean:   0.9999	entropy_loss:              0.0012	ep_length_mean:           12.7723	episode_limit_mean:        0.0010
epsilon:                   0.0500	grad_norm:               333.5464	loss:                     45.1453	mi_loss:                   0.0210
q_taken_mean:              6.6249	return_mean:              57.3841	return_median:            69.3000	return_std:               41.1587
success_mean:              0.9990	target_mean:               6.6342	td_error_abs:              4.9665	test_consensus_fraction_mean:  1.0000
test_ep_length_mean:      10.9438	test_episode_limit_mean:   0.0000	test_return_mean:         66.7000	test_return_median:       74.7000
test_return_std:          28.9035	test_success_mean:         1.0000	
[INFO 14:18:45] my_main Updated target network
[INFO 14:19:58] my_main Recent Stats | t_env:     731024 | Episode:    37685
consensus_fraction_mean:   0.9999	entropy_loss:              0.0012	ep_length_mean:           12.7723	episode_limit_mean:        0.0010
epsilon:                   0.0500	grad_norm:               333.5464	loss:                     45.1453	mi_loss:                   0.0210
q_taken_mean:              6.6249	return_mean:              57.3841	return_median:            69.3000	return_std:               41.1587
success_mean:              0.9990	target_mean:               6.6342	td_error_abs:              4.9665	test_consensus_fraction_mean:  1.0000
test_ep_length_mean:      10.9438	test_episode_limit_mean:   0.0000	test_return_mean:         66.7000	test_return_median:       74.7000
test_return_std:          28.9035	test_success_mean:         1.0000	
[INFO 14:20:24] my_main t_env: 731566 / 2050000
[INFO 14:20:24] my_main Estimated time left: 22 hours, 54 minutes, 22 seconds. Time passed: 12 hours, 16 minutes, 0 seconds
[INFO 14:21:43] my_main Updated target network
[INFO 14:22:08] my_main Recent Stats | t_env:     733027 | Episode:    37832
consensus_fraction_mean:   0.9999	entropy_loss:              0.0012	ep_length_mean:           12.8349	episode_limit_mean:        0.0005
epsilon:                   0.0500	grad_norm:               333.5464	loss:                     45.1453	mi_loss:                   0.0210
q_taken_mean:              6.6249	return_mean:              57.0679	return_median:            69.3000	return_std:               40.7735
success_mean:              0.9995	target_mean:               6.6342	td_error_abs:              4.9665	test_consensus_fraction_mean:  1.0000
test_ep_length_mean:      11.0500	test_episode_limit_mean:   0.0000	test_return_mean:         66.8625	test_return_median:       75.9000
test_return_std:          29.4672	test_success_mean:         1.0000	
[INFO 14:24:09] my_main Recent Stats | t_env:     735028 | Episode:    37972
consensus_fraction_mean:   0.9999	entropy_loss:              0.0012	ep_length_mean:           12.8349	episode_limit_mean:        0.0005
epsilon:                   0.0500	grad_norm:               390.7600	loss:                     46.1525	mi_loss:                   0.0211
q_taken_mean:              6.7600	return_mean:              57.0679	return_median:            69.3000	return_std:               40.7735
success_mean:              0.9995	target_mean:               6.7858	td_error_abs:              5.0007	test_consensus_fraction_mean:  1.0000
test_ep_length_mean:      11.0500	test_episode_limit_mean:   0.0000	test_return_mean:         66.8625	test_return_median:       75.9000
test_return_std:          29.4672	test_success_mean:         1.0000	
[INFO 14:24:36] my_main Updated target network
[INFO 14:26:23] my_main Recent Stats | t_env:     737035 | Episode:    38127
consensus_fraction_mean:   0.9999	entropy_loss:              0.0012	ep_length_mean:           12.8349	episode_limit_mean:        0.0005
epsilon:                   0.0500	grad_norm:               390.7600	loss:                     46.1525	mi_loss:                   0.0211
q_taken_mean:              6.7600	return_mean:              57.0679	return_median:            69.3000	return_std:               40.7735
success_mean:              0.9995	target_mean:               6.7858	td_error_abs:              5.0007	test_consensus_fraction_mean:  1.0000
test_ep_length_mean:      11.0500	test_episode_limit_mean:   0.0000	test_return_mean:         66.8625	test_return_median:       75.9000
test_return_std:          29.4672	test_success_mean:         1.0000	
[INFO 14:27:24] my_main Updated target network
[INFO 14:28:37] my_main Recent Stats | t_env:     739037 | Episode:    38288
consensus_fraction_mean:   0.9999	entropy_loss:              0.0012	ep_length_mean:           12.8349	episode_limit_mean:        0.0005
epsilon:                   0.0500	grad_norm:               390.7600	loss:                     46.1525	mi_loss:                   0.0211
q_taken_mean:              6.7600	return_mean:              57.0679	return_median:            69.3000	return_std:               40.7735
success_mean:              0.9995	target_mean:               6.7858	td_error_abs:              5.0007	test_consensus_fraction_mean:  1.0000
test_ep_length_mean:      11.0500	test_episode_limit_mean:   0.0000	test_return_mean:         66.8625	test_return_median:       75.9000
test_return_std:          29.4672	test_success_mean:         1.0000	
[INFO 14:30:06] my_main Updated target network
[INFO 14:30:47] my_main Recent Stats | t_env:     741042 | Episode:    38445
consensus_fraction_mean:   0.9999	entropy_loss:              0.0012	ep_length_mean:           12.8349	episode_limit_mean:        0.0005
epsilon:                   0.0500	grad_norm:               390.7600	loss:                     46.1525	mi_loss:                   0.0211
q_taken_mean:              6.7600	return_mean:              57.0679	return_median:            69.3000	return_std:               40.7735
success_mean:              0.9995	target_mean:               6.7858	td_error_abs:              5.0007	test_consensus_fraction_mean:  1.0000
test_ep_length_mean:      11.0500	test_episode_limit_mean:   0.0000	test_return_mean:         66.8625	test_return_median:       75.9000
test_return_std:          29.4672	test_success_mean:         1.0000	
[INFO 14:31:32] my_main t_env: 741605 / 2050000
[INFO 14:31:32] my_main Estimated time left: 1 days, 9 minutes, 46 seconds. Time passed: 12 hours, 27 minutes, 8 seconds
[INFO 14:33:12] my_main Updated target network
[INFO 14:33:17] my_main Recent Stats | t_env:     743049 | Episode:    38607
consensus_fraction_mean:   0.9998	entropy_loss:              0.0012	ep_length_mean:           12.9407	episode_limit_mean:        0.0010
epsilon:                   0.0500	grad_norm:               390.7600	loss:                     46.1525	mi_loss:                   0.0211
q_taken_mean:              6.7600	return_mean:              56.8193	return_median:            69.1000	return_std:               41.8259
success_mean:              0.9990	target_mean:               6.7858	td_error_abs:              5.0007	test_consensus_fraction_mean:  1.0000
test_ep_length_mean:      12.1438	test_episode_limit_mean:   0.0000	test_return_mean:         62.8375	test_return_median:       72.0000
test_return_std:          32.6763	test_success_mean:         1.0000	
[INFO 14:35:32] my_main Recent Stats | t_env:     745053 | Episode:    38763
consensus_fraction_mean:   0.9998	entropy_loss:              0.0012	ep_length_mean:           12.9407	episode_limit_mean:        0.0010
epsilon:                   0.0500	grad_norm:               357.5228	loss:                     46.8313	mi_loss:                   0.0212
q_taken_mean:              6.7088	return_mean:              56.8193	return_median:            69.1000	return_std:               41.8259
success_mean:              0.9990	target_mean:               6.7488	td_error_abs:              5.0001	test_consensus_fraction_mean:  1.0000
test_ep_length_mean:      12.1438	test_episode_limit_mean:   0.0000	test_return_mean:         62.8375	test_return_median:       72.0000
test_return_std:          32.6763	test_success_mean:         1.0000	
[INFO 14:36:03] my_main Updated target network
[INFO 14:37:48] my_main Recent Stats | t_env:     747063 | Episode:    38926
consensus_fraction_mean:   0.9998	entropy_loss:              0.0012	ep_length_mean:           12.9407	episode_limit_mean:        0.0010
epsilon:                   0.0500	grad_norm:               357.5228	loss:                     46.8313	mi_loss:                   0.0212
q_taken_mean:              6.7088	return_mean:              56.8193	return_median:            69.1000	return_std:               41.8259
success_mean:              0.9990	target_mean:               6.7488	td_error_abs:              5.0001	test_consensus_fraction_mean:  1.0000
test_ep_length_mean:      12.1438	test_episode_limit_mean:   0.0000	test_return_mean:         62.8375	test_return_median:       72.0000
test_return_std:          32.6763	test_success_mean:         1.0000	
[INFO 14:38:50] my_main Updated target network
[INFO 14:39:59] my_main Recent Stats | t_env:     749071 | Episode:    39081
consensus_fraction_mean:   0.9998	entropy_loss:              0.0012	ep_length_mean:           12.9407	episode_limit_mean:        0.0010
epsilon:                   0.0500	grad_norm:               357.5228	loss:                     46.8313	mi_loss:                   0.0212
q_taken_mean:              6.7088	return_mean:              56.8193	return_median:            69.1000	return_std:               41.8259
success_mean:              0.9990	target_mean:               6.7488	td_error_abs:              5.0001	test_consensus_fraction_mean:  1.0000
test_ep_length_mean:      12.1438	test_episode_limit_mean:   0.0000	test_return_mean:         62.8375	test_return_median:       72.0000
test_return_std:          32.6763	test_success_mean:         1.0000	
[INFO 14:41:35] my_main Updated target network
[INFO 14:42:11] my_main Recent Stats | t_env:     751076 | Episode:    39243
consensus_fraction_mean:   0.9998	entropy_loss:              0.0012	ep_length_mean:           12.9407	episode_limit_mean:        0.0010
epsilon:                   0.0500	grad_norm:               357.5228	loss:                     46.8313	mi_loss:                   0.0212
q_taken_mean:              6.7088	return_mean:              56.8193	return_median:            69.1000	return_std:               41.8259
success_mean:              0.9990	target_mean:               6.7488	td_error_abs:              5.0001	test_consensus_fraction_mean:  1.0000
test_ep_length_mean:      12.1438	test_episode_limit_mean:   0.0000	test_return_mean:         62.8375	test_return_median:       72.0000
test_return_std:          32.6763	test_success_mean:         1.0000	
[INFO 14:42:46] my_main t_env: 751606 / 2050000
[INFO 14:42:46] my_main Estimated time left: 1 days, 19 minutes, 1 seconds. Time passed: 12 hours, 38 minutes, 22 seconds
[INFO 14:44:28] my_main Recent Stats | t_env:     753082 | Episode:    39394
consensus_fraction_mean:   0.9998	entropy_loss:              0.0012	ep_length_mean:           12.9270	episode_limit_mean:        0.0013
epsilon:                   0.0500	grad_norm:               357.5228	loss:                     46.8313	mi_loss:                   0.0212
q_taken_mean:              6.7088	return_mean:              56.7739	return_median:            69.3000	return_std:               42.3554
success_mean:              0.9987	target_mean:               6.7488	td_error_abs:              5.0001	test_consensus_fraction_mean:  1.0000
test_ep_length_mean:      11.9250	test_episode_limit_mean:   0.0000	test_return_mean:         63.6250	test_return_median:       71.4000
test_return_std:          29.6223	test_success_mean:         1.0000	
[INFO 14:44:33] my_main Updated target network
[INFO 14:46:38] my_main Recent Stats | t_env:     755111 | Episode:    39558
consensus_fraction_mean:   0.9998	entropy_loss:              0.0012	ep_length_mean:           12.9270	episode_limit_mean:        0.0013
epsilon:                   0.0500	grad_norm:               334.4135	loss:                     49.8508	mi_loss:                   0.0213
q_taken_mean:              6.5052	return_mean:              56.7739	return_median:            69.3000	return_std:               42.3554
success_mean:              0.9987	target_mean:               6.6048	td_error_abs:              5.0662	test_consensus_fraction_mean:  1.0000
test_ep_length_mean:      11.9250	test_episode_limit_mean:   0.0000	test_return_mean:         63.6250	test_return_median:       71.4000
test_return_std:          29.6223	test_success_mean:         1.0000	
[INFO 14:47:17] my_main Updated target network
[INFO 14:48:41] my_main Recent Stats | t_env:     757117 | Episode:    39709
consensus_fraction_mean:   0.9998	entropy_loss:              0.0012	ep_length_mean:           12.9270	episode_limit_mean:        0.0013
epsilon:                   0.0500	grad_norm:               334.4135	loss:                     49.8508	mi_loss:                   0.0213
q_taken_mean:              6.5052	return_mean:              56.7739	return_median:            69.3000	return_std:               42.3554
success_mean:              0.9987	target_mean:               6.6048	td_error_abs:              5.0662	test_consensus_fraction_mean:  1.0000
test_ep_length_mean:      11.9250	test_episode_limit_mean:   0.0000	test_return_mean:         63.6250	test_return_median:       71.4000
test_return_std:          29.6223	test_success_mean:         1.0000	
[INFO 14:50:00] my_main Updated target network
[INFO 14:51:01] my_main Recent Stats | t_env:     759123 | Episode:    39873
consensus_fraction_mean:   0.9998	entropy_loss:              0.0012	ep_length_mean:           12.9270	episode_limit_mean:        0.0013
epsilon:                   0.0500	grad_norm:               334.4135	loss:                     49.8508	mi_loss:                   0.0213
q_taken_mean:              6.5052	return_mean:              56.7739	return_median:            69.3000	return_std:               42.3554
success_mean:              0.9987	target_mean:               6.6048	td_error_abs:              5.0662	test_consensus_fraction_mean:  1.0000
test_ep_length_mean:      11.9250	test_episode_limit_mean:   0.0000	test_return_mean:         63.6250	test_return_median:       71.4000
test_return_std:          29.6223	test_success_mean:         1.0000	
[INFO 14:52:53] my_main Updated target network
[INFO 14:53:08] my_main Recent Stats | t_env:     761163 | Episode:    40017
consensus_fraction_mean:   0.9998	entropy_loss:              0.0012	ep_length_mean:           12.9270	episode_limit_mean:        0.0013
epsilon:                   0.0500	grad_norm:               334.4135	loss:                     49.8508	mi_loss:                   0.0213
q_taken_mean:              6.5052	return_mean:              56.7739	return_median:            69.3000	return_std:               42.3554
success_mean:              0.9987	target_mean:               6.6048	td_error_abs:              5.0662	test_consensus_fraction_mean:  1.0000
test_ep_length_mean:      11.9250	test_episode_limit_mean:   0.0000	test_return_mean:         63.6250	test_return_median:       71.4000
test_return_std:          29.6223	test_success_mean:         1.0000	
[INFO 14:53:43] my_main t_env: 761621 / 2050000
[INFO 14:53:43] my_main Estimated time left: 23 hours, 29 minutes, 11 seconds. Time passed: 12 hours, 49 minutes, 19 seconds
[INFO 14:55:31] my_main Recent Stats | t_env:     763218 | Episode:    40185
consensus_fraction_mean:   0.9998	entropy_loss:              0.0012	ep_length_mean:           12.9968	episode_limit_mean:        0.0013
epsilon:                   0.0500	grad_norm:               334.4135	loss:                     49.8508	mi_loss:                   0.0213
q_taken_mean:              6.5052	return_mean:              56.4742	return_median:            68.8000	return_std:               42.6709
success_mean:              0.9987	target_mean:               6.6048	td_error_abs:              5.0662	test_consensus_fraction_mean:  1.0000
test_ep_length_mean:      11.6438	test_episode_limit_mean:   0.0000	test_return_mean:         64.6688	test_return_median:       72.2000
test_return_std:          28.7649	test_success_mean:         1.0000	
[INFO 14:55:44] my_main Updated target network
[INFO 14:57:42] my_main Recent Stats | t_env:     765224 | Episode:    40338
consensus_fraction_mean:   0.9998	entropy_loss:              0.0011	ep_length_mean:           12.9968	episode_limit_mean:        0.0013
epsilon:                   0.0500	grad_norm:               368.7155	loss:                     52.1154	mi_loss:                   0.0213
q_taken_mean:              6.4954	return_mean:              56.4742	return_median:            68.8000	return_std:               42.6709
success_mean:              0.9987	target_mean:               6.5768	td_error_abs:              5.2057	test_consensus_fraction_mean:  1.0000
test_ep_length_mean:      11.6438	test_episode_limit_mean:   0.0000	test_return_mean:         64.6688	test_return_median:       72.2000
test_return_std:          28.7649	test_success_mean:         1.0000	
[INFO 14:58:36] my_main Updated target network
[INFO 15:00:01] my_main Recent Stats | t_env:     767233 | Episode:    40499
consensus_fraction_mean:   0.9998	entropy_loss:              0.0011	ep_length_mean:           12.9968	episode_limit_mean:        0.0013
epsilon:                   0.0500	grad_norm:               368.7155	loss:                     52.1154	mi_loss:                   0.0213
q_taken_mean:              6.4954	return_mean:              56.4742	return_median:            68.8000	return_std:               42.6709
success_mean:              0.9987	target_mean:               6.5768	td_error_abs:              5.2057	test_consensus_fraction_mean:  1.0000
test_ep_length_mean:      11.6438	test_episode_limit_mean:   0.0000	test_return_mean:         64.6688	test_return_median:       72.2000
test_return_std:          28.7649	test_success_mean:         1.0000	
[INFO 15:01:28] my_main Updated target network
[INFO 15:02:21] my_main Recent Stats | t_env:     769238 | Episode:    40663
consensus_fraction_mean:   0.9998	entropy_loss:              0.0011	ep_length_mean:           12.9968	episode_limit_mean:        0.0013
epsilon:                   0.0500	grad_norm:               368.7155	loss:                     52.1154	mi_loss:                   0.0213
q_taken_mean:              6.4954	return_mean:              56.4742	return_median:            68.8000	return_std:               42.6709
success_mean:              0.9987	target_mean:               6.5768	td_error_abs:              5.2057	test_consensus_fraction_mean:  1.0000
test_ep_length_mean:      11.6438	test_episode_limit_mean:   0.0000	test_return_mean:         64.6688	test_return_median:       72.2000
test_return_std:          28.7649	test_success_mean:         1.0000	
[INFO 15:04:21] my_main Updated target network
[INFO 15:04:37] my_main Recent Stats | t_env:     771252 | Episode:    40822
consensus_fraction_mean:   0.9998	entropy_loss:              0.0011	ep_length_mean:           12.9968	episode_limit_mean:        0.0013
epsilon:                   0.0500	grad_norm:               368.7155	loss:                     52.1154	mi_loss:                   0.0213
q_taken_mean:              6.4954	return_mean:              56.4742	return_median:            68.8000	return_std:               42.6709
success_mean:              0.9987	target_mean:               6.5768	td_error_abs:              5.2057	test_consensus_fraction_mean:  1.0000
test_ep_length_mean:      11.6438	test_episode_limit_mean:   0.0000	test_return_mean:         64.6688	test_return_median:       72.2000
test_return_std:          28.7649	test_success_mean:         1.0000	
[INFO 15:05:02] my_main t_env: 771636 / 2050000
[INFO 15:05:02] my_main Estimated time left: 1 days, 3 minutes, 54 seconds. Time passed: 13 hours, 38 seconds
[INFO 15:06:44] my_main Recent Stats | t_env:     773266 | Episode:    40963
consensus_fraction_mean:   0.9998	entropy_loss:              0.0011	ep_length_mean:           12.9361	episode_limit_mean:        0.0008
epsilon:                   0.0500	grad_norm:               368.7155	loss:                     52.1154	mi_loss:                   0.0213
q_taken_mean:              6.4954	return_mean:              56.7905	return_median:            69.0000	return_std:               42.2655
success_mean:              0.9992	target_mean:               6.5768	td_error_abs:              5.2057	test_consensus_fraction_mean:  1.0000
test_ep_length_mean:      12.4625	test_episode_limit_mean:   0.0000	test_return_mean:         61.3500	test_return_median:       69.4000
test_return_std:          30.5759	test_success_mean:         1.0000	
[INFO 15:07:17] my_main Updated target network
[INFO 15:08:54] my_main Recent Stats | t_env:     775313 | Episode:    41106
consensus_fraction_mean:   0.9998	entropy_loss:              0.0012	ep_length_mean:           12.9361	episode_limit_mean:        0.0008
epsilon:                   0.0500	grad_norm:               357.8381	loss:                     52.1337	mi_loss:                   0.0214
q_taken_mean:              6.3791	return_mean:              56.7905	return_median:            69.0000	return_std:               42.2655
success_mean:              0.9992	target_mean:               6.4508	td_error_abs:              5.1905	test_consensus_fraction_mean:  1.0000
test_ep_length_mean:      12.4625	test_episode_limit_mean:   0.0000	test_return_mean:         61.3500	test_return_median:       69.4000
test_return_std:          30.5759	test_success_mean:         1.0000	
[INFO 15:10:12] my_main Updated target network
[INFO 15:11:13] my_main Recent Stats | t_env:     777314 | Episode:    41278
consensus_fraction_mean:   0.9998	entropy_loss:              0.0012	ep_length_mean:           12.9361	episode_limit_mean:        0.0008
epsilon:                   0.0500	grad_norm:               357.8381	loss:                     52.1337	mi_loss:                   0.0214
q_taken_mean:              6.3791	return_mean:              56.7905	return_median:            69.0000	return_std:               42.2655
success_mean:              0.9992	target_mean:               6.4508	td_error_abs:              5.1905	test_consensus_fraction_mean:  1.0000
test_ep_length_mean:      12.4625	test_episode_limit_mean:   0.0000	test_return_mean:         61.3500	test_return_median:       69.4000
test_return_std:          30.5759	test_success_mean:         1.0000	
[INFO 15:12:59] my_main Updated target network
[INFO 15:13:24] my_main Recent Stats | t_env:     779321 | Episode:    41429
consensus_fraction_mean:   0.9998	entropy_loss:              0.0012	ep_length_mean:           12.9361	episode_limit_mean:        0.0008
epsilon:                   0.0500	grad_norm:               357.8381	loss:                     52.1337	mi_loss:                   0.0214
q_taken_mean:              6.3791	return_mean:              56.7905	return_median:            69.0000	return_std:               42.2655
success_mean:              0.9992	target_mean:               6.4508	td_error_abs:              5.1905	test_consensus_fraction_mean:  1.0000
test_ep_length_mean:      12.4625	test_episode_limit_mean:   0.0000	test_return_mean:         61.3500	test_return_median:       69.4000
test_return_std:          30.5759	test_success_mean:         1.0000	
[INFO 15:15:41] my_main Recent Stats | t_env:     781333 | Episode:    41589
consensus_fraction_mean:   0.9998	entropy_loss:              0.0012	ep_length_mean:           12.9361	episode_limit_mean:        0.0008
epsilon:                   0.0500	grad_norm:               357.8381	loss:                     52.1337	mi_loss:                   0.0214
q_taken_mean:              6.3791	return_mean:              56.7905	return_median:            69.0000	return_std:               42.2655
success_mean:              0.9992	target_mean:               6.4508	td_error_abs:              5.1905	test_consensus_fraction_mean:  1.0000
test_ep_length_mean:      12.4625	test_episode_limit_mean:   0.0000	test_return_mean:         61.3500	test_return_median:       69.4000
test_return_std:          30.5759	test_success_mean:         1.0000	
[INFO 15:15:50] my_main Updated target network
[INFO 15:15:59] my_main t_env: 781636 / 2050000
[INFO 15:15:59] my_main Estimated time left: 23 hours, 9 minutes, 14 seconds. Time passed: 13 hours, 11 minutes, 35 seconds
[INFO 15:17:42] my_main Recent Stats | t_env:     783333 | Episode:    41728
consensus_fraction_mean:   0.9998	entropy_loss:              0.0012	ep_length_mean:           12.8473	episode_limit_mean:        0.0008
epsilon:                   0.0500	grad_norm:               357.8381	loss:                     52.1337	mi_loss:                   0.0214
q_taken_mean:              6.3791	return_mean:              57.1839	return_median:            69.6000	return_std:               42.1243
success_mean:              0.9992	target_mean:               6.4508	td_error_abs:              5.1905	test_consensus_fraction_mean:  1.0000
test_ep_length_mean:      12.7000	test_episode_limit_mean:   0.0000	test_return_mean:         59.6187	test_return_median:       68.2000
test_return_std:          34.0469	test_success_mean:         1.0000	
[INFO 15:18:45] my_main Updated target network
[INFO 15:19:51] my_main Recent Stats | t_env:     785354 | Episode:    41878
consensus_fraction_mean:   0.9998	entropy_loss:              0.0012	ep_length_mean:           12.8473	episode_limit_mean:        0.0008
epsilon:                   0.0500	grad_norm:               311.9210	loss:                     51.9453	mi_loss:                   0.0215
q_taken_mean:              6.3391	return_mean:              57.1839	return_median:            69.6000	return_std:               42.1243
success_mean:              0.9992	target_mean:               6.3581	td_error_abs:              5.2993	test_consensus_fraction_mean:  1.0000
test_ep_length_mean:      12.7000	test_episode_limit_mean:   0.0000	test_return_mean:         59.6187	test_return_median:       68.2000
test_return_std:          34.0469	test_success_mean:         1.0000	
[INFO 15:21:40] my_main Updated target network
[INFO 15:21:54] my_main Recent Stats | t_env:     787354 | Episode:    42019
consensus_fraction_mean:   0.9998	entropy_loss:              0.0012	ep_length_mean:           12.8473	episode_limit_mean:        0.0008
epsilon:                   0.0500	grad_norm:               311.9210	loss:                     51.9453	mi_loss:                   0.0215
q_taken_mean:              6.3391	return_mean:              57.1839	return_median:            69.6000	return_std:               42.1243
success_mean:              0.9992	target_mean:               6.3581	td_error_abs:              5.2993	test_consensus_fraction_mean:  1.0000
test_ep_length_mean:      12.7000	test_episode_limit_mean:   0.0000	test_return_mean:         59.6187	test_return_median:       68.2000
test_return_std:          34.0469	test_success_mean:         1.0000	
[INFO 15:24:01] my_main Recent Stats | t_env:     789355 | Episode:    42162
consensus_fraction_mean:   0.9998	entropy_loss:              0.0012	ep_length_mean:           12.8473	episode_limit_mean:        0.0008
epsilon:                   0.0500	grad_norm:               311.9210	loss:                     51.9453	mi_loss:                   0.0215
q_taken_mean:              6.3391	return_mean:              57.1839	return_median:            69.6000	return_std:               42.1243
success_mean:              0.9992	target_mean:               6.3581	td_error_abs:              5.2993	test_consensus_fraction_mean:  1.0000
test_ep_length_mean:      12.7000	test_episode_limit_mean:   0.0000	test_return_mean:         59.6187	test_return_median:       68.2000
test_return_std:          34.0469	test_success_mean:         1.0000	
[INFO 15:24:37] my_main Updated target network
[INFO 15:26:14] my_main Recent Stats | t_env:     791360 | Episode:    42316
consensus_fraction_mean:   0.9998	entropy_loss:              0.0012	ep_length_mean:           12.8473	episode_limit_mean:        0.0008
epsilon:                   0.0500	grad_norm:               311.9210	loss:                     51.9453	mi_loss:                   0.0215
q_taken_mean:              6.3391	return_mean:              57.1839	return_median:            69.6000	return_std:               42.1243
success_mean:              0.9992	target_mean:               6.3581	td_error_abs:              5.2993	test_consensus_fraction_mean:  1.0000
test_ep_length_mean:      12.7000	test_episode_limit_mean:   0.0000	test_return_mean:         59.6187	test_return_median:       68.2000
test_return_std:          34.0469	test_success_mean:         1.0000	
[INFO 15:26:37] my_main t_env: 791649 / 2050000
[INFO 15:26:37] my_main Estimated time left: 22 hours, 17 minutes, 22 seconds. Time passed: 13 hours, 22 minutes, 14 seconds
[INFO 15:27:31] my_main Updated target network
[INFO 15:28:21] my_main Recent Stats | t_env:     793374 | Episode:    42460
consensus_fraction_mean:   1.0000	entropy_loss:              0.0012	ep_length_mean:           13.0188	episode_limit_mean:        0.0003
epsilon:                   0.0500	grad_norm:               311.9210	loss:                     51.9453	mi_loss:                   0.0215
q_taken_mean:              6.3391	return_mean:              56.6747	return_median:            69.0000	return_std:               41.8746
success_mean:              0.9997	target_mean:               6.3581	td_error_abs:              5.2993	test_consensus_fraction_mean:  1.0000
test_ep_length_mean:      11.8062	test_episode_limit_mean:   0.0000	test_return_mean:         62.5562	test_return_median:       68.5000
test_return_std:          30.3662	test_success_mean:         1.0000	
[INFO 15:30:16] my_main Recent Stats | t_env:     795375 | Episode:    42596
consensus_fraction_mean:   1.0000	entropy_loss:              0.0011	ep_length_mean:           13.0188	episode_limit_mean:        0.0003
epsilon:                   0.0500	grad_norm:               407.5543	loss:                     55.4856	mi_loss:                   0.0216
q_taken_mean:              6.3646	return_mean:              56.6747	return_median:            69.0000	return_std:               41.8746
success_mean:              0.9997	target_mean:               6.4219	td_error_abs:              5.4215	test_consensus_fraction_mean:  1.0000
test_ep_length_mean:      11.8062	test_episode_limit_mean:   0.0000	test_return_mean:         62.5562	test_return_median:       68.5000
test_return_std:          30.3662	test_success_mean:         1.0000	
[INFO 15:30:20] my_main Updated target network
[INFO 15:32:08] my_main Recent Stats | t_env:     797378 | Episode:    42721
consensus_fraction_mean:   1.0000	entropy_loss:              0.0011	ep_length_mean:           13.0188	episode_limit_mean:        0.0003
epsilon:                   0.0500	grad_norm:               407.5543	loss:                     55.4856	mi_loss:                   0.0216
q_taken_mean:              6.3646	return_mean:              56.6747	return_median:            69.0000	return_std:               41.8746
success_mean:              0.9997	target_mean:               6.4219	td_error_abs:              5.4215	test_consensus_fraction_mean:  1.0000
test_ep_length_mean:      11.8062	test_episode_limit_mean:   0.0000	test_return_mean:         62.5562	test_return_median:       68.5000
test_return_std:          30.3662	test_success_mean:         1.0000	
[INFO 15:33:15] my_main Updated target network
[INFO 15:34:24] my_main Recent Stats | t_env:     799387 | Episode:    42881
consensus_fraction_mean:   1.0000	entropy_loss:              0.0011	ep_length_mean:           13.0188	episode_limit_mean:        0.0003
epsilon:                   0.0500	grad_norm:               407.5543	loss:                     55.4856	mi_loss:                   0.0216
q_taken_mean:              6.3646	return_mean:              56.6747	return_median:            69.0000	return_std:               41.8746
success_mean:              0.9997	target_mean:               6.4219	td_error_abs:              5.4215	test_consensus_fraction_mean:  1.0000
test_ep_length_mean:      11.8062	test_episode_limit_mean:   0.0000	test_return_mean:         62.5562	test_return_median:       68.5000
test_return_std:          30.3662	test_success_mean:         1.0000	
[INFO 15:36:08] my_main Updated target network
[INFO 15:36:27] my_main Recent Stats | t_env:     801387 | Episode:    43024
consensus_fraction_mean:   1.0000	entropy_loss:              0.0011	ep_length_mean:           13.0188	episode_limit_mean:        0.0003
epsilon:                   0.0500	grad_norm:               407.5543	loss:                     55.4856	mi_loss:                   0.0216
q_taken_mean:              6.3646	return_mean:              56.6747	return_median:            69.0000	return_std:               41.8746
success_mean:              0.9997	target_mean:               6.4219	td_error_abs:              5.4215	test_consensus_fraction_mean:  1.0000
test_ep_length_mean:      11.8062	test_episode_limit_mean:   0.0000	test_return_mean:         62.5562	test_return_median:       68.5000
test_return_std:          30.3662	test_success_mean:         1.0000	
[INFO 15:36:45] my_main t_env: 801652 / 2050000
[INFO 15:36:45] my_main Estimated time left: 21 hours, 3 minutes, 35 seconds. Time passed: 13 hours, 32 minutes, 21 seconds
[INFO 15:38:30] my_main Recent Stats | t_env:     803393 | Episode:    43161
consensus_fraction_mean:   0.9999	entropy_loss:              0.0011	ep_length_mean:           13.3142	episode_limit_mean:        0.0006
epsilon:                   0.0500	grad_norm:               407.5543	loss:                     55.4856	mi_loss:                   0.0216
q_taken_mean:              6.3646	return_mean:              55.3654	return_median:            68.2000	return_std:               44.1937
success_mean:              0.9994	target_mean:               6.4219	td_error_abs:              5.4215	test_consensus_fraction_mean:  1.0000
test_ep_length_mean:      12.1938	test_episode_limit_mean:   0.0000	test_return_mean:         60.8188	test_return_median:       67.8000
test_return_std:          31.9393	test_success_mean:         1.0000	
[INFO 15:39:05] my_main Updated target network
[INFO 15:40:39] my_main Recent Stats | t_env:     805406 | Episode:    43305
consensus_fraction_mean:   0.9999	entropy_loss:              0.0011	ep_length_mean:           13.3142	episode_limit_mean:        0.0006
epsilon:                   0.0500	grad_norm:               384.1966	loss:                     56.6889	mi_loss:                   0.0217
q_taken_mean:              6.5464	return_mean:              55.3654	return_median:            68.2000	return_std:               44.1937
success_mean:              0.9994	target_mean:               6.5588	td_error_abs:              5.5795	test_consensus_fraction_mean:  1.0000
test_ep_length_mean:      12.1938	test_episode_limit_mean:   0.0000	test_return_mean:         60.8188	test_return_median:       67.8000
test_return_std:          31.9393	test_success_mean:         1.0000	
[INFO 15:41:55] my_main Updated target network
[INFO 15:42:57] my_main Recent Stats | t_env:     807408 | Episode:    43477
consensus_fraction_mean:   0.9999	entropy_loss:              0.0011	ep_length_mean:           13.3142	episode_limit_mean:        0.0006
epsilon:                   0.0500	grad_norm:               384.1966	loss:                     56.6889	mi_loss:                   0.0217
q_taken_mean:              6.5464	return_mean:              55.3654	return_median:            68.2000	return_std:               44.1937
success_mean:              0.9994	target_mean:               6.5588	td_error_abs:              5.5795	test_consensus_fraction_mean:  1.0000
test_ep_length_mean:      12.1938	test_episode_limit_mean:   0.0000	test_return_mean:         60.8188	test_return_median:       67.8000
test_return_std:          31.9393	test_success_mean:         1.0000	
[INFO 15:44:37] my_main Updated target network
[INFO 15:45:11] my_main Recent Stats | t_env:     809424 | Episode:    43641
consensus_fraction_mean:   0.9999	entropy_loss:              0.0011	ep_length_mean:           13.3142	episode_limit_mean:        0.0006
epsilon:                   0.0500	grad_norm:               384.1966	loss:                     56.6889	mi_loss:                   0.0217
q_taken_mean:              6.5464	return_mean:              55.3654	return_median:            68.2000	return_std:               44.1937
success_mean:              0.9994	target_mean:               6.5588	td_error_abs:              5.5795	test_consensus_fraction_mean:  1.0000
test_ep_length_mean:      12.1938	test_episode_limit_mean:   0.0000	test_return_mean:         60.8188	test_return_median:       67.8000
test_return_std:          31.9393	test_success_mean:         1.0000	
[INFO 15:47:25] my_main Updated target network
[INFO 15:47:25] my_main Recent Stats | t_env:     811433 | Episode:    43801
consensus_fraction_mean:   0.9999	entropy_loss:              0.0011	ep_length_mean:           13.3142	episode_limit_mean:        0.0006
epsilon:                   0.0500	grad_norm:               384.1966	loss:                     56.6889	mi_loss:                   0.0217
q_taken_mean:              6.5464	return_mean:              55.3654	return_median:            68.2000	return_std:               44.1937
success_mean:              0.9994	target_mean:               6.5588	td_error_abs:              5.5795	test_consensus_fraction_mean:  1.0000
test_ep_length_mean:      12.1938	test_episode_limit_mean:   0.0000	test_return_mean:         60.8188	test_return_median:       67.8000
test_return_std:          31.9393	test_success_mean:         1.0000	
[INFO 15:47:38] my_main t_env: 811665 / 2050000
[INFO 15:47:38] my_main Estimated time left: 22 hours, 26 minutes, 50 seconds. Time passed: 13 hours, 43 minutes, 15 seconds
[INFO 15:49:44] my_main Recent Stats | t_env:     813449 | Episode:    43960
consensus_fraction_mean:   0.9999	entropy_loss:              0.0011	ep_length_mean:           13.3303	episode_limit_mean:        0.0006
epsilon:                   0.0500	grad_norm:               384.1966	loss:                     56.6889	mi_loss:                   0.0217
q_taken_mean:              6.5464	return_mean:              55.0423	return_median:            67.8000	return_std:               44.7566
success_mean:              0.9994	target_mean:               6.5588	td_error_abs:              5.5795	test_consensus_fraction_mean:  1.0000
test_ep_length_mean:      12.5938	test_episode_limit_mean:   0.0000	test_return_mean:         58.8750	test_return_median:       67.5000
test_return_std:          35.5134	test_success_mean:         1.0000	
[INFO 15:50:20] my_main Updated target network
[INFO 15:52:04] my_main Recent Stats | t_env:     815458 | Episode:    44126
consensus_fraction_mean:   0.9999	entropy_loss:              0.0011	ep_length_mean:           13.3303	episode_limit_mean:        0.0006
epsilon:                   0.0500	grad_norm:               363.6575	loss:                     58.7838	mi_loss:                   0.0218
q_taken_mean:              6.4589	return_mean:              55.0423	return_median:            67.8000	return_std:               44.7566
success_mean:              0.9994	target_mean:               6.4875	td_error_abs:              5.6225	test_consensus_fraction_mean:  1.0000
test_ep_length_mean:      12.5938	test_episode_limit_mean:   0.0000	test_return_mean:         58.8750	test_return_median:       67.5000
test_return_std:          35.5134	test_success_mean:         1.0000	
[INFO 15:53:07] my_main Updated target network
[INFO 15:54:19] my_main Recent Stats | t_env:     817553 | Episode:    44288
consensus_fraction_mean:   0.9999	entropy_loss:              0.0011	ep_length_mean:           13.3303	episode_limit_mean:        0.0006
epsilon:                   0.0500	grad_norm:               363.6575	loss:                     58.7838	mi_loss:                   0.0218
q_taken_mean:              6.4589	return_mean:              55.0423	return_median:            67.8000	return_std:               44.7566
success_mean:              0.9994	target_mean:               6.4875	td_error_abs:              5.6225	test_consensus_fraction_mean:  1.0000
test_ep_length_mean:      12.5938	test_episode_limit_mean:   0.0000	test_return_mean:         58.8750	test_return_median:       67.5000
test_return_std:          35.5134	test_success_mean:         1.0000	
[INFO 15:55:58] my_main Updated target network
[INFO 15:56:23] my_main Recent Stats | t_env:     819562 | Episode:    44432
consensus_fraction_mean:   0.9999	entropy_loss:              0.0011	ep_length_mean:           13.3303	episode_limit_mean:        0.0006
epsilon:                   0.0500	grad_norm:               363.6575	loss:                     58.7838	mi_loss:                   0.0218
q_taken_mean:              6.4589	return_mean:              55.0423	return_median:            67.8000	return_std:               44.7566
success_mean:              0.9994	target_mean:               6.4875	td_error_abs:              5.6225	test_consensus_fraction_mean:  1.0000
test_ep_length_mean:      12.5938	test_episode_limit_mean:   0.0000	test_return_mean:         58.8750	test_return_median:       67.5000
test_return_std:          35.5134	test_success_mean:         1.0000	
[INFO 15:58:23] my_main Recent Stats | t_env:     821563 | Episode:    44568
consensus_fraction_mean:   0.9999	entropy_loss:              0.0011	ep_length_mean:           13.3303	episode_limit_mean:        0.0006
epsilon:                   0.0500	grad_norm:               363.6575	loss:                     58.7838	mi_loss:                   0.0218
q_taken_mean:              6.4589	return_mean:              55.0423	return_median:            67.8000	return_std:               44.7566
success_mean:              0.9994	target_mean:               6.4875	td_error_abs:              5.6225	test_consensus_fraction_mean:  1.0000
test_ep_length_mean:      12.5938	test_episode_limit_mean:   0.0000	test_return_mean:         58.8750	test_return_median:       67.5000
test_return_std:          35.5134	test_success_mean:         1.0000	
[INFO 15:58:29] my_main t_env: 821670 / 2050000
[INFO 15:58:29] my_main Estimated time left: 22 hours, 11 minutes, 25 seconds. Time passed: 13 hours, 54 minutes, 5 seconds
[INFO 15:58:55] my_main Updated target network
[INFO 16:00:28] my_main Recent Stats | t_env:     823580 | Episode:    44706
consensus_fraction_mean:   0.9999	entropy_loss:              0.0011	ep_length_mean:           13.4513	episode_limit_mean:        0.0008
epsilon:                   0.0500	grad_norm:               363.6575	loss:                     58.7838	mi_loss:                   0.0218
q_taken_mean:              6.4589	return_mean:              54.1808	return_median:            67.4000	return_std:               45.8759
success_mean:              0.9992	target_mean:               6.4875	td_error_abs:              5.6225	test_consensus_fraction_mean:  1.0000
test_ep_length_mean:      11.4312	test_episode_limit_mean:   0.0000	test_return_mean:         63.0875	test_return_median:       71.4000
test_return_std:          34.0180	test_success_mean:         1.0000	
[INFO 16:01:50] my_main Updated target network
[INFO 16:02:32] my_main Recent Stats | t_env:     825584 | Episode:    44848
consensus_fraction_mean:   0.9999	entropy_loss:              0.0012	ep_length_mean:           13.4513	episode_limit_mean:        0.0008
epsilon:                   0.0500	grad_norm:               308.7300	loss:                     58.8361	mi_loss:                   0.0219
q_taken_mean:              6.4530	return_mean:              54.1808	return_median:            67.4000	return_std:               45.8759
success_mean:              0.9992	target_mean:               6.4657	td_error_abs:              5.6382	test_consensus_fraction_mean:  1.0000
test_ep_length_mean:      11.4312	test_episode_limit_mean:   0.0000	test_return_mean:         63.0875	test_return_median:       71.4000
test_return_std:          34.0180	test_success_mean:         1.0000	
[INFO 16:04:41] my_main Updated target network
[INFO 16:04:43] my_main Recent Stats | t_env:     827588 | Episode:    45003
consensus_fraction_mean:   0.9999	entropy_loss:              0.0012	ep_length_mean:           13.4513	episode_limit_mean:        0.0008
epsilon:                   0.0500	grad_norm:               308.7300	loss:                     58.8361	mi_loss:                   0.0219
q_taken_mean:              6.4530	return_mean:              54.1808	return_median:            67.4000	return_std:               45.8759
success_mean:              0.9992	target_mean:               6.4657	td_error_abs:              5.6382	test_consensus_fraction_mean:  1.0000
test_ep_length_mean:      11.4312	test_episode_limit_mean:   0.0000	test_return_mean:         63.0875	test_return_median:       71.4000
test_return_std:          34.0180	test_success_mean:         1.0000	
[INFO 16:06:42] my_main Recent Stats | t_env:     829588 | Episode:    45142
consensus_fraction_mean:   0.9999	entropy_loss:              0.0012	ep_length_mean:           13.4513	episode_limit_mean:        0.0008
epsilon:                   0.0500	grad_norm:               308.7300	loss:                     58.8361	mi_loss:                   0.0219
q_taken_mean:              6.4530	return_mean:              54.1808	return_median:            67.4000	return_std:               45.8759
success_mean:              0.9992	target_mean:               6.4657	td_error_abs:              5.6382	test_consensus_fraction_mean:  1.0000
test_ep_length_mean:      11.4312	test_episode_limit_mean:   0.0000	test_return_mean:         63.0875	test_return_median:       71.4000
test_return_std:          34.0180	test_success_mean:         1.0000	
[INFO 16:07:33] my_main Updated target network
[INFO 16:08:32] my_main Recent Stats | t_env:     831611 | Episode:    45270
consensus_fraction_mean:   0.9999	entropy_loss:              0.0012	ep_length_mean:           13.4513	episode_limit_mean:        0.0008
epsilon:                   0.0500	grad_norm:               308.7300	loss:                     58.8361	mi_loss:                   0.0219
q_taken_mean:              6.4530	return_mean:              54.1808	return_median:            67.4000	return_std:               45.8759
success_mean:              0.9992	target_mean:               6.4657	td_error_abs:              5.6382	test_consensus_fraction_mean:  1.0000
test_ep_length_mean:      11.4312	test_episode_limit_mean:   0.0000	test_return_mean:         63.0875	test_return_median:       71.4000
test_return_std:          34.0180	test_success_mean:         1.0000	
[INFO 16:08:36] my_main t_env: 831676 / 2050000
[INFO 16:08:36] my_main Estimated time left: 20 hours, 31 minutes, 8 seconds. Time passed: 14 hours, 4 minutes, 12 seconds
[INFO 16:10:23] my_main Updated target network
[INFO 16:10:42] my_main Recent Stats | t_env:     833636 | Episode:    45421
consensus_fraction_mean:   0.9997	entropy_loss:              0.0012	ep_length_mean:           13.6861	episode_limit_mean:        0.0011
epsilon:                   0.0500	grad_norm:               308.7300	loss:                     58.8361	mi_loss:                   0.0219
q_taken_mean:              6.4530	return_mean:              53.0683	return_median:            66.8000	return_std:               47.1609
success_mean:              0.9989	target_mean:               6.4657	td_error_abs:              5.6382	test_consensus_fraction_mean:  1.0000
test_ep_length_mean:      10.9875	test_episode_limit_mean:   0.0000	test_return_mean:         65.3625	test_return_median:       70.5000
test_return_std:          28.7892	test_success_mean:         1.0000	
[INFO 16:12:46] my_main Recent Stats | t_env:     835637 | Episode:    45563
consensus_fraction_mean:   0.9997	entropy_loss:              0.0012	ep_length_mean:           13.6861	episode_limit_mean:        0.0011
epsilon:                   0.0500	grad_norm:               285.8175	loss:                     57.3553	mi_loss:                   0.0220
q_taken_mean:              6.4327	return_mean:              53.0683	return_median:            66.8000	return_std:               47.1609
success_mean:              0.9989	target_mean:               6.4538	td_error_abs:              5.5478	test_consensus_fraction_mean:  1.0000
test_ep_length_mean:      10.9875	test_episode_limit_mean:   0.0000	test_return_mean:         65.3625	test_return_median:       70.5000
test_return_std:          28.7892	test_success_mean:         1.0000	
[INFO 16:13:17] my_main Updated target network
[INFO 16:15:11] my_main Recent Stats | t_env:     837642 | Episode:    45730
consensus_fraction_mean:   0.9997	entropy_loss:              0.0012	ep_length_mean:           13.6861	episode_limit_mean:        0.0011
epsilon:                   0.0500	grad_norm:               285.8175	loss:                     57.3553	mi_loss:                   0.0220
q_taken_mean:              6.4327	return_mean:              53.0683	return_median:            66.8000	return_std:               47.1609
success_mean:              0.9989	target_mean:               6.4538	td_error_abs:              5.5478	test_consensus_fraction_mean:  1.0000
test_ep_length_mean:      10.9875	test_episode_limit_mean:   0.0000	test_return_mean:         65.3625	test_return_median:       70.5000
test_return_std:          28.7892	test_success_mean:         1.0000	
[INFO 16:16:15] my_main Updated target network
[INFO 16:17:20] my_main Recent Stats | t_env:     839655 | Episode:    45875
consensus_fraction_mean:   0.9997	entropy_loss:              0.0012	ep_length_mean:           13.6861	episode_limit_mean:        0.0011
epsilon:                   0.0500	grad_norm:               285.8175	loss:                     57.3553	mi_loss:                   0.0220
q_taken_mean:              6.4327	return_mean:              53.0683	return_median:            66.8000	return_std:               47.1609
success_mean:              0.9989	target_mean:               6.4538	td_error_abs:              5.5478	test_consensus_fraction_mean:  1.0000
test_ep_length_mean:      10.9875	test_episode_limit_mean:   0.0000	test_return_mean:         65.3625	test_return_median:       70.5000
test_return_std:          28.7892	test_success_mean:         1.0000	
[INFO 16:19:04] my_main Updated target network
[INFO 16:19:32] my_main Recent Stats | t_env:     841666 | Episode:    46032
consensus_fraction_mean:   0.9997	entropy_loss:              0.0012	ep_length_mean:           13.6861	episode_limit_mean:        0.0011
epsilon:                   0.0500	grad_norm:               285.8175	loss:                     57.3553	mi_loss:                   0.0220
q_taken_mean:              6.4327	return_mean:              53.0683	return_median:            66.8000	return_std:               47.1609
success_mean:              0.9989	target_mean:               6.4538	td_error_abs:              5.5478	test_consensus_fraction_mean:  1.0000
test_ep_length_mean:      10.9875	test_episode_limit_mean:   0.0000	test_return_mean:         65.3625	test_return_median:       70.5000
test_return_std:          28.7892	test_success_mean:         1.0000	
[INFO 16:19:33] my_main t_env: 841676 / 2050000
[INFO 16:19:33] my_main Estimated time left: 22 hours, 3 minutes, 37 seconds. Time passed: 14 hours, 15 minutes, 9 seconds
[INFO 16:21:40] my_main Recent Stats | t_env:     843666 | Episode:    46171
consensus_fraction_mean:   0.9997	entropy_loss:              0.0012	ep_length_mean:           13.5854	episode_limit_mean:        0.0011
epsilon:                   0.0500	grad_norm:               285.8175	loss:                     57.3553	mi_loss:                   0.0220
q_taken_mean:              6.4327	return_mean:              53.2582	return_median:            66.8000	return_std:               46.8370
success_mean:              0.9989	target_mean:               6.4538	td_error_abs:              5.5478	test_consensus_fraction_mean:  1.0000
test_ep_length_mean:      11.3813	test_episode_limit_mean:   0.0000	test_return_mean:         65.1937	test_return_median:       72.8000
test_return_std:          29.7684	test_success_mean:         1.0000	
[INFO 16:22:08] my_main Updated target network
[INFO 16:23:58] my_main Recent Stats | t_env:     845695 | Episode:    46329
consensus_fraction_mean:   0.9997	entropy_loss:              0.0012	ep_length_mean:           13.5854	episode_limit_mean:        0.0011
epsilon:                   0.0500	grad_norm:               225.6817	loss:                     52.3753	mi_loss:                   0.0221
q_taken_mean:              6.4577	return_mean:              53.2582	return_median:            66.8000	return_std:               46.8370
success_mean:              0.9989	target_mean:               6.4192	td_error_abs:              5.4167	test_consensus_fraction_mean:  1.0000
test_ep_length_mean:      11.3813	test_episode_limit_mean:   0.0000	test_return_mean:         65.1937	test_return_median:       72.8000
test_return_std:          29.7684	test_success_mean:         1.0000	
[INFO 16:25:01] my_main Updated target network
[INFO 16:26:11] my_main Recent Stats | t_env:     847701 | Episode:    46478
consensus_fraction_mean:   0.9997	entropy_loss:              0.0012	ep_length_mean:           13.5854	episode_limit_mean:        0.0011
epsilon:                   0.0500	grad_norm:               225.6817	loss:                     52.3753	mi_loss:                   0.0221
q_taken_mean:              6.4577	return_mean:              53.2582	return_median:            66.8000	return_std:               46.8370
success_mean:              0.9989	target_mean:               6.4192	td_error_abs:              5.4167	test_consensus_fraction_mean:  1.0000
test_ep_length_mean:      11.3813	test_episode_limit_mean:   0.0000	test_return_mean:         65.1937	test_return_median:       72.8000
test_return_std:          29.7684	test_success_mean:         1.0000	
[INFO 16:28:03] my_main Updated target network
[INFO 16:28:24] my_main Recent Stats | t_env:     849736 | Episode:    46623
consensus_fraction_mean:   0.9997	entropy_loss:              0.0012	ep_length_mean:           13.5854	episode_limit_mean:        0.0011
epsilon:                   0.0500	grad_norm:               225.6817	loss:                     52.3753	mi_loss:                   0.0221
q_taken_mean:              6.4577	return_mean:              53.2582	return_median:            66.8000	return_std:               46.8370
success_mean:              0.9989	target_mean:               6.4192	td_error_abs:              5.4167	test_consensus_fraction_mean:  1.0000
test_ep_length_mean:      11.3813	test_episode_limit_mean:   0.0000	test_return_mean:         65.1937	test_return_median:       72.8000
test_return_std:          29.7684	test_success_mean:         1.0000	
[INFO 16:30:20] my_main t_env: 851676 / 2050000
[INFO 16:30:20] my_main Estimated time left: 21 hours, 31 minutes, 40 seconds. Time passed: 14 hours, 25 minutes, 56 seconds
[INFO 16:30:28] my_main Recent Stats | t_env:     851739 | Episode:    46765
consensus_fraction_mean:   0.9999	entropy_loss:              0.0012	ep_length_mean:           13.4865	episode_limit_mean:        0.0006
epsilon:                   0.0500	grad_norm:               225.6817	loss:                     52.3753	mi_loss:                   0.0221
q_taken_mean:              6.4577	return_mean:              53.9997	return_median:            67.0000	return_std:               44.7409
success_mean:              0.9994	target_mean:               6.4192	td_error_abs:              5.4167	test_consensus_fraction_mean:  1.0000
test_ep_length_mean:      11.1187	test_episode_limit_mean:   0.0000	test_return_mean:         66.3812	test_return_median:       73.0000
test_return_std:          28.7171	test_success_mean:         1.0000	
[INFO 16:30:59] my_main Updated target network
[INFO 16:32:38] my_main Recent Stats | t_env:     853745 | Episode:    46909
consensus_fraction_mean:   0.9999	entropy_loss:              0.0012	ep_length_mean:           13.4865	episode_limit_mean:        0.0006
epsilon:                   0.0500	grad_norm:               225.6817	loss:                     52.3753	mi_loss:                   0.0221
q_taken_mean:              6.4577	return_mean:              53.9997	return_median:            67.0000	return_std:               44.7409
success_mean:              0.9994	target_mean:               6.4192	td_error_abs:              5.4167	test_consensus_fraction_mean:  1.0000
test_ep_length_mean:      11.1187	test_episode_limit_mean:   0.0000	test_return_mean:         66.3812	test_return_median:       73.0000
test_return_std:          28.7171	test_success_mean:         1.0000	
[INFO 16:33:58] my_main Updated target network
[INFO 16:34:47] my_main Recent Stats | t_env:     855763 | Episode:    47059
consensus_fraction_mean:   0.9999	entropy_loss:              0.0011	ep_length_mean:           13.4865	episode_limit_mean:        0.0006
epsilon:                   0.0500	grad_norm:               214.8830	loss:                     55.9903	mi_loss:                   0.0222
q_taken_mean:              6.4926	return_mean:              53.9997	return_median:            67.0000	return_std:               44.7409
success_mean:              0.9994	target_mean:               6.4672	td_error_abs:              5.5306	test_consensus_fraction_mean:  1.0000
test_ep_length_mean:      11.1187	test_episode_limit_mean:   0.0000	test_return_mean:         66.3812	test_return_median:       73.0000
test_return_std:          28.7171	test_success_mean:         1.0000	
[INFO 16:36:45] my_main Updated target network
[INFO 16:37:00] my_main Recent Stats | t_env:     857776 | Episode:    47216
consensus_fraction_mean:   0.9999	entropy_loss:              0.0011	ep_length_mean:           13.4865	episode_limit_mean:        0.0006
epsilon:                   0.0500	grad_norm:               214.8830	loss:                     55.9903	mi_loss:                   0.0222
q_taken_mean:              6.4926	return_mean:              53.9997	return_median:            67.0000	return_std:               44.7409
success_mean:              0.9994	target_mean:               6.4672	td_error_abs:              5.5306	test_consensus_fraction_mean:  1.0000
test_ep_length_mean:      11.1187	test_episode_limit_mean:   0.0000	test_return_mean:         66.3812	test_return_median:       73.0000
test_return_std:          28.7171	test_success_mean:         1.0000	
[INFO 16:39:22] my_main Recent Stats | t_env:     859777 | Episode:    47382
consensus_fraction_mean:   0.9999	entropy_loss:              0.0011	ep_length_mean:           13.4865	episode_limit_mean:        0.0006
epsilon:                   0.0500	grad_norm:               214.8830	loss:                     55.9903	mi_loss:                   0.0222
q_taken_mean:              6.4926	return_mean:              53.9997	return_median:            67.0000	return_std:               44.7409
success_mean:              0.9994	target_mean:               6.4672	td_error_abs:              5.5306	test_consensus_fraction_mean:  1.0000
test_ep_length_mean:      11.1187	test_episode_limit_mean:   0.0000	test_return_mean:         66.3812	test_return_median:       73.0000
test_return_std:          28.7171	test_success_mean:         1.0000	
[INFO 16:39:37] my_main Updated target network
[INFO 16:41:22] my_main t_env: 861681 / 2050000
[INFO 16:41:22] my_main Estimated time left: 21 hours, 50 minutes, 7 seconds. Time passed: 14 hours, 36 minutes, 58 seconds
[INFO 16:41:32] my_main Recent Stats | t_env:     861779 | Episode:    47530
consensus_fraction_mean:   0.9999	entropy_loss:              0.0011	ep_length_mean:           13.5150	episode_limit_mean:        0.0006
epsilon:                   0.0500	grad_norm:               214.8830	loss:                     55.9903	mi_loss:                   0.0222
q_taken_mean:              6.4926	return_mean:              54.0486	return_median:            67.6000	return_std:               44.4338
success_mean:              0.9994	target_mean:               6.4672	td_error_abs:              5.5306	test_consensus_fraction_mean:  1.0000
test_ep_length_mean:      11.4062	test_episode_limit_mean:   0.0000	test_return_mean:         66.7188	test_return_median:       72.9000
test_return_std:          27.3081	test_success_mean:         1.0000	
[INFO 16:42:31] my_main Updated target network
[INFO 16:43:57] my_main Recent Stats | t_env:     863784 | Episode:    47701
consensus_fraction_mean:   0.9999	entropy_loss:              0.0011	ep_length_mean:           13.5150	episode_limit_mean:        0.0006
epsilon:                   0.0500	grad_norm:               214.8830	loss:                     55.9903	mi_loss:                   0.0222
q_taken_mean:              6.4926	return_mean:              54.0486	return_median:            67.6000	return_std:               44.4338
success_mean:              0.9994	target_mean:               6.4672	td_error_abs:              5.5306	test_consensus_fraction_mean:  1.0000
test_ep_length_mean:      11.4062	test_episode_limit_mean:   0.0000	test_return_mean:         66.7188	test_return_median:       72.9000
test_return_std:          27.3081	test_success_mean:         1.0000	
[INFO 16:45:18] my_main Updated target network
[INFO 16:46:00] my_main Recent Stats | t_env:     865808 | Episode:    47852
consensus_fraction_mean:   0.9999	entropy_loss:              0.0012	ep_length_mean:           13.5150	episode_limit_mean:        0.0006
epsilon:                   0.0500	grad_norm:               238.1938	loss:                     56.6612	mi_loss:                   0.0221
q_taken_mean:              6.3441	return_mean:              54.0486	return_median:            67.6000	return_std:               44.4338
success_mean:              0.9994	target_mean:               6.3366	td_error_abs:              5.5563	test_consensus_fraction_mean:  1.0000
test_ep_length_mean:      11.4062	test_episode_limit_mean:   0.0000	test_return_mean:         66.7188	test_return_median:       72.9000
test_return_std:          27.3081	test_success_mean:         1.0000	
[INFO 16:48:03] my_main Updated target network
[INFO 16:48:11] my_main Recent Stats | t_env:     867809 | Episode:    48011
consensus_fraction_mean:   0.9999	entropy_loss:              0.0012	ep_length_mean:           13.5150	episode_limit_mean:        0.0006
epsilon:                   0.0500	grad_norm:               238.1938	loss:                     56.6612	mi_loss:                   0.0221
q_taken_mean:              6.3441	return_mean:              54.0486	return_median:            67.6000	return_std:               44.4338
success_mean:              0.9994	target_mean:               6.3366	td_error_abs:              5.5563	test_consensus_fraction_mean:  1.0000
test_ep_length_mean:      11.4062	test_episode_limit_mean:   0.0000	test_return_mean:         66.7188	test_return_median:       72.9000
test_return_std:          27.3081	test_success_mean:         1.0000	
[INFO 16:50:18] my_main Recent Stats | t_env:     869809 | Episode:    48164
consensus_fraction_mean:   0.9999	entropy_loss:              0.0012	ep_length_mean:           13.5150	episode_limit_mean:        0.0006
epsilon:                   0.0500	grad_norm:               238.1938	loss:                     56.6612	mi_loss:                   0.0221
q_taken_mean:              6.3441	return_mean:              54.0486	return_median:            67.6000	return_std:               44.4338
success_mean:              0.9994	target_mean:               6.3366	td_error_abs:              5.5563	test_consensus_fraction_mean:  1.0000
test_ep_length_mean:      11.4062	test_episode_limit_mean:   0.0000	test_return_mean:         66.7188	test_return_median:       72.9000
test_return_std:          27.3081	test_success_mean:         1.0000	
[INFO 16:50:48] my_main Updated target network
[INFO 16:52:23] my_main t_env: 871695 / 2050000
[INFO 16:52:23] my_main Estimated time left: 21 hours, 36 minutes, 41 seconds. Time passed: 14 hours, 47 minutes, 59 seconds
[INFO 16:52:31] my_main Recent Stats | t_env:     871831 | Episode:    48324
consensus_fraction_mean:   0.9999	entropy_loss:              0.0012	ep_length_mean:           13.3842	episode_limit_mean:        0.0003
epsilon:                   0.0500	grad_norm:               238.1938	loss:                     56.6612	mi_loss:                   0.0221
q_taken_mean:              6.3441	return_mean:              54.4863	return_median:            68.0000	return_std:               43.9085
success_mean:              0.9997	target_mean:               6.3366	td_error_abs:              5.5563	test_consensus_fraction_mean:  1.0000
test_ep_length_mean:      11.4563	test_episode_limit_mean:   0.0000	test_return_mean:         66.1312	test_return_median:       72.5000
test_return_std:          27.2392	test_success_mean:         1.0000	
[INFO 16:53:40] my_main Updated target network
[INFO 16:54:43] my_main Recent Stats | t_env:     873842 | Episode:    48475
consensus_fraction_mean:   0.9999	entropy_loss:              0.0012	ep_length_mean:           13.3842	episode_limit_mean:        0.0003
epsilon:                   0.0500	grad_norm:               238.1938	loss:                     56.6612	mi_loss:                   0.0221
q_taken_mean:              6.3441	return_mean:              54.4863	return_median:            68.0000	return_std:               43.9085
success_mean:              0.9997	target_mean:               6.3366	td_error_abs:              5.5563	test_consensus_fraction_mean:  1.0000
test_ep_length_mean:      11.4563	test_episode_limit_mean:   0.0000	test_return_mean:         66.1312	test_return_median:       72.5000
test_return_std:          27.2392	test_success_mean:         1.0000	
[INFO 16:56:27] my_main Updated target network
[INFO 16:56:42] my_main Recent Stats | t_env:     875858 | Episode:    48619
consensus_fraction_mean:   0.9999	entropy_loss:              0.0011	ep_length_mean:           13.3842	episode_limit_mean:        0.0003
epsilon:                   0.0500	grad_norm:               263.6657	loss:                     60.0463	mi_loss:                   0.0223
q_taken_mean:              6.4071	return_mean:              54.4863	return_median:            68.0000	return_std:               43.9085
success_mean:              0.9997	target_mean:               6.4143	td_error_abs:              5.7076	test_consensus_fraction_mean:  1.0000
test_ep_length_mean:      11.4563	test_episode_limit_mean:   0.0000	test_return_mean:         66.1312	test_return_median:       72.5000
test_return_std:          27.2392	test_success_mean:         1.0000	
[INFO 16:58:46] my_main Recent Stats | t_env:     877858 | Episode:    48769
consensus_fraction_mean:   0.9999	entropy_loss:              0.0011	ep_length_mean:           13.3842	episode_limit_mean:        0.0003
epsilon:                   0.0500	grad_norm:               263.6657	loss:                     60.0463	mi_loss:                   0.0223
q_taken_mean:              6.4071	return_mean:              54.4863	return_median:            68.0000	return_std:               43.9085
success_mean:              0.9997	target_mean:               6.4143	td_error_abs:              5.7076	test_consensus_fraction_mean:  1.0000
test_ep_length_mean:      11.4563	test_episode_limit_mean:   0.0000	test_return_mean:         66.1312	test_return_median:       72.5000
test_return_std:          27.2392	test_success_mean:         1.0000	
[INFO 16:59:13] my_main Updated target network
[INFO 17:00:48] my_main Recent Stats | t_env:     879871 | Episode:    48916
consensus_fraction_mean:   0.9999	entropy_loss:              0.0011	ep_length_mean:           13.3842	episode_limit_mean:        0.0003
epsilon:                   0.0500	grad_norm:               263.6657	loss:                     60.0463	mi_loss:                   0.0223
q_taken_mean:              6.4071	return_mean:              54.4863	return_median:            68.0000	return_std:               43.9085
success_mean:              0.9997	target_mean:               6.4143	td_error_abs:              5.7076	test_consensus_fraction_mean:  1.0000
test_ep_length_mean:      11.4563	test_episode_limit_mean:   0.0000	test_return_mean:         66.1312	test_return_median:       72.5000
test_return_std:          27.2392	test_success_mean:         1.0000	
[INFO 17:02:01] my_main Updated target network
[INFO 17:02:47] my_main t_env: 881698 / 2050000
[INFO 17:02:47] my_main Estimated time left: 20 hours, 14 minutes, 55 seconds. Time passed: 14 hours, 58 minutes, 23 seconds
[INFO 17:03:01] my_main Recent Stats | t_env:     881886 | Episode:    49070
consensus_fraction_mean:   0.9999	entropy_loss:              0.0011	ep_length_mean:           13.2321	episode_limit_mean:        0.0003
epsilon:                   0.0500	grad_norm:               263.6657	loss:                     60.0463	mi_loss:                   0.0223
q_taken_mean:              6.4071	return_mean:              55.1942	return_median:            68.2000	return_std:               42.9552
success_mean:              0.9997	target_mean:               6.4143	td_error_abs:              5.7076	test_consensus_fraction_mean:  1.0000
test_ep_length_mean:      11.6187	test_episode_limit_mean:   0.0000	test_return_mean:         65.5625	test_return_median:       74.8000
test_return_std:          30.8759	test_success_mean:         1.0000	
[INFO 17:04:55] my_main Updated target network
[INFO 17:05:12] my_main Recent Stats | t_env:     883898 | Episode:    49221
consensus_fraction_mean:   0.9999	entropy_loss:              0.0011	ep_length_mean:           13.2321	episode_limit_mean:        0.0003
epsilon:                   0.0500	grad_norm:               263.6657	loss:                     60.0463	mi_loss:                   0.0223
q_taken_mean:              6.4071	return_mean:              55.1942	return_median:            68.2000	return_std:               42.9552
success_mean:              0.9997	target_mean:               6.4143	td_error_abs:              5.7076	test_consensus_fraction_mean:  1.0000
test_ep_length_mean:      11.6187	test_episode_limit_mean:   0.0000	test_return_mean:         65.5625	test_return_median:       74.8000
test_return_std:          30.8759	test_success_mean:         1.0000	
[INFO 17:07:27] my_main Recent Stats | t_env:     885914 | Episode:    49379
consensus_fraction_mean:   0.9999	entropy_loss:              0.0011	ep_length_mean:           13.2321	episode_limit_mean:        0.0003
epsilon:                   0.0500	grad_norm:               256.2337	loss:                     62.4911	mi_loss:                   0.0224
q_taken_mean:              6.4505	return_mean:              55.1942	return_median:            68.2000	return_std:               42.9552
success_mean:              0.9997	target_mean:               6.4703	td_error_abs:              5.7951	test_consensus_fraction_mean:  1.0000
test_ep_length_mean:      11.6187	test_episode_limit_mean:   0.0000	test_return_mean:         65.5625	test_return_median:       74.8000
test_return_std:          30.8759	test_success_mean:         1.0000	
[INFO 17:07:46] my_main Updated target network
[INFO 17:09:24] my_main Recent Stats | t_env:     887917 | Episode:    49520
consensus_fraction_mean:   0.9999	entropy_loss:              0.0011	ep_length_mean:           13.2321	episode_limit_mean:        0.0003
epsilon:                   0.0500	grad_norm:               256.2337	loss:                     62.4911	mi_loss:                   0.0224
q_taken_mean:              6.4505	return_mean:              55.1942	return_median:            68.2000	return_std:               42.9552
success_mean:              0.9997	target_mean:               6.4703	td_error_abs:              5.7951	test_consensus_fraction_mean:  1.0000
test_ep_length_mean:      11.6187	test_episode_limit_mean:   0.0000	test_return_mean:         65.5625	test_return_median:       74.8000
test_return_std:          30.8759	test_success_mean:         1.0000	
[INFO 17:10:31] my_main Updated target network
[INFO 17:11:27] my_main Recent Stats | t_env:     889918 | Episode:    49676
consensus_fraction_mean:   0.9999	entropy_loss:              0.0011	ep_length_mean:           13.2321	episode_limit_mean:        0.0003
epsilon:                   0.0500	grad_norm:               256.2337	loss:                     62.4911	mi_loss:                   0.0224
q_taken_mean:              6.4505	return_mean:              55.1942	return_median:            68.2000	return_std:               42.9552
success_mean:              0.9997	target_mean:               6.4703	td_error_abs:              5.7951	test_consensus_fraction_mean:  1.0000
test_ep_length_mean:      11.6187	test_episode_limit_mean:   0.0000	test_return_mean:         65.5625	test_return_median:       74.8000
test_return_std:          30.8759	test_success_mean:         1.0000	
[INFO 17:13:06] my_main Updated target network
[INFO 17:13:28] my_main t_env: 891705 / 2050000
[INFO 17:13:28] my_main Estimated time left: 20 hours, 37 minutes, 10 seconds. Time passed: 15 hours, 9 minutes, 4 seconds
[INFO 17:13:46] my_main Recent Stats | t_env:     891919 | Episode:    49842
consensus_fraction_mean:   0.9999	entropy_loss:              0.0011	ep_length_mean:           13.1963	episode_limit_mean:        0.0003
epsilon:                   0.0500	grad_norm:               256.2337	loss:                     62.4911	mi_loss:                   0.0224
q_taken_mean:              6.4505	return_mean:              55.3322	return_median:            68.3000	return_std:               42.8663
success_mean:              0.9997	target_mean:               6.4703	td_error_abs:              5.7951	test_consensus_fraction_mean:  1.0000
test_ep_length_mean:      11.2375	test_episode_limit_mean:   0.0000	test_return_mean:         66.2062	test_return_median:       74.8000
test_return_std:          29.2141	test_success_mean:         1.0000	
[INFO 17:15:55] my_main Recent Stats | t_env:     893922 | Episode:    49995
consensus_fraction_mean:   0.9999	entropy_loss:              0.0011	ep_length_mean:           13.1963	episode_limit_mean:        0.0003
epsilon:                   0.0500	grad_norm:               256.2337	loss:                     62.4911	mi_loss:                   0.0224
q_taken_mean:              6.4505	return_mean:              55.3322	return_median:            68.3000	return_std:               42.8663
success_mean:              0.9997	target_mean:               6.4703	td_error_abs:              5.7951	test_consensus_fraction_mean:  1.0000
test_ep_length_mean:      11.2375	test_episode_limit_mean:   0.0000	test_return_mean:         66.2062	test_return_median:       74.8000
test_return_std:          29.2141	test_success_mean:         1.0000	
[INFO 17:15:59] my_main Updated target network
[INFO 17:18:01] my_main Recent Stats | t_env:     895970 | Episode:    50136
consensus_fraction_mean:   0.9999	entropy_loss:              0.0011	ep_length_mean:           13.1963	episode_limit_mean:        0.0003
epsilon:                   0.0500	grad_norm:               323.1837	loss:                     63.4758	mi_loss:                   0.0225
q_taken_mean:              6.4904	return_mean:              55.3322	return_median:            68.3000	return_std:               42.8663
success_mean:              0.9997	target_mean:               6.4885	td_error_abs:              5.8842	test_consensus_fraction_mean:  1.0000
test_ep_length_mean:      11.2375	test_episode_limit_mean:   0.0000	test_return_mean:         66.2062	test_return_median:       74.8000
test_return_std:          29.2141	test_success_mean:         1.0000	
[INFO 17:18:58] my_main Updated target network
[INFO 17:19:51] my_main Recent Stats | t_env:     898008 | Episode:    50265
consensus_fraction_mean:   0.9999	entropy_loss:              0.0011	ep_length_mean:           13.1963	episode_limit_mean:        0.0003
epsilon:                   0.0500	grad_norm:               323.1837	loss:                     63.4758	mi_loss:                   0.0225
q_taken_mean:              6.4904	return_mean:              55.3322	return_median:            68.3000	return_std:               42.8663
success_mean:              0.9997	target_mean:               6.4885	td_error_abs:              5.8842	test_consensus_fraction_mean:  1.0000
test_ep_length_mean:      11.2375	test_episode_limit_mean:   0.0000	test_return_mean:         66.2062	test_return_median:       74.8000
test_return_std:          29.2141	test_success_mean:         1.0000	
[INFO 17:21:47] my_main Updated target network
[INFO 17:21:49] my_main Recent Stats | t_env:     900020 | Episode:    50404
consensus_fraction_mean:   0.9999	entropy_loss:              0.0011	ep_length_mean:           13.1963	episode_limit_mean:        0.0003
epsilon:                   0.0500	grad_norm:               323.1837	loss:                     63.4758	mi_loss:                   0.0225
q_taken_mean:              6.4904	return_mean:              55.3322	return_median:            68.3000	return_std:               42.8663
success_mean:              0.9997	target_mean:               6.4885	td_error_abs:              5.8842	test_consensus_fraction_mean:  1.0000
test_ep_length_mean:      11.2375	test_episode_limit_mean:   0.0000	test_return_mean:         66.2062	test_return_median:       74.8000
test_return_std:          29.2141	test_success_mean:         1.0000	
[INFO 17:23:35] my_main t_env: 901707 / 2050000
[INFO 17:23:35] my_main Estimated time left: 19 hours, 20 minutes, 29 seconds. Time passed: 15 hours, 19 minutes, 11 seconds
[INFO 17:23:59] my_main Recent Stats | t_env:     902025 | Episode:    50558
consensus_fraction_mean:   0.9999	entropy_loss:              0.0011	ep_length_mean:           13.2787	episode_limit_mean:        0.0003
epsilon:                   0.0500	grad_norm:               323.1837	loss:                     63.4758	mi_loss:                   0.0225
q_taken_mean:              6.4904	return_mean:              54.9114	return_median:            68.3000	return_std:               43.0761
success_mean:              0.9997	target_mean:               6.4885	td_error_abs:              5.8842	test_consensus_fraction_mean:  1.0000
test_ep_length_mean:      11.6250	test_episode_limit_mean:   0.0000	test_return_mean:         65.2438	test_return_median:       73.1000
test_return_std:          28.8849	test_success_mean:         1.0000	
[INFO 17:24:39] my_main Updated target network
[INFO 17:26:02] my_main Recent Stats | t_env:     904026 | Episode:    50696
consensus_fraction_mean:   0.9999	entropy_loss:              0.0011	ep_length_mean:           13.2787	episode_limit_mean:        0.0003
epsilon:                   0.0500	grad_norm:               323.1837	loss:                     63.4758	mi_loss:                   0.0225
q_taken_mean:              6.4904	return_mean:              54.9114	return_median:            68.3000	return_std:               43.0761
success_mean:              0.9997	target_mean:               6.4885	td_error_abs:              5.8842	test_consensus_fraction_mean:  1.0000
test_ep_length_mean:      11.6250	test_episode_limit_mean:   0.0000	test_return_mean:         65.2438	test_return_median:       73.1000
test_return_std:          28.8849	test_success_mean:         1.0000	
[INFO 17:27:33] my_main Updated target network
[INFO 17:28:11] my_main Recent Stats | t_env:     906035 | Episode:    50845
consensus_fraction_mean:   0.9999	entropy_loss:              0.0012	ep_length_mean:           13.2787	episode_limit_mean:        0.0003
epsilon:                   0.0500	grad_norm:               322.2215	loss:                     58.5407	mi_loss:                   0.0224
q_taken_mean:              6.3812	return_mean:              54.9114	return_median:            68.3000	return_std:               43.0761
success_mean:              0.9997	target_mean:               6.3992	td_error_abs:              5.6196	test_consensus_fraction_mean:  1.0000
test_ep_length_mean:      11.6250	test_episode_limit_mean:   0.0000	test_return_mean:         65.2438	test_return_median:       73.1000
test_return_std:          28.8849	test_success_mean:         1.0000	
[INFO 17:30:17] my_main Recent Stats | t_env:     908047 | Episode:    50996
consensus_fraction_mean:   0.9999	entropy_loss:              0.0012	ep_length_mean:           13.2787	episode_limit_mean:        0.0003
epsilon:                   0.0500	grad_norm:               322.2215	loss:                     58.5407	mi_loss:                   0.0224
q_taken_mean:              6.3812	return_mean:              54.9114	return_median:            68.3000	return_std:               43.0761
success_mean:              0.9997	target_mean:               6.3992	td_error_abs:              5.6196	test_consensus_fraction_mean:  1.0000
test_ep_length_mean:      11.6250	test_episode_limit_mean:   0.0000	test_return_mean:         65.2438	test_return_median:       73.1000
test_return_std:          28.8849	test_success_mean:         1.0000	
[INFO 17:30:21] my_main Updated target network
[INFO 17:32:24] my_main Recent Stats | t_env:     910059 | Episode:    51155
consensus_fraction_mean:   0.9999	entropy_loss:              0.0012	ep_length_mean:           13.2787	episode_limit_mean:        0.0003
epsilon:                   0.0500	grad_norm:               322.2215	loss:                     58.5407	mi_loss:                   0.0224
q_taken_mean:              6.3812	return_mean:              54.9114	return_median:            68.3000	return_std:               43.0761
success_mean:              0.9997	target_mean:               6.3992	td_error_abs:              5.6196	test_consensus_fraction_mean:  1.0000
test_ep_length_mean:      11.6250	test_episode_limit_mean:   0.0000	test_return_mean:         65.2438	test_return_median:       73.1000
test_return_std:          28.8849	test_success_mean:         1.0000	
[INFO 17:33:01] my_main Updated target network
[INFO 17:34:06] my_main t_env: 911708 / 2050000
[INFO 17:34:06] my_main Estimated time left: 19 hours, 56 minutes, 52 seconds. Time passed: 15 hours, 29 minutes, 42 seconds
[INFO 17:34:32] my_main Recent Stats | t_env:     912060 | Episode:    51305
consensus_fraction_mean:   0.9999	entropy_loss:              0.0012	ep_length_mean:           13.3336	episode_limit_mean:        0.0003
epsilon:                   0.0500	grad_norm:               322.2215	loss:                     58.5407	mi_loss:                   0.0224
q_taken_mean:              6.3812	return_mean:              54.6187	return_median:            67.7000	return_std:               43.4531
success_mean:              0.9997	target_mean:               6.3992	td_error_abs:              5.6196	test_consensus_fraction_mean:  1.0000
test_ep_length_mean:      11.7250	test_episode_limit_mean:   0.0000	test_return_mean:         64.8312	test_return_median:       73.2000
test_return_std:          29.2244	test_success_mean:         1.0000	
[INFO 17:35:58] my_main Updated target network
[INFO 17:36:22] my_main Recent Stats | t_env:     914067 | Episode:    51426
consensus_fraction_mean:   0.9999	entropy_loss:              0.0012	ep_length_mean:           13.3336	episode_limit_mean:        0.0003
epsilon:                   0.0500	grad_norm:               322.2215	loss:                     58.5407	mi_loss:                   0.0224
q_taken_mean:              6.3812	return_mean:              54.6187	return_median:            67.7000	return_std:               43.4531
success_mean:              0.9997	target_mean:               6.3992	td_error_abs:              5.6196	test_consensus_fraction_mean:  1.0000
test_ep_length_mean:      11.7250	test_episode_limit_mean:   0.0000	test_return_mean:         64.8312	test_return_median:       73.2000
test_return_std:          29.2244	test_success_mean:         1.0000	
[INFO 17:38:24] my_main Recent Stats | t_env:     916077 | Episode:    51564
consensus_fraction_mean:   0.9999	entropy_loss:              0.0011	ep_length_mean:           13.3336	episode_limit_mean:        0.0003
epsilon:                   0.0500	grad_norm:               301.0262	loss:                     55.3371	mi_loss:                   0.0227
q_taken_mean:              6.5329	return_mean:              54.6187	return_median:            67.7000	return_std:               43.4531
success_mean:              0.9997	target_mean:               6.5397	td_error_abs:              5.4328	test_consensus_fraction_mean:  1.0000
test_ep_length_mean:      11.7250	test_episode_limit_mean:   0.0000	test_return_mean:         64.8312	test_return_median:       73.2000
test_return_std:          29.2244	test_success_mean:         1.0000	
[INFO 17:38:58] my_main Updated target network
[INFO 17:40:23] my_main Recent Stats | t_env:     918087 | Episode:    51704
consensus_fraction_mean:   0.9999	entropy_loss:              0.0011	ep_length_mean:           13.3336	episode_limit_mean:        0.0003
epsilon:                   0.0500	grad_norm:               301.0262	loss:                     55.3371	mi_loss:                   0.0227
q_taken_mean:              6.5329	return_mean:              54.6187	return_median:            67.7000	return_std:               43.4531
success_mean:              0.9997	target_mean:               6.5397	td_error_abs:              5.4328	test_consensus_fraction_mean:  1.0000
test_ep_length_mean:      11.7250	test_episode_limit_mean:   0.0000	test_return_mean:         64.8312	test_return_median:       73.2000
test_return_std:          29.2244	test_success_mean:         1.0000	
[INFO 17:41:47] my_main Updated target network
[INFO 17:42:14] my_main Recent Stats | t_env:     920104 | Episode:    51833
consensus_fraction_mean:   0.9999	entropy_loss:              0.0011	ep_length_mean:           13.3336	episode_limit_mean:        0.0003
epsilon:                   0.0500	grad_norm:               301.0262	loss:                     55.3371	mi_loss:                   0.0227
q_taken_mean:              6.5329	return_mean:              54.6187	return_median:            67.7000	return_std:               43.4531
success_mean:              0.9997	target_mean:               6.5397	td_error_abs:              5.4328	test_consensus_fraction_mean:  1.0000
test_ep_length_mean:      11.7250	test_episode_limit_mean:   0.0000	test_return_mean:         64.8312	test_return_median:       73.2000
test_return_std:          29.2244	test_success_mean:         1.0000	
[INFO 17:43:51] my_main t_env: 921725 / 2050000
[INFO 17:43:51] my_main Estimated time left: 18 hours, 19 minutes, 19 seconds. Time passed: 15 hours, 39 minutes, 28 seconds
[INFO 17:44:14] my_main Recent Stats | t_env:     922113 | Episode:    51973
consensus_fraction_mean:   0.9998	entropy_loss:              0.0011	ep_length_mean:           13.8032	episode_limit_mean:        0.0006
epsilon:                   0.0500	grad_norm:               301.0262	loss:                     55.3371	mi_loss:                   0.0227
q_taken_mean:              6.5329	return_mean:              53.2501	return_median:            66.3000	return_std:               44.6904
success_mean:              0.9994	target_mean:               6.5397	td_error_abs:              5.4328	test_consensus_fraction_mean:  1.0000
test_ep_length_mean:      12.2188	test_episode_limit_mean:   0.0000	test_return_mean:         63.5250	test_return_median:       72.5000
test_return_std:          30.4134	test_success_mean:         1.0000	
[INFO 17:44:39] my_main Updated target network
[INFO 17:46:20] my_main Recent Stats | t_env:     924131 | Episode:    52123
consensus_fraction_mean:   0.9998	entropy_loss:              0.0011	ep_length_mean:           13.8032	episode_limit_mean:        0.0006
epsilon:                   0.0500	grad_norm:               301.0262	loss:                     55.3371	mi_loss:                   0.0227
q_taken_mean:              6.5329	return_mean:              53.2501	return_median:            66.3000	return_std:               44.6904
success_mean:              0.9994	target_mean:               6.5397	td_error_abs:              5.4328	test_consensus_fraction_mean:  1.0000
test_ep_length_mean:      12.2188	test_episode_limit_mean:   0.0000	test_return_mean:         63.5250	test_return_median:       72.5000
test_return_std:          30.4134	test_success_mean:         1.0000	
[INFO 17:47:30] my_main Updated target network
[INFO 17:48:25] my_main Recent Stats | t_env:     926133 | Episode:    52268
consensus_fraction_mean:   0.9998	entropy_loss:              0.0011	ep_length_mean:           13.8032	episode_limit_mean:        0.0006
epsilon:                   0.0500	grad_norm:               266.5809	loss:                     54.1622	mi_loss:                   0.0227
q_taken_mean:              6.4303	return_mean:              53.2501	return_median:            66.3000	return_std:               44.6904
success_mean:              0.9994	target_mean:               6.4195	td_error_abs:              5.3672	test_consensus_fraction_mean:  1.0000
test_ep_length_mean:      12.2188	test_episode_limit_mean:   0.0000	test_return_mean:         63.5250	test_return_median:       72.5000
test_return_std:          30.4134	test_success_mean:         1.0000	
[INFO 17:50:16] my_main Updated target network
[INFO 17:50:40] my_main Recent Stats | t_env:     928144 | Episode:    52429
consensus_fraction_mean:   0.9998	entropy_loss:              0.0011	ep_length_mean:           13.8032	episode_limit_mean:        0.0006
epsilon:                   0.0500	grad_norm:               266.5809	loss:                     54.1622	mi_loss:                   0.0227
q_taken_mean:              6.4303	return_mean:              53.2501	return_median:            66.3000	return_std:               44.6904
success_mean:              0.9994	target_mean:               6.4195	td_error_abs:              5.3672	test_consensus_fraction_mean:  1.0000
test_ep_length_mean:      12.2188	test_episode_limit_mean:   0.0000	test_return_mean:         63.5250	test_return_median:       72.5000
test_return_std:          30.4134	test_success_mean:         1.0000	
[INFO 17:52:52] my_main Recent Stats | t_env:     930160 | Episode:    52594
consensus_fraction_mean:   0.9998	entropy_loss:              0.0011	ep_length_mean:           13.8032	episode_limit_mean:        0.0006
epsilon:                   0.0500	grad_norm:               266.5809	loss:                     54.1622	mi_loss:                   0.0227
q_taken_mean:              6.4303	return_mean:              53.2501	return_median:            66.3000	return_std:               44.6904
success_mean:              0.9994	target_mean:               6.4195	td_error_abs:              5.3672	test_consensus_fraction_mean:  1.0000
test_ep_length_mean:      12.2188	test_episode_limit_mean:   0.0000	test_return_mean:         63.5250	test_return_median:       72.5000
test_return_std:          30.4134	test_success_mean:         1.0000	
[INFO 17:52:58] my_main Updated target network
[INFO 17:54:27] my_main t_env: 931734 / 2050000
[INFO 17:54:27] my_main Estimated time left: 19 hours, 44 minutes, 32 seconds. Time passed: 15 hours, 50 minutes, 4 seconds
[INFO 17:54:56] my_main Recent Stats | t_env:     932166 | Episode:    52741
consensus_fraction_mean:   0.9999	entropy_loss:              0.0011	ep_length_mean:           13.7264	episode_limit_mean:        0.0003
epsilon:                   0.0500	grad_norm:               266.5809	loss:                     54.1622	mi_loss:                   0.0227
q_taken_mean:              6.4303	return_mean:              53.4962	return_median:            66.1000	return_std:               43.9293
success_mean:              0.9997	target_mean:               6.4195	td_error_abs:              5.3672	test_consensus_fraction_mean:  1.0000
test_ep_length_mean:      12.3750	test_episode_limit_mean:   0.0000	test_return_mean:         62.4813	test_return_median:       70.5000
test_return_std:          29.8096	test_success_mean:         1.0000	
[INFO 17:55:44] my_main Updated target network
[INFO 17:57:10] my_main Recent Stats | t_env:     934168 | Episode:    52904
consensus_fraction_mean:   0.9999	entropy_loss:              0.0011	ep_length_mean:           13.7264	episode_limit_mean:        0.0003
epsilon:                   0.0500	grad_norm:               266.5809	loss:                     54.1622	mi_loss:                   0.0227
q_taken_mean:              6.4303	return_mean:              53.4962	return_median:            66.1000	return_std:               43.9293
success_mean:              0.9997	target_mean:               6.4195	td_error_abs:              5.3672	test_consensus_fraction_mean:  1.0000
test_ep_length_mean:      12.3750	test_episode_limit_mean:   0.0000	test_return_mean:         62.4813	test_return_median:       70.5000
test_return_std:          29.8096	test_success_mean:         1.0000	
[INFO 17:58:35] my_main Updated target network
[INFO 17:59:08] my_main Recent Stats | t_env:     936177 | Episode:    53041
consensus_fraction_mean:   0.9999	entropy_loss:              0.0011	ep_length_mean:           13.7264	episode_limit_mean:        0.0003
epsilon:                   0.0500	grad_norm:               314.9679	loss:                     55.8878	mi_loss:                   0.0227
q_taken_mean:              6.2543	return_mean:              53.4962	return_median:            66.1000	return_std:               43.9293
success_mean:              0.9997	target_mean:               6.2135	td_error_abs:              5.5206	test_consensus_fraction_mean:  1.0000
test_ep_length_mean:      12.3750	test_episode_limit_mean:   0.0000	test_return_mean:         62.4813	test_return_median:       70.5000
test_return_std:          29.8096	test_success_mean:         1.0000	
[INFO 18:01:20] my_main Recent Stats | t_env:     938179 | Episode:    53194
consensus_fraction_mean:   0.9999	entropy_loss:              0.0011	ep_length_mean:           13.7264	episode_limit_mean:        0.0003
epsilon:                   0.0500	grad_norm:               314.9679	loss:                     55.8878	mi_loss:                   0.0227
q_taken_mean:              6.2543	return_mean:              53.4962	return_median:            66.1000	return_std:               43.9293
success_mean:              0.9997	target_mean:               6.2135	td_error_abs:              5.5206	test_consensus_fraction_mean:  1.0000
test_ep_length_mean:      12.3750	test_episode_limit_mean:   0.0000	test_return_mean:         62.4813	test_return_median:       70.5000
test_return_std:          29.8096	test_success_mean:         1.0000	
[INFO 18:01:26] my_main Updated target network
[INFO 18:03:32] my_main Recent Stats | t_env:     940184 | Episode:    53351
consensus_fraction_mean:   0.9999	entropy_loss:              0.0011	ep_length_mean:           13.7264	episode_limit_mean:        0.0003
epsilon:                   0.0500	grad_norm:               314.9679	loss:                     55.8878	mi_loss:                   0.0227
q_taken_mean:              6.2543	return_mean:              53.4962	return_median:            66.1000	return_std:               43.9293
success_mean:              0.9997	target_mean:               6.2135	td_error_abs:              5.5206	test_consensus_fraction_mean:  1.0000
test_ep_length_mean:      12.3750	test_episode_limit_mean:   0.0000	test_return_mean:         62.4813	test_return_median:       70.5000
test_return_std:          29.8096	test_success_mean:         1.0000	
[INFO 18:04:12] my_main Updated target network
[INFO 18:05:02] my_main t_env: 941741 / 2050000
[INFO 18:05:02] my_main Estimated time left: 19 hours, 30 minutes, 52 seconds. Time passed: 16 hours, 38 seconds
[INFO 18:05:30] my_main Recent Stats | t_env:     942193 | Episode:    53488
consensus_fraction_mean:   0.9999	entropy_loss:              0.0011	ep_length_mean:           13.8028	episode_limit_mean:        0.0003
epsilon:                   0.0500	grad_norm:               314.9679	loss:                     55.8878	mi_loss:                   0.0227
q_taken_mean:              6.2543	return_mean:              53.2140	return_median:            66.4000	return_std:               44.7527
success_mean:              0.9997	target_mean:               6.2135	td_error_abs:              5.5206	test_consensus_fraction_mean:  1.0000
test_ep_length_mean:      12.5188	test_episode_limit_mean:   0.0000	test_return_mean:         61.4500	test_return_median:       70.3000
test_return_std:          32.2811	test_success_mean:         1.0000	
[INFO 18:07:04] my_main Updated target network
[INFO 18:07:29] my_main Recent Stats | t_env:     944205 | Episode:    53632
consensus_fraction_mean:   0.9999	entropy_loss:              0.0011	ep_length_mean:           13.8028	episode_limit_mean:        0.0003
epsilon:                   0.0500	grad_norm:               314.9679	loss:                     55.8878	mi_loss:                   0.0227
q_taken_mean:              6.2543	return_mean:              53.2140	return_median:            66.4000	return_std:               44.7527
success_mean:              0.9997	target_mean:               6.2135	td_error_abs:              5.5206	test_consensus_fraction_mean:  1.0000
test_ep_length_mean:      12.5188	test_episode_limit_mean:   0.0000	test_return_mean:         61.4500	test_return_median:       70.3000
test_return_std:          32.2811	test_success_mean:         1.0000	
[INFO 18:09:18] my_main Recent Stats | t_env:     946206 | Episode:    53752
consensus_fraction_mean:   0.9999	entropy_loss:              0.0012	ep_length_mean:           13.8028	episode_limit_mean:        0.0003
epsilon:                   0.0500	grad_norm:               230.3817	loss:                     56.9238	mi_loss:                   0.0227
q_taken_mean:              6.2251	return_mean:              53.2140	return_median:            66.4000	return_std:               44.7527
success_mean:              0.9997	target_mean:               6.2351	td_error_abs:              5.4617	test_consensus_fraction_mean:  1.0000
test_ep_length_mean:      12.5188	test_episode_limit_mean:   0.0000	test_return_mean:         61.4500	test_return_median:       70.3000
test_return_std:          32.2811	test_success_mean:         1.0000	
[INFO 18:10:01] my_main Updated target network
[INFO 18:10:55] my_main Recent Stats | t_env:     948221 | Episode:    53857
consensus_fraction_mean:   0.9999	entropy_loss:              0.0012	ep_length_mean:           13.8028	episode_limit_mean:        0.0003
epsilon:                   0.0500	grad_norm:               230.3817	loss:                     56.9238	mi_loss:                   0.0227
q_taken_mean:              6.2251	return_mean:              53.2140	return_median:            66.4000	return_std:               44.7527
success_mean:              0.9997	target_mean:               6.2351	td_error_abs:              5.4617	test_consensus_fraction_mean:  1.0000
test_ep_length_mean:      12.5188	test_episode_limit_mean:   0.0000	test_return_mean:         61.4500	test_return_median:       70.3000
test_return_std:          32.2811	test_success_mean:         1.0000	
[INFO 18:12:58] my_main Updated target network
[INFO 18:13:07] my_main Recent Stats | t_env:     950229 | Episode:    54013
consensus_fraction_mean:   0.9999	entropy_loss:              0.0012	ep_length_mean:           13.8028	episode_limit_mean:        0.0003
epsilon:                   0.0500	grad_norm:               230.3817	loss:                     56.9238	mi_loss:                   0.0227
q_taken_mean:              6.2251	return_mean:              53.2140	return_median:            66.4000	return_std:               44.7527
success_mean:              0.9997	target_mean:               6.2351	td_error_abs:              5.4617	test_consensus_fraction_mean:  1.0000
test_ep_length_mean:      12.5188	test_episode_limit_mean:   0.0000	test_return_mean:         61.4500	test_return_median:       70.3000
test_return_std:          32.2811	test_success_mean:         1.0000	
[INFO 18:14:55] my_main t_env: 951756 / 2050000
[INFO 18:14:55] my_main Estimated time left: 18 hours, 5 minutes, 1 seconds. Time passed: 16 hours, 10 minutes, 32 seconds
[INFO 18:15:26] my_main Recent Stats | t_env:     952232 | Episode:    54163
consensus_fraction_mean:   0.9996	entropy_loss:              0.0012	ep_length_mean:           13.9456	episode_limit_mean:        0.0015
epsilon:                   0.0500	grad_norm:               230.3817	loss:                     56.9238	mi_loss:                   0.0227
q_taken_mean:              6.2251	return_mean:              52.4716	return_median:            66.2000	return_std:               48.1918
success_mean:              0.9985	target_mean:               6.2351	td_error_abs:              5.4617	test_consensus_fraction_mean:  1.0000
test_ep_length_mean:      11.8813	test_episode_limit_mean:   0.0000	test_return_mean:         63.0562	test_return_median:       73.2000
test_return_std:          32.7659	test_success_mean:         1.0000	
[INFO 18:16:04] my_main Updated target network
[INFO 18:17:42] my_main Recent Stats | t_env:     954234 | Episode:    54309
consensus_fraction_mean:   0.9996	entropy_loss:              0.0012	ep_length_mean:           13.9456	episode_limit_mean:        0.0015
epsilon:                   0.0500	grad_norm:               230.3817	loss:                     56.9238	mi_loss:                   0.0227
q_taken_mean:              6.2251	return_mean:              52.4716	return_median:            66.2000	return_std:               48.1918
success_mean:              0.9985	target_mean:               6.2351	td_error_abs:              5.4617	test_consensus_fraction_mean:  1.0000
test_ep_length_mean:      11.8813	test_episode_limit_mean:   0.0000	test_return_mean:         63.0562	test_return_median:       73.2000
test_return_std:          32.7659	test_success_mean:         1.0000	
[INFO 18:19:08] my_main Updated target network
[INFO 18:19:56] my_main Recent Stats | t_env:     956241 | Episode:    54456
consensus_fraction_mean:   0.9996	entropy_loss:              0.0011	ep_length_mean:           13.9456	episode_limit_mean:        0.0015
epsilon:                   0.0500	grad_norm:               258.8447	loss:                     56.8066	mi_loss:                   0.0228
q_taken_mean:              6.1907	return_mean:              52.4716	return_median:            66.2000	return_std:               48.1918
success_mean:              0.9985	target_mean:               6.2152	td_error_abs:              5.3930	test_consensus_fraction_mean:  1.0000
test_ep_length_mean:      11.8813	test_episode_limit_mean:   0.0000	test_return_mean:         63.0562	test_return_median:       73.2000
test_return_std:          32.7659	test_success_mean:         1.0000	
[INFO 18:21:58] my_main Recent Stats | t_env:     958249 | Episode:    54591
consensus_fraction_mean:   0.9996	entropy_loss:              0.0011	ep_length_mean:           13.9456	episode_limit_mean:        0.0015
epsilon:                   0.0500	grad_norm:               258.8447	loss:                     56.8066	mi_loss:                   0.0228
q_taken_mean:              6.1907	return_mean:              52.4716	return_median:            66.2000	return_std:               48.1918
success_mean:              0.9985	target_mean:               6.2152	td_error_abs:              5.3930	test_consensus_fraction_mean:  1.0000
test_ep_length_mean:      11.8813	test_episode_limit_mean:   0.0000	test_return_mean:         63.0562	test_return_median:       73.2000
test_return_std:          32.7659	test_success_mean:         1.0000	
[INFO 18:22:07] my_main Updated target network
[INFO 18:24:19] my_main Recent Stats | t_env:     960265 | Episode:    54750
consensus_fraction_mean:   0.9996	entropy_loss:              0.0011	ep_length_mean:           13.9456	episode_limit_mean:        0.0015
epsilon:                   0.0500	grad_norm:               258.8447	loss:                     56.8066	mi_loss:                   0.0228
q_taken_mean:              6.1907	return_mean:              52.4716	return_median:            66.2000	return_std:               48.1918
success_mean:              0.9985	target_mean:               6.2152	td_error_abs:              5.3930	test_consensus_fraction_mean:  1.0000
test_ep_length_mean:      11.8813	test_episode_limit_mean:   0.0000	test_return_mean:         63.0562	test_return_median:       73.2000
test_return_std:          32.7659	test_success_mean:         1.0000	
[INFO 18:25:05] my_main Updated target network
[INFO 18:25:51] my_main t_env: 961771 / 2050000
[INFO 18:25:51] my_main Estimated time left: 19 hours, 48 minutes, 8 seconds. Time passed: 16 hours, 21 minutes, 28 seconds
[INFO 18:26:32] my_main Recent Stats | t_env:     962276 | Episode:    54898
consensus_fraction_mean:   0.9996	entropy_loss:              0.0011	ep_length_mean:           14.0419	episode_limit_mean:        0.0015
epsilon:                   0.0500	grad_norm:               258.8447	loss:                     56.8066	mi_loss:                   0.0228
q_taken_mean:              6.1907	return_mean:              52.0228	return_median:            66.8000	return_std:               50.1080
success_mean:              0.9985	target_mean:               6.2152	td_error_abs:              5.3930	test_consensus_fraction_mean:  1.0000
test_ep_length_mean:      12.0188	test_episode_limit_mean:   0.0000	test_return_mean:         62.4125	test_return_median:       74.6000
test_return_std:          38.3462	test_success_mean:         1.0000	
[INFO 18:28:08] my_main Updated target network
[INFO 18:28:47] my_main Recent Stats | t_env:     964280 | Episode:    55044
consensus_fraction_mean:   0.9996	entropy_loss:              0.0011	ep_length_mean:           14.0419	episode_limit_mean:        0.0015
epsilon:                   0.0500	grad_norm:               258.8447	loss:                     56.8066	mi_loss:                   0.0228
q_taken_mean:              6.1907	return_mean:              52.0228	return_median:            66.8000	return_std:               50.1080
success_mean:              0.9985	target_mean:               6.2152	td_error_abs:              5.3930	test_consensus_fraction_mean:  1.0000
test_ep_length_mean:      12.0188	test_episode_limit_mean:   0.0000	test_return_mean:         62.4125	test_return_median:       74.6000
test_return_std:          38.3462	test_success_mean:         1.0000	
[INFO 18:30:52] my_main Recent Stats | t_env:     966294 | Episode:    55177
consensus_fraction_mean:   0.9996	entropy_loss:              0.0011	ep_length_mean:           14.0419	episode_limit_mean:        0.0015
epsilon:                   0.0500	grad_norm:               254.8157	loss:                     57.1381	mi_loss:                   0.0228
q_taken_mean:              6.2102	return_mean:              52.0228	return_median:            66.8000	return_std:               50.1080
success_mean:              0.9985	target_mean:               6.2155	td_error_abs:              5.4943	test_consensus_fraction_mean:  1.0000
test_ep_length_mean:      12.0188	test_episode_limit_mean:   0.0000	test_return_mean:         62.4125	test_return_median:       74.6000
test_return_std:          38.3462	test_success_mean:         1.0000	
[INFO 18:31:15] my_main Updated target network
[INFO 18:33:17] my_main Recent Stats | t_env:     968309 | Episode:    55339
consensus_fraction_mean:   0.9996	entropy_loss:              0.0011	ep_length_mean:           14.0419	episode_limit_mean:        0.0015
epsilon:                   0.0500	grad_norm:               254.8157	loss:                     57.1381	mi_loss:                   0.0228
q_taken_mean:              6.2102	return_mean:              52.0228	return_median:            66.8000	return_std:               50.1080
success_mean:              0.9985	target_mean:               6.2155	td_error_abs:              5.4943	test_consensus_fraction_mean:  1.0000
test_ep_length_mean:      12.0188	test_episode_limit_mean:   0.0000	test_return_mean:         62.4125	test_return_median:       74.6000
test_return_std:          38.3462	test_success_mean:         1.0000	
[INFO 18:34:12] my_main Updated target network
[INFO 18:35:17] my_main Recent Stats | t_env:     970326 | Episode:    55468
consensus_fraction_mean:   0.9996	entropy_loss:              0.0011	ep_length_mean:           14.0419	episode_limit_mean:        0.0015
epsilon:                   0.0500	grad_norm:               254.8157	loss:                     57.1381	mi_loss:                   0.0228
q_taken_mean:              6.2102	return_mean:              52.0228	return_median:            66.8000	return_std:               50.1080
success_mean:              0.9985	target_mean:               6.2155	td_error_abs:              5.4943	test_consensus_fraction_mean:  1.0000
test_ep_length_mean:      12.0188	test_episode_limit_mean:   0.0000	test_return_mean:         62.4125	test_return_median:       74.6000
test_return_std:          38.3462	test_success_mean:         1.0000	
[INFO 18:36:40] my_main t_env: 971856 / 2050000
[INFO 18:36:40] my_main Estimated time left: 19 hours, 15 minutes, 23 seconds. Time passed: 16 hours, 32 minutes, 16 seconds
[INFO 18:37:12] my_main Recent Stats | t_env:     972326 | Episode:    55581
consensus_fraction_mean:   0.9996	entropy_loss:              0.0011	ep_length_mean:           13.9584	episode_limit_mean:        0.0015
epsilon:                   0.0500	grad_norm:               254.8157	loss:                     57.1381	mi_loss:                   0.0228
q_taken_mean:              6.2102	return_mean:              51.8084	return_median:            67.4000	return_std:               52.1364
success_mean:              0.9985	target_mean:               6.2155	td_error_abs:              5.4943	test_consensus_fraction_mean:  1.0000
test_ep_length_mean:      11.9125	test_episode_limit_mean:   0.0000	test_return_mean:         62.9438	test_return_median:       76.0000
test_return_std:          40.0557	test_success_mean:         1.0000	
[INFO 18:37:31] my_main Updated target network
[INFO 18:39:06] my_main Recent Stats | t_env:     974333 | Episode:    55700
consensus_fraction_mean:   0.9996	entropy_loss:              0.0011	ep_length_mean:           13.9584	episode_limit_mean:        0.0015
epsilon:                   0.0500	grad_norm:               254.8157	loss:                     57.1381	mi_loss:                   0.0228
q_taken_mean:              6.2102	return_mean:              51.8084	return_median:            67.4000	return_std:               52.1364
success_mean:              0.9985	target_mean:               6.2155	td_error_abs:              5.4943	test_consensus_fraction_mean:  1.0000
test_ep_length_mean:      11.9125	test_episode_limit_mean:   0.0000	test_return_mean:         62.9438	test_return_median:       76.0000
test_return_std:          40.0557	test_success_mean:         1.0000	
[INFO 18:40:45] my_main Updated target network
[INFO 18:41:03] my_main Recent Stats | t_env:     976336 | Episode:    55820
consensus_fraction_mean:   0.9996	entropy_loss:              0.0011	ep_length_mean:           13.9584	episode_limit_mean:        0.0015
epsilon:                   0.0500	grad_norm:               287.8024	loss:                     56.8078	mi_loss:                   0.0228
q_taken_mean:              6.2701	return_mean:              51.8084	return_median:            67.4000	return_std:               52.1364
success_mean:              0.9985	target_mean:               6.2910	td_error_abs:              5.4783	test_consensus_fraction_mean:  1.0000
test_ep_length_mean:      11.9125	test_episode_limit_mean:   0.0000	test_return_mean:         62.9438	test_return_median:       76.0000
test_return_std:          40.0557	test_success_mean:         1.0000	
[INFO 18:43:30] my_main Recent Stats | t_env:     978373 | Episode:    55975
consensus_fraction_mean:   0.9996	entropy_loss:              0.0011	ep_length_mean:           13.9584	episode_limit_mean:        0.0015
epsilon:                   0.0500	grad_norm:               287.8024	loss:                     56.8078	mi_loss:                   0.0228
q_taken_mean:              6.2701	return_mean:              51.8084	return_median:            67.4000	return_std:               52.1364
success_mean:              0.9985	target_mean:               6.2910	td_error_abs:              5.4783	test_consensus_fraction_mean:  1.0000
test_ep_length_mean:      11.9125	test_episode_limit_mean:   0.0000	test_return_mean:         62.9438	test_return_median:       76.0000
test_return_std:          40.0557	test_success_mean:         1.0000	
[INFO 18:43:53] my_main Updated target network
[INFO 18:45:42] my_main Recent Stats | t_env:     980380 | Episode:    56120
consensus_fraction_mean:   0.9996	entropy_loss:              0.0011	ep_length_mean:           13.9584	episode_limit_mean:        0.0015
epsilon:                   0.0500	grad_norm:               287.8024	loss:                     56.8078	mi_loss:                   0.0228
q_taken_mean:              6.2701	return_mean:              51.8084	return_median:            67.4000	return_std:               52.1364
success_mean:              0.9985	target_mean:               6.2910	td_error_abs:              5.4783	test_consensus_fraction_mean:  1.0000
test_ep_length_mean:      11.9125	test_episode_limit_mean:   0.0000	test_return_mean:         62.9438	test_return_median:       76.0000
test_return_std:          40.0557	test_success_mean:         1.0000	
[INFO 18:47:03] my_main Updated target network
[INFO 18:47:21] my_main t_env: 981863 / 2050000
[INFO 18:47:21] my_main Estimated time left: 18 hours, 59 minutes, 41 seconds. Time passed: 16 hours, 42 minutes, 57 seconds
[INFO 18:47:56] my_main Recent Stats | t_env:     982388 | Episode:    56256
consensus_fraction_mean:   0.9995	entropy_loss:              0.0011	ep_length_mean:           14.3161	episode_limit_mean:        0.0018
epsilon:                   0.0500	grad_norm:               287.8024	loss:                     56.8078	mi_loss:                   0.0228
q_taken_mean:              6.2701	return_mean:              50.4903	return_median:            67.2000	return_std:               55.7743
success_mean:              0.9982	target_mean:               6.2910	td_error_abs:              5.4783	test_consensus_fraction_mean:  1.0000
test_ep_length_mean:      11.6000	test_episode_limit_mean:   0.0000	test_return_mean:         63.8125	test_return_median:       76.5000
test_return_std:          39.4092	test_success_mean:         1.0000	
[INFO 18:50:17] my_main Updated target network
[INFO 18:50:19] my_main Recent Stats | t_env:     984389 | Episode:    56404
consensus_fraction_mean:   0.9995	entropy_loss:              0.0011	ep_length_mean:           14.3161	episode_limit_mean:        0.0018
epsilon:                   0.0500	grad_norm:               287.8024	loss:                     56.8078	mi_loss:                   0.0228
q_taken_mean:              6.2701	return_mean:              50.4903	return_median:            67.2000	return_std:               55.7743
success_mean:              0.9982	target_mean:               6.2910	td_error_abs:              5.4783	test_consensus_fraction_mean:  1.0000
test_ep_length_mean:      11.6000	test_episode_limit_mean:   0.0000	test_return_mean:         63.8125	test_return_median:       76.5000
test_return_std:          39.4092	test_success_mean:         1.0000	
[INFO 18:52:16] my_main Recent Stats | t_env:     986390 | Episode:    56527
consensus_fraction_mean:   0.9995	entropy_loss:              0.0011	ep_length_mean:           14.3161	episode_limit_mean:        0.0018
epsilon:                   0.0500	grad_norm:               277.4264	loss:                     55.3207	mi_loss:                   0.0229
q_taken_mean:              6.2929	return_mean:              50.4903	return_median:            67.2000	return_std:               55.7743
success_mean:              0.9982	target_mean:               6.3161	td_error_abs:              5.3941	test_consensus_fraction_mean:  1.0000
test_ep_length_mean:      11.6000	test_episode_limit_mean:   0.0000	test_return_mean:         63.8125	test_return_median:       76.5000
test_return_std:          39.4092	test_success_mean:         1.0000	
[INFO 18:53:27] my_main Updated target network
[INFO 18:54:39] my_main Recent Stats | t_env:     988396 | Episode:    56675
consensus_fraction_mean:   0.9995	entropy_loss:              0.0011	ep_length_mean:           14.3161	episode_limit_mean:        0.0018
epsilon:                   0.0500	grad_norm:               277.4264	loss:                     55.3207	mi_loss:                   0.0229
q_taken_mean:              6.2929	return_mean:              50.4903	return_median:            67.2000	return_std:               55.7743
success_mean:              0.9982	target_mean:               6.3161	td_error_abs:              5.3941	test_consensus_fraction_mean:  1.0000
test_ep_length_mean:      11.6000	test_episode_limit_mean:   0.0000	test_return_mean:         63.8125	test_return_median:       76.5000
test_return_std:          39.4092	test_success_mean:         1.0000	
[INFO 18:56:40] my_main Updated target network
[INFO 18:57:08] my_main Recent Stats | t_env:     990398 | Episode:    56829
consensus_fraction_mean:   0.9995	entropy_loss:              0.0011	ep_length_mean:           14.3161	episode_limit_mean:        0.0018
epsilon:                   0.0500	grad_norm:               277.4264	loss:                     55.3207	mi_loss:                   0.0229
q_taken_mean:              6.2929	return_mean:              50.4903	return_median:            67.2000	return_std:               55.7743
success_mean:              0.9982	target_mean:               6.3161	td_error_abs:              5.3941	test_consensus_fraction_mean:  1.0000
test_ep_length_mean:      11.6000	test_episode_limit_mean:   0.0000	test_return_mean:         63.8125	test_return_median:       76.5000
test_return_std:          39.4092	test_success_mean:         1.0000	
[INFO 18:59:00] my_main t_env: 991870 / 2050000
[INFO 18:59:00] my_main Estimated time left: 20 hours, 33 minutes, 13 seconds. Time passed: 16 hours, 54 minutes, 37 seconds
[INFO 18:59:40] my_main Recent Stats | t_env:     992484 | Episode:    56980
consensus_fraction_mean:   0.9995	entropy_loss:              0.0011	ep_length_mean:           14.4124	episode_limit_mean:        0.0018
epsilon:                   0.0500	grad_norm:               277.4264	loss:                     55.3207	mi_loss:                   0.0229
q_taken_mean:              6.2929	return_mean:              49.7729	return_median:            66.6000	return_std:               56.9696
success_mean:              0.9982	target_mean:               6.3161	td_error_abs:              5.3941	test_consensus_fraction_mean:  0.9981
test_ep_length_mean:      11.4187	test_episode_limit_mean:   0.0063	test_return_mean:         64.8000	test_return_median:       79.0000
test_return_std:          45.8468	test_success_mean:         0.9937	
[INFO 19:00:00] my_main Updated target network
[INFO 19:02:02] my_main Recent Stats | t_env:     994494 | Episode:    57135
consensus_fraction_mean:   0.9995	entropy_loss:              0.0011	ep_length_mean:           14.4124	episode_limit_mean:        0.0018
epsilon:                   0.0500	grad_norm:               277.4264	loss:                     55.3207	mi_loss:                   0.0229
q_taken_mean:              6.2929	return_mean:              49.7729	return_median:            66.6000	return_std:               56.9696
success_mean:              0.9982	target_mean:               6.3161	td_error_abs:              5.3941	test_consensus_fraction_mean:  0.9981
test_ep_length_mean:      11.4187	test_episode_limit_mean:   0.0063	test_return_mean:         64.8000	test_return_median:       79.0000
test_return_std:          45.8468	test_success_mean:         0.9937	
[INFO 19:03:07] my_main Updated target network
[INFO 19:04:24] my_main Recent Stats | t_env:     996509 | Episode:    57279
consensus_fraction_mean:   0.9995	entropy_loss:              0.0011	ep_length_mean:           14.4124	episode_limit_mean:        0.0018
epsilon:                   0.0500	grad_norm:               312.2668	loss:                     56.8795	mi_loss:                   0.0228
q_taken_mean:              6.1792	return_mean:              49.7729	return_median:            66.6000	return_std:               56.9696
success_mean:              0.9982	target_mean:               6.2171	td_error_abs:              5.4479	test_consensus_fraction_mean:  0.9981
test_ep_length_mean:      11.4187	test_episode_limit_mean:   0.0063	test_return_mean:         64.8000	test_return_median:       79.0000
test_return_std:          45.8468	test_success_mean:         0.9937	
[INFO 19:06:27] my_main Updated target network
[INFO 19:06:49] my_main Recent Stats | t_env:     998515 | Episode:    57424
consensus_fraction_mean:   0.9995	entropy_loss:              0.0011	ep_length_mean:           14.4124	episode_limit_mean:        0.0018
epsilon:                   0.0500	grad_norm:               312.2668	loss:                     56.8795	mi_loss:                   0.0228
q_taken_mean:              6.1792	return_mean:              49.7729	return_median:            66.6000	return_std:               56.9696
success_mean:              0.9982	target_mean:               6.2171	td_error_abs:              5.4479	test_consensus_fraction_mean:  0.9981
test_ep_length_mean:      11.4187	test_episode_limit_mean:   0.0063	test_return_mean:         64.8000	test_return_median:       79.0000
test_return_std:          45.8468	test_success_mean:         0.9937	
[INFO 19:09:00] my_main Recent Stats | t_env:    1000519 | Episode:    57551
consensus_fraction_mean:   0.9995	entropy_loss:              0.0011	ep_length_mean:           14.4124	episode_limit_mean:        0.0018
epsilon:                   0.0500	grad_norm:               312.2668	loss:                     56.8795	mi_loss:                   0.0228
q_taken_mean:              6.1792	return_mean:              49.7729	return_median:            66.6000	return_std:               56.9696
success_mean:              0.9982	target_mean:               6.2171	td_error_abs:              5.4479	test_consensus_fraction_mean:  0.9981
test_ep_length_mean:      11.4187	test_episode_limit_mean:   0.0063	test_return_mean:         64.8000	test_return_median:       79.0000
test_return_std:          45.8468	test_success_mean:         0.9937	
[INFO 19:09:50] my_main Updated target network
[INFO 19:10:45] my_main t_env: 1001902 / 2050000
[INFO 19:10:45] my_main Estimated time left: 20 hours, 26 minutes, 18 seconds. Time passed: 17 hours, 6 minutes, 21 seconds
[INFO 19:11:31] my_main Recent Stats | t_env:    1002533 | Episode:    57701
consensus_fraction_mean:   0.9998	entropy_loss:              0.0011	ep_length_mean:           14.2502	episode_limit_mean:        0.0011
epsilon:                   0.0500	grad_norm:               312.2668	loss:                     56.8795	mi_loss:                   0.0228
q_taken_mean:              6.1792	return_mean:              50.5241	return_median:            67.0000	return_std:               55.2210
success_mean:              0.9989	target_mean:               6.2171	td_error_abs:              5.4479	test_consensus_fraction_mean:  0.9981
test_ep_length_mean:      11.3438	test_episode_limit_mean:   0.0063	test_return_mean:         64.6688	test_return_median:       79.3000
test_return_std:          47.8083	test_success_mean:         0.9937	
[INFO 19:13:13] my_main Updated target network
[INFO 19:13:48] my_main Recent Stats | t_env:    1004545 | Episode:    57836
consensus_fraction_mean:   0.9998	entropy_loss:              0.0011	ep_length_mean:           14.2502	episode_limit_mean:        0.0011
epsilon:                   0.0500	grad_norm:               312.2668	loss:                     56.8795	mi_loss:                   0.0228
q_taken_mean:              6.1792	return_mean:              50.5241	return_median:            67.0000	return_std:               55.2210
success_mean:              0.9989	target_mean:               6.2171	td_error_abs:              5.4479	test_consensus_fraction_mean:  0.9981
test_ep_length_mean:      11.3438	test_episode_limit_mean:   0.0063	test_return_mean:         64.6688	test_return_median:       79.3000
test_return_std:          47.8083	test_success_mean:         0.9937	
[INFO 19:16:16] my_main Recent Stats | t_env:    1006547 | Episode:    57982
consensus_fraction_mean:   0.9998	entropy_loss:              0.0012	ep_length_mean:           14.2502	episode_limit_mean:        0.0011
epsilon:                   0.0500	grad_norm:               262.9015	loss:                     58.1545	mi_loss:                   0.0227
q_taken_mean:              6.0994	return_mean:              50.5241	return_median:            67.0000	return_std:               55.2210
success_mean:              0.9989	target_mean:               6.1115	td_error_abs:              5.5758	test_consensus_fraction_mean:  0.9981
test_ep_length_mean:      11.3438	test_episode_limit_mean:   0.0063	test_return_mean:         64.6688	test_return_median:       79.3000
test_return_std:          47.8083	test_success_mean:         0.9937	
[INFO 19:16:33] my_main Updated target network
[INFO 19:18:45] my_main Recent Stats | t_env:    1008594 | Episode:    58135
consensus_fraction_mean:   0.9998	entropy_loss:              0.0012	ep_length_mean:           14.2502	episode_limit_mean:        0.0011
epsilon:                   0.0500	grad_norm:               262.9015	loss:                     58.1545	mi_loss:                   0.0227
q_taken_mean:              6.0994	return_mean:              50.5241	return_median:            67.0000	return_std:               55.2210
success_mean:              0.9989	target_mean:               6.1115	td_error_abs:              5.5758	test_consensus_fraction_mean:  0.9981
test_ep_length_mean:      11.3438	test_episode_limit_mean:   0.0063	test_return_mean:         64.6688	test_return_median:       79.3000
test_return_std:          47.8083	test_success_mean:         0.9937	
[INFO 19:19:50] my_main Updated target network
[INFO 19:20:52] my_main Recent Stats | t_env:    1010597 | Episode:    58263
consensus_fraction_mean:   0.9998	entropy_loss:              0.0012	ep_length_mean:           14.2502	episode_limit_mean:        0.0011
epsilon:                   0.0500	grad_norm:               262.9015	loss:                     58.1545	mi_loss:                   0.0227
q_taken_mean:              6.0994	return_mean:              50.5241	return_median:            67.0000	return_std:               55.2210
success_mean:              0.9989	target_mean:               6.1115	td_error_abs:              5.5758	test_consensus_fraction_mean:  0.9981
test_ep_length_mean:      11.3438	test_episode_limit_mean:   0.0063	test_return_mean:         64.6688	test_return_median:       79.3000
test_return_std:          47.8083	test_success_mean:         0.9937	
[INFO 19:22:27] my_main t_env: 1011956 / 2050000
[INFO 19:22:27] my_main Estimated time left: 20 hours, 7 minutes, 47 seconds. Time passed: 17 hours, 18 minutes, 3 seconds
[INFO 19:23:10] my_main Updated target network
[INFO 19:23:11] my_main Recent Stats | t_env:    1012615 | Episode:    58402
consensus_fraction_mean:   0.9998	entropy_loss:              0.0012	ep_length_mean:           14.3280	episode_limit_mean:        0.0011
epsilon:                   0.0500	grad_norm:               262.9015	loss:                     58.1545	mi_loss:                   0.0227
q_taken_mean:              6.0994	return_mean:              50.5123	return_median:            66.6000	return_std:               54.5621
success_mean:              0.9989	target_mean:               6.1115	td_error_abs:              5.5758	test_consensus_fraction_mean:  0.9981
test_ep_length_mean:      10.5063	test_episode_limit_mean:   0.0063	test_return_mean:         67.4125	test_return_median:       79.3000
test_return_std:          40.0387	test_success_mean:         0.9937	
[INFO 19:25:38] my_main Recent Stats | t_env:    1014638 | Episode:    58542
consensus_fraction_mean:   0.9998	entropy_loss:              0.0012	ep_length_mean:           14.3280	episode_limit_mean:        0.0011
epsilon:                   0.0500	grad_norm:               262.9015	loss:                     58.1545	mi_loss:                   0.0227
q_taken_mean:              6.0994	return_mean:              50.5123	return_median:            66.6000	return_std:               54.5621
success_mean:              0.9989	target_mean:               6.1115	td_error_abs:              5.5758	test_consensus_fraction_mean:  0.9981
test_ep_length_mean:      10.5063	test_episode_limit_mean:   0.0063	test_return_mean:         67.4125	test_return_median:       79.3000
test_return_std:          40.0387	test_success_mean:         0.9937	
[INFO 19:26:35] my_main Updated target network
[INFO 19:27:49] my_main Recent Stats | t_env:    1016640 | Episode:    58674
consensus_fraction_mean:   0.9998	entropy_loss:              0.0012	ep_length_mean:           14.3280	episode_limit_mean:        0.0011
epsilon:                   0.0500	grad_norm:               279.8828	loss:                     58.4441	mi_loss:                   0.0228
q_taken_mean:              6.0720	return_mean:              50.5123	return_median:            66.6000	return_std:               54.5621
success_mean:              0.9989	target_mean:               6.0796	td_error_abs:              5.5815	test_consensus_fraction_mean:  0.9981
test_ep_length_mean:      10.5063	test_episode_limit_mean:   0.0063	test_return_mean:         67.4125	test_return_median:       79.3000
test_return_std:          40.0387	test_success_mean:         0.9937	
[INFO 19:29:59] my_main Recent Stats | t_env:    1018649 | Episode:    58800
consensus_fraction_mean:   0.9998	entropy_loss:              0.0012	ep_length_mean:           14.3280	episode_limit_mean:        0.0011
epsilon:                   0.0500	grad_norm:               279.8828	loss:                     58.4441	mi_loss:                   0.0228
q_taken_mean:              6.0720	return_mean:              50.5123	return_median:            66.6000	return_std:               54.5621
success_mean:              0.9989	target_mean:               6.0796	td_error_abs:              5.5815	test_consensus_fraction_mean:  0.9981
test_ep_length_mean:      10.5063	test_episode_limit_mean:   0.0063	test_return_mean:         67.4125	test_return_median:       79.3000
test_return_std:          40.0387	test_success_mean:         0.9937	
[INFO 19:30:00] my_main Updated target network
[INFO 19:32:29] my_main Recent Stats | t_env:    1020650 | Episode:    58956
consensus_fraction_mean:   0.9998	entropy_loss:              0.0012	ep_length_mean:           14.3280	episode_limit_mean:        0.0011
epsilon:                   0.0500	grad_norm:               279.8828	loss:                     58.4441	mi_loss:                   0.0228
q_taken_mean:              6.0720	return_mean:              50.5123	return_median:            66.6000	return_std:               54.5621
success_mean:              0.9989	target_mean:               6.0796	td_error_abs:              5.5815	test_consensus_fraction_mean:  0.9981
test_ep_length_mean:      10.5063	test_episode_limit_mean:   0.0063	test_return_mean:         67.4125	test_return_median:       79.3000
test_return_std:          40.0387	test_success_mean:         0.9937	
[INFO 19:33:11] my_main Updated target network
[INFO 19:34:02] my_main t_env: 1021972 / 2050000
[INFO 19:34:02] my_main Estimated time left: 19 hours, 50 minutes, 24 seconds. Time passed: 17 hours, 29 minutes, 39 seconds
[INFO 19:34:59] my_main Recent Stats | t_env:    1022676 | Episode:    59105
consensus_fraction_mean:   0.9999	entropy_loss:              0.0012	ep_length_mean:           14.3165	episode_limit_mean:        0.0014
epsilon:                   0.0500	grad_norm:               279.8828	loss:                     58.4441	mi_loss:                   0.0228
q_taken_mean:              6.0720	return_mean:              50.8616	return_median:            66.8000	return_std:               53.5462
success_mean:              0.9986	target_mean:               6.0796	td_error_abs:              5.5815	test_consensus_fraction_mean:  0.9981
test_ep_length_mean:      11.0625	test_episode_limit_mean:   0.0063	test_return_mean:         64.5250	test_return_median:       75.6000
test_return_std:          44.3083	test_success_mean:         0.9937	
[INFO 19:36:41] my_main Updated target network
[INFO 19:37:25] my_main Recent Stats | t_env:    1024682 | Episode:    59247
consensus_fraction_mean:   0.9999	entropy_loss:              0.0012	ep_length_mean:           14.3165	episode_limit_mean:        0.0014
epsilon:                   0.0500	grad_norm:               279.8828	loss:                     58.4441	mi_loss:                   0.0228
q_taken_mean:              6.0720	return_mean:              50.8616	return_median:            66.8000	return_std:               53.5462
success_mean:              0.9986	target_mean:               6.0796	td_error_abs:              5.5815	test_consensus_fraction_mean:  0.9981
test_ep_length_mean:      11.0625	test_episode_limit_mean:   0.0063	test_return_mean:         64.5250	test_return_median:       75.6000
test_return_std:          44.3083	test_success_mean:         0.9937	
[INFO 19:39:48] my_main Recent Stats | t_env:    1026682 | Episode:    59389
consensus_fraction_mean:   0.9999	entropy_loss:              0.0012	ep_length_mean:           14.3165	episode_limit_mean:        0.0014
epsilon:                   0.0500	grad_norm:               288.7999	loss:                     57.3185	mi_loss:                   0.0228
q_taken_mean:              5.9411	return_mean:              50.8616	return_median:            66.8000	return_std:               53.5462
success_mean:              0.9986	target_mean:               5.9027	td_error_abs:              5.5762	test_consensus_fraction_mean:  0.9981
test_ep_length_mean:      11.0625	test_episode_limit_mean:   0.0063	test_return_mean:         64.5250	test_return_median:       75.6000
test_return_std:          44.3083	test_success_mean:         0.9937	
[INFO 19:40:01] my_main Updated target network
[INFO 19:41:57] my_main Recent Stats | t_env:    1028688 | Episode:    59511
consensus_fraction_mean:   0.9999	entropy_loss:              0.0012	ep_length_mean:           14.3165	episode_limit_mean:        0.0014
epsilon:                   0.0500	grad_norm:               288.7999	loss:                     57.3185	mi_loss:                   0.0228
q_taken_mean:              5.9411	return_mean:              50.8616	return_median:            66.8000	return_std:               53.5462
success_mean:              0.9986	target_mean:               5.9027	td_error_abs:              5.5762	test_consensus_fraction_mean:  0.9981
test_ep_length_mean:      11.0625	test_episode_limit_mean:   0.0063	test_return_mean:         64.5250	test_return_median:       75.6000
test_return_std:          44.3083	test_success_mean:         0.9937	
[INFO 19:43:26] my_main Updated target network
[INFO 19:44:13] my_main Recent Stats | t_env:    1030725 | Episode:    59646
consensus_fraction_mean:   0.9999	entropy_loss:              0.0012	ep_length_mean:           14.3165	episode_limit_mean:        0.0014
epsilon:                   0.0500	grad_norm:               288.7999	loss:                     57.3185	mi_loss:                   0.0228
q_taken_mean:              5.9411	return_mean:              50.8616	return_median:            66.8000	return_std:               53.5462
success_mean:              0.9986	target_mean:               5.9027	td_error_abs:              5.5762	test_consensus_fraction_mean:  0.9981
test_ep_length_mean:      11.0625	test_episode_limit_mean:   0.0063	test_return_mean:         64.5250	test_return_median:       75.6000
test_return_std:          44.3083	test_success_mean:         0.9937	
[INFO 19:45:37] my_main t_env: 1031982 / 2050000
[INFO 19:45:37] my_main Estimated time left: 19 hours, 38 minutes, 8 seconds. Time passed: 17 hours, 41 minutes, 14 seconds
[INFO 19:46:29] my_main Recent Stats | t_env:    1032741 | Episode:    59774
consensus_fraction_mean:   0.9999	entropy_loss:              0.0012	ep_length_mean:           14.2996	episode_limit_mean:        0.0011
epsilon:                   0.0500	grad_norm:               288.7999	loss:                     57.3185	mi_loss:                   0.0228
q_taken_mean:              5.9411	return_mean:              51.0068	return_median:            67.0000	return_std:               52.0999
success_mean:              0.9989	target_mean:               5.9027	td_error_abs:              5.5762	test_consensus_fraction_mean:  0.9981
test_ep_length_mean:      11.6562	test_episode_limit_mean:   0.0063	test_return_mean:         63.2437	test_return_median:       75.4000
test_return_std:          47.3678	test_success_mean:         0.9937	
[INFO 19:46:57] my_main Updated target network
[INFO 19:48:55] my_main Recent Stats | t_env:    1034747 | Episode:    59917
consensus_fraction_mean:   0.9999	entropy_loss:              0.0012	ep_length_mean:           14.2996	episode_limit_mean:        0.0011
epsilon:                   0.0500	grad_norm:               288.7999	loss:                     57.3185	mi_loss:                   0.0228
q_taken_mean:              5.9411	return_mean:              51.0068	return_median:            67.0000	return_std:               52.0999
success_mean:              0.9989	target_mean:               5.9027	td_error_abs:              5.5762	test_consensus_fraction_mean:  0.9981
test_ep_length_mean:      11.6562	test_episode_limit_mean:   0.0063	test_return_mean:         63.2437	test_return_median:       75.4000
test_return_std:          47.3678	test_success_mean:         0.9937	
[INFO 19:50:18] my_main Updated target network
[INFO 19:51:19] my_main Recent Stats | t_env:    1036763 | Episode:    60061
consensus_fraction_mean:   0.9999	entropy_loss:              0.0012	ep_length_mean:           14.2996	episode_limit_mean:        0.0011
epsilon:                   0.0500	grad_norm:               299.4098	loss:                     56.6537	mi_loss:                   0.0226
q_taken_mean:              5.8790	return_mean:              51.0068	return_median:            67.0000	return_std:               52.0999
success_mean:              0.9989	target_mean:               5.8426	td_error_abs:              5.4953	test_consensus_fraction_mean:  0.9981
test_ep_length_mean:      11.6562	test_episode_limit_mean:   0.0063	test_return_mean:         63.2437	test_return_median:       75.4000
test_return_std:          47.3678	test_success_mean:         0.9937	
[INFO 19:53:36] my_main Recent Stats | t_env:    1038772 | Episode:    60196
consensus_fraction_mean:   0.9999	entropy_loss:              0.0012	ep_length_mean:           14.2996	episode_limit_mean:        0.0011
epsilon:                   0.0500	grad_norm:               299.4098	loss:                     56.6537	mi_loss:                   0.0226
q_taken_mean:              5.8790	return_mean:              51.0068	return_median:            67.0000	return_std:               52.0999
success_mean:              0.9989	target_mean:               5.8426	td_error_abs:              5.4953	test_consensus_fraction_mean:  0.9981
test_ep_length_mean:      11.6562	test_episode_limit_mean:   0.0063	test_return_mean:         63.2437	test_return_median:       75.4000
test_return_std:          47.3678	test_success_mean:         0.9937	
[INFO 19:53:40] my_main Updated target network
[INFO 19:56:15] my_main Recent Stats | t_env:    1040782 | Episode:    60361
consensus_fraction_mean:   0.9999	entropy_loss:              0.0012	ep_length_mean:           14.2996	episode_limit_mean:        0.0011
epsilon:                   0.0500	grad_norm:               299.4098	loss:                     56.6537	mi_loss:                   0.0226
q_taken_mean:              5.8790	return_mean:              51.0068	return_median:            67.0000	return_std:               52.0999
success_mean:              0.9989	target_mean:               5.8426	td_error_abs:              5.4953	test_consensus_fraction_mean:  0.9981
test_ep_length_mean:      11.6562	test_episode_limit_mean:   0.0063	test_return_mean:         63.2437	test_return_median:       75.4000
test_return_std:          47.3678	test_success_mean:         0.9937	
[INFO 19:56:59] my_main Updated target network
[INFO 19:57:44] my_main t_env: 1042005 / 2050000
[INFO 19:57:44] my_main Estimated time left: 20 hours, 18 minutes, 7 seconds. Time passed: 17 hours, 53 minutes, 20 seconds
[INFO 19:58:44] my_main Recent Stats | t_env:    1042802 | Episode:    60498
consensus_fraction_mean:   0.9999	entropy_loss:              0.0012	ep_length_mean:           14.3312	episode_limit_mean:        0.0011
epsilon:                   0.0500	grad_norm:               299.4098	loss:                     56.6537	mi_loss:                   0.0226
q_taken_mean:              5.8790	return_mean:              51.3226	return_median:            67.0000	return_std:               51.3273
success_mean:              0.9989	target_mean:               5.8426	td_error_abs:              5.4953	test_consensus_fraction_mean:  1.0000
test_ep_length_mean:      11.8625	test_episode_limit_mean:   0.0000	test_return_mean:         61.2437	test_return_median:       71.9000
test_return_std:          41.9480	test_success_mean:         1.0000	
[INFO 20:00:21] my_main Updated target network
[INFO 20:01:01] my_main Recent Stats | t_env:    1044809 | Episode:    60638
consensus_fraction_mean:   0.9999	entropy_loss:              0.0012	ep_length_mean:           14.3312	episode_limit_mean:        0.0011
epsilon:                   0.0500	grad_norm:               299.4098	loss:                     56.6537	mi_loss:                   0.0226
q_taken_mean:              5.8790	return_mean:              51.3226	return_median:            67.0000	return_std:               51.3273
success_mean:              0.9989	target_mean:               5.8426	td_error_abs:              5.4953	test_consensus_fraction_mean:  1.0000
test_ep_length_mean:      11.8625	test_episode_limit_mean:   0.0000	test_return_mean:         61.2437	test_return_median:       71.9000
test_return_std:          41.9480	test_success_mean:         1.0000	
[INFO 20:03:19] my_main Recent Stats | t_env:    1046819 | Episode:    60779
consensus_fraction_mean:   0.9999	entropy_loss:              0.0011	ep_length_mean:           14.3312	episode_limit_mean:        0.0011
epsilon:                   0.0500	grad_norm:               287.7469	loss:                     54.6953	mi_loss:                   0.0230
q_taken_mean:              5.9594	return_mean:              51.3226	return_median:            67.0000	return_std:               51.3273
success_mean:              0.9989	target_mean:               5.8827	td_error_abs:              5.4856	test_consensus_fraction_mean:  1.0000
test_ep_length_mean:      11.8625	test_episode_limit_mean:   0.0000	test_return_mean:         61.2437	test_return_median:       71.9000
test_return_std:          41.9480	test_success_mean:         1.0000	
[INFO 20:03:40] my_main Updated target network
[INFO 20:05:54] my_main Recent Stats | t_env:    1048840 | Episode:    60944
consensus_fraction_mean:   0.9999	entropy_loss:              0.0011	ep_length_mean:           14.3312	episode_limit_mean:        0.0011
epsilon:                   0.0500	grad_norm:               287.7469	loss:                     54.6953	mi_loss:                   0.0230
q_taken_mean:              5.9594	return_mean:              51.3226	return_median:            67.0000	return_std:               51.3273
success_mean:              0.9989	target_mean:               5.8827	td_error_abs:              5.4856	test_consensus_fraction_mean:  1.0000
test_ep_length_mean:      11.8625	test_episode_limit_mean:   0.0000	test_return_mean:         61.2437	test_return_median:       71.9000
test_return_std:          41.9480	test_success_mean:         1.0000	
[INFO 20:06:55] my_main Updated target network
[INFO 20:08:16] my_main Recent Stats | t_env:    1050871 | Episode:    61082
consensus_fraction_mean:   0.9999	entropy_loss:              0.0011	ep_length_mean:           14.3312	episode_limit_mean:        0.0011
epsilon:                   0.0500	grad_norm:               287.7469	loss:                     54.6953	mi_loss:                   0.0230
q_taken_mean:              5.9594	return_mean:              51.3226	return_median:            67.0000	return_std:               51.3273
success_mean:              0.9989	target_mean:               5.8827	td_error_abs:              5.4856	test_consensus_fraction_mean:  1.0000
test_ep_length_mean:      11.8625	test_episode_limit_mean:   0.0000	test_return_mean:         61.2437	test_return_median:       71.9000
test_return_std:          41.9480	test_success_mean:         1.0000	
[INFO 20:09:43] my_main t_env: 1052007 / 2050000
[INFO 20:09:43] my_main Estimated time left: 19 hours, 55 minutes, 59 seconds. Time passed: 18 hours, 5 minutes, 20 seconds
[INFO 20:10:11] my_main Updated target network
[INFO 20:10:46] my_main Recent Stats | t_env:    1052872 | Episode:    61236
consensus_fraction_mean:   1.0000	entropy_loss:              0.0011	ep_length_mean:           14.2388	episode_limit_mean:        0.0006
epsilon:                   0.0500	grad_norm:               287.7469	loss:                     54.6953	mi_loss:                   0.0230
q_taken_mean:              5.9594	return_mean:              51.6340	return_median:            67.4000	return_std:               50.0786
success_mean:              0.9994	target_mean:               5.8827	td_error_abs:              5.4856	test_consensus_fraction_mean:  1.0000
test_ep_length_mean:      12.2625	test_episode_limit_mean:   0.0000	test_return_mean:         60.4500	test_return_median:       70.1000
test_return_std:          40.3381	test_success_mean:         1.0000	
[INFO 20:13:01] my_main Recent Stats | t_env:    1054902 | Episode:    61379
consensus_fraction_mean:   1.0000	entropy_loss:              0.0011	ep_length_mean:           14.2388	episode_limit_mean:        0.0006
epsilon:                   0.0500	grad_norm:               287.7469	loss:                     54.6953	mi_loss:                   0.0230
q_taken_mean:              5.9594	return_mean:              51.6340	return_median:            67.4000	return_std:               50.0786
success_mean:              0.9994	target_mean:               5.8827	td_error_abs:              5.4856	test_consensus_fraction_mean:  1.0000
test_ep_length_mean:      12.2625	test_episode_limit_mean:   0.0000	test_return_mean:         60.4500	test_return_median:       70.1000
test_return_std:          40.3381	test_success_mean:         1.0000	
[INFO 20:13:23] my_main Updated target network
[INFO 20:15:17] my_main Recent Stats | t_env:    1056910 | Episode:    61519
consensus_fraction_mean:   1.0000	entropy_loss:              0.0010	ep_length_mean:           14.2388	episode_limit_mean:        0.0006
epsilon:                   0.0500	grad_norm:               299.6607	loss:                     54.1483	mi_loss:                   0.0230
q_taken_mean:              6.0549	return_mean:              51.6340	return_median:            67.4000	return_std:               50.0786
success_mean:              0.9994	target_mean:               5.9631	td_error_abs:              5.4570	test_consensus_fraction_mean:  1.0000
test_ep_length_mean:      12.2625	test_episode_limit_mean:   0.0000	test_return_mean:         60.4500	test_return_median:       70.1000
test_return_std:          40.3381	test_success_mean:         1.0000	
[INFO 20:16:36] my_main Updated target network
[INFO 20:17:48] my_main Recent Stats | t_env:    1058911 | Episode:    61678
consensus_fraction_mean:   1.0000	entropy_loss:              0.0010	ep_length_mean:           14.2388	episode_limit_mean:        0.0006
epsilon:                   0.0500	grad_norm:               299.6607	loss:                     54.1483	mi_loss:                   0.0230
q_taken_mean:              6.0549	return_mean:              51.6340	return_median:            67.4000	return_std:               50.0786
success_mean:              0.9994	target_mean:               5.9631	td_error_abs:              5.4570	test_consensus_fraction_mean:  1.0000
test_ep_length_mean:      12.2625	test_episode_limit_mean:   0.0000	test_return_mean:         60.4500	test_return_median:       70.1000
test_return_std:          40.3381	test_success_mean:         1.0000	
[INFO 20:19:45] my_main Updated target network
[INFO 20:20:01] my_main Recent Stats | t_env:    1060916 | Episode:    61819
consensus_fraction_mean:   1.0000	entropy_loss:              0.0010	ep_length_mean:           14.2388	episode_limit_mean:        0.0006
epsilon:                   0.0500	grad_norm:               299.6607	loss:                     54.1483	mi_loss:                   0.0230
q_taken_mean:              6.0549	return_mean:              51.6340	return_median:            67.4000	return_std:               50.0786
success_mean:              0.9994	target_mean:               5.9631	td_error_abs:              5.4570	test_consensus_fraction_mean:  1.0000
test_ep_length_mean:      12.2625	test_episode_limit_mean:   0.0000	test_return_mean:         60.4500	test_return_median:       70.1000
test_return_std:          40.3381	test_success_mean:         1.0000	
[INFO 20:21:16] my_main t_env: 1062012 / 2050000
[INFO 20:21:16] my_main Estimated time left: 18 hours, 59 minutes, 25 seconds. Time passed: 18 hours, 16 minutes, 52 seconds
[INFO 20:22:30] my_main Recent Stats | t_env:    1062923 | Episode:    61976
consensus_fraction_mean:   1.0000	entropy_loss:              0.0010	ep_length_mean:           14.1583	episode_limit_mean:        0.0006
epsilon:                   0.0500	grad_norm:               299.6607	loss:                     54.1483	mi_loss:                   0.0230
q_taken_mean:              6.0549	return_mean:              51.7063	return_median:            67.2000	return_std:               49.1526
success_mean:              0.9994	target_mean:               5.9631	td_error_abs:              5.4570	test_consensus_fraction_mean:  1.0000
test_ep_length_mean:      12.2312	test_episode_limit_mean:   0.0000	test_return_mean:         59.8062	test_return_median:       70.1000
test_return_std:          41.4296	test_success_mean:         1.0000	
[INFO 20:22:54] my_main Updated target network
[INFO 20:24:59] my_main Recent Stats | t_env:    1064932 | Episode:    62134
consensus_fraction_mean:   1.0000	entropy_loss:              0.0010	ep_length_mean:           14.1583	episode_limit_mean:        0.0006
epsilon:                   0.0500	grad_norm:               299.6607	loss:                     54.1483	mi_loss:                   0.0230
q_taken_mean:              6.0549	return_mean:              51.7063	return_median:            67.2000	return_std:               49.1526
success_mean:              0.9994	target_mean:               5.9631	td_error_abs:              5.4570	test_consensus_fraction_mean:  1.0000
test_ep_length_mean:      12.2312	test_episode_limit_mean:   0.0000	test_return_mean:         59.8062	test_return_median:       70.1000
test_return_std:          41.4296	test_success_mean:         1.0000	
[INFO 20:26:00] my_main Updated target network
[INFO 20:27:35] my_main Recent Stats | t_env:    1066964 | Episode:    62303
consensus_fraction_mean:   1.0000	entropy_loss:              0.0011	ep_length_mean:           14.1583	episode_limit_mean:        0.0006
epsilon:                   0.0500	grad_norm:               287.0454	loss:                     54.0963	mi_loss:                   0.0228
q_taken_mean:              5.8922	return_mean:              51.7063	return_median:            67.2000	return_std:               49.1526
success_mean:              0.9994	target_mean:               5.8265	td_error_abs:              5.4697	test_consensus_fraction_mean:  1.0000
test_ep_length_mean:      12.2312	test_episode_limit_mean:   0.0000	test_return_mean:         59.8062	test_return_median:       70.1000
test_return_std:          41.4296	test_success_mean:         1.0000	
[INFO 20:29:07] my_main Updated target network
[INFO 20:29:49] my_main Recent Stats | t_env:    1068968 | Episode:    62447
consensus_fraction_mean:   1.0000	entropy_loss:              0.0011	ep_length_mean:           14.1583	episode_limit_mean:        0.0006
epsilon:                   0.0500	grad_norm:               287.0454	loss:                     54.0963	mi_loss:                   0.0228
q_taken_mean:              5.8922	return_mean:              51.7063	return_median:            67.2000	return_std:               49.1526
success_mean:              0.9994	target_mean:               5.8265	td_error_abs:              5.4697	test_consensus_fraction_mean:  1.0000
test_ep_length_mean:      12.2312	test_episode_limit_mean:   0.0000	test_return_mean:         59.8062	test_return_median:       70.1000
test_return_std:          41.4296	test_success_mean:         1.0000	
[INFO 20:31:53] my_main Recent Stats | t_env:    1070975 | Episode:    62582
consensus_fraction_mean:   1.0000	entropy_loss:              0.0011	ep_length_mean:           14.1583	episode_limit_mean:        0.0006
epsilon:                   0.0500	grad_norm:               287.0454	loss:                     54.0963	mi_loss:                   0.0228
q_taken_mean:              5.8922	return_mean:              51.7063	return_median:            67.2000	return_std:               49.1526
success_mean:              0.9994	target_mean:               5.8265	td_error_abs:              5.4697	test_consensus_fraction_mean:  1.0000
test_ep_length_mean:      12.2312	test_episode_limit_mean:   0.0000	test_return_mean:         59.8062	test_return_median:       70.1000
test_return_std:          41.4296	test_success_mean:         1.0000	
[INFO 20:32:10] my_main Updated target network
[INFO 20:32:55] my_main t_env: 1072017 / 2050000
[INFO 20:32:55] my_main Estimated time left: 18 hours, 59 minutes, 37 seconds. Time passed: 18 hours, 28 minutes, 31 seconds
[INFO 20:34:15] my_main Recent Stats | t_env:    1072977 | Episode:    62740
consensus_fraction_mean:   1.0000	entropy_loss:              0.0011	ep_length_mean:           13.9321	episode_limit_mean:        0.0000
epsilon:                   0.0500	grad_norm:               287.0454	loss:                     54.0963	mi_loss:                   0.0228
q_taken_mean:              5.8922	return_mean:              52.2298	return_median:            67.6000	return_std:               47.7298
success_mean:              1.0000	target_mean:               5.8265	td_error_abs:              5.4697	test_consensus_fraction_mean:  0.9994
test_ep_length_mean:      12.1438	test_episode_limit_mean:   0.0063	test_return_mean:         61.0562	test_return_median:       73.0000
test_return_std:          40.3265	test_success_mean:         0.9937	
[INFO 20:35:09] my_main Updated target network
[INFO 20:36:27] my_main Recent Stats | t_env:    1074987 | Episode:    62887
consensus_fraction_mean:   1.0000	entropy_loss:              0.0010	ep_length_mean:           13.9321	episode_limit_mean:        0.0000
epsilon:                   0.0500	grad_norm:               274.6164	loss:                     55.3184	mi_loss:                   0.0230
q_taken_mean:              6.0256	return_mean:              52.2298	return_median:            67.6000	return_std:               47.7298
success_mean:              1.0000	target_mean:               6.0033	td_error_abs:              5.4803	test_consensus_fraction_mean:  0.9994
test_ep_length_mean:      12.1438	test_episode_limit_mean:   0.0063	test_return_mean:         61.0562	test_return_median:       73.0000
test_return_std:          40.3265	test_success_mean:         0.9937	
[INFO 20:38:22] my_main Updated target network
[INFO 20:38:42] my_main Recent Stats | t_env:    1076995 | Episode:    63021
consensus_fraction_mean:   1.0000	entropy_loss:              0.0010	ep_length_mean:           13.9321	episode_limit_mean:        0.0000
epsilon:                   0.0500	grad_norm:               274.6164	loss:                     55.3184	mi_loss:                   0.0230
q_taken_mean:              6.0256	return_mean:              52.2298	return_median:            67.6000	return_std:               47.7298
success_mean:              1.0000	target_mean:               6.0033	td_error_abs:              5.4803	test_consensus_fraction_mean:  0.9994
test_ep_length_mean:      12.1438	test_episode_limit_mean:   0.0063	test_return_mean:         61.0562	test_return_median:       73.0000
test_return_std:          40.3265	test_success_mean:         0.9937	
[INFO 20:40:56] my_main Recent Stats | t_env:    1079002 | Episode:    63164
consensus_fraction_mean:   1.0000	entropy_loss:              0.0010	ep_length_mean:           13.9321	episode_limit_mean:        0.0000
epsilon:                   0.0500	grad_norm:               274.6164	loss:                     55.3184	mi_loss:                   0.0230
q_taken_mean:              6.0256	return_mean:              52.2298	return_median:            67.6000	return_std:               47.7298
success_mean:              1.0000	target_mean:               6.0033	td_error_abs:              5.4803	test_consensus_fraction_mean:  0.9994
test_ep_length_mean:      12.1438	test_episode_limit_mean:   0.0063	test_return_mean:         61.0562	test_return_median:       73.0000
test_return_std:          40.3265	test_success_mean:         0.9937	
[INFO 20:41:30] my_main Updated target network
[INFO 20:43:04] my_main Recent Stats | t_env:    1081035 | Episode:    63301
consensus_fraction_mean:   1.0000	entropy_loss:              0.0010	ep_length_mean:           13.9321	episode_limit_mean:        0.0000
epsilon:                   0.0500	grad_norm:               274.6164	loss:                     55.3184	mi_loss:                   0.0230
q_taken_mean:              6.0256	return_mean:              52.2298	return_median:            67.6000	return_std:               47.7298
success_mean:              1.0000	target_mean:               6.0033	td_error_abs:              5.4803	test_consensus_fraction_mean:  0.9994
test_ep_length_mean:      12.1438	test_episode_limit_mean:   0.0063	test_return_mean:         61.0562	test_return_median:       73.0000
test_return_std:          40.3265	test_success_mean:         0.9937	
[INFO 20:44:17] my_main t_env: 1082020 / 2050000
[INFO 20:44:17] my_main Estimated time left: 18 hours, 18 minutes, 54 seconds. Time passed: 18 hours, 39 minutes, 53 seconds
[INFO 20:44:41] my_main Updated target network
[INFO 20:45:26] my_main Recent Stats | t_env:    1083057 | Episode:    63445
consensus_fraction_mean:   0.9999	entropy_loss:              0.0010	ep_length_mean:           13.7054	episode_limit_mean:        0.0003
epsilon:                   0.0500	grad_norm:               274.6164	loss:                     55.3184	mi_loss:                   0.0230
q_taken_mean:              6.0256	return_mean:              52.8732	return_median:            67.8000	return_std:               47.4609
success_mean:              0.9997	target_mean:               6.0033	td_error_abs:              5.4803	test_consensus_fraction_mean:  0.9994
test_ep_length_mean:      12.4000	test_episode_limit_mean:   0.0063	test_return_mean:         60.8813	test_return_median:       73.3000
test_return_std:          39.4878	test_success_mean:         0.9937	
[INFO 20:47:32] my_main Recent Stats | t_env:    1085058 | Episode:    63577
consensus_fraction_mean:   0.9999	entropy_loss:              0.0009	ep_length_mean:           13.7054	episode_limit_mean:        0.0003
epsilon:                   0.0500	grad_norm:               244.1425	loss:                     58.6476	mi_loss:                   0.0233
q_taken_mean:              6.1946	return_mean:              52.8732	return_median:            67.8000	return_std:               47.4609
success_mean:              0.9997	target_mean:               6.1836	td_error_abs:              5.6812	test_consensus_fraction_mean:  0.9994
test_ep_length_mean:      12.4000	test_episode_limit_mean:   0.0063	test_return_mean:         60.8813	test_return_median:       73.3000
test_return_std:          39.4878	test_success_mean:         0.9937	
[INFO 20:47:55] my_main Updated target network
[INFO 20:49:40] my_main Recent Stats | t_env:    1087084 | Episode:    63714
consensus_fraction_mean:   0.9999	entropy_loss:              0.0009	ep_length_mean:           13.7054	episode_limit_mean:        0.0003
epsilon:                   0.0500	grad_norm:               244.1425	loss:                     58.6476	mi_loss:                   0.0233
q_taken_mean:              6.1946	return_mean:              52.8732	return_median:            67.8000	return_std:               47.4609
success_mean:              0.9997	target_mean:               6.1836	td_error_abs:              5.6812	test_consensus_fraction_mean:  0.9994
test_ep_length_mean:      12.4000	test_episode_limit_mean:   0.0063	test_return_mean:         60.8813	test_return_median:       73.3000
test_return_std:          39.4878	test_success_mean:         0.9937	
[INFO 20:51:04] my_main Updated target network
[INFO 20:51:40] my_main Recent Stats | t_env:    1089087 | Episode:    63843
consensus_fraction_mean:   0.9999	entropy_loss:              0.0009	ep_length_mean:           13.7054	episode_limit_mean:        0.0003
epsilon:                   0.0500	grad_norm:               244.1425	loss:                     58.6476	mi_loss:                   0.0233
q_taken_mean:              6.1946	return_mean:              52.8732	return_median:            67.8000	return_std:               47.4609
success_mean:              0.9997	target_mean:               6.1836	td_error_abs:              5.6812	test_consensus_fraction_mean:  0.9994
test_ep_length_mean:      12.4000	test_episode_limit_mean:   0.0063	test_return_mean:         60.8813	test_return_median:       73.3000
test_return_std:          39.4878	test_success_mean:         0.9937	
[INFO 20:53:50] my_main Recent Stats | t_env:    1091101 | Episode:    63985
consensus_fraction_mean:   0.9999	entropy_loss:              0.0009	ep_length_mean:           13.7054	episode_limit_mean:        0.0003
epsilon:                   0.0500	grad_norm:               244.1425	loss:                     58.6476	mi_loss:                   0.0233
q_taken_mean:              6.1946	return_mean:              52.8732	return_median:            67.8000	return_std:               47.4609
success_mean:              0.9997	target_mean:               6.1836	td_error_abs:              5.6812	test_consensus_fraction_mean:  0.9994
test_ep_length_mean:      12.4000	test_episode_limit_mean:   0.0063	test_return_mean:         60.8813	test_return_median:       73.3000
test_return_std:          39.4878	test_success_mean:         0.9937	
[INFO 20:54:05] my_main Updated target network
[INFO 20:54:53] my_main t_env: 1092043 / 2050000
[INFO 20:54:53] my_main Estimated time left: 16 hours, 54 minutes, 27 seconds. Time passed: 18 hours, 50 minutes, 30 seconds
[INFO 20:56:01] my_main Recent Stats | t_env:    1093102 | Episode:    64118
consensus_fraction_mean:   0.9999	entropy_loss:              0.0009	ep_length_mean:           13.8848	episode_limit_mean:        0.0006
epsilon:                   0.0500	grad_norm:               244.1425	loss:                     58.6476	mi_loss:                   0.0233
q_taken_mean:              6.1946	return_mean:              52.1724	return_median:            67.6000	return_std:               48.2879
success_mean:              0.9994	target_mean:               6.1836	td_error_abs:              5.6812	test_consensus_fraction_mean:  0.9994
test_ep_length_mean:      11.8687	test_episode_limit_mean:   0.0063	test_return_mean:         64.5125	test_return_median:       76.1000
test_return_std:          35.2050	test_success_mean:         0.9937	
[INFO 20:57:16] my_main Updated target network
[INFO 20:58:11] my_main Recent Stats | t_env:    1095106 | Episode:    64260
consensus_fraction_mean:   0.9999	entropy_loss:              0.0009	ep_length_mean:           13.8848	episode_limit_mean:        0.0006
epsilon:                   0.0500	grad_norm:               215.4475	loss:                     59.5410	mi_loss:                   0.0231
q_taken_mean:              6.1706	return_mean:              52.1724	return_median:            67.6000	return_std:               48.2879
success_mean:              0.9994	target_mean:               6.1716	td_error_abs:              5.7005	test_consensus_fraction_mean:  0.9994
test_ep_length_mean:      11.8687	test_episode_limit_mean:   0.0063	test_return_mean:         64.5125	test_return_median:       76.1000
test_return_std:          35.2050	test_success_mean:         0.9937	
[INFO 21:00:20] my_main Updated target network
[INFO 21:00:41] my_main Recent Stats | t_env:    1097114 | Episode:    64423
consensus_fraction_mean:   0.9999	entropy_loss:              0.0009	ep_length_mean:           13.8848	episode_limit_mean:        0.0006
epsilon:                   0.0500	grad_norm:               215.4475	loss:                     59.5410	mi_loss:                   0.0231
q_taken_mean:              6.1706	return_mean:              52.1724	return_median:            67.6000	return_std:               48.2879
success_mean:              0.9994	target_mean:               6.1716	td_error_abs:              5.7005	test_consensus_fraction_mean:  0.9994
test_ep_length_mean:      11.8687	test_episode_limit_mean:   0.0063	test_return_mean:         64.5125	test_return_median:       76.1000
test_return_std:          35.2050	test_success_mean:         0.9937	
[INFO 21:03:10] my_main Recent Stats | t_env:    1099116 | Episode:    64593
consensus_fraction_mean:   0.9999	entropy_loss:              0.0009	ep_length_mean:           13.8848	episode_limit_mean:        0.0006
epsilon:                   0.0500	grad_norm:               215.4475	loss:                     59.5410	mi_loss:                   0.0231
q_taken_mean:              6.1706	return_mean:              52.1724	return_median:            67.6000	return_std:               48.2879
success_mean:              0.9994	target_mean:               6.1716	td_error_abs:              5.7005	test_consensus_fraction_mean:  0.9994
test_ep_length_mean:      11.8687	test_episode_limit_mean:   0.0063	test_return_mean:         64.5125	test_return_median:       76.1000
test_return_std:          35.2050	test_success_mean:         0.9937	
[INFO 21:03:18] my_main Updated target network
[INFO 21:05:27] my_main Recent Stats | t_env:    1101121 | Episode:    64740
consensus_fraction_mean:   0.9999	entropy_loss:              0.0009	ep_length_mean:           13.8848	episode_limit_mean:        0.0006
epsilon:                   0.0500	grad_norm:               215.4475	loss:                     59.5410	mi_loss:                   0.0231
q_taken_mean:              6.1706	return_mean:              52.1724	return_median:            67.6000	return_std:               48.2879
success_mean:              0.9994	target_mean:               6.1716	td_error_abs:              5.7005	test_consensus_fraction_mean:  0.9994
test_ep_length_mean:      11.8687	test_episode_limit_mean:   0.0063	test_return_mean:         64.5125	test_return_median:       76.1000
test_return_std:          35.2050	test_success_mean:         0.9937	
[INFO 21:06:17] my_main t_env: 1102061 / 2050000
[INFO 21:06:17] my_main Estimated time left: 17 hours, 58 minutes, 31 seconds. Time passed: 19 hours, 1 minutes, 54 seconds
[INFO 21:06:28] my_main Updated target network
[INFO 21:07:39] my_main Recent Stats | t_env:    1103141 | Episode:    64883
consensus_fraction_mean:   0.9999	entropy_loss:              0.0009	ep_length_mean:           13.8671	episode_limit_mean:        0.0006
epsilon:                   0.0500	grad_norm:               215.4475	loss:                     59.5410	mi_loss:                   0.0231
q_taken_mean:              6.1706	return_mean:              52.3533	return_median:            67.8000	return_std:               48.1378
success_mean:              0.9994	target_mean:               6.1716	td_error_abs:              5.7005	test_consensus_fraction_mean:  0.9994
test_ep_length_mean:      11.7375	test_episode_limit_mean:   0.0063	test_return_mean:         64.6188	test_return_median:       77.0000
test_return_std:          35.4310	test_success_mean:         0.9937	
[INFO 21:09:24] my_main Updated target network
[INFO 21:09:47] my_main Recent Stats | t_env:    1105147 | Episode:    65025
consensus_fraction_mean:   0.9999	entropy_loss:              0.0009	ep_length_mean:           13.8671	episode_limit_mean:        0.0006
epsilon:                   0.0500	grad_norm:               235.2050	loss:                     60.1709	mi_loss:                   0.0231
q_taken_mean:              6.1561	return_mean:              52.3533	return_median:            67.8000	return_std:               48.1378
success_mean:              0.9994	target_mean:               6.1481	td_error_abs:              5.7948	test_consensus_fraction_mean:  0.9994
test_ep_length_mean:      11.7375	test_episode_limit_mean:   0.0063	test_return_mean:         64.6188	test_return_median:       77.0000
test_return_std:          35.4310	test_success_mean:         0.9937	
[INFO 21:11:54] my_main Recent Stats | t_env:    1107161 | Episode:    65158
consensus_fraction_mean:   0.9999	entropy_loss:              0.0009	ep_length_mean:           13.8671	episode_limit_mean:        0.0006
epsilon:                   0.0500	grad_norm:               235.2050	loss:                     60.1709	mi_loss:                   0.0231
q_taken_mean:              6.1561	return_mean:              52.3533	return_median:            67.8000	return_std:               48.1378
success_mean:              0.9994	target_mean:               6.1481	td_error_abs:              5.7948	test_consensus_fraction_mean:  0.9994
test_ep_length_mean:      11.7375	test_episode_limit_mean:   0.0063	test_return_mean:         64.6188	test_return_median:       77.0000
test_return_std:          35.4310	test_success_mean:         0.9937	
[INFO 21:12:32] my_main Updated target network
[INFO 21:14:16] my_main Recent Stats | t_env:    1109165 | Episode:    65318
consensus_fraction_mean:   0.9999	entropy_loss:              0.0009	ep_length_mean:           13.8671	episode_limit_mean:        0.0006
epsilon:                   0.0500	grad_norm:               235.2050	loss:                     60.1709	mi_loss:                   0.0231
q_taken_mean:              6.1561	return_mean:              52.3533	return_median:            67.8000	return_std:               48.1378
success_mean:              0.9994	target_mean:               6.1481	td_error_abs:              5.7948	test_consensus_fraction_mean:  0.9994
test_ep_length_mean:      11.7375	test_episode_limit_mean:   0.0063	test_return_mean:         64.6188	test_return_median:       77.0000
test_return_std:          35.4310	test_success_mean:         0.9937	
[INFO 21:15:29] my_main Updated target network
[INFO 21:16:31] my_main Recent Stats | t_env:    1111178 | Episode:    65477
consensus_fraction_mean:   0.9999	entropy_loss:              0.0009	ep_length_mean:           13.8671	episode_limit_mean:        0.0006
epsilon:                   0.0500	grad_norm:               235.2050	loss:                     60.1709	mi_loss:                   0.0231
q_taken_mean:              6.1561	return_mean:              52.3533	return_median:            67.8000	return_std:               48.1378
success_mean:              0.9994	target_mean:               6.1481	td_error_abs:              5.7948	test_consensus_fraction_mean:  0.9994
test_ep_length_mean:      11.7375	test_episode_limit_mean:   0.0063	test_return_mean:         64.6188	test_return_median:       77.0000
test_return_std:          35.4310	test_success_mean:         0.9937	
[INFO 21:17:31] my_main t_env: 1112063 / 2050000
[INFO 21:17:31] my_main Estimated time left: 17 hours, 32 minutes, 41 seconds. Time passed: 19 hours, 13 minutes, 7 seconds
[INFO 21:18:27] my_main Updated target network
[INFO 21:18:50] my_main Recent Stats | t_env:    1113208 | Episode:    65629
consensus_fraction_mean:   0.9999	entropy_loss:              0.0009	ep_length_mean:           13.7702	episode_limit_mean:        0.0006
epsilon:                   0.0500	grad_norm:               235.2050	loss:                     60.1709	mi_loss:                   0.0231
q_taken_mean:              6.1561	return_mean:              52.9002	return_median:            68.2000	return_std:               47.7440
success_mean:              0.9994	target_mean:               6.1481	td_error_abs:              5.7948	test_consensus_fraction_mean:  0.9994
test_ep_length_mean:      11.5938	test_episode_limit_mean:   0.0063	test_return_mean:         65.3812	test_return_median:       77.6000
test_return_std:          35.6358	test_success_mean:         0.9937	
[INFO 21:20:56] my_main Recent Stats | t_env:    1115221 | Episode:    65769
consensus_fraction_mean:   0.9999	entropy_loss:              0.0009	ep_length_mean:           13.7702	episode_limit_mean:        0.0006
epsilon:                   0.0500	grad_norm:               242.7017	loss:                     62.5890	mi_loss:                   0.0233
q_taken_mean:              6.3188	return_mean:              52.9002	return_median:            68.2000	return_std:               47.7440
success_mean:              0.9994	target_mean:               6.3051	td_error_abs:              5.8747	test_consensus_fraction_mean:  0.9994
test_ep_length_mean:      11.5938	test_episode_limit_mean:   0.0063	test_return_mean:         65.3812	test_return_median:       77.6000
test_return_std:          35.6358	test_success_mean:         0.9937	
[INFO 21:21:22] my_main Updated target network
[INFO 21:23:15] my_main Recent Stats | t_env:    1117238 | Episode:    65924
consensus_fraction_mean:   0.9999	entropy_loss:              0.0009	ep_length_mean:           13.7702	episode_limit_mean:        0.0006
epsilon:                   0.0500	grad_norm:               242.7017	loss:                     62.5890	mi_loss:                   0.0233
q_taken_mean:              6.3188	return_mean:              52.9002	return_median:            68.2000	return_std:               47.7440
success_mean:              0.9994	target_mean:               6.3051	td_error_abs:              5.8747	test_consensus_fraction_mean:  0.9994
test_ep_length_mean:      11.5938	test_episode_limit_mean:   0.0063	test_return_mean:         65.3812	test_return_median:       77.6000
test_return_std:          35.6358	test_success_mean:         0.9937	
[INFO 21:24:21] my_main Updated target network
[INFO 21:25:52] my_main Recent Stats | t_env:    1119239 | Episode:    66108
consensus_fraction_mean:   0.9999	entropy_loss:              0.0009	ep_length_mean:           13.7702	episode_limit_mean:        0.0006
epsilon:                   0.0500	grad_norm:               242.7017	loss:                     62.5890	mi_loss:                   0.0233
q_taken_mean:              6.3188	return_mean:              52.9002	return_median:            68.2000	return_std:               47.7440
success_mean:              0.9994	target_mean:               6.3051	td_error_abs:              5.8747	test_consensus_fraction_mean:  0.9994
test_ep_length_mean:      11.5938	test_episode_limit_mean:   0.0063	test_return_mean:         65.3812	test_return_median:       77.6000
test_return_std:          35.6358	test_success_mean:         0.9937	
[INFO 21:27:12] my_main Updated target network
[INFO 21:28:10] my_main Recent Stats | t_env:    1121284 | Episode:    66265
consensus_fraction_mean:   0.9999	entropy_loss:              0.0009	ep_length_mean:           13.7702	episode_limit_mean:        0.0006
epsilon:                   0.0500	grad_norm:               242.7017	loss:                     62.5890	mi_loss:                   0.0233
q_taken_mean:              6.3188	return_mean:              52.9002	return_median:            68.2000	return_std:               47.7440
success_mean:              0.9994	target_mean:               6.3051	td_error_abs:              5.8747	test_consensus_fraction_mean:  0.9994
test_ep_length_mean:      11.5938	test_episode_limit_mean:   0.0063	test_return_mean:         65.3812	test_return_median:       77.6000
test_return_std:          35.6358	test_success_mean:         0.9937	
[INFO 21:28:57] my_main t_env: 1122066 / 2050000
[INFO 21:28:57] my_main Estimated time left: 17 hours, 41 minutes, 31 seconds. Time passed: 19 hours, 24 minutes, 34 seconds
[INFO 21:30:13] my_main Updated target network
[INFO 21:30:26] my_main Recent Stats | t_env:    1123288 | Episode:    66417
consensus_fraction_mean:   0.9999	entropy_loss:              0.0009	ep_length_mean:           13.6806	episode_limit_mean:        0.0006
epsilon:                   0.0500	grad_norm:               242.7017	loss:                     62.5890	mi_loss:                   0.0233
q_taken_mean:              6.3188	return_mean:              53.4551	return_median:            68.8000	return_std:               47.7435
success_mean:              0.9994	target_mean:               6.3051	td_error_abs:              5.8747	test_consensus_fraction_mean:  1.0000
test_ep_length_mean:      10.8813	test_episode_limit_mean:   0.0000	test_return_mean:         67.8000	test_return_median:       78.3000
test_return_std:          30.2209	test_success_mean:         1.0000	
[INFO 21:32:45] my_main Recent Stats | t_env:    1125290 | Episode:    66581
consensus_fraction_mean:   0.9999	entropy_loss:              0.0009	ep_length_mean:           13.6806	episode_limit_mean:        0.0006
epsilon:                   0.0500	grad_norm:               232.1154	loss:                     64.2873	mi_loss:                   0.0232
q_taken_mean:              6.3236	return_mean:              53.4551	return_median:            68.8000	return_std:               47.7435
success_mean:              0.9994	target_mean:               6.2849	td_error_abs:              6.0328	test_consensus_fraction_mean:  1.0000
test_ep_length_mean:      10.8813	test_episode_limit_mean:   0.0000	test_return_mean:         67.8000	test_return_median:       78.3000
test_return_std:          30.2209	test_success_mean:         1.0000	
[INFO 21:33:02] my_main Updated target network
[INFO 21:34:51] my_main Recent Stats | t_env:    1127295 | Episode:    66725
consensus_fraction_mean:   0.9999	entropy_loss:              0.0009	ep_length_mean:           13.6806	episode_limit_mean:        0.0006
epsilon:                   0.0500	grad_norm:               232.1154	loss:                     64.2873	mi_loss:                   0.0232
q_taken_mean:              6.3236	return_mean:              53.4551	return_median:            68.8000	return_std:               47.7435
success_mean:              0.9994	target_mean:               6.2849	td_error_abs:              6.0328	test_consensus_fraction_mean:  1.0000
test_ep_length_mean:      10.8813	test_episode_limit_mean:   0.0000	test_return_mean:         67.8000	test_return_median:       78.3000
test_return_std:          30.2209	test_success_mean:         1.0000	
[INFO 21:35:59] my_main Updated target network
[INFO 21:37:16] my_main Recent Stats | t_env:    1129295 | Episode:    66891
consensus_fraction_mean:   0.9999	entropy_loss:              0.0009	ep_length_mean:           13.6806	episode_limit_mean:        0.0006
epsilon:                   0.0500	grad_norm:               232.1154	loss:                     64.2873	mi_loss:                   0.0232
q_taken_mean:              6.3236	return_mean:              53.4551	return_median:            68.8000	return_std:               47.7435
success_mean:              0.9994	target_mean:               6.2849	td_error_abs:              6.0328	test_consensus_fraction_mean:  1.0000
test_ep_length_mean:      10.8813	test_episode_limit_mean:   0.0000	test_return_mean:         67.8000	test_return_median:       78.3000
test_return_std:          30.2209	test_success_mean:         1.0000	
[INFO 21:38:52] my_main Updated target network
[INFO 21:39:12] my_main Recent Stats | t_env:    1131300 | Episode:    67022
consensus_fraction_mean:   0.9999	entropy_loss:              0.0009	ep_length_mean:           13.6806	episode_limit_mean:        0.0006
epsilon:                   0.0500	grad_norm:               232.1154	loss:                     64.2873	mi_loss:                   0.0232
q_taken_mean:              6.3236	return_mean:              53.4551	return_median:            68.8000	return_std:               47.7435
success_mean:              0.9994	target_mean:               6.2849	td_error_abs:              6.0328	test_consensus_fraction_mean:  1.0000
test_ep_length_mean:      10.8813	test_episode_limit_mean:   0.0000	test_return_mean:         67.8000	test_return_median:       78.3000
test_return_std:          30.2209	test_success_mean:         1.0000	
[INFO 21:40:12] my_main t_env: 1132069 / 2050000
[INFO 21:40:12] my_main Estimated time left: 17 hours, 12 minutes, 6 seconds. Time passed: 19 hours, 35 minutes, 49 seconds
[INFO 21:41:51] my_main Recent Stats | t_env:    1133302 | Episode:    67198
consensus_fraction_mean:   1.0000	entropy_loss:              0.0009	ep_length_mean:           13.5273	episode_limit_mean:        0.0003
epsilon:                   0.0500	grad_norm:               232.1154	loss:                     64.2873	mi_loss:                   0.0232
q_taken_mean:              6.3236	return_mean:              54.2996	return_median:            68.8000	return_std:               46.0442
success_mean:              0.9997	target_mean:               6.2849	td_error_abs:              6.0328	test_consensus_fraction_mean:  1.0000
test_ep_length_mean:       9.7063	test_episode_limit_mean:   0.0000	test_return_mean:         71.3688	test_return_median:       80.6000
test_return_std:          26.5748	test_success_mean:         1.0000	
[INFO 21:41:54] my_main Updated target network
[INFO 21:43:49] my_main Recent Stats | t_env:    1135317 | Episode:    67330
consensus_fraction_mean:   1.0000	entropy_loss:              0.0010	ep_length_mean:           13.5273	episode_limit_mean:        0.0003
epsilon:                   0.0500	grad_norm:               284.0256	loss:                     60.3984	mi_loss:                   0.0231
q_taken_mean:              6.2838	return_mean:              54.2996	return_median:            68.8000	return_std:               46.0442
success_mean:              0.9997	target_mean:               6.2246	td_error_abs:              5.8158	test_consensus_fraction_mean:  1.0000
test_ep_length_mean:       9.7063	test_episode_limit_mean:   0.0000	test_return_mean:         71.3688	test_return_median:       80.6000
test_return_std:          26.5748	test_success_mean:         1.0000	
[INFO 21:44:56] my_main Updated target network
[INFO 21:46:07] my_main Recent Stats | t_env:    1137323 | Episode:    67474
consensus_fraction_mean:   1.0000	entropy_loss:              0.0010	ep_length_mean:           13.5273	episode_limit_mean:        0.0003
epsilon:                   0.0500	grad_norm:               284.0256	loss:                     60.3984	mi_loss:                   0.0231
q_taken_mean:              6.2838	return_mean:              54.2996	return_median:            68.8000	return_std:               46.0442
success_mean:              0.9997	target_mean:               6.2246	td_error_abs:              5.8158	test_consensus_fraction_mean:  1.0000
test_ep_length_mean:       9.7063	test_episode_limit_mean:   0.0000	test_return_mean:         71.3688	test_return_median:       80.6000
test_return_std:          26.5748	test_success_mean:         1.0000	
[INFO 21:48:04] my_main Updated target network
[INFO 21:48:20] my_main Recent Stats | t_env:    1139335 | Episode:    67618
consensus_fraction_mean:   1.0000	entropy_loss:              0.0010	ep_length_mean:           13.5273	episode_limit_mean:        0.0003
epsilon:                   0.0500	grad_norm:               284.0256	loss:                     60.3984	mi_loss:                   0.0231
q_taken_mean:              6.2838	return_mean:              54.2996	return_median:            68.8000	return_std:               46.0442
success_mean:              0.9997	target_mean:               6.2246	td_error_abs:              5.8158	test_consensus_fraction_mean:  1.0000
test_ep_length_mean:       9.7063	test_episode_limit_mean:   0.0000	test_return_mean:         71.3688	test_return_median:       80.6000
test_return_std:          26.5748	test_success_mean:         1.0000	
[INFO 21:50:35] my_main Recent Stats | t_env:    1141344 | Episode:    67768
consensus_fraction_mean:   1.0000	entropy_loss:              0.0010	ep_length_mean:           13.5273	episode_limit_mean:        0.0003
epsilon:                   0.0500	grad_norm:               284.0256	loss:                     60.3984	mi_loss:                   0.0231
q_taken_mean:              6.2838	return_mean:              54.2996	return_median:            68.8000	return_std:               46.0442
success_mean:              0.9997	target_mean:               6.2246	td_error_abs:              5.8158	test_consensus_fraction_mean:  1.0000
test_ep_length_mean:       9.7063	test_episode_limit_mean:   0.0000	test_return_mean:         71.3688	test_return_median:       80.6000
test_return_std:          26.5748	test_success_mean:         1.0000	
[INFO 21:51:06] my_main Updated target network
[INFO 21:51:19] my_main t_env: 1142074 / 2050000
[INFO 21:51:19] my_main Estimated time left: 16 hours, 47 minutes, 40 seconds. Time passed: 19 hours, 46 minutes, 55 seconds
[INFO 21:52:51] my_main Recent Stats | t_env:    1143348 | Episode:    67911
consensus_fraction_mean:   0.9999	entropy_loss:              0.0010	ep_length_mean:           13.3081	episode_limit_mean:        0.0006
epsilon:                   0.0500	grad_norm:               284.0256	loss:                     60.3984	mi_loss:                   0.0231
q_taken_mean:              6.2838	return_mean:              55.1788	return_median:            69.4000	return_std:               45.4016
success_mean:              0.9994	target_mean:               6.2246	td_error_abs:              5.8158	test_consensus_fraction_mean:  1.0000
test_ep_length_mean:       9.7937	test_episode_limit_mean:   0.0000	test_return_mean:         69.9500	test_return_median:       78.3000
test_return_std:          27.1788	test_success_mean:         1.0000	
[INFO 21:54:08] my_main Updated target network
[INFO 21:55:01] my_main Recent Stats | t_env:    1145357 | Episode:    68061
consensus_fraction_mean:   0.9999	entropy_loss:              0.0010	ep_length_mean:           13.3081	episode_limit_mean:        0.0006
epsilon:                   0.0500	grad_norm:               320.4399	loss:                     58.1940	mi_loss:                   0.0232
q_taken_mean:              6.3356	return_mean:              55.1788	return_median:            69.4000	return_std:               45.4016
success_mean:              0.9994	target_mean:               6.3056	td_error_abs:              5.6923	test_consensus_fraction_mean:  1.0000
test_ep_length_mean:       9.7937	test_episode_limit_mean:   0.0000	test_return_mean:         69.9500	test_return_median:       78.3000
test_return_std:          27.1788	test_success_mean:         1.0000	
[INFO 21:57:03] my_main Updated target network
[INFO 21:57:21] my_main Recent Stats | t_env:    1147370 | Episode:    68222
consensus_fraction_mean:   0.9999	entropy_loss:              0.0010	ep_length_mean:           13.3081	episode_limit_mean:        0.0006
epsilon:                   0.0500	grad_norm:               320.4399	loss:                     58.1940	mi_loss:                   0.0232
q_taken_mean:              6.3356	return_mean:              55.1788	return_median:            69.4000	return_std:               45.4016
success_mean:              0.9994	target_mean:               6.3056	td_error_abs:              5.6923	test_consensus_fraction_mean:  1.0000
test_ep_length_mean:       9.7937	test_episode_limit_mean:   0.0000	test_return_mean:         69.9500	test_return_median:       78.3000
test_return_std:          27.1788	test_success_mean:         1.0000	
[INFO 21:59:32] my_main Recent Stats | t_env:    1149376 | Episode:    68366
consensus_fraction_mean:   0.9999	entropy_loss:              0.0010	ep_length_mean:           13.3081	episode_limit_mean:        0.0006
epsilon:                   0.0500	grad_norm:               320.4399	loss:                     58.1940	mi_loss:                   0.0232
q_taken_mean:              6.3356	return_mean:              55.1788	return_median:            69.4000	return_std:               45.4016
success_mean:              0.9994	target_mean:               6.3056	td_error_abs:              5.6923	test_consensus_fraction_mean:  1.0000
test_ep_length_mean:       9.7937	test_episode_limit_mean:   0.0000	test_return_mean:         69.9500	test_return_median:       78.3000
test_return_std:          27.1788	test_success_mean:         1.0000	
[INFO 22:00:04] my_main Updated target network
[INFO 22:01:46] my_main Recent Stats | t_env:    1151376 | Episode:    68518
consensus_fraction_mean:   0.9999	entropy_loss:              0.0010	ep_length_mean:           13.3081	episode_limit_mean:        0.0006
epsilon:                   0.0500	grad_norm:               320.4399	loss:                     58.1940	mi_loss:                   0.0232
q_taken_mean:              6.3356	return_mean:              55.1788	return_median:            69.4000	return_std:               45.4016
success_mean:              0.9994	target_mean:               6.3056	td_error_abs:              5.6923	test_consensus_fraction_mean:  1.0000
test_ep_length_mean:       9.7937	test_episode_limit_mean:   0.0000	test_return_mean:         69.9500	test_return_median:       78.3000
test_return_std:          27.1788	test_success_mean:         1.0000	
[INFO 22:02:33] my_main t_env: 1152095 / 2050000
[INFO 22:02:33] my_main Estimated time left: 16 hours, 46 minutes, 54 seconds. Time passed: 19 hours, 58 minutes, 9 seconds
[INFO 22:03:02] my_main Updated target network
[INFO 22:04:03] my_main Recent Stats | t_env:    1153386 | Episode:    68672
consensus_fraction_mean:   0.9999	entropy_loss:              0.0010	ep_length_mean:           13.2552	episode_limit_mean:        0.0006
epsilon:                   0.0500	grad_norm:               320.4399	loss:                     58.1940	mi_loss:                   0.0232
q_taken_mean:              6.3356	return_mean:              55.6051	return_median:            69.4000	return_std:               44.8717
success_mean:              0.9994	target_mean:               6.3056	td_error_abs:              5.6923	test_consensus_fraction_mean:  1.0000
test_ep_length_mean:       9.9187	test_episode_limit_mean:   0.0000	test_return_mean:         70.0500	test_return_median:       78.6000
test_return_std:          27.6987	test_success_mean:         1.0000	
[INFO 22:05:55] my_main Updated target network
[INFO 22:06:20] my_main Recent Stats | t_env:    1155389 | Episode:    68828
consensus_fraction_mean:   0.9999	entropy_loss:              0.0011	ep_length_mean:           13.2552	episode_limit_mean:        0.0006
epsilon:                   0.0500	grad_norm:               298.5429	loss:                     55.5722	mi_loss:                   0.0233
q_taken_mean:              6.4254	return_mean:              55.6051	return_median:            69.4000	return_std:               44.8717
success_mean:              0.9994	target_mean:               6.4265	td_error_abs:              5.5148	test_consensus_fraction_mean:  1.0000
test_ep_length_mean:       9.9187	test_episode_limit_mean:   0.0000	test_return_mean:         70.0500	test_return_median:       78.6000
test_return_std:          27.6987	test_success_mean:         1.0000	
[INFO 22:08:42] my_main Recent Stats | t_env:    1157389 | Episode:    68992
consensus_fraction_mean:   0.9999	entropy_loss:              0.0011	ep_length_mean:           13.2552	episode_limit_mean:        0.0006
epsilon:                   0.0500	grad_norm:               298.5429	loss:                     55.5722	mi_loss:                   0.0233
q_taken_mean:              6.4254	return_mean:              55.6051	return_median:            69.4000	return_std:               44.8717
success_mean:              0.9994	target_mean:               6.4265	td_error_abs:              5.5148	test_consensus_fraction_mean:  1.0000
test_ep_length_mean:       9.9187	test_episode_limit_mean:   0.0000	test_return_mean:         70.0500	test_return_median:       78.6000
test_return_std:          27.6987	test_success_mean:         1.0000	
[INFO 22:08:50] my_main Updated target network
[INFO 22:10:47] my_main Recent Stats | t_env:    1159403 | Episode:    69142
consensus_fraction_mean:   0.9999	entropy_loss:              0.0011	ep_length_mean:           13.2552	episode_limit_mean:        0.0006
epsilon:                   0.0500	grad_norm:               298.5429	loss:                     55.5722	mi_loss:                   0.0233
q_taken_mean:              6.4254	return_mean:              55.6051	return_median:            69.4000	return_std:               44.8717
success_mean:              0.9994	target_mean:               6.4265	td_error_abs:              5.5148	test_consensus_fraction_mean:  1.0000
test_ep_length_mean:       9.9187	test_episode_limit_mean:   0.0000	test_return_mean:         70.0500	test_return_median:       78.6000
test_return_std:          27.6987	test_success_mean:         1.0000	
[INFO 22:11:40] my_main Updated target network
[INFO 22:12:58] my_main Recent Stats | t_env:    1161408 | Episode:    69294
consensus_fraction_mean:   0.9999	entropy_loss:              0.0011	ep_length_mean:           13.2552	episode_limit_mean:        0.0006
epsilon:                   0.0500	grad_norm:               298.5429	loss:                     55.5722	mi_loss:                   0.0233
q_taken_mean:              6.4254	return_mean:              55.6051	return_median:            69.4000	return_std:               44.8717
success_mean:              0.9994	target_mean:               6.4265	td_error_abs:              5.5148	test_consensus_fraction_mean:  1.0000
test_ep_length_mean:       9.9187	test_episode_limit_mean:   0.0000	test_return_mean:         70.0500	test_return_median:       78.6000
test_return_std:          27.6987	test_success_mean:         1.0000	
[INFO 22:13:44] my_main t_env: 1162105 / 2050000
[INFO 22:13:44] my_main Estimated time left: 16 hours, 32 minutes, 52 seconds. Time passed: 20 hours, 9 minutes, 21 seconds
[INFO 22:14:30] my_main Updated target network
[INFO 22:15:24] my_main Recent Stats | t_env:    1163409 | Episode:    69460
consensus_fraction_mean:   0.9999	entropy_loss:              0.0011	ep_length_mean:           13.1446	episode_limit_mean:        0.0006
epsilon:                   0.0500	grad_norm:               298.5429	loss:                     55.5722	mi_loss:                   0.0233
q_taken_mean:              6.4254	return_mean:              55.9308	return_median:            70.0000	return_std:               45.0111
success_mean:              0.9994	target_mean:               6.4265	td_error_abs:              5.5148	test_consensus_fraction_mean:  1.0000
test_ep_length_mean:      10.3250	test_episode_limit_mean:   0.0000	test_return_mean:         68.9562	test_return_median:       77.5000
test_return_std:          31.4650	test_success_mean:         1.0000	
[INFO 22:17:22] my_main Updated target network
[INFO 22:17:40] my_main Recent Stats | t_env:    1165412 | Episode:    69621
consensus_fraction_mean:   0.9999	entropy_loss:              0.0011	ep_length_mean:           13.1446	episode_limit_mean:        0.0006
epsilon:                   0.0500	grad_norm:               330.6843	loss:                     53.1581	mi_loss:                   0.0233
q_taken_mean:              6.3316	return_mean:              55.9308	return_median:            70.0000	return_std:               45.0111
success_mean:              0.9994	target_mean:               6.2951	td_error_abs:              5.4613	test_consensus_fraction_mean:  1.0000
test_ep_length_mean:      10.3250	test_episode_limit_mean:   0.0000	test_return_mean:         68.9562	test_return_median:       77.5000
test_return_std:          31.4650	test_success_mean:         1.0000	
[INFO 22:20:00] my_main Recent Stats | t_env:    1167418 | Episode:    69786
consensus_fraction_mean:   0.9999	entropy_loss:              0.0011	ep_length_mean:           13.1446	episode_limit_mean:        0.0006
epsilon:                   0.0500	grad_norm:               330.6843	loss:                     53.1581	mi_loss:                   0.0233
q_taken_mean:              6.3316	return_mean:              55.9308	return_median:            70.0000	return_std:               45.0111
success_mean:              0.9994	target_mean:               6.2951	td_error_abs:              5.4613	test_consensus_fraction_mean:  1.0000
test_ep_length_mean:      10.3250	test_episode_limit_mean:   0.0000	test_return_mean:         68.9562	test_return_median:       77.5000
test_return_std:          31.4650	test_success_mean:         1.0000	
[INFO 22:20:13] my_main Updated target network
[INFO 22:22:20] my_main Recent Stats | t_env:    1169448 | Episode:    69947
consensus_fraction_mean:   0.9999	entropy_loss:              0.0011	ep_length_mean:           13.1446	episode_limit_mean:        0.0006
epsilon:                   0.0500	grad_norm:               330.6843	loss:                     53.1581	mi_loss:                   0.0233
q_taken_mean:              6.3316	return_mean:              55.9308	return_median:            70.0000	return_std:               45.0111
success_mean:              0.9994	target_mean:               6.2951	td_error_abs:              5.4613	test_consensus_fraction_mean:  1.0000
test_ep_length_mean:      10.3250	test_episode_limit_mean:   0.0000	test_return_mean:         68.9562	test_return_median:       77.5000
test_return_std:          31.4650	test_success_mean:         1.0000	
[INFO 22:23:05] my_main Updated target network
[INFO 22:24:40] my_main Recent Stats | t_env:    1171463 | Episode:    70115
consensus_fraction_mean:   0.9999	entropy_loss:              0.0011	ep_length_mean:           13.1446	episode_limit_mean:        0.0006
epsilon:                   0.0500	grad_norm:               330.6843	loss:                     53.1581	mi_loss:                   0.0233
q_taken_mean:              6.3316	return_mean:              55.9308	return_median:            70.0000	return_std:               45.0111
success_mean:              0.9994	target_mean:               6.2951	td_error_abs:              5.4613	test_consensus_fraction_mean:  1.0000
test_ep_length_mean:      10.3250	test_episode_limit_mean:   0.0000	test_return_mean:         68.9562	test_return_median:       77.5000
test_return_std:          31.4650	test_success_mean:         1.0000	
[INFO 22:25:27] my_main t_env: 1172151 / 2050000
[INFO 22:25:27] my_main Estimated time left: 17 hours, 2 minutes, 46 seconds. Time passed: 20 hours, 21 minutes, 3 seconds
[INFO 22:25:56] my_main Updated target network
[INFO 22:27:00] my_main Recent Stats | t_env:    1173498 | Episode:    70276
consensus_fraction_mean:   0.9999	entropy_loss:              0.0011	ep_length_mean:           13.0230	episode_limit_mean:        0.0006
epsilon:                   0.0500	grad_norm:               330.6843	loss:                     53.1581	mi_loss:                   0.0233
q_taken_mean:              6.3316	return_mean:              56.4814	return_median:            70.0000	return_std:               44.0366
success_mean:              0.9994	target_mean:               6.2951	td_error_abs:              5.4613	test_consensus_fraction_mean:  1.0000
test_ep_length_mean:      10.8000	test_episode_limit_mean:   0.0000	test_return_mean:         66.8750	test_return_median:       75.3000
test_return_std:          33.2466	test_success_mean:         1.0000	
[INFO 22:28:49] my_main Updated target network
[INFO 22:29:04] my_main Recent Stats | t_env:    1175527 | Episode:    70419
consensus_fraction_mean:   0.9999	entropy_loss:              0.0011	ep_length_mean:           13.0230	episode_limit_mean:        0.0006
epsilon:                   0.0500	grad_norm:               326.0825	loss:                     48.4481	mi_loss:                   0.0236
q_taken_mean:              6.4487	return_mean:              56.4814	return_median:            70.0000	return_std:               44.0366
success_mean:              0.9994	target_mean:               6.4275	td_error_abs:              5.2512	test_consensus_fraction_mean:  1.0000
test_ep_length_mean:      10.8000	test_episode_limit_mean:   0.0000	test_return_mean:         66.8750	test_return_median:       75.3000
test_return_std:          33.2466	test_success_mean:         1.0000	
[INFO 22:30:59] my_main Recent Stats | t_env:    1177527 | Episode:    70546
consensus_fraction_mean:   0.9999	entropy_loss:              0.0011	ep_length_mean:           13.0230	episode_limit_mean:        0.0006
epsilon:                   0.0500	grad_norm:               326.0825	loss:                     48.4481	mi_loss:                   0.0236
q_taken_mean:              6.4487	return_mean:              56.4814	return_median:            70.0000	return_std:               44.0366
success_mean:              0.9994	target_mean:               6.4275	td_error_abs:              5.2512	test_consensus_fraction_mean:  1.0000
test_ep_length_mean:      10.8000	test_episode_limit_mean:   0.0000	test_return_mean:         66.8750	test_return_median:       75.3000
test_return_std:          33.2466	test_success_mean:         1.0000	
[INFO 22:31:47] my_main Updated target network
[INFO 22:33:20] my_main Recent Stats | t_env:    1179543 | Episode:    70708
consensus_fraction_mean:   0.9999	entropy_loss:              0.0011	ep_length_mean:           13.0230	episode_limit_mean:        0.0006
epsilon:                   0.0500	grad_norm:               326.0825	loss:                     48.4481	mi_loss:                   0.0236
q_taken_mean:              6.4487	return_mean:              56.4814	return_median:            70.0000	return_std:               44.0366
success_mean:              0.9994	target_mean:               6.4275	td_error_abs:              5.2512	test_consensus_fraction_mean:  1.0000
test_ep_length_mean:      10.8000	test_episode_limit_mean:   0.0000	test_return_mean:         66.8750	test_return_median:       75.3000
test_return_std:          33.2466	test_success_mean:         1.0000	
[INFO 22:34:40] my_main Updated target network
[INFO 22:35:41] my_main Recent Stats | t_env:    1181550 | Episode:    70871
consensus_fraction_mean:   0.9999	entropy_loss:              0.0011	ep_length_mean:           13.0230	episode_limit_mean:        0.0006
epsilon:                   0.0500	grad_norm:               326.0825	loss:                     48.4481	mi_loss:                   0.0236
q_taken_mean:              6.4487	return_mean:              56.4814	return_median:            70.0000	return_std:               44.0366
success_mean:              0.9994	target_mean:               6.4275	td_error_abs:              5.2512	test_consensus_fraction_mean:  1.0000
test_ep_length_mean:      10.8000	test_episode_limit_mean:   0.0000	test_return_mean:         66.8750	test_return_median:       75.3000
test_return_std:          33.2466	test_success_mean:         1.0000	
[INFO 22:36:20] my_main t_env: 1182158 / 2050000
[INFO 22:36:20] my_main Estimated time left: 15 hours, 44 minutes, 58 seconds. Time passed: 20 hours, 31 minutes, 57 seconds
[INFO 22:37:39] my_main Updated target network
[INFO 22:37:56] my_main Recent Stats | t_env:    1183559 | Episode:    71019
consensus_fraction_mean:   0.9999	entropy_loss:              0.0011	ep_length_mean:           13.1183	episode_limit_mean:        0.0008
epsilon:                   0.0500	grad_norm:               326.0825	loss:                     48.4481	mi_loss:                   0.0236
q_taken_mean:              6.4487	return_mean:              56.1250	return_median:            70.6000	return_std:               45.8919
success_mean:              0.9992	target_mean:               6.4275	td_error_abs:              5.2512	test_consensus_fraction_mean:  1.0000
test_ep_length_mean:      11.5938	test_episode_limit_mean:   0.0000	test_return_mean:         63.5250	test_return_median:       71.4000
test_return_std:          35.2590	test_success_mean:         1.0000	
[INFO 22:40:05] my_main Recent Stats | t_env:    1185561 | Episode:    71167
consensus_fraction_mean:   0.9999	entropy_loss:              0.0011	ep_length_mean:           13.1183	episode_limit_mean:        0.0008
epsilon:                   0.0500	grad_norm:               276.3089	loss:                     48.2419	mi_loss:                   0.0237
q_taken_mean:              6.5420	return_mean:              56.1250	return_median:            70.6000	return_std:               45.8919
success_mean:              0.9992	target_mean:               6.5415	td_error_abs:              5.2484	test_consensus_fraction_mean:  1.0000
test_ep_length_mean:      11.5938	test_episode_limit_mean:   0.0000	test_return_mean:         63.5250	test_return_median:       71.4000
test_return_std:          35.2590	test_success_mean:         1.0000	
[INFO 22:40:35] my_main Updated target network
[INFO 22:42:34] my_main Recent Stats | t_env:    1187564 | Episode:    71342
consensus_fraction_mean:   0.9999	entropy_loss:              0.0011	ep_length_mean:           13.1183	episode_limit_mean:        0.0008
epsilon:                   0.0500	grad_norm:               276.3089	loss:                     48.2419	mi_loss:                   0.0237
q_taken_mean:              6.5420	return_mean:              56.1250	return_median:            70.6000	return_std:               45.8919
success_mean:              0.9992	target_mean:               6.5415	td_error_abs:              5.2484	test_consensus_fraction_mean:  1.0000
test_ep_length_mean:      11.5938	test_episode_limit_mean:   0.0000	test_return_mean:         63.5250	test_return_median:       71.4000
test_return_std:          35.2590	test_success_mean:         1.0000	
[INFO 22:43:27] my_main Updated target network
[INFO 22:44:44] my_main Recent Stats | t_env:    1189581 | Episode:    71489
consensus_fraction_mean:   0.9999	entropy_loss:              0.0011	ep_length_mean:           13.1183	episode_limit_mean:        0.0008
epsilon:                   0.0500	grad_norm:               276.3089	loss:                     48.2419	mi_loss:                   0.0237
q_taken_mean:              6.5420	return_mean:              56.1250	return_median:            70.6000	return_std:               45.8919
success_mean:              0.9992	target_mean:               6.5415	td_error_abs:              5.2484	test_consensus_fraction_mean:  1.0000
test_ep_length_mean:      11.5938	test_episode_limit_mean:   0.0000	test_return_mean:         63.5250	test_return_median:       71.4000
test_return_std:          35.2590	test_success_mean:         1.0000	
[INFO 22:46:24] my_main Updated target network
[INFO 22:46:50] my_main Recent Stats | t_env:    1191589 | Episode:    71629
consensus_fraction_mean:   0.9999	entropy_loss:              0.0011	ep_length_mean:           13.1183	episode_limit_mean:        0.0008
epsilon:                   0.0500	grad_norm:               276.3089	loss:                     48.2419	mi_loss:                   0.0237
q_taken_mean:              6.5420	return_mean:              56.1250	return_median:            70.6000	return_std:               45.8919
success_mean:              0.9992	target_mean:               6.5415	td_error_abs:              5.2484	test_consensus_fraction_mean:  1.0000
test_ep_length_mean:      11.5938	test_episode_limit_mean:   0.0000	test_return_mean:         63.5250	test_return_median:       71.4000
test_return_std:          35.2590	test_success_mean:         1.0000	
[INFO 22:47:34] my_main t_env: 1192182 / 2050000
[INFO 22:47:34] my_main Estimated time left: 16 hours, 50 seconds. Time passed: 20 hours, 43 minutes, 10 seconds
[INFO 22:49:08] my_main Recent Stats | t_env:    1193596 | Episode:    71786
consensus_fraction_mean:   0.9999	entropy_loss:              0.0011	ep_length_mean:           12.9751	episode_limit_mean:        0.0003
epsilon:                   0.0500	grad_norm:               276.3089	loss:                     48.2419	mi_loss:                   0.0237
q_taken_mean:              6.5420	return_mean:              56.5595	return_median:            70.6000	return_std:               44.6780
success_mean:              0.9997	target_mean:               6.5415	td_error_abs:              5.2484	test_consensus_fraction_mean:  1.0000
test_ep_length_mean:      11.3875	test_episode_limit_mean:   0.0000	test_return_mean:         64.2062	test_return_median:       73.0000
test_return_std:          36.3657	test_success_mean:         1.0000	
[INFO 22:49:21] my_main Updated target network
[INFO 22:51:28] my_main Recent Stats | t_env:    1195608 | Episode:    71949
consensus_fraction_mean:   0.9999	entropy_loss:              0.0010	ep_length_mean:           12.9751	episode_limit_mean:        0.0003
epsilon:                   0.0500	grad_norm:               270.0783	loss:                     48.8074	mi_loss:                   0.0238
q_taken_mean:              6.3637	return_mean:              56.5595	return_median:            70.6000	return_std:               44.6780
success_mean:              0.9997	target_mean:               6.3635	td_error_abs:              5.2842	test_consensus_fraction_mean:  1.0000
test_ep_length_mean:      11.3875	test_episode_limit_mean:   0.0000	test_return_mean:         64.2062	test_return_median:       73.0000
test_return_std:          36.3657	test_success_mean:         1.0000	
[INFO 22:52:13] my_main Updated target network
[INFO 22:53:51] my_main Recent Stats | t_env:    1197611 | Episode:    72115
consensus_fraction_mean:   0.9999	entropy_loss:              0.0010	ep_length_mean:           12.9751	episode_limit_mean:        0.0003
epsilon:                   0.0500	grad_norm:               270.0783	loss:                     48.8074	mi_loss:                   0.0238
q_taken_mean:              6.3637	return_mean:              56.5595	return_median:            70.6000	return_std:               44.6780
success_mean:              0.9997	target_mean:               6.3635	td_error_abs:              5.2842	test_consensus_fraction_mean:  1.0000
test_ep_length_mean:      11.3875	test_episode_limit_mean:   0.0000	test_return_mean:         64.2062	test_return_median:       73.0000
test_return_std:          36.3657	test_success_mean:         1.0000	
[INFO 22:55:08] my_main Updated target network
[INFO 22:56:18] my_main Recent Stats | t_env:    1199619 | Episode:    72285
consensus_fraction_mean:   0.9999	entropy_loss:              0.0010	ep_length_mean:           12.9751	episode_limit_mean:        0.0003
epsilon:                   0.0500	grad_norm:               270.0783	loss:                     48.8074	mi_loss:                   0.0238
q_taken_mean:              6.3637	return_mean:              56.5595	return_median:            70.6000	return_std:               44.6780
success_mean:              0.9997	target_mean:               6.3635	td_error_abs:              5.2842	test_consensus_fraction_mean:  1.0000
test_ep_length_mean:      11.3875	test_episode_limit_mean:   0.0000	test_return_mean:         64.2062	test_return_median:       73.0000
test_return_std:          36.3657	test_success_mean:         1.0000	
[INFO 22:57:59] my_main Updated target network
[INFO 22:58:46] my_main Recent Stats | t_env:    1201632 | Episode:    72459
consensus_fraction_mean:   0.9999	entropy_loss:              0.0010	ep_length_mean:           12.9751	episode_limit_mean:        0.0003
epsilon:                   0.0500	grad_norm:               270.0783	loss:                     48.8074	mi_loss:                   0.0238
q_taken_mean:              6.3637	return_mean:              56.5595	return_median:            70.6000	return_std:               44.6780
success_mean:              0.9997	target_mean:               6.3635	td_error_abs:              5.2842	test_consensus_fraction_mean:  1.0000
test_ep_length_mean:      11.3875	test_episode_limit_mean:   0.0000	test_return_mean:         64.2062	test_return_median:       73.0000
test_return_std:          36.3657	test_success_mean:         1.0000	
[INFO 22:59:16] my_main t_env: 1202186 / 2050000
[INFO 22:59:16] my_main Estimated time left: 16 hours, 31 minutes, 57 seconds. Time passed: 20 hours, 54 minutes, 53 seconds
[INFO 23:00:52] my_main Updated target network
[INFO 23:00:53] my_main Recent Stats | t_env:    1203661 | Episode:    72602
consensus_fraction_mean:   0.9999	entropy_loss:              0.0010	ep_length_mean:           12.7881	episode_limit_mean:        0.0003
epsilon:                   0.0500	grad_norm:               270.0783	loss:                     48.8074	mi_loss:                   0.0238
q_taken_mean:              6.3637	return_mean:              57.1602	return_median:            70.8000	return_std:               44.3268
success_mean:              0.9997	target_mean:               6.3635	td_error_abs:              5.2842	test_consensus_fraction_mean:  1.0000
test_ep_length_mean:      11.5938	test_episode_limit_mean:   0.0000	test_return_mean:         64.1688	test_return_median:       73.3000
test_return_std:          37.7342	test_success_mean:         1.0000	
[INFO 23:02:57] my_main Recent Stats | t_env:    1205727 | Episode:    72752
consensus_fraction_mean:   0.9999	entropy_loss:              0.0010	ep_length_mean:           12.7881	episode_limit_mean:        0.0003
epsilon:                   0.0500	grad_norm:               291.1689	loss:                     50.7356	mi_loss:                   0.0239
q_taken_mean:              6.3672	return_mean:              57.1602	return_median:            70.8000	return_std:               44.3268
success_mean:              0.9997	target_mean:               6.3763	td_error_abs:              5.3856	test_consensus_fraction_mean:  1.0000
test_ep_length_mean:      11.5938	test_episode_limit_mean:   0.0000	test_return_mean:         64.1688	test_return_median:       73.3000
test_return_std:          37.7342	test_success_mean:         1.0000	
[INFO 23:03:38] my_main Updated target network
[INFO 23:05:16] my_main Recent Stats | t_env:    1207764 | Episode:    72916
consensus_fraction_mean:   0.9999	entropy_loss:              0.0010	ep_length_mean:           12.7881	episode_limit_mean:        0.0003
epsilon:                   0.0500	grad_norm:               291.1689	loss:                     50.7356	mi_loss:                   0.0239
q_taken_mean:              6.3672	return_mean:              57.1602	return_median:            70.8000	return_std:               44.3268
success_mean:              0.9997	target_mean:               6.3763	td_error_abs:              5.3856	test_consensus_fraction_mean:  1.0000
test_ep_length_mean:      11.5938	test_episode_limit_mean:   0.0000	test_return_mean:         64.1688	test_return_median:       73.3000
test_return_std:          37.7342	test_success_mean:         1.0000	
[INFO 23:06:33] my_main Updated target network
[INFO 23:07:34] my_main Recent Stats | t_env:    1209769 | Episode:    73074
consensus_fraction_mean:   0.9999	entropy_loss:              0.0010	ep_length_mean:           12.7881	episode_limit_mean:        0.0003
epsilon:                   0.0500	grad_norm:               291.1689	loss:                     50.7356	mi_loss:                   0.0239
q_taken_mean:              6.3672	return_mean:              57.1602	return_median:            70.8000	return_std:               44.3268
success_mean:              0.9997	target_mean:               6.3763	td_error_abs:              5.3856	test_consensus_fraction_mean:  1.0000
test_ep_length_mean:      11.5938	test_episode_limit_mean:   0.0000	test_return_mean:         64.1688	test_return_median:       73.3000
test_return_std:          37.7342	test_success_mean:         1.0000	
[INFO 23:09:24] my_main Updated target network
[INFO 23:09:40] my_main Recent Stats | t_env:    1211812 | Episode:    73220
consensus_fraction_mean:   0.9999	entropy_loss:              0.0010	ep_length_mean:           12.7881	episode_limit_mean:        0.0003
epsilon:                   0.0500	grad_norm:               291.1689	loss:                     50.7356	mi_loss:                   0.0239
q_taken_mean:              6.3672	return_mean:              57.1602	return_median:            70.8000	return_std:               44.3268
success_mean:              0.9997	target_mean:               6.3763	td_error_abs:              5.3856	test_consensus_fraction_mean:  1.0000
test_ep_length_mean:      11.5938	test_episode_limit_mean:   0.0000	test_return_mean:         64.1688	test_return_median:       73.3000
test_return_std:          37.7342	test_success_mean:         1.0000	
[INFO 23:10:02] my_main t_env: 1212213 / 2050000
[INFO 23:10:02] my_main Estimated time left: 14 hours, 59 minutes, 23 seconds. Time passed: 21 hours, 5 minutes, 39 seconds
[INFO 23:11:54] my_main Recent Stats | t_env:    1213835 | Episode:    73368
consensus_fraction_mean:   0.9999	entropy_loss:              0.0010	ep_length_mean:           12.8983	episode_limit_mean:        0.0003
epsilon:                   0.0500	grad_norm:               291.1689	loss:                     50.7356	mi_loss:                   0.0239
q_taken_mean:              6.3672	return_mean:              56.7782	return_median:            70.0000	return_std:               44.2483
success_mean:              0.9997	target_mean:               6.3763	td_error_abs:              5.3856	test_consensus_fraction_mean:  1.0000
test_ep_length_mean:      11.2312	test_episode_limit_mean:   0.0000	test_return_mean:         65.5250	test_return_median:       75.3000
test_return_std:          33.8264	test_success_mean:         1.0000	
[INFO 23:12:21] my_main Updated target network
[INFO 23:14:01] my_main Recent Stats | t_env:    1215835 | Episode:    73516
consensus_fraction_mean:   0.9999	entropy_loss:              0.0010	ep_length_mean:           12.8983	episode_limit_mean:        0.0003
epsilon:                   0.0500	grad_norm:               312.5798	loss:                     49.1824	mi_loss:                   0.0239
q_taken_mean:              6.4273	return_mean:              56.7782	return_median:            70.0000	return_std:               44.2483
success_mean:              0.9997	target_mean:               6.4301	td_error_abs:              5.3184	test_consensus_fraction_mean:  1.0000
test_ep_length_mean:      11.2312	test_episode_limit_mean:   0.0000	test_return_mean:         65.5250	test_return_median:       75.3000
test_return_std:          33.8264	test_success_mean:         1.0000	
[INFO 23:15:17] my_main Updated target network
[INFO 23:16:09] my_main Recent Stats | t_env:    1217840 | Episode:    73663
consensus_fraction_mean:   0.9999	entropy_loss:              0.0010	ep_length_mean:           12.8983	episode_limit_mean:        0.0003
epsilon:                   0.0500	grad_norm:               312.5798	loss:                     49.1824	mi_loss:                   0.0239
q_taken_mean:              6.4273	return_mean:              56.7782	return_median:            70.0000	return_std:               44.2483
success_mean:              0.9997	target_mean:               6.4301	td_error_abs:              5.3184	test_consensus_fraction_mean:  1.0000
test_ep_length_mean:      11.2312	test_episode_limit_mean:   0.0000	test_return_mean:         65.5250	test_return_median:       75.3000
test_return_std:          33.8264	test_success_mean:         1.0000	
[INFO 23:18:07] my_main Updated target network
[INFO 23:18:29] my_main Recent Stats | t_env:    1219844 | Episode:    73829
consensus_fraction_mean:   0.9999	entropy_loss:              0.0010	ep_length_mean:           12.8983	episode_limit_mean:        0.0003
epsilon:                   0.0500	grad_norm:               312.5798	loss:                     49.1824	mi_loss:                   0.0239
q_taken_mean:              6.4273	return_mean:              56.7782	return_median:            70.0000	return_std:               44.2483
success_mean:              0.9997	target_mean:               6.4301	td_error_abs:              5.3184	test_consensus_fraction_mean:  1.0000
test_ep_length_mean:      11.2312	test_episode_limit_mean:   0.0000	test_return_mean:         65.5250	test_return_median:       75.3000
test_return_std:          33.8264	test_success_mean:         1.0000	
[INFO 23:20:30] my_main Recent Stats | t_env:    1221849 | Episode:    73970
consensus_fraction_mean:   0.9999	entropy_loss:              0.0010	ep_length_mean:           12.8983	episode_limit_mean:        0.0003
epsilon:                   0.0500	grad_norm:               312.5798	loss:                     49.1824	mi_loss:                   0.0239
q_taken_mean:              6.4273	return_mean:              56.7782	return_median:            70.0000	return_std:               44.2483
success_mean:              0.9997	target_mean:               6.4301	td_error_abs:              5.3184	test_consensus_fraction_mean:  1.0000
test_ep_length_mean:      11.2312	test_episode_limit_mean:   0.0000	test_return_mean:         65.5250	test_return_median:       75.3000
test_return_std:          33.8264	test_success_mean:         1.0000	
[INFO 23:20:53] my_main t_env: 1222214 / 2050000
[INFO 23:20:53] my_main Estimated time left: 14 hours, 57 minutes, 54 seconds. Time passed: 21 hours, 16 minutes, 29 seconds
[INFO 23:21:04] my_main Updated target network
[INFO 23:22:44] my_main Recent Stats | t_env:    1223865 | Episode:    74119
consensus_fraction_mean:   0.9999	entropy_loss:              0.0010	ep_length_mean:           13.1014	episode_limit_mean:        0.0003
epsilon:                   0.0500	grad_norm:               312.5798	loss:                     49.1824	mi_loss:                   0.0239
q_taken_mean:              6.4273	return_mean:              56.1812	return_median:            69.2000	return_std:               44.4215
success_mean:              0.9997	target_mean:               6.4301	td_error_abs:              5.3184	test_consensus_fraction_mean:  1.0000
test_ep_length_mean:      12.0312	test_episode_limit_mean:   0.0000	test_return_mean:         62.4750	test_return_median:       71.4000
test_return_std:          34.6529	test_success_mean:         1.0000	
[INFO 23:23:51] my_main Updated target network
[INFO 23:25:01] my_main Recent Stats | t_env:    1225866 | Episode:    74284
consensus_fraction_mean:   0.9999	entropy_loss:              0.0010	ep_length_mean:           13.1014	episode_limit_mean:        0.0003
epsilon:                   0.0500	grad_norm:               366.8060	loss:                     51.0036	mi_loss:                   0.0239
q_taken_mean:              6.4824	return_mean:              56.1812	return_median:            69.2000	return_std:               44.4215
success_mean:              0.9997	target_mean:               6.4440	td_error_abs:              5.3946	test_consensus_fraction_mean:  1.0000
test_ep_length_mean:      12.0312	test_episode_limit_mean:   0.0000	test_return_mean:         62.4750	test_return_median:       71.4000
test_return_std:          34.6529	test_success_mean:         1.0000	
[INFO 23:26:44] my_main Updated target network
[INFO 23:27:08] my_main Recent Stats | t_env:    1227878 | Episode:    74428
consensus_fraction_mean:   0.9999	entropy_loss:              0.0010	ep_length_mean:           13.1014	episode_limit_mean:        0.0003
epsilon:                   0.0500	grad_norm:               366.8060	loss:                     51.0036	mi_loss:                   0.0239
q_taken_mean:              6.4824	return_mean:              56.1812	return_median:            69.2000	return_std:               44.4215
success_mean:              0.9997	target_mean:               6.4440	td_error_abs:              5.3946	test_consensus_fraction_mean:  1.0000
test_ep_length_mean:      12.0312	test_episode_limit_mean:   0.0000	test_return_mean:         62.4750	test_return_median:       71.4000
test_return_std:          34.6529	test_success_mean:         1.0000	
[INFO 23:29:11] my_main Recent Stats | t_env:    1229880 | Episode:    74569
consensus_fraction_mean:   0.9999	entropy_loss:              0.0010	ep_length_mean:           13.1014	episode_limit_mean:        0.0003
epsilon:                   0.0500	grad_norm:               366.8060	loss:                     51.0036	mi_loss:                   0.0239
q_taken_mean:              6.4824	return_mean:              56.1812	return_median:            69.2000	return_std:               44.4215
success_mean:              0.9997	target_mean:               6.4440	td_error_abs:              5.3946	test_consensus_fraction_mean:  1.0000
test_ep_length_mean:      12.0312	test_episode_limit_mean:   0.0000	test_return_mean:         62.4750	test_return_median:       71.4000
test_return_std:          34.6529	test_success_mean:         1.0000	
[INFO 23:29:38] my_main Updated target network
[INFO 23:31:24] my_main Recent Stats | t_env:    1231926 | Episode:    74724
consensus_fraction_mean:   0.9999	entropy_loss:              0.0010	ep_length_mean:           13.1014	episode_limit_mean:        0.0003
epsilon:                   0.0500	grad_norm:               366.8060	loss:                     51.0036	mi_loss:                   0.0239
q_taken_mean:              6.4824	return_mean:              56.1812	return_median:            69.2000	return_std:               44.4215
success_mean:              0.9997	target_mean:               6.4440	td_error_abs:              5.3946	test_consensus_fraction_mean:  1.0000
test_ep_length_mean:      12.0312	test_episode_limit_mean:   0.0000	test_return_mean:         62.4750	test_return_median:       71.4000
test_return_std:          34.6529	test_success_mean:         1.0000	
[INFO 23:31:40] my_main t_env: 1232236 / 2050000
[INFO 23:31:40] my_main Estimated time left: 14 hours, 39 minutes, 58 seconds. Time passed: 21 hours, 27 minutes, 17 seconds
[INFO 23:32:37] my_main Updated target network
[INFO 23:33:32] my_main Recent Stats | t_env:    1233937 | Episode:    74867
consensus_fraction_mean:   1.0000	entropy_loss:              0.0010	ep_length_mean:           13.0946	episode_limit_mean:        0.0000
epsilon:                   0.0500	grad_norm:               366.8060	loss:                     51.0036	mi_loss:                   0.0239
q_taken_mean:              6.4824	return_mean:              56.2846	return_median:            68.6000	return_std:               42.6619
success_mean:              1.0000	target_mean:               6.4440	td_error_abs:              5.3946	test_consensus_fraction_mean:  1.0000
test_ep_length_mean:      11.5938	test_episode_limit_mean:   0.0000	test_return_mean:         64.7438	test_return_median:       73.5000
test_return_std:          32.0150	test_success_mean:         1.0000	
[INFO 23:35:23] my_main Updated target network
[INFO 23:35:46] my_main Recent Stats | t_env:    1235951 | Episode:    75026
consensus_fraction_mean:   1.0000	entropy_loss:              0.0010	ep_length_mean:           13.0946	episode_limit_mean:        0.0000
epsilon:                   0.0500	grad_norm:               341.3934	loss:                     48.7347	mi_loss:                   0.0239
q_taken_mean:              6.3856	return_mean:              56.2846	return_median:            68.6000	return_std:               42.6619
success_mean:              1.0000	target_mean:               6.3644	td_error_abs:              5.2331	test_consensus_fraction_mean:  1.0000
test_ep_length_mean:      11.5938	test_episode_limit_mean:   0.0000	test_return_mean:         64.7438	test_return_median:       73.5000
test_return_std:          32.0150	test_success_mean:         1.0000	
[INFO 23:38:00] my_main Recent Stats | t_env:    1237952 | Episode:    75176
consensus_fraction_mean:   1.0000	entropy_loss:              0.0010	ep_length_mean:           13.0946	episode_limit_mean:        0.0000
epsilon:                   0.0500	grad_norm:               341.3934	loss:                     48.7347	mi_loss:                   0.0239
q_taken_mean:              6.3856	return_mean:              56.2846	return_median:            68.6000	return_std:               42.6619
success_mean:              1.0000	target_mean:               6.3644	td_error_abs:              5.2331	test_consensus_fraction_mean:  1.0000
test_ep_length_mean:      11.5938	test_episode_limit_mean:   0.0000	test_return_mean:         64.7438	test_return_median:       73.5000
test_return_std:          32.0150	test_success_mean:         1.0000	
[INFO 23:38:21] my_main Updated target network
[INFO 23:40:12] my_main Recent Stats | t_env:    1239961 | Episode:    75326
consensus_fraction_mean:   1.0000	entropy_loss:              0.0010	ep_length_mean:           13.0946	episode_limit_mean:        0.0000
epsilon:                   0.0500	grad_norm:               341.3934	loss:                     48.7347	mi_loss:                   0.0239
q_taken_mean:              6.3856	return_mean:              56.2846	return_median:            68.6000	return_std:               42.6619
success_mean:              1.0000	target_mean:               6.3644	td_error_abs:              5.2331	test_consensus_fraction_mean:  1.0000
test_ep_length_mean:      11.5938	test_episode_limit_mean:   0.0000	test_return_mean:         64.7438	test_return_median:       73.5000
test_return_std:          32.0150	test_success_mean:         1.0000	
[INFO 23:41:15] my_main Updated target network
[INFO 23:42:25] my_main Recent Stats | t_env:    1241976 | Episode:    75486
consensus_fraction_mean:   1.0000	entropy_loss:              0.0010	ep_length_mean:           13.0946	episode_limit_mean:        0.0000
epsilon:                   0.0500	grad_norm:               341.3934	loss:                     48.7347	mi_loss:                   0.0239
q_taken_mean:              6.3856	return_mean:              56.2846	return_median:            68.6000	return_std:               42.6619
success_mean:              1.0000	target_mean:               6.3644	td_error_abs:              5.2331	test_consensus_fraction_mean:  1.0000
test_ep_length_mean:      11.5938	test_episode_limit_mean:   0.0000	test_return_mean:         64.7438	test_return_median:       73.5000
test_return_std:          32.0150	test_success_mean:         1.0000	
[INFO 23:42:41] my_main t_env: 1242238 / 2050000
[INFO 23:42:41] my_main Estimated time left: 14 hours, 49 minutes, 14 seconds. Time passed: 21 hours, 38 minutes, 17 seconds
[INFO 23:44:00] my_main Updated target network
[INFO 23:44:46] my_main Recent Stats | t_env:    1243983 | Episode:    75656
consensus_fraction_mean:   1.0000	entropy_loss:              0.0010	ep_length_mean:           13.0888	episode_limit_mean:        0.0000
epsilon:                   0.0500	grad_norm:               341.3934	loss:                     48.7347	mi_loss:                   0.0239
q_taken_mean:              6.3856	return_mean:              56.5181	return_median:            68.8000	return_std:               41.9859
success_mean:              1.0000	target_mean:               6.3644	td_error_abs:              5.2331	test_consensus_fraction_mean:  1.0000
test_ep_length_mean:      12.1187	test_episode_limit_mean:   0.0000	test_return_mean:         64.6375	test_return_median:       72.5000
test_return_std:          31.6928	test_success_mean:         1.0000	
[INFO 23:46:42] my_main Recent Stats | t_env:    1245984 | Episode:    75796
consensus_fraction_mean:   1.0000	entropy_loss:              0.0010	ep_length_mean:           13.0888	episode_limit_mean:        0.0000
epsilon:                   0.0500	grad_norm:               316.2246	loss:                     49.2050	mi_loss:                   0.0241
q_taken_mean:              6.5283	return_mean:              56.5181	return_median:            68.8000	return_std:               41.9859
success_mean:              1.0000	target_mean:               6.4921	td_error_abs:              5.2353	test_consensus_fraction_mean:  1.0000
test_ep_length_mean:      12.1187	test_episode_limit_mean:   0.0000	test_return_mean:         64.6375	test_return_median:       72.5000
test_return_std:          31.6928	test_success_mean:         1.0000	
[INFO 23:46:46] my_main Updated target network
[INFO 23:49:01] my_main Recent Stats | t_env:    1247993 | Episode:    75966
consensus_fraction_mean:   1.0000	entropy_loss:              0.0010	ep_length_mean:           13.0888	episode_limit_mean:        0.0000
epsilon:                   0.0500	grad_norm:               316.2246	loss:                     49.2050	mi_loss:                   0.0241
q_taken_mean:              6.5283	return_mean:              56.5181	return_median:            68.8000	return_std:               41.9859
success_mean:              1.0000	target_mean:               6.4921	td_error_abs:              5.2353	test_consensus_fraction_mean:  1.0000
test_ep_length_mean:      12.1187	test_episode_limit_mean:   0.0000	test_return_mean:         64.6375	test_return_median:       72.5000
test_return_std:          31.6928	test_success_mean:         1.0000	
[INFO 23:49:29] my_main Updated target network
[INFO 23:51:02] my_main Recent Stats | t_env:    1249999 | Episode:    76113
consensus_fraction_mean:   1.0000	entropy_loss:              0.0010	ep_length_mean:           13.0888	episode_limit_mean:        0.0000
epsilon:                   0.0500	grad_norm:               316.2246	loss:                     49.2050	mi_loss:                   0.0241
q_taken_mean:              6.5283	return_mean:              56.5181	return_median:            68.8000	return_std:               41.9859
success_mean:              1.0000	target_mean:               6.4921	td_error_abs:              5.2353	test_consensus_fraction_mean:  1.0000
test_ep_length_mean:      12.1187	test_episode_limit_mean:   0.0000	test_return_mean:         64.6375	test_return_median:       72.5000
test_return_std:          31.6928	test_success_mean:         1.0000	
[INFO 23:52:16] my_main Updated target network
[INFO 23:53:03] my_main Recent Stats | t_env:    1252017 | Episode:    76258
consensus_fraction_mean:   1.0000	entropy_loss:              0.0010	ep_length_mean:           13.0888	episode_limit_mean:        0.0000
epsilon:                   0.0500	grad_norm:               316.2246	loss:                     49.2050	mi_loss:                   0.0241
q_taken_mean:              6.5283	return_mean:              56.5181	return_median:            68.8000	return_std:               41.9859
success_mean:              1.0000	target_mean:               6.4921	td_error_abs:              5.2353	test_consensus_fraction_mean:  1.0000
test_ep_length_mean:      12.1187	test_episode_limit_mean:   0.0000	test_return_mean:         64.6375	test_return_median:       72.5000
test_return_std:          31.6928	test_success_mean:         1.0000	
[INFO 23:53:20] my_main t_env: 1252246 / 2050000
[INFO 23:53:20] my_main Estimated time left: 14 hours, 9 minutes, 16 seconds. Time passed: 21 hours, 48 minutes, 56 seconds
[INFO 23:55:09] my_main Updated target network
[INFO 23:55:19] my_main Recent Stats | t_env:    1254036 | Episode:    76414
consensus_fraction_mean:   1.0000	entropy_loss:              0.0010	ep_length_mean:           13.2243	episode_limit_mean:        0.0000
epsilon:                   0.0500	grad_norm:               316.2246	loss:                     49.2050	mi_loss:                   0.0241
q_taken_mean:              6.5283	return_mean:              55.7975	return_median:            68.0000	return_std:               41.7372
success_mean:              1.0000	target_mean:               6.4921	td_error_abs:              5.2353	test_consensus_fraction_mean:  1.0000
test_ep_length_mean:      11.6375	test_episode_limit_mean:   0.0000	test_return_mean:         66.1688	test_return_median:       73.4000
test_return_std:          27.8627	test_success_mean:         1.0000	
[INFO 23:57:29] my_main Recent Stats | t_env:    1256043 | Episode:    76570
consensus_fraction_mean:   1.0000	entropy_loss:              0.0010	ep_length_mean:           13.2243	episode_limit_mean:        0.0000
epsilon:                   0.0500	grad_norm:               291.0563	loss:                     49.8270	mi_loss:                   0.0240
q_taken_mean:              6.5538	return_mean:              55.7975	return_median:            68.0000	return_std:               41.7372
success_mean:              1.0000	target_mean:               6.4957	td_error_abs:              5.2439	test_consensus_fraction_mean:  1.0000
test_ep_length_mean:      11.6375	test_episode_limit_mean:   0.0000	test_return_mean:         66.1688	test_return_median:       73.4000
test_return_std:          27.8627	test_success_mean:         1.0000	
[INFO 23:57:57] my_main Updated target network
[INFO 23:59:32] my_main Recent Stats | t_env:    1258058 | Episode:    76717
consensus_fraction_mean:   1.0000	entropy_loss:              0.0010	ep_length_mean:           13.2243	episode_limit_mean:        0.0000
epsilon:                   0.0500	grad_norm:               291.0563	loss:                     49.8270	mi_loss:                   0.0240
q_taken_mean:              6.5538	return_mean:              55.7975	return_median:            68.0000	return_std:               41.7372
success_mean:              1.0000	target_mean:               6.4957	td_error_abs:              5.2439	test_consensus_fraction_mean:  1.0000
test_ep_length_mean:      11.6375	test_episode_limit_mean:   0.0000	test_return_mean:         66.1688	test_return_median:       73.4000
test_return_std:          27.8627	test_success_mean:         1.0000	
[INFO 00:00:42] my_main Updated target network
[INFO 00:01:36] my_main Recent Stats | t_env:    1260058 | Episode:    76866
consensus_fraction_mean:   1.0000	entropy_loss:              0.0010	ep_length_mean:           13.2243	episode_limit_mean:        0.0000
epsilon:                   0.0500	grad_norm:               291.0563	loss:                     49.8270	mi_loss:                   0.0240
q_taken_mean:              6.5538	return_mean:              55.7975	return_median:            68.0000	return_std:               41.7372
success_mean:              1.0000	target_mean:               6.4957	td_error_abs:              5.2439	test_consensus_fraction_mean:  1.0000
test_ep_length_mean:      11.6375	test_episode_limit_mean:   0.0000	test_return_mean:         66.1688	test_return_median:       73.4000
test_return_std:          27.8627	test_success_mean:         1.0000	
[INFO 00:03:31] my_main Updated target network
[INFO 00:03:53] my_main Recent Stats | t_env:    1262063 | Episode:    77030
consensus_fraction_mean:   1.0000	entropy_loss:              0.0010	ep_length_mean:           13.2243	episode_limit_mean:        0.0000
epsilon:                   0.0500	grad_norm:               291.0563	loss:                     49.8270	mi_loss:                   0.0240
q_taken_mean:              6.5538	return_mean:              55.7975	return_median:            68.0000	return_std:               41.7372
success_mean:              1.0000	target_mean:               6.4957	td_error_abs:              5.2439	test_consensus_fraction_mean:  1.0000
test_ep_length_mean:      11.6375	test_episode_limit_mean:   0.0000	test_return_mean:         66.1688	test_return_median:       73.4000
test_return_std:          27.8627	test_success_mean:         1.0000	
[INFO 00:04:11] my_main t_env: 1262269 / 2050000
[INFO 00:04:11] my_main Estimated time left: 14 hours, 12 minutes, 9 seconds. Time passed: 21 hours, 59 minutes, 47 seconds
[INFO 00:06:17] my_main Recent Stats | t_env:    1264064 | Episode:    77196
consensus_fraction_mean:   0.9999	entropy_loss:              0.0010	ep_length_mean:           13.1540	episode_limit_mean:        0.0003
epsilon:                   0.0500	grad_norm:               291.0563	loss:                     49.8270	mi_loss:                   0.0240
q_taken_mean:              6.5538	return_mean:              56.0219	return_median:            68.4000	return_std:               41.7085
success_mean:              0.9997	target_mean:               6.4957	td_error_abs:              5.2439	test_consensus_fraction_mean:  1.0000
test_ep_length_mean:      11.8250	test_episode_limit_mean:   0.0000	test_return_mean:         64.3750	test_return_median:       71.8000
test_return_std:          29.7987	test_success_mean:         1.0000	
[INFO 00:06:21] my_main Updated target network
[INFO 00:08:15] my_main Recent Stats | t_env:    1266065 | Episode:    77335
consensus_fraction_mean:   0.9999	entropy_loss:              0.0009	ep_length_mean:           13.1540	episode_limit_mean:        0.0003
epsilon:                   0.0500	grad_norm:               265.9184	loss:                     52.2346	mi_loss:                   0.0241
q_taken_mean:              6.5800	return_mean:              56.0219	return_median:            68.4000	return_std:               41.7085
success_mean:              0.9997	target_mean:               6.5344	td_error_abs:              5.3542	test_consensus_fraction_mean:  1.0000
test_ep_length_mean:      11.8250	test_episode_limit_mean:   0.0000	test_return_mean:         64.3750	test_return_median:       71.8000
test_return_std:          29.7987	test_success_mean:         1.0000	
[INFO 00:09:10] my_main Updated target network
[INFO 00:10:34] my_main Recent Stats | t_env:    1268095 | Episode:    77496
consensus_fraction_mean:   0.9999	entropy_loss:              0.0009	ep_length_mean:           13.1540	episode_limit_mean:        0.0003
epsilon:                   0.0500	grad_norm:               265.9184	loss:                     52.2346	mi_loss:                   0.0241
q_taken_mean:              6.5800	return_mean:              56.0219	return_median:            68.4000	return_std:               41.7085
success_mean:              0.9997	target_mean:               6.5344	td_error_abs:              5.3542	test_consensus_fraction_mean:  1.0000
test_ep_length_mean:      11.8250	test_episode_limit_mean:   0.0000	test_return_mean:         64.3750	test_return_median:       71.8000
test_return_std:          29.7987	test_success_mean:         1.0000	
[INFO 00:12:02] my_main Updated target network
[INFO 00:12:36] my_main Recent Stats | t_env:    1270098 | Episode:    77642
consensus_fraction_mean:   0.9999	entropy_loss:              0.0009	ep_length_mean:           13.1540	episode_limit_mean:        0.0003
epsilon:                   0.0500	grad_norm:               265.9184	loss:                     52.2346	mi_loss:                   0.0241
q_taken_mean:              6.5800	return_mean:              56.0219	return_median:            68.4000	return_std:               41.7085
success_mean:              0.9997	target_mean:               6.5344	td_error_abs:              5.3542	test_consensus_fraction_mean:  1.0000
test_ep_length_mean:      11.8250	test_episode_limit_mean:   0.0000	test_return_mean:         64.3750	test_return_median:       71.8000
test_return_std:          29.7987	test_success_mean:         1.0000	
[INFO 00:14:37] my_main Recent Stats | t_env:    1272105 | Episode:    77786
consensus_fraction_mean:   0.9999	entropy_loss:              0.0009	ep_length_mean:           13.1540	episode_limit_mean:        0.0003
epsilon:                   0.0500	grad_norm:               265.9184	loss:                     52.2346	mi_loss:                   0.0241
q_taken_mean:              6.5800	return_mean:              56.0219	return_median:            68.4000	return_std:               41.7085
success_mean:              0.9997	target_mean:               6.5344	td_error_abs:              5.3542	test_consensus_fraction_mean:  1.0000
test_ep_length_mean:      11.8250	test_episode_limit_mean:   0.0000	test_return_mean:         64.3750	test_return_median:       71.8000
test_return_std:          29.7987	test_success_mean:         1.0000	
[INFO 00:14:46] my_main t_env: 1272273 / 2050000
[INFO 00:14:46] my_main Estimated time left: 13 hours, 42 minutes, 55 seconds. Time passed: 22 hours, 10 minutes, 22 seconds
[INFO 00:14:52] my_main Updated target network
[INFO 00:16:50] my_main Recent Stats | t_env:    1274107 | Episode:    77943
consensus_fraction_mean:   0.9999	entropy_loss:              0.0009	ep_length_mean:           13.1725	episode_limit_mean:        0.0003
epsilon:                   0.0500	grad_norm:               265.9184	loss:                     52.2346	mi_loss:                   0.0241
q_taken_mean:              6.5800	return_mean:              55.6141	return_median:            68.4000	return_std:               42.5907
success_mean:              0.9997	target_mean:               6.5344	td_error_abs:              5.3542	test_consensus_fraction_mean:  1.0000
test_ep_length_mean:      10.3500	test_episode_limit_mean:   0.0000	test_return_mean:         69.6312	test_return_median:       77.5000
test_return_std:          26.9754	test_success_mean:         1.0000	
[INFO 00:17:34] my_main Updated target network
[INFO 00:18:56] my_main Recent Stats | t_env:    1276166 | Episode:    78098
consensus_fraction_mean:   0.9999	entropy_loss:              0.0009	ep_length_mean:           13.1725	episode_limit_mean:        0.0003
epsilon:                   0.0500	grad_norm:               218.6488	loss:                     53.0773	mi_loss:                   0.0240
q_taken_mean:              6.3805	return_mean:              55.6141	return_median:            68.4000	return_std:               42.5907
success_mean:              0.9997	target_mean:               6.3499	td_error_abs:              5.4086	test_consensus_fraction_mean:  1.0000
test_ep_length_mean:      10.3500	test_episode_limit_mean:   0.0000	test_return_mean:         69.6312	test_return_median:       77.5000
test_return_std:          26.9754	test_success_mean:         1.0000	
[INFO 00:20:20] my_main Updated target network
[INFO 00:21:04] my_main Recent Stats | t_env:    1278166 | Episode:    78253
consensus_fraction_mean:   0.9999	entropy_loss:              0.0009	ep_length_mean:           13.1725	episode_limit_mean:        0.0003
epsilon:                   0.0500	grad_norm:               218.6488	loss:                     53.0773	mi_loss:                   0.0240
q_taken_mean:              6.3805	return_mean:              55.6141	return_median:            68.4000	return_std:               42.5907
success_mean:              0.9997	target_mean:               6.3499	td_error_abs:              5.4086	test_consensus_fraction_mean:  1.0000
test_ep_length_mean:      10.3500	test_episode_limit_mean:   0.0000	test_return_mean:         69.6312	test_return_median:       77.5000
test_return_std:          26.9754	test_success_mean:         1.0000	
[INFO 00:23:02] my_main Updated target network
[INFO 00:23:18] my_main Recent Stats | t_env:    1280170 | Episode:    78419
consensus_fraction_mean:   0.9999	entropy_loss:              0.0009	ep_length_mean:           13.1725	episode_limit_mean:        0.0003
epsilon:                   0.0500	grad_norm:               218.6488	loss:                     53.0773	mi_loss:                   0.0240
q_taken_mean:              6.3805	return_mean:              55.6141	return_median:            68.4000	return_std:               42.5907
success_mean:              0.9997	target_mean:               6.3499	td_error_abs:              5.4086	test_consensus_fraction_mean:  1.0000
test_ep_length_mean:      10.3500	test_episode_limit_mean:   0.0000	test_return_mean:         69.6312	test_return_median:       77.5000
test_return_std:          26.9754	test_success_mean:         1.0000	
[INFO 00:25:15] my_main Recent Stats | t_env:    1282176 | Episode:    78554
consensus_fraction_mean:   0.9999	entropy_loss:              0.0009	ep_length_mean:           13.1725	episode_limit_mean:        0.0003
epsilon:                   0.0500	grad_norm:               218.6488	loss:                     53.0773	mi_loss:                   0.0240
q_taken_mean:              6.3805	return_mean:              55.6141	return_median:            68.4000	return_std:               42.5907
success_mean:              0.9997	target_mean:               6.3499	td_error_abs:              5.4086	test_consensus_fraction_mean:  1.0000
test_ep_length_mean:      10.3500	test_episode_limit_mean:   0.0000	test_return_mean:         69.6312	test_return_median:       77.5000
test_return_std:          26.9754	test_success_mean:         1.0000	
[INFO 00:25:19] my_main t_env: 1282276 / 2050000
[INFO 00:25:19] my_main Estimated time left: 13 hours, 30 minutes, 13 seconds. Time passed: 22 hours, 20 minutes, 56 seconds
[INFO 00:25:58] my_main Updated target network
[INFO 00:27:27] my_main Recent Stats | t_env:    1284180 | Episode:    78706
consensus_fraction_mean:   0.9999	entropy_loss:              0.0009	ep_length_mean:           13.1113	episode_limit_mean:        0.0003
epsilon:                   0.0500	grad_norm:               218.6488	loss:                     53.0773	mi_loss:                   0.0240
q_taken_mean:              6.3805	return_mean:              55.5890	return_median:            68.8000	return_std:               43.5249
success_mean:              0.9997	target_mean:               6.3499	td_error_abs:              5.4086	test_consensus_fraction_mean:  1.0000
test_ep_length_mean:       9.6938	test_episode_limit_mean:   0.0000	test_return_mean:         71.3187	test_return_median:       79.3000
test_return_std:          26.4828	test_success_mean:         1.0000	
[INFO 00:28:52] my_main Updated target network
[INFO 00:29:31] my_main Recent Stats | t_env:    1286181 | Episode:    78846
consensus_fraction_mean:   0.9999	entropy_loss:              0.0008	ep_length_mean:           13.1113	episode_limit_mean:        0.0003
epsilon:                   0.0500	grad_norm:               232.9512	loss:                     56.6890	mi_loss:                   0.0242
q_taken_mean:              6.3846	return_mean:              55.5890	return_median:            68.8000	return_std:               43.5249
success_mean:              0.9997	target_mean:               6.3430	td_error_abs:              5.6514	test_consensus_fraction_mean:  1.0000
test_ep_length_mean:       9.6938	test_episode_limit_mean:   0.0000	test_return_mean:         71.3187	test_return_median:       79.3000
test_return_std:          26.4828	test_success_mean:         1.0000	
[INFO 00:31:37] my_main Recent Stats | t_env:    1288184 | Episode:    78996
consensus_fraction_mean:   0.9999	entropy_loss:              0.0008	ep_length_mean:           13.1113	episode_limit_mean:        0.0003
epsilon:                   0.0500	grad_norm:               232.9512	loss:                     56.6890	mi_loss:                   0.0242
q_taken_mean:              6.3846	return_mean:              55.5890	return_median:            68.8000	return_std:               43.5249
success_mean:              0.9997	target_mean:               6.3430	td_error_abs:              5.6514	test_consensus_fraction_mean:  1.0000
test_ep_length_mean:       9.6938	test_episode_limit_mean:   0.0000	test_return_mean:         71.3187	test_return_median:       79.3000
test_return_std:          26.4828	test_success_mean:         1.0000	
[INFO 00:31:41] my_main Updated target network
[INFO 00:33:59] my_main Recent Stats | t_env:    1290192 | Episode:    79167
consensus_fraction_mean:   0.9999	entropy_loss:              0.0008	ep_length_mean:           13.1113	episode_limit_mean:        0.0003
epsilon:                   0.0500	grad_norm:               232.9512	loss:                     56.6890	mi_loss:                   0.0242
q_taken_mean:              6.3846	return_mean:              55.5890	return_median:            68.8000	return_std:               43.5249
success_mean:              0.9997	target_mean:               6.3430	td_error_abs:              5.6514	test_consensus_fraction_mean:  1.0000
test_ep_length_mean:       9.6938	test_episode_limit_mean:   0.0000	test_return_mean:         71.3187	test_return_median:       79.3000
test_return_std:          26.4828	test_success_mean:         1.0000	
[INFO 00:34:26] my_main Updated target network
[INFO 00:36:23] my_main Recent Stats | t_env:    1292204 | Episode:    79341
consensus_fraction_mean:   0.9999	entropy_loss:              0.0008	ep_length_mean:           13.1113	episode_limit_mean:        0.0003
epsilon:                   0.0500	grad_norm:               232.9512	loss:                     56.6890	mi_loss:                   0.0242
q_taken_mean:              6.3846	return_mean:              55.5890	return_median:            68.8000	return_std:               43.5249
success_mean:              0.9997	target_mean:               6.3430	td_error_abs:              5.6514	test_consensus_fraction_mean:  1.0000
test_ep_length_mean:       9.6938	test_episode_limit_mean:   0.0000	test_return_mean:         71.3187	test_return_median:       79.3000
test_return_std:          26.4828	test_success_mean:         1.0000	
[INFO 00:36:29] my_main t_env: 1292291 / 2050000
[INFO 00:36:29] my_main Estimated time left: 14 hours, 5 minutes, 8 seconds. Time passed: 22 hours, 32 minutes, 6 seconds
[INFO 00:37:20] my_main Updated target network
[INFO 00:38:40] my_main Recent Stats | t_env:    1294226 | Episode:    79498
consensus_fraction_mean:   0.9999	entropy_loss:              0.0008	ep_length_mean:           13.0382	episode_limit_mean:        0.0003
epsilon:                   0.0500	grad_norm:               232.9512	loss:                     56.6890	mi_loss:                   0.0242
q_taken_mean:              6.3846	return_mean:              55.7194	return_median:            69.0000	return_std:               44.2435
success_mean:              0.9997	target_mean:               6.3430	td_error_abs:              5.6514	test_consensus_fraction_mean:  1.0000
test_ep_length_mean:       8.9563	test_episode_limit_mean:   0.0000	test_return_mean:         72.8688	test_return_median:       80.6000
test_return_std:          24.5367	test_success_mean:         1.0000	
[INFO 00:40:06] my_main Updated target network
[INFO 00:40:44] my_main Recent Stats | t_env:    1296229 | Episode:    79647
consensus_fraction_mean:   0.9999	entropy_loss:              0.0008	ep_length_mean:           13.0382	episode_limit_mean:        0.0003
epsilon:                   0.0500	grad_norm:               282.5211	loss:                     57.6094	mi_loss:                   0.0240
q_taken_mean:              6.3560	return_mean:              55.7194	return_median:            69.0000	return_std:               44.2435
success_mean:              0.9997	target_mean:               6.3329	td_error_abs:              5.7141	test_consensus_fraction_mean:  1.0000
test_ep_length_mean:       8.9563	test_episode_limit_mean:   0.0000	test_return_mean:         72.8688	test_return_median:       80.6000
test_return_std:          24.5367	test_success_mean:         1.0000	
[INFO 00:42:49] my_main Recent Stats | t_env:    1298241 | Episode:    79789
consensus_fraction_mean:   0.9999	entropy_loss:              0.0008	ep_length_mean:           13.0382	episode_limit_mean:        0.0003
epsilon:                   0.0500	grad_norm:               282.5211	loss:                     57.6094	mi_loss:                   0.0240
q_taken_mean:              6.3560	return_mean:              55.7194	return_median:            69.0000	return_std:               44.2435
success_mean:              0.9997	target_mean:               6.3329	td_error_abs:              5.7141	test_consensus_fraction_mean:  1.0000
test_ep_length_mean:       8.9563	test_episode_limit_mean:   0.0000	test_return_mean:         72.8688	test_return_median:       80.6000
test_return_std:          24.5367	test_success_mean:         1.0000	
[INFO 00:42:59] my_main Updated target network
[INFO 00:44:52] my_main Recent Stats | t_env:    1300291 | Episode:    79931
consensus_fraction_mean:   0.9999	entropy_loss:              0.0008	ep_length_mean:           13.0382	episode_limit_mean:        0.0003
epsilon:                   0.0500	grad_norm:               282.5211	loss:                     57.6094	mi_loss:                   0.0240
q_taken_mean:              6.3560	return_mean:              55.7194	return_median:            69.0000	return_std:               44.2435
success_mean:              0.9997	target_mean:               6.3329	td_error_abs:              5.7141	test_consensus_fraction_mean:  1.0000
test_ep_length_mean:       8.9563	test_episode_limit_mean:   0.0000	test_return_mean:         72.8688	test_return_median:       80.6000
test_return_std:          24.5367	test_success_mean:         1.0000	
[INFO 00:45:54] my_main Updated target network
[INFO 00:46:56] my_main t_env: 1302311 / 2050000
[INFO 00:46:56] my_main Estimated time left: 12 hours, 59 minutes, 39 seconds. Time passed: 22 hours, 42 minutes, 33 seconds
[INFO 00:47:01] my_main Recent Stats | t_env:    1302311 | Episode:    80070
consensus_fraction_mean:   0.9998	entropy_loss:              0.0008	ep_length_mean:           13.2144	episode_limit_mean:        0.0008
epsilon:                   0.0500	grad_norm:               282.5211	loss:                     57.6094	mi_loss:                   0.0240
q_taken_mean:              6.3560	return_mean:              55.6019	return_median:            70.0000	return_std:               45.5533
success_mean:              0.9992	target_mean:               6.3329	td_error_abs:              5.7141	test_consensus_fraction_mean:  1.0000
test_ep_length_mean:       9.5500	test_episode_limit_mean:   0.0000	test_return_mean:         70.1063	test_return_median:       79.1000
test_return_std:          28.3651	test_success_mean:         1.0000	
[INFO 00:48:54] my_main Updated target network
[INFO 00:49:26] my_main Recent Stats | t_env:    1304317 | Episode:    80238
consensus_fraction_mean:   0.9998	entropy_loss:              0.0008	ep_length_mean:           13.2144	episode_limit_mean:        0.0008
epsilon:                   0.0500	grad_norm:               282.5211	loss:                     57.6094	mi_loss:                   0.0240
q_taken_mean:              6.3560	return_mean:              55.6019	return_median:            70.0000	return_std:               45.5533
success_mean:              0.9992	target_mean:               6.3329	td_error_abs:              5.7141	test_consensus_fraction_mean:  1.0000
test_ep_length_mean:       9.5500	test_episode_limit_mean:   0.0000	test_return_mean:         70.1063	test_return_median:       79.1000
test_return_std:          28.3651	test_success_mean:         1.0000	
[INFO 00:51:29] my_main Recent Stats | t_env:    1306318 | Episode:    80379
consensus_fraction_mean:   0.9998	entropy_loss:              0.0008	ep_length_mean:           13.2144	episode_limit_mean:        0.0008
epsilon:                   0.0500	grad_norm:               308.9770	loss:                     57.7878	mi_loss:                   0.0242
q_taken_mean:              6.3517	return_mean:              55.6019	return_median:            70.0000	return_std:               45.5533
success_mean:              0.9992	target_mean:               6.3088	td_error_abs:              5.7890	test_consensus_fraction_mean:  1.0000
test_ep_length_mean:       9.5500	test_episode_limit_mean:   0.0000	test_return_mean:         70.1063	test_return_median:       79.1000
test_return_std:          28.3651	test_success_mean:         1.0000	
[INFO 00:51:49] my_main Updated target network
[INFO 00:53:38] my_main Recent Stats | t_env:    1308321 | Episode:    80529
consensus_fraction_mean:   0.9998	entropy_loss:              0.0008	ep_length_mean:           13.2144	episode_limit_mean:        0.0008
epsilon:                   0.0500	grad_norm:               308.9770	loss:                     57.7878	mi_loss:                   0.0242
q_taken_mean:              6.3517	return_mean:              55.6019	return_median:            70.0000	return_std:               45.5533
success_mean:              0.9992	target_mean:               6.3088	td_error_abs:              5.7890	test_consensus_fraction_mean:  1.0000
test_ep_length_mean:       9.5500	test_episode_limit_mean:   0.0000	test_return_mean:         70.1063	test_return_median:       79.1000
test_return_std:          28.3651	test_success_mean:         1.0000	
[INFO 00:54:46] my_main Updated target network
[INFO 00:55:46] my_main Recent Stats | t_env:    1310326 | Episode:    80671
consensus_fraction_mean:   0.9998	entropy_loss:              0.0008	ep_length_mean:           13.2144	episode_limit_mean:        0.0008
epsilon:                   0.0500	grad_norm:               308.9770	loss:                     57.7878	mi_loss:                   0.0242
q_taken_mean:              6.3517	return_mean:              55.6019	return_median:            70.0000	return_std:               45.5533
success_mean:              0.9992	target_mean:               6.3088	td_error_abs:              5.7890	test_consensus_fraction_mean:  1.0000
test_ep_length_mean:       9.5500	test_episode_limit_mean:   0.0000	test_return_mean:         70.1063	test_return_median:       79.1000
test_return_std:          28.3651	test_success_mean:         1.0000	
[INFO 00:57:34] my_main Updated target network
[INFO 00:57:53] my_main t_env: 1312311 / 2050000
[INFO 00:57:53] my_main Estimated time left: 13 hours, 27 minutes, 38 seconds. Time passed: 22 hours, 53 minutes, 30 seconds
[INFO 00:58:01] my_main Recent Stats | t_env:    1312339 | Episode:    80827
consensus_fraction_mean:   0.9999	entropy_loss:              0.0008	ep_length_mean:           13.2669	episode_limit_mean:        0.0006
epsilon:                   0.0500	grad_norm:               308.9770	loss:                     57.7878	mi_loss:                   0.0242
q_taken_mean:              6.3517	return_mean:              55.4643	return_median:            69.6000	return_std:               45.1970
success_mean:              0.9994	target_mean:               6.3088	td_error_abs:              5.7890	test_consensus_fraction_mean:  1.0000
test_ep_length_mean:       9.9625	test_episode_limit_mean:   0.0000	test_return_mean:         70.0563	test_return_median:       77.0000
test_return_std:          25.1045	test_success_mean:         1.0000	
[INFO 01:00:24] my_main Recent Stats | t_env:    1314341 | Episode:    80990
consensus_fraction_mean:   0.9999	entropy_loss:              0.0008	ep_length_mean:           13.2669	episode_limit_mean:        0.0006
epsilon:                   0.0500	grad_norm:               308.9770	loss:                     57.7878	mi_loss:                   0.0242
q_taken_mean:              6.3517	return_mean:              55.4643	return_median:            69.6000	return_std:               45.1970
success_mean:              0.9994	target_mean:               6.3088	td_error_abs:              5.7890	test_consensus_fraction_mean:  1.0000
test_ep_length_mean:       9.9625	test_episode_limit_mean:   0.0000	test_return_mean:         70.0563	test_return_median:       77.0000
test_return_std:          25.1045	test_success_mean:         1.0000	
[INFO 01:00:33] my_main Updated target network
[INFO 01:02:55] my_main Recent Stats | t_env:    1316363 | Episode:    81166
consensus_fraction_mean:   0.9999	entropy_loss:              0.0007	ep_length_mean:           13.2669	episode_limit_mean:        0.0006
epsilon:                   0.0500	grad_norm:               291.6360	loss:                     58.7678	mi_loss:                   0.0242
q_taken_mean:              6.3605	return_mean:              55.4643	return_median:            69.6000	return_std:               45.1970
success_mean:              0.9994	target_mean:               6.3260	td_error_abs:              5.8120	test_consensus_fraction_mean:  1.0000
test_ep_length_mean:       9.9625	test_episode_limit_mean:   0.0000	test_return_mean:         70.0563	test_return_median:       77.0000
test_return_std:          25.1045	test_success_mean:         1.0000	
[INFO 01:03:23] my_main Updated target network
[INFO 01:05:14] my_main Recent Stats | t_env:    1318367 | Episode:    81330
consensus_fraction_mean:   0.9999	entropy_loss:              0.0007	ep_length_mean:           13.2669	episode_limit_mean:        0.0006
epsilon:                   0.0500	grad_norm:               291.6360	loss:                     58.7678	mi_loss:                   0.0242
q_taken_mean:              6.3605	return_mean:              55.4643	return_median:            69.6000	return_std:               45.1970
success_mean:              0.9994	target_mean:               6.3260	td_error_abs:              5.8120	test_consensus_fraction_mean:  1.0000
test_ep_length_mean:       9.9625	test_episode_limit_mean:   0.0000	test_return_mean:         70.0563	test_return_median:       77.0000
test_return_std:          25.1045	test_success_mean:         1.0000	
[INFO 01:06:14] my_main Updated target network
[INFO 01:07:29] my_main Recent Stats | t_env:    1320368 | Episode:    81488
consensus_fraction_mean:   0.9999	entropy_loss:              0.0007	ep_length_mean:           13.2669	episode_limit_mean:        0.0006
epsilon:                   0.0500	grad_norm:               291.6360	loss:                     58.7678	mi_loss:                   0.0242
q_taken_mean:              6.3605	return_mean:              55.4643	return_median:            69.6000	return_std:               45.1970
success_mean:              0.9994	target_mean:               6.3260	td_error_abs:              5.8120	test_consensus_fraction_mean:  1.0000
test_ep_length_mean:       9.9625	test_episode_limit_mean:   0.0000	test_return_mean:         70.0563	test_return_median:       77.0000
test_return_std:          25.1045	test_success_mean:         1.0000	
[INFO 01:09:07] my_main Updated target network
[INFO 01:09:49] my_main t_env: 1322315 / 2050000
[INFO 01:09:49] my_main Estimated time left: 14 hours, 28 minutes, 1 seconds. Time passed: 23 hours, 5 minutes, 26 seconds
[INFO 01:10:02] my_main Recent Stats | t_env:    1322375 | Episode:    81660
consensus_fraction_mean:   0.9998	entropy_loss:              0.0007	ep_length_mean:           13.0114	episode_limit_mean:        0.0008
epsilon:                   0.0500	grad_norm:               291.6360	loss:                     58.7678	mi_loss:                   0.0242
q_taken_mean:              6.3605	return_mean:              56.5230	return_median:            70.4000	return_std:               44.4898
success_mean:              0.9992	target_mean:               6.3260	td_error_abs:              5.8120	test_consensus_fraction_mean:  1.0000
test_ep_length_mean:      10.4563	test_episode_limit_mean:   0.0000	test_return_mean:         69.6437	test_return_median:       77.8000
test_return_std:          26.3450	test_success_mean:         1.0000	
[INFO 01:12:07] my_main Updated target network
[INFO 01:12:15] my_main Recent Stats | t_env:    1324376 | Episode:    81810
consensus_fraction_mean:   0.9998	entropy_loss:              0.0007	ep_length_mean:           13.0114	episode_limit_mean:        0.0008
epsilon:                   0.0500	grad_norm:               291.6360	loss:                     58.7678	mi_loss:                   0.0242
q_taken_mean:              6.3605	return_mean:              56.5230	return_median:            70.4000	return_std:               44.4898
success_mean:              0.9992	target_mean:               6.3260	td_error_abs:              5.8120	test_consensus_fraction_mean:  1.0000
test_ep_length_mean:      10.4563	test_episode_limit_mean:   0.0000	test_return_mean:         69.6437	test_return_median:       77.8000
test_return_std:          26.3450	test_success_mean:         1.0000	
[INFO 01:14:29] my_main Recent Stats | t_env:    1326385 | Episode:    81971
consensus_fraction_mean:   0.9998	entropy_loss:              0.0007	ep_length_mean:           13.0114	episode_limit_mean:        0.0008
epsilon:                   0.0500	grad_norm:               292.6214	loss:                     57.9258	mi_loss:                   0.0243
q_taken_mean:              6.4074	return_mean:              56.5230	return_median:            70.4000	return_std:               44.4898
success_mean:              0.9992	target_mean:               6.3761	td_error_abs:              5.7307	test_consensus_fraction_mean:  1.0000
test_ep_length_mean:      10.4563	test_episode_limit_mean:   0.0000	test_return_mean:         69.6437	test_return_median:       77.8000
test_return_std:          26.3450	test_success_mean:         1.0000	
[INFO 01:14:56] my_main Updated target network
[INFO 01:16:40] my_main Recent Stats | t_env:    1328392 | Episode:    82118
consensus_fraction_mean:   0.9998	entropy_loss:              0.0007	ep_length_mean:           13.0114	episode_limit_mean:        0.0008
epsilon:                   0.0500	grad_norm:               292.6214	loss:                     57.9258	mi_loss:                   0.0243
q_taken_mean:              6.4074	return_mean:              56.5230	return_median:            70.4000	return_std:               44.4898
success_mean:              0.9992	target_mean:               6.3761	td_error_abs:              5.7307	test_consensus_fraction_mean:  1.0000
test_ep_length_mean:      10.4563	test_episode_limit_mean:   0.0000	test_return_mean:         69.6437	test_return_median:       77.8000
test_return_std:          26.3450	test_success_mean:         1.0000	
[INFO 01:17:52] my_main Updated target network
[INFO 01:18:46] my_main Recent Stats | t_env:    1330397 | Episode:    82260
consensus_fraction_mean:   0.9998	entropy_loss:              0.0007	ep_length_mean:           13.0114	episode_limit_mean:        0.0008
epsilon:                   0.0500	grad_norm:               292.6214	loss:                     57.9258	mi_loss:                   0.0243
q_taken_mean:              6.4074	return_mean:              56.5230	return_median:            70.4000	return_std:               44.4898
success_mean:              0.9992	target_mean:               6.3761	td_error_abs:              5.7307	test_consensus_fraction_mean:  1.0000
test_ep_length_mean:      10.4563	test_episode_limit_mean:   0.0000	test_return_mean:         69.6437	test_return_median:       77.8000
test_return_std:          26.3450	test_success_mean:         1.0000	
[INFO 01:20:46] my_main Updated target network
[INFO 01:20:52] my_main t_env: 1332374 / 2050000
[INFO 01:20:52] my_main Estimated time left: 13 hours, 7 minutes, 31 seconds. Time passed: 23 hours, 16 minutes, 28 seconds
[INFO 01:20:57] my_main Recent Stats | t_env:    1332418 | Episode:    82409
consensus_fraction_mean:   0.9998	entropy_loss:              0.0007	ep_length_mean:           13.0505	episode_limit_mean:        0.0008
epsilon:                   0.0500	grad_norm:               292.6214	loss:                     57.9258	mi_loss:                   0.0243
q_taken_mean:              6.4074	return_mean:              56.5456	return_median:            70.2000	return_std:               44.3566
success_mean:              0.9992	target_mean:               6.3761	td_error_abs:              5.7307	test_consensus_fraction_mean:  1.0000
test_ep_length_mean:      11.0750	test_episode_limit_mean:   0.0000	test_return_mean:         67.5500	test_return_median:       76.5000
test_return_std:          29.6164	test_success_mean:         1.0000	
[INFO 01:23:23] my_main Recent Stats | t_env:    1334423 | Episode:    82574
consensus_fraction_mean:   0.9998	entropy_loss:              0.0007	ep_length_mean:           13.0505	episode_limit_mean:        0.0008
epsilon:                   0.0500	grad_norm:               292.6214	loss:                     57.9258	mi_loss:                   0.0243
q_taken_mean:              6.4074	return_mean:              56.5456	return_median:            70.2000	return_std:               44.3566
success_mean:              0.9992	target_mean:               6.3761	td_error_abs:              5.7307	test_consensus_fraction_mean:  1.0000
test_ep_length_mean:      11.0750	test_episode_limit_mean:   0.0000	test_return_mean:         67.5500	test_return_median:       76.5000
test_return_std:          29.6164	test_success_mean:         1.0000	
[INFO 01:23:46] my_main Updated target network
[INFO 01:25:45] my_main Recent Stats | t_env:    1336442 | Episode:    82738
consensus_fraction_mean:   0.9998	entropy_loss:              0.0008	ep_length_mean:           13.0505	episode_limit_mean:        0.0008
epsilon:                   0.0500	grad_norm:               308.0941	loss:                     57.7495	mi_loss:                   0.0242
q_taken_mean:              6.4116	return_mean:              56.5456	return_median:            70.2000	return_std:               44.3566
success_mean:              0.9992	target_mean:               6.3691	td_error_abs:              5.7360	test_consensus_fraction_mean:  1.0000
test_ep_length_mean:      11.0750	test_episode_limit_mean:   0.0000	test_return_mean:         67.5500	test_return_median:       76.5000
test_return_std:          29.6164	test_success_mean:         1.0000	
[INFO 01:26:39] my_main Updated target network
[INFO 01:28:04] my_main Recent Stats | t_env:    1338442 | Episode:    82898
consensus_fraction_mean:   0.9998	entropy_loss:              0.0008	ep_length_mean:           13.0505	episode_limit_mean:        0.0008
epsilon:                   0.0500	grad_norm:               308.0941	loss:                     57.7495	mi_loss:                   0.0242
q_taken_mean:              6.4116	return_mean:              56.5456	return_median:            70.2000	return_std:               44.3566
success_mean:              0.9992	target_mean:               6.3691	td_error_abs:              5.7360	test_consensus_fraction_mean:  1.0000
test_ep_length_mean:      11.0750	test_episode_limit_mean:   0.0000	test_return_mean:         67.5500	test_return_median:       76.5000
test_return_std:          29.6164	test_success_mean:         1.0000	
[INFO 01:29:34] my_main Updated target network
[INFO 01:30:13] my_main Recent Stats | t_env:    1340449 | Episode:    83046
consensus_fraction_mean:   0.9998	entropy_loss:              0.0008	ep_length_mean:           13.0505	episode_limit_mean:        0.0008
epsilon:                   0.0500	grad_norm:               308.0941	loss:                     57.7495	mi_loss:                   0.0242
q_taken_mean:              6.4116	return_mean:              56.5456	return_median:            70.2000	return_std:               44.3566
success_mean:              0.9992	target_mean:               6.3691	td_error_abs:              5.7360	test_consensus_fraction_mean:  1.0000
test_ep_length_mean:      11.0750	test_episode_limit_mean:   0.0000	test_return_mean:         67.5500	test_return_median:       76.5000
test_return_std:          29.6164	test_success_mean:         1.0000	
[INFO 01:32:24] my_main t_env: 1342378 / 2050000
[INFO 01:32:24] my_main Estimated time left: 13 hours, 35 minutes, 56 seconds. Time passed: 23 hours, 28 minutes, 0 seconds
[INFO 01:32:33] my_main Recent Stats | t_env:    1342450 | Episode:    83200
consensus_fraction_mean:   0.9998	entropy_loss:              0.0008	ep_length_mean:           13.0509	episode_limit_mean:        0.0008
epsilon:                   0.0500	grad_norm:               308.0941	loss:                     57.7495	mi_loss:                   0.0242
q_taken_mean:              6.4116	return_mean:              56.5480	return_median:            70.2000	return_std:               44.0331
success_mean:              0.9992	target_mean:               6.3691	td_error_abs:              5.7360	test_consensus_fraction_mean:  1.0000
test_ep_length_mean:      11.4125	test_episode_limit_mean:   0.0000	test_return_mean:         66.5375	test_return_median:       76.0000
test_return_std:          30.0064	test_success_mean:         1.0000	
[INFO 01:32:34] my_main Updated target network
[INFO 01:34:47] my_main Recent Stats | t_env:    1344454 | Episode:    83359
consensus_fraction_mean:   0.9998	entropy_loss:              0.0008	ep_length_mean:           13.0509	episode_limit_mean:        0.0008
epsilon:                   0.0500	grad_norm:               308.0941	loss:                     57.7495	mi_loss:                   0.0242
q_taken_mean:              6.4116	return_mean:              56.5480	return_median:            70.2000	return_std:               44.0331
success_mean:              0.9992	target_mean:               6.3691	td_error_abs:              5.7360	test_consensus_fraction_mean:  1.0000
test_ep_length_mean:      11.4125	test_episode_limit_mean:   0.0000	test_return_mean:         66.5375	test_return_median:       76.0000
test_return_std:          30.0064	test_success_mean:         1.0000	
[INFO 01:35:26] my_main Updated target network
[INFO 01:37:14] my_main Recent Stats | t_env:    1346456 | Episode:    83521
consensus_fraction_mean:   0.9998	entropy_loss:              0.0008	ep_length_mean:           13.0509	episode_limit_mean:        0.0008
epsilon:                   0.0500	grad_norm:               268.6678	loss:                     59.4095	mi_loss:                   0.0242
q_taken_mean:              6.4130	return_mean:              56.5480	return_median:            70.2000	return_std:               44.0331
success_mean:              0.9992	target_mean:               6.3366	td_error_abs:              5.8609	test_consensus_fraction_mean:  1.0000
test_ep_length_mean:      11.4125	test_episode_limit_mean:   0.0000	test_return_mean:         66.5375	test_return_median:       76.0000
test_return_std:          30.0064	test_success_mean:         1.0000	
[INFO 01:38:20] my_main Updated target network
[INFO 01:39:25] my_main Recent Stats | t_env:    1348458 | Episode:    83677
consensus_fraction_mean:   0.9998	entropy_loss:              0.0008	ep_length_mean:           13.0509	episode_limit_mean:        0.0008
epsilon:                   0.0500	grad_norm:               268.6678	loss:                     59.4095	mi_loss:                   0.0242
q_taken_mean:              6.4130	return_mean:              56.5480	return_median:            70.2000	return_std:               44.0331
success_mean:              0.9992	target_mean:               6.3366	td_error_abs:              5.8609	test_consensus_fraction_mean:  1.0000
test_ep_length_mean:      11.4125	test_episode_limit_mean:   0.0000	test_return_mean:         66.5375	test_return_median:       76.0000
test_return_std:          30.0064	test_success_mean:         1.0000	
[INFO 01:41:17] my_main Updated target network
[INFO 01:41:21] my_main Recent Stats | t_env:    1350458 | Episode:    83804
consensus_fraction_mean:   0.9998	entropy_loss:              0.0008	ep_length_mean:           13.0509	episode_limit_mean:        0.0008
epsilon:                   0.0500	grad_norm:               268.6678	loss:                     59.4095	mi_loss:                   0.0242
q_taken_mean:              6.4130	return_mean:              56.5480	return_median:            70.2000	return_std:               44.0331
success_mean:              0.9992	target_mean:               6.3366	td_error_abs:              5.8609	test_consensus_fraction_mean:  1.0000
test_ep_length_mean:      11.4125	test_episode_limit_mean:   0.0000	test_return_mean:         66.5375	test_return_median:       76.0000
test_return_std:          30.0064	test_success_mean:         1.0000	
[INFO 01:43:35] my_main t_env: 1352380 / 2050000
[INFO 01:43:35] my_main Estimated time left: 13 hours, 15 seconds. Time passed: 23 hours, 39 minutes, 11 seconds
[INFO 01:43:46] my_main Recent Stats | t_env:    1352462 | Episode:    83960
consensus_fraction_mean:   0.9999	entropy_loss:              0.0008	ep_length_mean:           12.9074	episode_limit_mean:        0.0005
epsilon:                   0.0500	grad_norm:               268.6678	loss:                     59.4095	mi_loss:                   0.0242
q_taken_mean:              6.4130	return_mean:              56.5997	return_median:            69.6000	return_std:               43.3342
success_mean:              0.9995	target_mean:               6.3366	td_error_abs:              5.8609	test_consensus_fraction_mean:  1.0000
test_ep_length_mean:      11.6500	test_episode_limit_mean:   0.0000	test_return_mean:         65.6813	test_return_median:       75.0000
test_return_std:          29.8452	test_success_mean:         1.0000	
[INFO 01:44:21] my_main Updated target network
[INFO 01:46:06] my_main Recent Stats | t_env:    1354472 | Episode:    84123
consensus_fraction_mean:   0.9999	entropy_loss:              0.0008	ep_length_mean:           12.9074	episode_limit_mean:        0.0005
epsilon:                   0.0500	grad_norm:               268.6678	loss:                     59.4095	mi_loss:                   0.0242
q_taken_mean:              6.4130	return_mean:              56.5997	return_median:            69.6000	return_std:               43.3342
success_mean:              0.9995	target_mean:               6.3366	td_error_abs:              5.8609	test_consensus_fraction_mean:  1.0000
test_ep_length_mean:      11.6500	test_episode_limit_mean:   0.0000	test_return_mean:         65.6813	test_return_median:       75.0000
test_return_std:          29.8452	test_success_mean:         1.0000	
[INFO 01:47:13] my_main Updated target network
[INFO 01:48:16] my_main Recent Stats | t_env:    1356478 | Episode:    84273
consensus_fraction_mean:   0.9999	entropy_loss:              0.0008	ep_length_mean:           12.9074	episode_limit_mean:        0.0005
epsilon:                   0.0500	grad_norm:               257.6381	loss:                     60.2260	mi_loss:                   0.0242
q_taken_mean:              6.4033	return_mean:              56.5997	return_median:            69.6000	return_std:               43.3342
success_mean:              0.9995	target_mean:               6.3602	td_error_abs:              5.9044	test_consensus_fraction_mean:  1.0000
test_ep_length_mean:      11.6500	test_episode_limit_mean:   0.0000	test_return_mean:         65.6813	test_return_median:       75.0000
test_return_std:          29.8452	test_success_mean:         1.0000	
[INFO 01:50:03] my_main Updated target network
[INFO 01:50:29] my_main Recent Stats | t_env:    1358486 | Episode:    84431
consensus_fraction_mean:   0.9999	entropy_loss:              0.0008	ep_length_mean:           12.9074	episode_limit_mean:        0.0005
epsilon:                   0.0500	grad_norm:               257.6381	loss:                     60.2260	mi_loss:                   0.0242
q_taken_mean:              6.4033	return_mean:              56.5997	return_median:            69.6000	return_std:               43.3342
success_mean:              0.9995	target_mean:               6.3602	td_error_abs:              5.9044	test_consensus_fraction_mean:  1.0000
test_ep_length_mean:      11.6500	test_episode_limit_mean:   0.0000	test_return_mean:         65.6813	test_return_median:       75.0000
test_return_std:          29.8452	test_success_mean:         1.0000	
[INFO 01:52:30] my_main Recent Stats | t_env:    1360490 | Episode:    84592
consensus_fraction_mean:   0.9999	entropy_loss:              0.0008	ep_length_mean:           12.9074	episode_limit_mean:        0.0005
epsilon:                   0.0500	grad_norm:               257.6381	loss:                     60.2260	mi_loss:                   0.0242
q_taken_mean:              6.4033	return_mean:              56.5997	return_median:            69.6000	return_std:               43.3342
success_mean:              0.9995	target_mean:               6.3602	td_error_abs:              5.9044	test_consensus_fraction_mean:  1.0000
test_ep_length_mean:      11.6500	test_episode_limit_mean:   0.0000	test_return_mean:         65.6813	test_return_median:       75.0000
test_return_std:          29.8452	test_success_mean:         1.0000	
[INFO 01:52:35] my_main Updated target network
[INFO 01:53:53] my_main t_env: 1362395 / 2050000
[INFO 01:53:53] my_main Estimated time left: 11 hours, 46 minutes, 48 seconds. Time passed: 23 hours, 49 minutes, 29 seconds
[INFO 01:54:00] my_main Recent Stats | t_env:    1362492 | Episode:    84751
consensus_fraction_mean:   0.9999	entropy_loss:              0.0008	ep_length_mean:           12.7968	episode_limit_mean:        0.0005
epsilon:                   0.0500	grad_norm:               257.6381	loss:                     60.2260	mi_loss:                   0.0242
q_taken_mean:              6.4033	return_mean:              56.9011	return_median:            69.6000	return_std:               43.2514
success_mean:              0.9995	target_mean:               6.3602	td_error_abs:              5.9044	test_consensus_fraction_mean:  1.0000
test_ep_length_mean:      11.7188	test_episode_limit_mean:   0.0000	test_return_mean:         63.4000	test_return_median:       73.0000
test_return_std:          33.5442	test_success_mean:         1.0000	
[INFO 01:54:24] my_main Updated target network
[INFO 01:55:22] my_main Recent Stats | t_env:    1364502 | Episode:    84909
consensus_fraction_mean:   0.9999	entropy_loss:              0.0008	ep_length_mean:           12.7968	episode_limit_mean:        0.0005
epsilon:                   0.0500	grad_norm:               257.6381	loss:                     60.2260	mi_loss:                   0.0242
q_taken_mean:              6.4033	return_mean:              56.9011	return_median:            69.6000	return_std:               43.2514
success_mean:              0.9995	target_mean:               6.3602	td_error_abs:              5.9044	test_consensus_fraction_mean:  1.0000
test_ep_length_mean:      11.7188	test_episode_limit_mean:   0.0000	test_return_mean:         63.4000	test_return_median:       73.0000
test_return_std:          33.5442	test_success_mean:         1.0000	
[INFO 01:56:10] my_main Updated target network
[INFO 01:56:38] my_main Recent Stats | t_env:    1366549 | Episode:    85052
consensus_fraction_mean:   0.9999	entropy_loss:              0.0009	ep_length_mean:           12.7968	episode_limit_mean:        0.0005
epsilon:                   0.0500	grad_norm:               253.4114	loss:                     58.7799	mi_loss:                   0.0240
q_taken_mean:              6.2476	return_mean:              56.9011	return_median:            69.6000	return_std:               43.2514
success_mean:              0.9995	target_mean:               6.2350	td_error_abs:              5.7759	test_consensus_fraction_mean:  1.0000
test_ep_length_mean:      11.7188	test_episode_limit_mean:   0.0000	test_return_mean:         63.4000	test_return_median:       73.0000
test_return_std:          33.5442	test_success_mean:         1.0000	
[INFO 01:57:58] my_main Updated target network
[INFO 01:58:09] my_main Recent Stats | t_env:    1368570 | Episode:    85222
consensus_fraction_mean:   0.9999	entropy_loss:              0.0009	ep_length_mean:           12.7968	episode_limit_mean:        0.0005
epsilon:                   0.0500	grad_norm:               253.4114	loss:                     58.7799	mi_loss:                   0.0240
q_taken_mean:              6.2476	return_mean:              56.9011	return_median:            69.6000	return_std:               43.2514
success_mean:              0.9995	target_mean:               6.2350	td_error_abs:              5.7759	test_consensus_fraction_mean:  1.0000
test_ep_length_mean:      11.7188	test_episode_limit_mean:   0.0000	test_return_mean:         63.4000	test_return_median:       73.0000
test_return_std:          33.5442	test_success_mean:         1.0000	
[INFO 01:59:22] my_main Recent Stats | t_env:    1370587 | Episode:    85361
consensus_fraction_mean:   0.9999	entropy_loss:              0.0009	ep_length_mean:           12.7968	episode_limit_mean:        0.0005
epsilon:                   0.0500	grad_norm:               253.4114	loss:                     58.7799	mi_loss:                   0.0240
q_taken_mean:              6.2476	return_mean:              56.9011	return_median:            69.6000	return_std:               43.2514
success_mean:              0.9995	target_mean:               6.2350	td_error_abs:              5.7759	test_consensus_fraction_mean:  1.0000
test_ep_length_mean:      11.7188	test_episode_limit_mean:   0.0000	test_return_mean:         63.4000	test_return_median:       73.0000
test_return_std:          33.5442	test_success_mean:         1.0000	
[INFO 01:59:44] my_main Updated target network
[INFO 02:00:34] my_main t_env: 1372407 / 2050000
[INFO 02:00:34] my_main Estimated time left: 7 hours, 32 minutes, 40 seconds. Time passed: 23 hours, 56 minutes, 10 seconds
[INFO 02:00:45] my_main Recent Stats | t_env:    1372601 | Episode:    85508
consensus_fraction_mean:   1.0000	entropy_loss:              0.0009	ep_length_mean:           13.0473	episode_limit_mean:        0.0003
epsilon:                   0.0500	grad_norm:               253.4114	loss:                     58.7799	mi_loss:                   0.0240
q_taken_mean:              6.2476	return_mean:              55.8826	return_median:            68.6000	return_std:               43.6366
success_mean:              0.9997	target_mean:               6.2350	td_error_abs:              5.7759	test_consensus_fraction_mean:  1.0000
test_ep_length_mean:      11.7250	test_episode_limit_mean:   0.0000	test_return_mean:         62.2188	test_return_median:       70.8000
test_return_std:          34.2246	test_success_mean:         1.0000	
[INFO 02:01:34] my_main Updated target network
[INFO 02:02:05] my_main Recent Stats | t_env:    1374614 | Episode:    85662
consensus_fraction_mean:   1.0000	entropy_loss:              0.0009	ep_length_mean:           13.0473	episode_limit_mean:        0.0003
epsilon:                   0.0500	grad_norm:               253.4114	loss:                     58.7799	mi_loss:                   0.0240
q_taken_mean:              6.2476	return_mean:              55.8826	return_median:            68.6000	return_std:               43.6366
success_mean:              0.9997	target_mean:               6.2350	td_error_abs:              5.7759	test_consensus_fraction_mean:  1.0000
test_ep_length_mean:      11.7250	test_episode_limit_mean:   0.0000	test_return_mean:         62.2188	test_return_median:       70.8000
test_return_std:          34.2246	test_success_mean:         1.0000	
[INFO 02:03:19] my_main Updated target network
[INFO 02:03:23] my_main Recent Stats | t_env:    1376615 | Episode:    85810
consensus_fraction_mean:   1.0000	entropy_loss:              0.0009	ep_length_mean:           13.0473	episode_limit_mean:        0.0003
epsilon:                   0.0500	grad_norm:               323.9534	loss:                     60.0065	mi_loss:                   0.0242
q_taken_mean:              6.2864	return_mean:              55.8826	return_median:            68.6000	return_std:               43.6366
success_mean:              0.9997	target_mean:               6.2453	td_error_abs:              5.8623	test_consensus_fraction_mean:  1.0000
test_ep_length_mean:      11.7250	test_episode_limit_mean:   0.0000	test_return_mean:         62.2188	test_return_median:       70.8000
test_return_std:          34.2246	test_success_mean:         1.0000	
[INFO 02:04:43] my_main Recent Stats | t_env:    1378617 | Episode:    85957
consensus_fraction_mean:   1.0000	entropy_loss:              0.0009	ep_length_mean:           13.0473	episode_limit_mean:        0.0003
epsilon:                   0.0500	grad_norm:               323.9534	loss:                     60.0065	mi_loss:                   0.0242
q_taken_mean:              6.2864	return_mean:              55.8826	return_median:            68.6000	return_std:               43.6366
success_mean:              0.9997	target_mean:               6.2453	td_error_abs:              5.8623	test_consensus_fraction_mean:  1.0000
test_ep_length_mean:      11.7250	test_episode_limit_mean:   0.0000	test_return_mean:         62.2188	test_return_median:       70.8000
test_return_std:          34.2246	test_success_mean:         1.0000	
[INFO 02:05:07] my_main Updated target network
[INFO 02:06:03] my_main Recent Stats | t_env:    1380634 | Episode:    86106
consensus_fraction_mean:   1.0000	entropy_loss:              0.0009	ep_length_mean:           13.0473	episode_limit_mean:        0.0003
epsilon:                   0.0500	grad_norm:               323.9534	loss:                     60.0065	mi_loss:                   0.0242
q_taken_mean:              6.2864	return_mean:              55.8826	return_median:            68.6000	return_std:               43.6366
success_mean:              0.9997	target_mean:               6.2453	td_error_abs:              5.8623	test_consensus_fraction_mean:  1.0000
test_ep_length_mean:      11.7250	test_episode_limit_mean:   0.0000	test_return_mean:         62.2188	test_return_median:       70.8000
test_return_std:          34.2246	test_success_mean:         1.0000	
[INFO 02:06:52] my_main Updated target network
[INFO 02:07:19] my_main t_env: 1382441 / 2050000
[INFO 02:07:19] my_main Estimated time left: 7 hours, 29 minutes, 16 seconds. Time passed: 1 days, 2 minutes, 55 seconds
[INFO 02:07:27] my_main Recent Stats | t_env:    1382659 | Episode:    86264
consensus_fraction_mean:   0.9999	entropy_loss:              0.0009	ep_length_mean:           13.0267	episode_limit_mean:        0.0005
epsilon:                   0.0500	grad_norm:               323.9534	loss:                     60.0065	mi_loss:                   0.0242
q_taken_mean:              6.2864	return_mean:              55.8211	return_median:            68.4000	return_std:               42.7596
success_mean:              0.9995	target_mean:               6.2453	td_error_abs:              5.8623	test_consensus_fraction_mean:  1.0000
test_ep_length_mean:      11.7125	test_episode_limit_mean:   0.0000	test_return_mean:         61.8750	test_return_median:       71.0000
test_return_std:          33.1735	test_success_mean:         1.0000	
[INFO 02:08:42] my_main Updated target network
[INFO 02:08:56] my_main Recent Stats | t_env:    1384667 | Episode:    86426
consensus_fraction_mean:   0.9999	entropy_loss:              0.0009	ep_length_mean:           13.0267	episode_limit_mean:        0.0005
epsilon:                   0.0500	grad_norm:               323.9534	loss:                     60.0065	mi_loss:                   0.0242
q_taken_mean:              6.2864	return_mean:              55.8211	return_median:            68.4000	return_std:               42.7596
success_mean:              0.9995	target_mean:               6.2453	td_error_abs:              5.8623	test_consensus_fraction_mean:  1.0000
test_ep_length_mean:      11.7125	test_episode_limit_mean:   0.0000	test_return_mean:         61.8750	test_return_median:       71.0000
test_return_std:          33.1735	test_success_mean:         1.0000	
[INFO 02:10:22] my_main Recent Stats | t_env:    1386687 | Episode:    86582
consensus_fraction_mean:   0.9999	entropy_loss:              0.0009	ep_length_mean:           13.0267	episode_limit_mean:        0.0005
epsilon:                   0.0500	grad_norm:               317.2498	loss:                     61.2209	mi_loss:                   0.0243
q_taken_mean:              6.2427	return_mean:              55.8211	return_median:            68.4000	return_std:               42.7596
success_mean:              0.9995	target_mean:               6.2085	td_error_abs:              5.8989	test_consensus_fraction_mean:  1.0000
test_ep_length_mean:      11.7125	test_episode_limit_mean:   0.0000	test_return_mean:         61.8750	test_return_median:       71.0000
test_return_std:          33.1735	test_success_mean:         1.0000	
[INFO 02:10:32] my_main Updated target network
[INFO 02:11:47] my_main Recent Stats | t_env:    1388695 | Episode:    86743
consensus_fraction_mean:   0.9999	entropy_loss:              0.0009	ep_length_mean:           13.0267	episode_limit_mean:        0.0005
epsilon:                   0.0500	grad_norm:               317.2498	loss:                     61.2209	mi_loss:                   0.0243
q_taken_mean:              6.2427	return_mean:              55.8211	return_median:            68.4000	return_std:               42.7596
success_mean:              0.9995	target_mean:               6.2085	td_error_abs:              5.8989	test_consensus_fraction_mean:  1.0000
test_ep_length_mean:      11.7125	test_episode_limit_mean:   0.0000	test_return_mean:         61.8750	test_return_median:       71.0000
test_return_std:          33.1735	test_success_mean:         1.0000	
[INFO 02:12:17] my_main Updated target network
[INFO 02:13:06] my_main Recent Stats | t_env:    1390695 | Episode:    86893
consensus_fraction_mean:   0.9999	entropy_loss:              0.0009	ep_length_mean:           13.0267	episode_limit_mean:        0.0005
epsilon:                   0.0500	grad_norm:               317.2498	loss:                     61.2209	mi_loss:                   0.0243
q_taken_mean:              6.2427	return_mean:              55.8211	return_median:            68.4000	return_std:               42.7596
success_mean:              0.9995	target_mean:               6.2085	td_error_abs:              5.8989	test_consensus_fraction_mean:  1.0000
test_ep_length_mean:      11.7125	test_episode_limit_mean:   0.0000	test_return_mean:         61.8750	test_return_median:       71.0000
test_return_std:          33.1735	test_success_mean:         1.0000	
[INFO 02:14:02] my_main Updated target network
[INFO 02:14:20] my_main t_env: 1392445 / 2050000
[INFO 02:14:20] my_main Estimated time left: 7 hours, 40 minutes, 42 seconds. Time passed: 1 days, 9 minutes, 56 seconds
[INFO 02:14:35] my_main Recent Stats | t_env:    1392705 | Episode:    87058
consensus_fraction_mean:   0.9999	entropy_loss:              0.0009	ep_length_mean:           13.0429	episode_limit_mean:        0.0008
epsilon:                   0.0500	grad_norm:               317.2498	loss:                     61.2209	mi_loss:                   0.0243
q_taken_mean:              6.2427	return_mean:              55.7752	return_median:            68.2000	return_std:               42.7136
success_mean:              0.9992	target_mean:               6.2085	td_error_abs:              5.8989	test_consensus_fraction_mean:  1.0000
test_ep_length_mean:      12.0625	test_episode_limit_mean:   0.0000	test_return_mean:         59.7687	test_return_median:       67.4000
test_return_std:          34.3211	test_success_mean:         1.0000	
[INFO 02:15:51] my_main Updated target network
[INFO 02:16:00] my_main Recent Stats | t_env:    1394709 | Episode:    87214
consensus_fraction_mean:   0.9999	entropy_loss:              0.0009	ep_length_mean:           13.0429	episode_limit_mean:        0.0008
epsilon:                   0.0500	grad_norm:               317.2498	loss:                     61.2209	mi_loss:                   0.0243
q_taken_mean:              6.2427	return_mean:              55.7752	return_median:            68.2000	return_std:               42.7136
success_mean:              0.9992	target_mean:               6.2085	td_error_abs:              5.8989	test_consensus_fraction_mean:  1.0000
test_ep_length_mean:      12.0625	test_episode_limit_mean:   0.0000	test_return_mean:         59.7687	test_return_median:       67.4000
test_return_std:          34.3211	test_success_mean:         1.0000	
[INFO 02:17:17] my_main Recent Stats | t_env:    1396712 | Episode:    87361
consensus_fraction_mean:   0.9999	entropy_loss:              0.0009	ep_length_mean:           13.0429	episode_limit_mean:        0.0008
epsilon:                   0.0500	grad_norm:               332.3966	loss:                     60.8891	mi_loss:                   0.0245
q_taken_mean:              6.2918	return_mean:              55.7752	return_median:            68.2000	return_std:               42.7136
success_mean:              0.9992	target_mean:               6.2808	td_error_abs:              5.8102	test_consensus_fraction_mean:  1.0000
test_ep_length_mean:      12.0625	test_episode_limit_mean:   0.0000	test_return_mean:         59.7687	test_return_median:       67.4000
test_return_std:          34.3211	test_success_mean:         1.0000	
[INFO 02:17:37] my_main Updated target network
[INFO 02:18:43] my_main Recent Stats | t_env:    1398727 | Episode:    87527
consensus_fraction_mean:   0.9999	entropy_loss:              0.0009	ep_length_mean:           13.0429	episode_limit_mean:        0.0008
epsilon:                   0.0500	grad_norm:               332.3966	loss:                     60.8891	mi_loss:                   0.0245
q_taken_mean:              6.2918	return_mean:              55.7752	return_median:            68.2000	return_std:               42.7136
success_mean:              0.9992	target_mean:               6.2808	td_error_abs:              5.8102	test_consensus_fraction_mean:  1.0000
test_ep_length_mean:      12.0625	test_episode_limit_mean:   0.0000	test_return_mean:         59.7687	test_return_median:       67.4000
test_return_std:          34.3211	test_success_mean:         1.0000	
[INFO 02:19:23] my_main Updated target network
[INFO 02:20:02] my_main Recent Stats | t_env:    1400734 | Episode:    87673
consensus_fraction_mean:   0.9999	entropy_loss:              0.0009	ep_length_mean:           13.0429	episode_limit_mean:        0.0008
epsilon:                   0.0500	grad_norm:               332.3966	loss:                     60.8891	mi_loss:                   0.0245
q_taken_mean:              6.2918	return_mean:              55.7752	return_median:            68.2000	return_std:               42.7136
success_mean:              0.9992	target_mean:               6.2808	td_error_abs:              5.8102	test_consensus_fraction_mean:  1.0000
test_ep_length_mean:      12.0625	test_episode_limit_mean:   0.0000	test_return_mean:         59.7687	test_return_median:       67.4000
test_return_std:          34.3211	test_success_mean:         1.0000	
[INFO 02:21:07] my_main Updated target network
[INFO 02:21:12] my_main t_env: 1402454 / 2050000
[INFO 02:21:12] my_main Estimated time left: 7 hours, 24 minutes, 12 seconds. Time passed: 1 days, 16 minutes, 48 seconds
[INFO 02:21:26] my_main Recent Stats | t_env:    1402770 | Episode:    87836
consensus_fraction_mean:   0.9999	entropy_loss:              0.0009	ep_length_mean:           12.9872	episode_limit_mean:        0.0005
epsilon:                   0.0500	grad_norm:               332.3966	loss:                     60.8891	mi_loss:                   0.0245
q_taken_mean:              6.2918	return_mean:              56.0312	return_median:            68.2000	return_std:               41.8421
success_mean:              0.9995	target_mean:               6.2808	td_error_abs:              5.8102	test_consensus_fraction_mean:  1.0000
test_ep_length_mean:      11.2125	test_episode_limit_mean:   0.0000	test_return_mean:         61.6375	test_return_median:       68.0000
test_return_std:          32.9750	test_success_mean:         1.0000	
[INFO 02:22:44] my_main Recent Stats | t_env:    1404776 | Episode:    87980
consensus_fraction_mean:   0.9999	entropy_loss:              0.0009	ep_length_mean:           12.9872	episode_limit_mean:        0.0005
epsilon:                   0.0500	grad_norm:               332.3966	loss:                     60.8891	mi_loss:                   0.0245
q_taken_mean:              6.2918	return_mean:              56.0312	return_median:            68.2000	return_std:               41.8421
success_mean:              0.9995	target_mean:               6.2808	td_error_abs:              5.8102	test_consensus_fraction_mean:  1.0000
test_ep_length_mean:      11.2125	test_episode_limit_mean:   0.0000	test_return_mean:         61.6375	test_return_median:       68.0000
test_return_std:          32.9750	test_success_mean:         1.0000	
[INFO 02:22:54] my_main Updated target network
[INFO 02:24:07] my_main Recent Stats | t_env:    1406800 | Episode:    88146
consensus_fraction_mean:   0.9999	entropy_loss:              0.0010	ep_length_mean:           12.9872	episode_limit_mean:        0.0005
epsilon:                   0.0500	grad_norm:               331.1147	loss:                     57.6016	mi_loss:                   0.0245
q_taken_mean:              6.2184	return_mean:              56.0312	return_median:            68.2000	return_std:               41.8421
success_mean:              0.9995	target_mean:               6.2083	td_error_abs:              5.5968	test_consensus_fraction_mean:  1.0000
test_ep_length_mean:      11.2125	test_episode_limit_mean:   0.0000	test_return_mean:         61.6375	test_return_median:       68.0000
test_return_std:          32.9750	test_success_mean:         1.0000	
[INFO 02:24:36] my_main Updated target network
[INFO 02:25:24] my_main Recent Stats | t_env:    1408804 | Episode:    88295
consensus_fraction_mean:   0.9999	entropy_loss:              0.0010	ep_length_mean:           12.9872	episode_limit_mean:        0.0005
epsilon:                   0.0500	grad_norm:               331.1147	loss:                     57.6016	mi_loss:                   0.0245
q_taken_mean:              6.2184	return_mean:              56.0312	return_median:            68.2000	return_std:               41.8421
success_mean:              0.9995	target_mean:               6.2083	td_error_abs:              5.5968	test_consensus_fraction_mean:  1.0000
test_ep_length_mean:      11.2125	test_episode_limit_mean:   0.0000	test_return_mean:         61.6375	test_return_median:       68.0000
test_return_std:          32.9750	test_success_mean:         1.0000	
[INFO 02:26:19] my_main Updated target network
[INFO 02:26:43] my_main Recent Stats | t_env:    1410805 | Episode:    88447
consensus_fraction_mean:   0.9999	entropy_loss:              0.0010	ep_length_mean:           12.9872	episode_limit_mean:        0.0005
epsilon:                   0.0500	grad_norm:               331.1147	loss:                     57.6016	mi_loss:                   0.0245
q_taken_mean:              6.2184	return_mean:              56.0312	return_median:            68.2000	return_std:               41.8421
success_mean:              0.9995	target_mean:               6.2083	td_error_abs:              5.5968	test_consensus_fraction_mean:  1.0000
test_ep_length_mean:      11.2125	test_episode_limit_mean:   0.0000	test_return_mean:         61.6375	test_return_median:       68.0000
test_return_std:          32.9750	test_success_mean:         1.0000	
[INFO 02:27:45] my_main t_env: 1412471 / 2050000
[INFO 02:27:45] my_main Estimated time left: 6 hours, 57 minutes, 6 seconds. Time passed: 1 days, 23 minutes, 21 seconds
[INFO 02:28:03] my_main Recent Stats | t_env:    1412805 | Episode:    88594
consensus_fraction_mean:   0.9999	entropy_loss:              0.0010	ep_length_mean:           13.1058	episode_limit_mean:        0.0005
epsilon:                   0.0500	grad_norm:               331.1147	loss:                     57.6016	mi_loss:                   0.0245
q_taken_mean:              6.2184	return_mean:              55.4686	return_median:            68.0000	return_std:               42.1503
success_mean:              0.9995	target_mean:               6.2083	td_error_abs:              5.5968	test_consensus_fraction_mean:  1.0000
test_ep_length_mean:      10.5312	test_episode_limit_mean:   0.0000	test_return_mean:         65.2938	test_return_median:       72.1000
test_return_std:          30.3461	test_success_mean:         1.0000	
[INFO 02:28:06] my_main Updated target network
[INFO 02:29:18] my_main Recent Stats | t_env:    1414817 | Episode:    88738
consensus_fraction_mean:   0.9999	entropy_loss:              0.0010	ep_length_mean:           13.1058	episode_limit_mean:        0.0005
epsilon:                   0.0500	grad_norm:               331.1147	loss:                     57.6016	mi_loss:                   0.0245
q_taken_mean:              6.2184	return_mean:              55.4686	return_median:            68.0000	return_std:               42.1503
success_mean:              0.9995	target_mean:               6.2083	td_error_abs:              5.5968	test_consensus_fraction_mean:  1.0000
test_ep_length_mean:      10.5312	test_episode_limit_mean:   0.0000	test_return_mean:         65.2938	test_return_median:       72.1000
test_return_std:          30.3461	test_success_mean:         1.0000	
[INFO 02:29:51] my_main Updated target network
[INFO 02:30:33] my_main Recent Stats | t_env:    1416826 | Episode:    88881
consensus_fraction_mean:   0.9999	entropy_loss:              0.0009	ep_length_mean:           13.1058	episode_limit_mean:        0.0005
epsilon:                   0.0500	grad_norm:               349.7932	loss:                     58.4098	mi_loss:                   0.0248
q_taken_mean:              6.3279	return_mean:              55.4686	return_median:            68.0000	return_std:               42.1503
success_mean:              0.9995	target_mean:               6.3281	td_error_abs:              5.6532	test_consensus_fraction_mean:  1.0000
test_ep_length_mean:      10.5312	test_episode_limit_mean:   0.0000	test_return_mean:         65.2938	test_return_median:       72.1000
test_return_std:          30.3461	test_success_mean:         1.0000	
[INFO 02:31:35] my_main Updated target network
[INFO 02:31:53] my_main Recent Stats | t_env:    1418831 | Episode:    89039
consensus_fraction_mean:   0.9999	entropy_loss:              0.0009	ep_length_mean:           13.1058	episode_limit_mean:        0.0005
epsilon:                   0.0500	grad_norm:               349.7932	loss:                     58.4098	mi_loss:                   0.0248
q_taken_mean:              6.3279	return_mean:              55.4686	return_median:            68.0000	return_std:               42.1503
success_mean:              0.9995	target_mean:               6.3281	td_error_abs:              5.6532	test_consensus_fraction_mean:  1.0000
test_ep_length_mean:      10.5312	test_episode_limit_mean:   0.0000	test_return_mean:         65.2938	test_return_median:       72.1000
test_return_std:          30.3461	test_success_mean:         1.0000	
[INFO 02:33:11] my_main Recent Stats | t_env:    1420866 | Episode:    89194
consensus_fraction_mean:   0.9999	entropy_loss:              0.0009	ep_length_mean:           13.1058	episode_limit_mean:        0.0005
epsilon:                   0.0500	grad_norm:               349.7932	loss:                     58.4098	mi_loss:                   0.0248
q_taken_mean:              6.3279	return_mean:              55.4686	return_median:            68.0000	return_std:               42.1503
success_mean:              0.9995	target_mean:               6.3281	td_error_abs:              5.6532	test_consensus_fraction_mean:  1.0000
test_ep_length_mean:      10.5312	test_episode_limit_mean:   0.0000	test_return_mean:         65.2938	test_return_median:       72.1000
test_return_std:          30.3461	test_success_mean:         1.0000	
[INFO 02:33:14] my_main Updated target network
[INFO 02:34:22] my_main t_env: 1422475 / 2050000
[INFO 02:34:22] my_main Estimated time left: 6 hours, 55 minutes, 5 seconds. Time passed: 1 days, 29 minutes, 58 seconds
[INFO 02:34:42] my_main Recent Stats | t_env:    1422867 | Episode:    89367
consensus_fraction_mean:   0.9999	entropy_loss:              0.0009	ep_length_mean:           13.0277	episode_limit_mean:        0.0005
epsilon:                   0.0500	grad_norm:               349.7932	loss:                     58.4098	mi_loss:                   0.0248
q_taken_mean:              6.3279	return_mean:              55.8278	return_median:            67.7000	return_std:               41.2093
success_mean:              0.9995	target_mean:               6.3281	td_error_abs:              5.6532	test_consensus_fraction_mean:  1.0000
test_ep_length_mean:      10.2875	test_episode_limit_mean:   0.0000	test_return_mean:         66.0438	test_return_median:       72.7000
test_return_std:          29.6662	test_success_mean:         1.0000	
[INFO 02:34:59] my_main Updated target network
[INFO 02:36:05] my_main Recent Stats | t_env:    1424869 | Episode:    89531
consensus_fraction_mean:   0.9999	entropy_loss:              0.0009	ep_length_mean:           13.0277	episode_limit_mean:        0.0005
epsilon:                   0.0500	grad_norm:               349.7932	loss:                     58.4098	mi_loss:                   0.0248
q_taken_mean:              6.3279	return_mean:              55.8278	return_median:            67.7000	return_std:               41.2093
success_mean:              0.9995	target_mean:               6.3281	td_error_abs:              5.6532	test_consensus_fraction_mean:  1.0000
test_ep_length_mean:      10.2875	test_episode_limit_mean:   0.0000	test_return_mean:         66.0438	test_return_median:       72.7000
test_return_std:          29.6662	test_success_mean:         1.0000	
[INFO 02:36:41] my_main Updated target network
[INFO 02:37:22] my_main Recent Stats | t_env:    1426881 | Episode:    89681
consensus_fraction_mean:   0.9999	entropy_loss:              0.0009	ep_length_mean:           13.0277	episode_limit_mean:        0.0005
epsilon:                   0.0500	grad_norm:               271.9784	loss:                     56.2799	mi_loss:                   0.0248
q_taken_mean:              6.3059	return_mean:              55.8278	return_median:            67.7000	return_std:               41.2093
success_mean:              0.9995	target_mean:               6.3627	td_error_abs:              5.5031	test_consensus_fraction_mean:  1.0000
test_ep_length_mean:      10.2875	test_episode_limit_mean:   0.0000	test_return_mean:         66.0438	test_return_median:       72.7000
test_return_std:          29.6662	test_success_mean:         1.0000	
[INFO 02:38:22] my_main Updated target network
[INFO 02:38:43] my_main Recent Stats | t_env:    1428898 | Episode:    89844
consensus_fraction_mean:   0.9999	entropy_loss:              0.0009	ep_length_mean:           13.0277	episode_limit_mean:        0.0005
epsilon:                   0.0500	grad_norm:               271.9784	loss:                     56.2799	mi_loss:                   0.0248
q_taken_mean:              6.3059	return_mean:              55.8278	return_median:            67.7000	return_std:               41.2093
success_mean:              0.9995	target_mean:               6.3627	td_error_abs:              5.5031	test_consensus_fraction_mean:  1.0000
test_ep_length_mean:      10.2875	test_episode_limit_mean:   0.0000	test_return_mean:         66.0438	test_return_median:       72.7000
test_return_std:          29.6662	test_success_mean:         1.0000	
[INFO 02:39:58] my_main Recent Stats | t_env:    1430917 | Episode:    89990
consensus_fraction_mean:   0.9999	entropy_loss:              0.0009	ep_length_mean:           13.0277	episode_limit_mean:        0.0005
epsilon:                   0.0500	grad_norm:               271.9784	loss:                     56.2799	mi_loss:                   0.0248
q_taken_mean:              6.3059	return_mean:              55.8278	return_median:            67.7000	return_std:               41.2093
success_mean:              0.9995	target_mean:               6.3627	td_error_abs:              5.5031	test_consensus_fraction_mean:  1.0000
test_ep_length_mean:      10.2875	test_episode_limit_mean:   0.0000	test_return_mean:         66.0438	test_return_median:       72.7000
test_return_std:          29.6662	test_success_mean:         1.0000	
[INFO 02:40:03] my_main Updated target network
[INFO 02:40:56] my_main t_env: 1432476 / 2050000
[INFO 02:40:56] my_main Estimated time left: 6 hours, 45 minutes, 17 seconds. Time passed: 1 days, 36 minutes, 32 seconds
[INFO 02:41:16] my_main Recent Stats | t_env:    1432920 | Episode:    90138
consensus_fraction_mean:   1.0000	entropy_loss:              0.0009	ep_length_mean:           12.9882	episode_limit_mean:        0.0003
epsilon:                   0.0500	grad_norm:               271.9784	loss:                     56.2799	mi_loss:                   0.0248
q_taken_mean:              6.3059	return_mean:              56.0183	return_median:            67.5000	return_std:               40.5710
success_mean:              0.9997	target_mean:               6.3627	td_error_abs:              5.5031	test_consensus_fraction_mean:  1.0000
test_ep_length_mean:      10.2250	test_episode_limit_mean:   0.0000	test_return_mean:         67.2750	test_return_median:       72.1000
test_return_std:          28.3607	test_success_mean:         1.0000	
[INFO 02:41:47] my_main Updated target network
[INFO 02:42:33] my_main Recent Stats | t_env:    1434925 | Episode:    90290
consensus_fraction_mean:   1.0000	entropy_loss:              0.0009	ep_length_mean:           12.9882	episode_limit_mean:        0.0003
epsilon:                   0.0500	grad_norm:               271.9784	loss:                     56.2799	mi_loss:                   0.0248
q_taken_mean:              6.3059	return_mean:              56.0183	return_median:            67.5000	return_std:               40.5710
success_mean:              0.9997	target_mean:               6.3627	td_error_abs:              5.5031	test_consensus_fraction_mean:  1.0000
test_ep_length_mean:      10.2250	test_episode_limit_mean:   0.0000	test_return_mean:         67.2750	test_return_median:       72.1000
test_return_std:          28.3607	test_success_mean:         1.0000	
[INFO 02:43:27] my_main Updated target network
[INFO 02:43:51] my_main Recent Stats | t_env:    1436925 | Episode:    90452
consensus_fraction_mean:   1.0000	entropy_loss:              0.0009	ep_length_mean:           12.9882	episode_limit_mean:        0.0003
epsilon:                   0.0500	grad_norm:               292.1676	loss:                     56.4253	mi_loss:                   0.0249
q_taken_mean:              6.3379	return_mean:              56.0183	return_median:            67.5000	return_std:               40.5710
success_mean:              0.9997	target_mean:               6.4294	td_error_abs:              5.4609	test_consensus_fraction_mean:  1.0000
test_ep_length_mean:      10.2250	test_episode_limit_mean:   0.0000	test_return_mean:         67.2750	test_return_median:       72.1000
test_return_std:          28.3607	test_success_mean:         1.0000	
[INFO 02:45:05] my_main Updated target network
[INFO 02:45:07] my_main Recent Stats | t_env:    1438932 | Episode:    90605
consensus_fraction_mean:   1.0000	entropy_loss:              0.0009	ep_length_mean:           12.9882	episode_limit_mean:        0.0003
epsilon:                   0.0500	grad_norm:               292.1676	loss:                     56.4253	mi_loss:                   0.0249
q_taken_mean:              6.3379	return_mean:              56.0183	return_median:            67.5000	return_std:               40.5710
success_mean:              0.9997	target_mean:               6.4294	td_error_abs:              5.4609	test_consensus_fraction_mean:  1.0000
test_ep_length_mean:      10.2250	test_episode_limit_mean:   0.0000	test_return_mean:         67.2750	test_return_median:       72.1000
test_return_std:          28.3607	test_success_mean:         1.0000	
[INFO 02:46:20] my_main Recent Stats | t_env:    1440936 | Episode:    90751
consensus_fraction_mean:   1.0000	entropy_loss:              0.0009	ep_length_mean:           12.9882	episode_limit_mean:        0.0003
epsilon:                   0.0500	grad_norm:               292.1676	loss:                     56.4253	mi_loss:                   0.0249
q_taken_mean:              6.3379	return_mean:              56.0183	return_median:            67.5000	return_std:               40.5710
success_mean:              0.9997	target_mean:               6.4294	td_error_abs:              5.4609	test_consensus_fraction_mean:  1.0000
test_ep_length_mean:      10.2250	test_episode_limit_mean:   0.0000	test_return_mean:         67.2750	test_return_median:       72.1000
test_return_std:          28.3607	test_success_mean:         1.0000	
[INFO 02:46:44] my_main Updated target network
[INFO 02:47:27] my_main t_env: 1442482 / 2050000
[INFO 02:47:27] my_main Estimated time left: 6 hours, 35 minutes, 48 seconds. Time passed: 1 days, 43 minutes, 3 seconds
[INFO 02:47:52] my_main Recent Stats | t_env:    1442939 | Episode:    90937
consensus_fraction_mean:   1.0000	entropy_loss:              0.0009	ep_length_mean:           12.9757	episode_limit_mean:        0.0000
epsilon:                   0.0500	grad_norm:               292.1676	loss:                     56.4253	mi_loss:                   0.0249
q_taken_mean:              6.3379	return_mean:              55.8826	return_median:            66.9000	return_std:               39.9897
success_mean:              1.0000	target_mean:               6.4294	td_error_abs:              5.4609	test_consensus_fraction_mean:  1.0000
test_ep_length_mean:      10.0688	test_episode_limit_mean:   0.0000	test_return_mean:         68.9625	test_return_median:       75.4000
test_return_std:          27.5386	test_success_mean:         1.0000	
[INFO 02:48:23] my_main Updated target network
[INFO 02:49:06] my_main Recent Stats | t_env:    1444939 | Episode:    91091
consensus_fraction_mean:   1.0000	entropy_loss:              0.0009	ep_length_mean:           12.9757	episode_limit_mean:        0.0000
epsilon:                   0.0500	grad_norm:               292.1676	loss:                     56.4253	mi_loss:                   0.0249
q_taken_mean:              6.3379	return_mean:              55.8826	return_median:            66.9000	return_std:               39.9897
success_mean:              1.0000	target_mean:               6.4294	td_error_abs:              5.4609	test_consensus_fraction_mean:  1.0000
test_ep_length_mean:      10.0688	test_episode_limit_mean:   0.0000	test_return_mean:         68.9625	test_return_median:       75.4000
test_return_std:          27.5386	test_success_mean:         1.0000	
[INFO 02:49:59] my_main Updated target network
[INFO 02:50:24] my_main Recent Stats | t_env:    1446946 | Episode:    91256
consensus_fraction_mean:   1.0000	entropy_loss:              0.0009	ep_length_mean:           12.9757	episode_limit_mean:        0.0000
epsilon:                   0.0500	grad_norm:               270.1536	loss:                     55.7783	mi_loss:                   0.0251
q_taken_mean:              6.3991	return_mean:              55.8826	return_median:            66.9000	return_std:               39.9897
success_mean:              1.0000	target_mean:               6.4697	td_error_abs:              5.4899	test_consensus_fraction_mean:  1.0000
test_ep_length_mean:      10.0688	test_episode_limit_mean:   0.0000	test_return_mean:         68.9625	test_return_median:       75.4000
test_return_std:          27.5386	test_success_mean:         1.0000	
[INFO 02:51:39] my_main Updated target network
[INFO 02:51:39] my_main Recent Stats | t_env:    1448950 | Episode:    91401
consensus_fraction_mean:   1.0000	entropy_loss:              0.0009	ep_length_mean:           12.9757	episode_limit_mean:        0.0000
epsilon:                   0.0500	grad_norm:               270.1536	loss:                     55.7783	mi_loss:                   0.0251
q_taken_mean:              6.3991	return_mean:              55.8826	return_median:            66.9000	return_std:               39.9897
success_mean:              1.0000	target_mean:               6.4697	td_error_abs:              5.4899	test_consensus_fraction_mean:  1.0000
test_ep_length_mean:      10.0688	test_episode_limit_mean:   0.0000	test_return_mean:         68.9625	test_return_median:       75.4000
test_return_std:          27.5386	test_success_mean:         1.0000	
[INFO 02:52:47] my_main Recent Stats | t_env:    1450986 | Episode:    91540
consensus_fraction_mean:   1.0000	entropy_loss:              0.0009	ep_length_mean:           12.9757	episode_limit_mean:        0.0000
epsilon:                   0.0500	grad_norm:               270.1536	loss:                     55.7783	mi_loss:                   0.0251
q_taken_mean:              6.3991	return_mean:              55.8826	return_median:            66.9000	return_std:               39.9897
success_mean:              1.0000	target_mean:               6.4697	td_error_abs:              5.4899	test_consensus_fraction_mean:  1.0000
test_ep_length_mean:      10.0688	test_episode_limit_mean:   0.0000	test_return_mean:         68.9625	test_return_median:       75.4000
test_return_std:          27.5386	test_success_mean:         1.0000	
[INFO 02:53:16] my_main Updated target network
[INFO 02:53:46] my_main t_env: 1452501 / 2050000
[INFO 02:53:46] my_main Estimated time left: 6 hours, 16 minutes, 36 seconds. Time passed: 1 days, 49 minutes, 22 seconds
[INFO 02:54:06] my_main Recent Stats | t_env:    1452991 | Episode:    91698
consensus_fraction_mean:   0.9999	entropy_loss:              0.0009	ep_length_mean:           13.0051	episode_limit_mean:        0.0003
epsilon:                   0.0500	grad_norm:               270.1536	loss:                     55.7783	mi_loss:                   0.0251
q_taken_mean:              6.3991	return_mean:              55.8244	return_median:            66.9000	return_std:               40.5759
success_mean:              0.9997	target_mean:               6.4697	td_error_abs:              5.4899	test_consensus_fraction_mean:  1.0000
test_ep_length_mean:      10.1438	test_episode_limit_mean:   0.0000	test_return_mean:         69.6312	test_return_median:       76.7000
test_return_std:          27.0557	test_success_mean:         1.0000	
[INFO 02:54:58] my_main Updated target network
[INFO 02:55:17] my_main Recent Stats | t_env:    1454993 | Episode:    91843
consensus_fraction_mean:   0.9999	entropy_loss:              0.0009	ep_length_mean:           13.0051	episode_limit_mean:        0.0003
epsilon:                   0.0500	grad_norm:               270.1536	loss:                     55.7783	mi_loss:                   0.0251
q_taken_mean:              6.3991	return_mean:              55.8244	return_median:            66.9000	return_std:               40.5759
success_mean:              0.9997	target_mean:               6.4697	td_error_abs:              5.4899	test_consensus_fraction_mean:  1.0000
test_ep_length_mean:      10.1438	test_episode_limit_mean:   0.0000	test_return_mean:         69.6312	test_return_median:       76.7000
test_return_std:          27.0557	test_success_mean:         1.0000	
[INFO 02:56:28] my_main Recent Stats | t_env:    1457002 | Episode:    91989
consensus_fraction_mean:   0.9999	entropy_loss:              0.0009	ep_length_mean:           13.0051	episode_limit_mean:        0.0003
epsilon:                   0.0500	grad_norm:               303.7364	loss:                     54.7895	mi_loss:                   0.0252
q_taken_mean:              6.5746	return_mean:              55.8244	return_median:            66.9000	return_std:               40.5759
success_mean:              0.9997	target_mean:               6.6018	td_error_abs:              5.4712	test_consensus_fraction_mean:  1.0000
test_ep_length_mean:      10.1438	test_episode_limit_mean:   0.0000	test_return_mean:         69.6312	test_return_median:       76.7000
test_return_std:          27.0557	test_success_mean:         1.0000	
[INFO 02:56:33] my_main Updated target network
[INFO 02:57:46] my_main Recent Stats | t_env:    1459008 | Episode:    92149
consensus_fraction_mean:   0.9999	entropy_loss:              0.0009	ep_length_mean:           13.0051	episode_limit_mean:        0.0003
epsilon:                   0.0500	grad_norm:               303.7364	loss:                     54.7895	mi_loss:                   0.0252
q_taken_mean:              6.5746	return_mean:              55.8244	return_median:            66.9000	return_std:               40.5759
success_mean:              0.9997	target_mean:               6.6018	td_error_abs:              5.4712	test_consensus_fraction_mean:  1.0000
test_ep_length_mean:      10.1438	test_episode_limit_mean:   0.0000	test_return_mean:         69.6312	test_return_median:       76.7000
test_return_std:          27.0557	test_success_mean:         1.0000	
[INFO 02:58:13] my_main Updated target network
[INFO 02:58:57] my_main Recent Stats | t_env:    1461013 | Episode:    92290
consensus_fraction_mean:   0.9999	entropy_loss:              0.0009	ep_length_mean:           13.0051	episode_limit_mean:        0.0003
epsilon:                   0.0500	grad_norm:               303.7364	loss:                     54.7895	mi_loss:                   0.0252
q_taken_mean:              6.5746	return_mean:              55.8244	return_median:            66.9000	return_std:               40.5759
success_mean:              0.9997	target_mean:               6.6018	td_error_abs:              5.4712	test_consensus_fraction_mean:  1.0000
test_ep_length_mean:      10.1438	test_episode_limit_mean:   0.0000	test_return_mean:         69.6312	test_return_median:       76.7000
test_return_std:          27.0557	test_success_mean:         1.0000	
[INFO 02:59:51] my_main Updated target network
[INFO 02:59:54] my_main t_env: 1462511 / 2050000
[INFO 02:59:54] my_main Estimated time left: 6 hours, 21 seconds. Time passed: 1 days, 55 minutes, 30 seconds
[INFO 03:00:15] my_main Recent Stats | t_env:    1463023 | Episode:    92444
consensus_fraction_mean:   0.9999	entropy_loss:              0.0009	ep_length_mean:           13.0246	episode_limit_mean:        0.0003
epsilon:                   0.0500	grad_norm:               303.7364	loss:                     54.7895	mi_loss:                   0.0252
q_taken_mean:              6.5746	return_mean:              55.8471	return_median:            67.3000	return_std:               40.7237
success_mean:              0.9997	target_mean:               6.6018	td_error_abs:              5.4712	test_consensus_fraction_mean:  1.0000
test_ep_length_mean:      10.5063	test_episode_limit_mean:   0.0000	test_return_mean:         68.5250	test_return_median:       75.5000
test_return_std:          27.3403	test_success_mean:         1.0000	
[INFO 03:01:31] my_main Recent Stats | t_env:    1465033 | Episode:    92596
consensus_fraction_mean:   0.9999	entropy_loss:              0.0009	ep_length_mean:           13.0246	episode_limit_mean:        0.0003
epsilon:                   0.0500	grad_norm:               303.7364	loss:                     54.7895	mi_loss:                   0.0252
q_taken_mean:              6.5746	return_mean:              55.8471	return_median:            67.3000	return_std:               40.7237
success_mean:              0.9997	target_mean:               6.6018	td_error_abs:              5.4712	test_consensus_fraction_mean:  1.0000
test_ep_length_mean:      10.5063	test_episode_limit_mean:   0.0000	test_return_mean:         68.5250	test_return_median:       75.5000
test_return_std:          27.3403	test_success_mean:         1.0000	
[INFO 03:01:34] my_main Updated target network
[INFO 03:03:00] my_main Recent Stats | t_env:    1467033 | Episode:    92768
consensus_fraction_mean:   0.9999	entropy_loss:              0.0008	ep_length_mean:           13.0246	episode_limit_mean:        0.0003
epsilon:                   0.0500	grad_norm:               285.3288	loss:                     50.8077	mi_loss:                   0.0254
q_taken_mean:              6.7107	return_mean:              55.8471	return_median:            67.3000	return_std:               40.7237
success_mean:              0.9997	target_mean:               6.6946	td_error_abs:              5.3025	test_consensus_fraction_mean:  1.0000
test_ep_length_mean:      10.5063	test_episode_limit_mean:   0.0000	test_return_mean:         68.5250	test_return_median:       75.5000
test_return_std:          27.3403	test_success_mean:         1.0000	
[INFO 03:03:18] my_main Updated target network
[INFO 03:04:18] my_main Recent Stats | t_env:    1469046 | Episode:    92924
consensus_fraction_mean:   0.9999	entropy_loss:              0.0008	ep_length_mean:           13.0246	episode_limit_mean:        0.0003
epsilon:                   0.0500	grad_norm:               285.3288	loss:                     50.8077	mi_loss:                   0.0254
q_taken_mean:              6.7107	return_mean:              55.8471	return_median:            67.3000	return_std:               40.7237
success_mean:              0.9997	target_mean:               6.6946	td_error_abs:              5.3025	test_consensus_fraction_mean:  1.0000
test_ep_length_mean:      10.5063	test_episode_limit_mean:   0.0000	test_return_mean:         68.5250	test_return_median:       75.5000
test_return_std:          27.3403	test_success_mean:         1.0000	
[INFO 03:04:56] my_main Updated target network
[INFO 03:05:37] my_main Recent Stats | t_env:    1471066 | Episode:    93083
consensus_fraction_mean:   0.9999	entropy_loss:              0.0008	ep_length_mean:           13.0246	episode_limit_mean:        0.0003
epsilon:                   0.0500	grad_norm:               285.3288	loss:                     50.8077	mi_loss:                   0.0254
q_taken_mean:              6.7107	return_mean:              55.8471	return_median:            67.3000	return_std:               40.7237
success_mean:              0.9997	target_mean:               6.6946	td_error_abs:              5.3025	test_consensus_fraction_mean:  1.0000
test_ep_length_mean:      10.5063	test_episode_limit_mean:   0.0000	test_return_mean:         68.5250	test_return_median:       75.5000
test_return_std:          27.3403	test_success_mean:         1.0000	
[INFO 03:06:36] my_main Updated target network
[INFO 03:06:36] my_main t_env: 1472515 / 2050000
[INFO 03:06:36] my_main Estimated time left: 6 hours, 26 minutes, 56 seconds. Time passed: 1 days, 1 hours, 2 minutes, 13 seconds
[INFO 03:07:05] my_main Recent Stats | t_env:    1473078 | Episode:    93256
consensus_fraction_mean:   0.9998	entropy_loss:              0.0008	ep_length_mean:           12.9528	episode_limit_mean:        0.0005
epsilon:                   0.0500	grad_norm:               285.3288	loss:                     50.8077	mi_loss:                   0.0254
q_taken_mean:              6.7107	return_mean:              56.0788	return_median:            68.4000	return_std:               41.8442
success_mean:              0.9995	target_mean:               6.6946	td_error_abs:              5.3025	test_consensus_fraction_mean:  1.0000
test_ep_length_mean:      10.6062	test_episode_limit_mean:   0.0000	test_return_mean:         67.8937	test_return_median:       75.0000
test_return_std:          28.3177	test_success_mean:         1.0000	
[INFO 03:08:21] my_main Recent Stats | t_env:    1475080 | Episode:    93398
consensus_fraction_mean:   0.9998	entropy_loss:              0.0008	ep_length_mean:           12.9528	episode_limit_mean:        0.0005
epsilon:                   0.0500	grad_norm:               285.3288	loss:                     50.8077	mi_loss:                   0.0254
q_taken_mean:              6.7107	return_mean:              56.0788	return_median:            68.4000	return_std:               41.8442
success_mean:              0.9995	target_mean:               6.6946	td_error_abs:              5.3025	test_consensus_fraction_mean:  1.0000
test_ep_length_mean:      10.6062	test_episode_limit_mean:   0.0000	test_return_mean:         67.8937	test_return_median:       75.0000
test_return_std:          28.3177	test_success_mean:         1.0000	
[INFO 03:08:23] my_main Updated target network
[INFO 03:09:38] my_main Recent Stats | t_env:    1477080 | Episode:    93546
consensus_fraction_mean:   0.9998	entropy_loss:              0.0008	ep_length_mean:           12.9528	episode_limit_mean:        0.0005
epsilon:                   0.0500	grad_norm:               295.1037	loss:                     50.4167	mi_loss:                   0.0255
q_taken_mean:              6.6941	return_mean:              56.0788	return_median:            68.4000	return_std:               41.8442
success_mean:              0.9995	target_mean:               6.6461	td_error_abs:              5.3001	test_consensus_fraction_mean:  1.0000
test_ep_length_mean:      10.6062	test_episode_limit_mean:   0.0000	test_return_mean:         67.8937	test_return_median:       75.0000
test_return_std:          28.3177	test_success_mean:         1.0000	
[INFO 03:10:07] my_main Updated target network
[INFO 03:10:55] my_main Recent Stats | t_env:    1479110 | Episode:    93689
consensus_fraction_mean:   0.9998	entropy_loss:              0.0008	ep_length_mean:           12.9528	episode_limit_mean:        0.0005
epsilon:                   0.0500	grad_norm:               295.1037	loss:                     50.4167	mi_loss:                   0.0255
q_taken_mean:              6.6941	return_mean:              56.0788	return_median:            68.4000	return_std:               41.8442
success_mean:              0.9995	target_mean:               6.6461	td_error_abs:              5.3001	test_consensus_fraction_mean:  1.0000
test_ep_length_mean:      10.6062	test_episode_limit_mean:   0.0000	test_return_mean:         67.8937	test_return_median:       75.0000
test_return_std:          28.3177	test_success_mean:         1.0000	
[INFO 03:11:50] my_main Updated target network
[INFO 03:12:12] my_main Recent Stats | t_env:    1481127 | Episode:    93842
consensus_fraction_mean:   0.9998	entropy_loss:              0.0008	ep_length_mean:           12.9528	episode_limit_mean:        0.0005
epsilon:                   0.0500	grad_norm:               295.1037	loss:                     50.4167	mi_loss:                   0.0255
q_taken_mean:              6.6941	return_mean:              56.0788	return_median:            68.4000	return_std:               41.8442
success_mean:              0.9995	target_mean:               6.6461	td_error_abs:              5.3001	test_consensus_fraction_mean:  1.0000
test_ep_length_mean:      10.6062	test_episode_limit_mean:   0.0000	test_return_mean:         67.8937	test_return_median:       75.0000
test_return_std:          28.3177	test_success_mean:         1.0000	
[INFO 03:13:03] my_main t_env: 1482531 / 2050000
[INFO 03:13:03] my_main Estimated time left: 6 hours, 4 minutes, 53 seconds. Time passed: 1 days, 1 hours, 8 minutes, 39 seconds
[INFO 03:13:34] my_main Recent Stats | t_env:    1483135 | Episode:    93998
consensus_fraction_mean:   0.9997	entropy_loss:              0.0008	ep_length_mean:           13.0698	episode_limit_mean:        0.0008
epsilon:                   0.0500	grad_norm:               295.1037	loss:                     50.4167	mi_loss:                   0.0255
q_taken_mean:              6.6941	return_mean:              55.3781	return_median:            68.6000	return_std:               43.4778
success_mean:              0.9992	target_mean:               6.6461	td_error_abs:              5.3001	test_consensus_fraction_mean:  1.0000
test_ep_length_mean:      11.1125	test_episode_limit_mean:   0.0000	test_return_mean:         65.3438	test_return_median:       73.9000
test_return_std:          30.4478	test_success_mean:         1.0000	
[INFO 03:13:36] my_main Updated target network
[INFO 03:14:53] my_main Recent Stats | t_env:    1485180 | Episode:    94145
consensus_fraction_mean:   0.9997	entropy_loss:              0.0008	ep_length_mean:           13.0698	episode_limit_mean:        0.0008
epsilon:                   0.0500	grad_norm:               295.1037	loss:                     50.4167	mi_loss:                   0.0255
q_taken_mean:              6.6941	return_mean:              55.3781	return_median:            68.6000	return_std:               43.4778
success_mean:              0.9992	target_mean:               6.6461	td_error_abs:              5.3001	test_consensus_fraction_mean:  1.0000
test_ep_length_mean:      11.1125	test_episode_limit_mean:   0.0000	test_return_mean:         65.3438	test_return_median:       73.9000
test_return_std:          30.4478	test_success_mean:         1.0000	
[INFO 03:15:21] my_main Updated target network
[INFO 03:16:11] my_main Recent Stats | t_env:    1487203 | Episode:    94297
consensus_fraction_mean:   0.9997	entropy_loss:              0.0008	ep_length_mean:           13.0698	episode_limit_mean:        0.0008
epsilon:                   0.0500	grad_norm:               287.9832	loss:                     51.1416	mi_loss:                   0.0255
q_taken_mean:              6.6544	return_mean:              55.3781	return_median:            68.6000	return_std:               43.4778
success_mean:              0.9992	target_mean:               6.5977	td_error_abs:              5.3556	test_consensus_fraction_mean:  1.0000
test_ep_length_mean:      11.1125	test_episode_limit_mean:   0.0000	test_return_mean:         65.3438	test_return_median:       73.9000
test_return_std:          30.4478	test_success_mean:         1.0000	
[INFO 03:17:02] my_main Updated target network
[INFO 03:17:24] my_main Recent Stats | t_env:    1489207 | Episode:    94444
consensus_fraction_mean:   0.9997	entropy_loss:              0.0008	ep_length_mean:           13.0698	episode_limit_mean:        0.0008
epsilon:                   0.0500	grad_norm:               287.9832	loss:                     51.1416	mi_loss:                   0.0255
q_taken_mean:              6.6544	return_mean:              55.3781	return_median:            68.6000	return_std:               43.4778
success_mean:              0.9992	target_mean:               6.5977	td_error_abs:              5.3556	test_consensus_fraction_mean:  1.0000
test_ep_length_mean:      11.1125	test_episode_limit_mean:   0.0000	test_return_mean:         65.3438	test_return_median:       73.9000
test_return_std:          30.4478	test_success_mean:         1.0000	
[INFO 03:18:40] my_main Recent Stats | t_env:    1491208 | Episode:    94590
consensus_fraction_mean:   0.9997	entropy_loss:              0.0008	ep_length_mean:           13.0698	episode_limit_mean:        0.0008
epsilon:                   0.0500	grad_norm:               287.9832	loss:                     51.1416	mi_loss:                   0.0255
q_taken_mean:              6.6544	return_mean:              55.3781	return_median:            68.6000	return_std:               43.4778
success_mean:              0.9992	target_mean:               6.5977	td_error_abs:              5.3556	test_consensus_fraction_mean:  1.0000
test_ep_length_mean:      11.1125	test_episode_limit_mean:   0.0000	test_return_mean:         65.3438	test_return_median:       73.9000
test_return_std:          30.4478	test_success_mean:         1.0000	
[INFO 03:18:44] my_main Updated target network
[INFO 03:19:33] my_main t_env: 1492532 / 2050000
[INFO 03:19:33] my_main Estimated time left: 6 hours, 2 minutes, 15 seconds. Time passed: 1 days, 1 hours, 15 minutes, 9 seconds
[INFO 03:19:59] my_main Recent Stats | t_env:    1493225 | Episode:    94750
consensus_fraction_mean:   0.9997	entropy_loss:              0.0008	ep_length_mean:           13.1452	episode_limit_mean:        0.0010
epsilon:                   0.0500	grad_norm:               287.9832	loss:                     51.1416	mi_loss:                   0.0255
q_taken_mean:              6.6544	return_mean:              55.3004	return_median:            69.2000	return_std:               44.5194
success_mean:              0.9990	target_mean:               6.5977	td_error_abs:              5.3556	test_consensus_fraction_mean:  1.0000
test_ep_length_mean:      11.1687	test_episode_limit_mean:   0.0000	test_return_mean:         65.0250	test_return_median:       73.1000
test_return_std:          30.7356	test_success_mean:         1.0000	
[INFO 03:20:27] my_main Updated target network
[INFO 03:21:21] my_main Recent Stats | t_env:    1495231 | Episode:    94895
consensus_fraction_mean:   0.9997	entropy_loss:              0.0008	ep_length_mean:           13.1452	episode_limit_mean:        0.0010
epsilon:                   0.0500	grad_norm:               287.9832	loss:                     51.1416	mi_loss:                   0.0255
q_taken_mean:              6.6544	return_mean:              55.3004	return_median:            69.2000	return_std:               44.5194
success_mean:              0.9990	target_mean:               6.5977	td_error_abs:              5.3556	test_consensus_fraction_mean:  1.0000
test_ep_length_mean:      11.1687	test_episode_limit_mean:   0.0000	test_return_mean:         65.0250	test_return_median:       73.1000
test_return_std:          30.7356	test_success_mean:         1.0000	
[INFO 03:22:16] my_main Updated target network
[INFO 03:22:47] my_main Recent Stats | t_env:    1497241 | Episode:    95061
consensus_fraction_mean:   0.9997	entropy_loss:              0.0008	ep_length_mean:           13.1452	episode_limit_mean:        0.0010
epsilon:                   0.0500	grad_norm:               296.8306	loss:                     48.5226	mi_loss:                   0.0254
q_taken_mean:              6.6083	return_mean:              55.3004	return_median:            69.2000	return_std:               44.5194
success_mean:              0.9990	target_mean:               6.5697	td_error_abs:              5.2216	test_consensus_fraction_mean:  1.0000
test_ep_length_mean:      11.1687	test_episode_limit_mean:   0.0000	test_return_mean:         65.0250	test_return_median:       73.1000
test_return_std:          30.7356	test_success_mean:         1.0000	
[INFO 03:24:02] my_main Updated target network
[INFO 03:24:08] my_main Recent Stats | t_env:    1499241 | Episode:    95212
consensus_fraction_mean:   0.9997	entropy_loss:              0.0008	ep_length_mean:           13.1452	episode_limit_mean:        0.0010
epsilon:                   0.0500	grad_norm:               296.8306	loss:                     48.5226	mi_loss:                   0.0254
q_taken_mean:              6.6083	return_mean:              55.3004	return_median:            69.2000	return_std:               44.5194
success_mean:              0.9990	target_mean:               6.5697	td_error_abs:              5.2216	test_consensus_fraction_mean:  1.0000
test_ep_length_mean:      11.1687	test_episode_limit_mean:   0.0000	test_return_mean:         65.0250	test_return_median:       73.1000
test_return_std:          30.7356	test_success_mean:         1.0000	
[INFO 03:25:19] my_main Recent Stats | t_env:    1501252 | Episode:    95346
consensus_fraction_mean:   0.9997	entropy_loss:              0.0008	ep_length_mean:           13.1452	episode_limit_mean:        0.0010
epsilon:                   0.0500	grad_norm:               296.8306	loss:                     48.5226	mi_loss:                   0.0254
q_taken_mean:              6.6083	return_mean:              55.3004	return_median:            69.2000	return_std:               44.5194
success_mean:              0.9990	target_mean:               6.5697	td_error_abs:              5.2216	test_consensus_fraction_mean:  1.0000
test_ep_length_mean:      11.1687	test_episode_limit_mean:   0.0000	test_return_mean:         65.0250	test_return_median:       73.1000
test_return_std:          30.7356	test_success_mean:         1.0000	
[INFO 03:25:47] my_main Updated target network
[INFO 03:26:12] my_main t_env: 1502535 / 2050000
[INFO 03:26:12] my_main Estimated time left: 6 hours, 4 minutes, 25 seconds. Time passed: 1 days, 1 hours, 21 minutes, 48 seconds
[INFO 03:26:44] my_main Recent Stats | t_env:    1503287 | Episode:    95502
consensus_fraction_mean:   0.9998	entropy_loss:              0.0008	ep_length_mean:           13.2213	episode_limit_mean:        0.0008
epsilon:                   0.0500	grad_norm:               296.8306	loss:                     48.5226	mi_loss:                   0.0254
q_taken_mean:              6.6083	return_mean:              55.1327	return_median:            69.0000	return_std:               44.9170
success_mean:              0.9992	target_mean:               6.5697	td_error_abs:              5.2216	test_consensus_fraction_mean:  1.0000
test_ep_length_mean:      11.5063	test_episode_limit_mean:   0.0000	test_return_mean:         63.4813	test_return_median:       70.1000
test_return_std:          31.0351	test_success_mean:         1.0000	
[INFO 03:27:37] my_main Updated target network
[INFO 03:28:17] my_main Recent Stats | t_env:    1505318 | Episode:    95669
consensus_fraction_mean:   0.9998	entropy_loss:              0.0008	ep_length_mean:           13.2213	episode_limit_mean:        0.0008
epsilon:                   0.0500	grad_norm:               296.8306	loss:                     48.5226	mi_loss:                   0.0254
q_taken_mean:              6.6083	return_mean:              55.1327	return_median:            69.0000	return_std:               44.9170
success_mean:              0.9992	target_mean:               6.5697	td_error_abs:              5.2216	test_consensus_fraction_mean:  1.0000
test_ep_length_mean:      11.5063	test_episode_limit_mean:   0.0000	test_return_mean:         63.4813	test_return_median:       70.1000
test_return_std:          31.0351	test_success_mean:         1.0000	
[INFO 03:29:29] my_main Updated target network
[INFO 03:29:45] my_main Recent Stats | t_env:    1507409 | Episode:    95830
consensus_fraction_mean:   0.9998	entropy_loss:              0.0008	ep_length_mean:           13.2213	episode_limit_mean:        0.0008
epsilon:                   0.0500	grad_norm:               246.1688	loss:                     48.7983	mi_loss:                   0.0254
q_taken_mean:              6.4704	return_mean:              55.1327	return_median:            69.0000	return_std:               44.9170
success_mean:              0.9992	target_mean:               6.4621	td_error_abs:              5.2108	test_consensus_fraction_mean:  1.0000
test_ep_length_mean:      11.5063	test_episode_limit_mean:   0.0000	test_return_mean:         63.4813	test_return_median:       70.1000
test_return_std:          31.0351	test_success_mean:         1.0000	
[INFO 03:31:12] my_main Recent Stats | t_env:    1509410 | Episode:    95987
consensus_fraction_mean:   0.9998	entropy_loss:              0.0008	ep_length_mean:           13.2213	episode_limit_mean:        0.0008
epsilon:                   0.0500	grad_norm:               246.1688	loss:                     48.7983	mi_loss:                   0.0254
q_taken_mean:              6.4704	return_mean:              55.1327	return_median:            69.0000	return_std:               44.9170
success_mean:              0.9992	target_mean:               6.4621	td_error_abs:              5.2108	test_consensus_fraction_mean:  1.0000
test_ep_length_mean:      11.5063	test_episode_limit_mean:   0.0000	test_return_mean:         63.4813	test_return_median:       70.1000
test_return_std:          31.0351	test_success_mean:         1.0000	
[INFO 03:31:19] my_main Updated target network
[INFO 03:32:36] my_main Recent Stats | t_env:    1511413 | Episode:    96146
consensus_fraction_mean:   0.9998	entropy_loss:              0.0008	ep_length_mean:           13.2213	episode_limit_mean:        0.0008
epsilon:                   0.0500	grad_norm:               246.1688	loss:                     48.7983	mi_loss:                   0.0254
q_taken_mean:              6.4704	return_mean:              55.1327	return_median:            69.0000	return_std:               44.9170
success_mean:              0.9992	target_mean:               6.4621	td_error_abs:              5.2108	test_consensus_fraction_mean:  1.0000
test_ep_length_mean:      11.5063	test_episode_limit_mean:   0.0000	test_return_mean:         63.4813	test_return_median:       70.1000
test_return_std:          31.0351	test_success_mean:         1.0000	
[INFO 03:33:08] my_main Updated target network
[INFO 03:33:22] my_main t_env: 1512541 / 2050000
[INFO 03:33:22] my_main Estimated time left: 6 hours, 24 minutes, 23 seconds. Time passed: 1 days, 1 hours, 28 minutes, 58 seconds
[INFO 03:33:55] my_main Recent Stats | t_env:    1513423 | Episode:    96288
consensus_fraction_mean:   0.9997	entropy_loss:              0.0008	ep_length_mean:           13.0970	episode_limit_mean:        0.0010
epsilon:                   0.0500	grad_norm:               246.1688	loss:                     48.7983	mi_loss:                   0.0254
q_taken_mean:              6.4704	return_mean:              55.6033	return_median:            69.0000	return_std:               45.1018
success_mean:              0.9990	target_mean:               6.4621	td_error_abs:              5.2108	test_consensus_fraction_mean:  1.0000
test_ep_length_mean:      11.3687	test_episode_limit_mean:   0.0000	test_return_mean:         64.2250	test_return_median:       71.4000
test_return_std:          30.5730	test_success_mean:         1.0000	
[INFO 03:34:58] my_main Updated target network
[INFO 03:35:22] my_main Recent Stats | t_env:    1515431 | Episode:    96450
consensus_fraction_mean:   0.9997	entropy_loss:              0.0008	ep_length_mean:           13.0970	episode_limit_mean:        0.0010
epsilon:                   0.0500	grad_norm:               262.3933	loss:                     51.5065	mi_loss:                   0.0254
q_taken_mean:              6.4380	return_mean:              55.6033	return_median:            69.0000	return_std:               45.1018
success_mean:              0.9990	target_mean:               6.4246	td_error_abs:              5.3802	test_consensus_fraction_mean:  1.0000
test_ep_length_mean:      11.3687	test_episode_limit_mean:   0.0000	test_return_mean:         64.2250	test_return_median:       71.4000
test_return_std:          30.5730	test_success_mean:         1.0000	
[INFO 03:36:44] my_main Recent Stats | t_env:    1517443 | Episode:    96592
consensus_fraction_mean:   0.9997	entropy_loss:              0.0008	ep_length_mean:           13.0970	episode_limit_mean:        0.0010
epsilon:                   0.0500	grad_norm:               262.3933	loss:                     51.5065	mi_loss:                   0.0254
q_taken_mean:              6.4380	return_mean:              55.6033	return_median:            69.0000	return_std:               45.1018
success_mean:              0.9990	target_mean:               6.4246	td_error_abs:              5.3802	test_consensus_fraction_mean:  1.0000
test_ep_length_mean:      11.3687	test_episode_limit_mean:   0.0000	test_return_mean:         64.2250	test_return_median:       71.4000
test_return_std:          30.5730	test_success_mean:         1.0000	
[INFO 03:36:49] my_main Updated target network
[INFO 03:38:08] my_main Recent Stats | t_env:    1519461 | Episode:    96746
consensus_fraction_mean:   0.9997	entropy_loss:              0.0008	ep_length_mean:           13.0970	episode_limit_mean:        0.0010
epsilon:                   0.0500	grad_norm:               262.3933	loss:                     51.5065	mi_loss:                   0.0254
q_taken_mean:              6.4380	return_mean:              55.6033	return_median:            69.0000	return_std:               45.1018
success_mean:              0.9990	target_mean:               6.4246	td_error_abs:              5.3802	test_consensus_fraction_mean:  1.0000
test_ep_length_mean:      11.3687	test_episode_limit_mean:   0.0000	test_return_mean:         64.2250	test_return_median:       71.4000
test_return_std:          30.5730	test_success_mean:         1.0000	
[INFO 03:38:38] my_main Updated target network
[INFO 03:39:29] my_main Recent Stats | t_env:    1521464 | Episode:    96896
consensus_fraction_mean:   0.9997	entropy_loss:              0.0008	ep_length_mean:           13.0970	episode_limit_mean:        0.0010
epsilon:                   0.0500	grad_norm:               262.3933	loss:                     51.5065	mi_loss:                   0.0254
q_taken_mean:              6.4380	return_mean:              55.6033	return_median:            69.0000	return_std:               45.1018
success_mean:              0.9990	target_mean:               6.4246	td_error_abs:              5.3802	test_consensus_fraction_mean:  1.0000
test_ep_length_mean:      11.3687	test_episode_limit_mean:   0.0000	test_return_mean:         64.2250	test_return_median:       71.4000
test_return_std:          30.5730	test_success_mean:         1.0000	
[INFO 03:40:11] my_main t_env: 1522543 / 2050000
[INFO 03:40:11] my_main Estimated time left: 6 hours, 2 seconds. Time passed: 1 days, 1 hours, 35 minutes, 48 seconds
[INFO 03:40:32] my_main Updated target network
[INFO 03:40:52] my_main Recent Stats | t_env:    1523467 | Episode:    97035
consensus_fraction_mean:   0.9998	entropy_loss:              0.0008	ep_length_mean:           13.2877	episode_limit_mean:        0.0008
epsilon:                   0.0500	grad_norm:               262.3933	loss:                     51.5065	mi_loss:                   0.0254
q_taken_mean:              6.4380	return_mean:              54.9965	return_median:            68.1000	return_std:               44.7265
success_mean:              0.9992	target_mean:               6.4246	td_error_abs:              5.3802	test_consensus_fraction_mean:  1.0000
test_ep_length_mean:      11.0813	test_episode_limit_mean:   0.0000	test_return_mean:         65.5438	test_return_median:       72.7000
test_return_std:          27.9909	test_success_mean:         1.0000	
[INFO 03:42:20] my_main Recent Stats | t_env:    1525486 | Episode:    97198
consensus_fraction_mean:   0.9998	entropy_loss:              0.0009	ep_length_mean:           13.2877	episode_limit_mean:        0.0008
epsilon:                   0.0500	grad_norm:               258.2664	loss:                     52.1396	mi_loss:                   0.0252
q_taken_mean:              6.3864	return_mean:              54.9965	return_median:            68.1000	return_std:               44.7265
success_mean:              0.9992	target_mean:               6.4054	td_error_abs:              5.4037	test_consensus_fraction_mean:  1.0000
test_ep_length_mean:      11.0813	test_episode_limit_mean:   0.0000	test_return_mean:         65.5438	test_return_median:       72.7000
test_return_std:          27.9909	test_success_mean:         1.0000	
[INFO 03:42:22] my_main Updated target network
[INFO 03:43:44] my_main Recent Stats | t_env:    1527493 | Episode:    97356
consensus_fraction_mean:   0.9998	entropy_loss:              0.0009	ep_length_mean:           13.2877	episode_limit_mean:        0.0008
epsilon:                   0.0500	grad_norm:               258.2664	loss:                     52.1396	mi_loss:                   0.0252
q_taken_mean:              6.3864	return_mean:              54.9965	return_median:            68.1000	return_std:               44.7265
success_mean:              0.9992	target_mean:               6.4054	td_error_abs:              5.4037	test_consensus_fraction_mean:  1.0000
test_ep_length_mean:      11.0813	test_episode_limit_mean:   0.0000	test_return_mean:         65.5438	test_return_median:       72.7000
test_return_std:          27.9909	test_success_mean:         1.0000	
[INFO 03:44:08] my_main Updated target network
[INFO 03:45:09] my_main Recent Stats | t_env:    1529494 | Episode:    97517
consensus_fraction_mean:   0.9998	entropy_loss:              0.0009	ep_length_mean:           13.2877	episode_limit_mean:        0.0008
epsilon:                   0.0500	grad_norm:               258.2664	loss:                     52.1396	mi_loss:                   0.0252
q_taken_mean:              6.3864	return_mean:              54.9965	return_median:            68.1000	return_std:               44.7265
success_mean:              0.9992	target_mean:               6.4054	td_error_abs:              5.4037	test_consensus_fraction_mean:  1.0000
test_ep_length_mean:      11.0813	test_episode_limit_mean:   0.0000	test_return_mean:         65.5438	test_return_median:       72.7000
test_return_std:          27.9909	test_success_mean:         1.0000	
[INFO 03:45:55] my_main Updated target network
[INFO 03:46:29] my_main Recent Stats | t_env:    1531498 | Episode:    97665
consensus_fraction_mean:   0.9998	entropy_loss:              0.0009	ep_length_mean:           13.2877	episode_limit_mean:        0.0008
epsilon:                   0.0500	grad_norm:               258.2664	loss:                     52.1396	mi_loss:                   0.0252
q_taken_mean:              6.3864	return_mean:              54.9965	return_median:            68.1000	return_std:               44.7265
success_mean:              0.9992	target_mean:               6.4054	td_error_abs:              5.4037	test_consensus_fraction_mean:  1.0000
test_ep_length_mean:      11.0813	test_episode_limit_mean:   0.0000	test_return_mean:         65.5438	test_return_median:       72.7000
test_return_std:          27.9909	test_success_mean:         1.0000	
[INFO 03:47:11] my_main t_env: 1532544 / 2050000
[INFO 03:47:11] my_main Estimated time left: 6 hours, 2 minutes, 1 seconds. Time passed: 1 days, 1 hours, 42 minutes, 47 seconds
[INFO 03:47:44] my_main Updated target network
[INFO 03:47:48] my_main Recent Stats | t_env:    1533501 | Episode:    97809
consensus_fraction_mean:   0.9999	entropy_loss:              0.0009	ep_length_mean:           13.1572	episode_limit_mean:        0.0005
epsilon:                   0.0500	grad_norm:               258.2664	loss:                     52.1396	mi_loss:                   0.0252
q_taken_mean:              6.3864	return_mean:              55.5633	return_median:            68.1000	return_std:               43.7540
success_mean:              0.9995	target_mean:               6.4054	td_error_abs:              5.4037	test_consensus_fraction_mean:  1.0000
test_ep_length_mean:      10.8875	test_episode_limit_mean:   0.0000	test_return_mean:         66.6063	test_return_median:       72.7000
test_return_std:          26.3103	test_success_mean:         1.0000	
[INFO 03:49:06] my_main Recent Stats | t_env:    1535506 | Episode:    97958
consensus_fraction_mean:   0.9999	entropy_loss:              0.0009	ep_length_mean:           13.1572	episode_limit_mean:        0.0005
epsilon:                   0.0500	grad_norm:               241.8969	loss:                     47.0433	mi_loss:                   0.0252
q_taken_mean:              6.4736	return_mean:              55.5633	return_median:            68.1000	return_std:               43.7540
success_mean:              0.9995	target_mean:               6.4630	td_error_abs:              5.1551	test_consensus_fraction_mean:  1.0000
test_ep_length_mean:      10.8875	test_episode_limit_mean:   0.0000	test_return_mean:         66.6063	test_return_median:       72.7000
test_return_std:          26.3103	test_success_mean:         1.0000	
[INFO 03:49:30] my_main Updated target network
[INFO 03:50:40] my_main Recent Stats | t_env:    1537514 | Episode:    98125
consensus_fraction_mean:   0.9999	entropy_loss:              0.0009	ep_length_mean:           13.1572	episode_limit_mean:        0.0005
epsilon:                   0.0500	grad_norm:               241.8969	loss:                     47.0433	mi_loss:                   0.0252
q_taken_mean:              6.4736	return_mean:              55.5633	return_median:            68.1000	return_std:               43.7540
success_mean:              0.9995	target_mean:               6.4630	td_error_abs:              5.1551	test_consensus_fraction_mean:  1.0000
test_ep_length_mean:      10.8875	test_episode_limit_mean:   0.0000	test_return_mean:         66.6063	test_return_median:       72.7000
test_return_std:          26.3103	test_success_mean:         1.0000	
[INFO 03:51:23] my_main Updated target network
[INFO 03:52:02] my_main Recent Stats | t_env:    1539515 | Episode:    98273
consensus_fraction_mean:   0.9999	entropy_loss:              0.0009	ep_length_mean:           13.1572	episode_limit_mean:        0.0005
epsilon:                   0.0500	grad_norm:               241.8969	loss:                     47.0433	mi_loss:                   0.0252
q_taken_mean:              6.4736	return_mean:              55.5633	return_median:            68.1000	return_std:               43.7540
success_mean:              0.9995	target_mean:               6.4630	td_error_abs:              5.1551	test_consensus_fraction_mean:  1.0000
test_ep_length_mean:      10.8875	test_episode_limit_mean:   0.0000	test_return_mean:         66.6063	test_return_median:       72.7000
test_return_std:          26.3103	test_success_mean:         1.0000	
[INFO 03:53:11] my_main Updated target network
[INFO 03:53:39] my_main Recent Stats | t_env:    1541527 | Episode:    98460
consensus_fraction_mean:   0.9999	entropy_loss:              0.0009	ep_length_mean:           13.1572	episode_limit_mean:        0.0005
epsilon:                   0.0500	grad_norm:               241.8969	loss:                     47.0433	mi_loss:                   0.0252
q_taken_mean:              6.4736	return_mean:              55.5633	return_median:            68.1000	return_std:               43.7540
success_mean:              0.9995	target_mean:               6.4630	td_error_abs:              5.1551	test_consensus_fraction_mean:  1.0000
test_ep_length_mean:      10.8875	test_episode_limit_mean:   0.0000	test_return_mean:         66.6063	test_return_median:       72.7000
test_return_std:          26.3103	test_success_mean:         1.0000	
[INFO 03:54:23] my_main t_env: 1542549 / 2050000
[INFO 03:54:23] my_main Estimated time left: 6 hours, 5 minutes, 4 seconds. Time passed: 1 days, 1 hours, 49 minutes, 59 seconds
[INFO 03:54:59] my_main Updated target network
[INFO 03:55:06] my_main Recent Stats | t_env:    1543529 | Episode:    98613
consensus_fraction_mean:   0.9999	entropy_loss:              0.0009	ep_length_mean:           13.0339	episode_limit_mean:        0.0003
epsilon:                   0.0500	grad_norm:               241.8969	loss:                     47.0433	mi_loss:                   0.0252
q_taken_mean:              6.4736	return_mean:              55.9688	return_median:            68.5000	return_std:               43.0861
success_mean:              0.9997	target_mean:               6.4630	td_error_abs:              5.1551	test_consensus_fraction_mean:  1.0000
test_ep_length_mean:      10.8813	test_episode_limit_mean:   0.0000	test_return_mean:         65.9188	test_return_median:       72.5000
test_return_std:          27.2298	test_success_mean:         1.0000	
[INFO 03:56:20] my_main Recent Stats | t_env:    1545546 | Episode:    98750
consensus_fraction_mean:   0.9999	entropy_loss:              0.0009	ep_length_mean:           13.0339	episode_limit_mean:        0.0003
epsilon:                   0.0500	grad_norm:               242.5955	loss:                     46.8452	mi_loss:                   0.0254
q_taken_mean:              6.6081	return_mean:              55.9688	return_median:            68.5000	return_std:               43.0861
success_mean:              0.9997	target_mean:               6.5678	td_error_abs:              5.1582	test_consensus_fraction_mean:  1.0000
test_ep_length_mean:      10.8813	test_episode_limit_mean:   0.0000	test_return_mean:         65.9188	test_return_median:       72.5000
test_return_std:          27.2298	test_success_mean:         1.0000	
[INFO 03:56:48] my_main Updated target network
[INFO 03:57:53] my_main Recent Stats | t_env:    1547567 | Episode:    98920
consensus_fraction_mean:   0.9999	entropy_loss:              0.0009	ep_length_mean:           13.0339	episode_limit_mean:        0.0003
epsilon:                   0.0500	grad_norm:               242.5955	loss:                     46.8452	mi_loss:                   0.0254
q_taken_mean:              6.6081	return_mean:              55.9688	return_median:            68.5000	return_std:               43.0861
success_mean:              0.9997	target_mean:               6.5678	td_error_abs:              5.1582	test_consensus_fraction_mean:  1.0000
test_ep_length_mean:      10.8813	test_episode_limit_mean:   0.0000	test_return_mean:         65.9188	test_return_median:       72.5000
test_return_std:          27.2298	test_success_mean:         1.0000	
[INFO 03:58:35] my_main Updated target network
[INFO 03:59:18] my_main Recent Stats | t_env:    1549587 | Episode:    99079
consensus_fraction_mean:   0.9999	entropy_loss:              0.0009	ep_length_mean:           13.0339	episode_limit_mean:        0.0003
epsilon:                   0.0500	grad_norm:               242.5955	loss:                     46.8452	mi_loss:                   0.0254
q_taken_mean:              6.6081	return_mean:              55.9688	return_median:            68.5000	return_std:               43.0861
success_mean:              0.9997	target_mean:               6.5678	td_error_abs:              5.1582	test_consensus_fraction_mean:  1.0000
test_ep_length_mean:      10.8813	test_episode_limit_mean:   0.0000	test_return_mean:         65.9188	test_return_median:       72.5000
test_return_std:          27.2298	test_success_mean:         1.0000	
[INFO 04:00:26] my_main Updated target network
[INFO 04:00:35] my_main Recent Stats | t_env:    1551593 | Episode:    99216
consensus_fraction_mean:   0.9999	entropy_loss:              0.0009	ep_length_mean:           13.0339	episode_limit_mean:        0.0003
epsilon:                   0.0500	grad_norm:               242.5955	loss:                     46.8452	mi_loss:                   0.0254
q_taken_mean:              6.6081	return_mean:              55.9688	return_median:            68.5000	return_std:               43.0861
success_mean:              0.9997	target_mean:               6.5678	td_error_abs:              5.1582	test_consensus_fraction_mean:  1.0000
test_ep_length_mean:      10.8813	test_episode_limit_mean:   0.0000	test_return_mean:         65.9188	test_return_median:       72.5000
test_return_std:          27.2298	test_success_mean:         1.0000	
[INFO 04:01:18] my_main t_env: 1552560 / 2050000
[INFO 04:01:18] my_main Estimated time left: 5 hours, 44 minutes, 5 seconds. Time passed: 1 days, 1 hours, 56 minutes, 55 seconds
[INFO 04:02:06] my_main Recent Stats | t_env:    1553610 | Episode:    99374
consensus_fraction_mean:   0.9999	entropy_loss:              0.0009	ep_length_mean:           13.0217	episode_limit_mean:        0.0003
epsilon:                   0.0500	grad_norm:               242.5955	loss:                     46.8452	mi_loss:                   0.0254
q_taken_mean:              6.6081	return_mean:              55.5804	return_median:            68.7000	return_std:               43.7785
success_mean:              0.9997	target_mean:               6.5678	td_error_abs:              5.1582	test_consensus_fraction_mean:  1.0000
test_ep_length_mean:      10.8562	test_episode_limit_mean:   0.0000	test_return_mean:         66.9500	test_return_median:       73.2000
test_return_std:          25.7811	test_success_mean:         1.0000	
[INFO 04:02:19] my_main Updated target network
[INFO 04:03:25] my_main Recent Stats | t_env:    1555629 | Episode:    99529
consensus_fraction_mean:   0.9999	entropy_loss:              0.0009	ep_length_mean:           13.0217	episode_limit_mean:        0.0003
epsilon:                   0.0500	grad_norm:               247.1748	loss:                     47.3676	mi_loss:                   0.0254
q_taken_mean:              6.6786	return_mean:              55.5804	return_median:            68.7000	return_std:               43.7785
success_mean:              0.9997	target_mean:               6.6378	td_error_abs:              5.2035	test_consensus_fraction_mean:  1.0000
test_ep_length_mean:      10.8562	test_episode_limit_mean:   0.0000	test_return_mean:         66.9500	test_return_median:       73.2000
test_return_std:          25.7811	test_success_mean:         1.0000	
[INFO 04:04:02] my_main Updated target network
[INFO 04:04:46] my_main Recent Stats | t_env:    1557633 | Episode:    99682
consensus_fraction_mean:   0.9999	entropy_loss:              0.0009	ep_length_mean:           13.0217	episode_limit_mean:        0.0003
epsilon:                   0.0500	grad_norm:               247.1748	loss:                     47.3676	mi_loss:                   0.0254
q_taken_mean:              6.6786	return_mean:              55.5804	return_median:            68.7000	return_std:               43.7785
success_mean:              0.9997	target_mean:               6.6378	td_error_abs:              5.2035	test_consensus_fraction_mean:  1.0000
test_ep_length_mean:      10.8562	test_episode_limit_mean:   0.0000	test_return_mean:         66.9500	test_return_median:       73.2000
test_return_std:          25.7811	test_success_mean:         1.0000	
[INFO 04:05:46] my_main Updated target network
[INFO 04:06:04] my_main Recent Stats | t_env:    1559635 | Episode:    99838
consensus_fraction_mean:   0.9999	entropy_loss:              0.0009	ep_length_mean:           13.0217	episode_limit_mean:        0.0003
epsilon:                   0.0500	grad_norm:               247.1748	loss:                     47.3676	mi_loss:                   0.0254
q_taken_mean:              6.6786	return_mean:              55.5804	return_median:            68.7000	return_std:               43.7785
success_mean:              0.9997	target_mean:               6.6378	td_error_abs:              5.2035	test_consensus_fraction_mean:  1.0000
test_ep_length_mean:      10.8562	test_episode_limit_mean:   0.0000	test_return_mean:         66.9500	test_return_median:       73.2000
test_return_std:          25.7811	test_success_mean:         1.0000	
[INFO 04:07:23] my_main Recent Stats | t_env:    1561654 | Episode:    99987
consensus_fraction_mean:   0.9999	entropy_loss:              0.0009	ep_length_mean:           13.0217	episode_limit_mean:        0.0003
epsilon:                   0.0500	grad_norm:               247.1748	loss:                     47.3676	mi_loss:                   0.0254
q_taken_mean:              6.6786	return_mean:              55.5804	return_median:            68.7000	return_std:               43.7785
success_mean:              0.9997	target_mean:               6.6378	td_error_abs:              5.2035	test_consensus_fraction_mean:  1.0000
test_ep_length_mean:      10.8562	test_episode_limit_mean:   0.0000	test_return_mean:         66.9500	test_return_median:       73.2000
test_return_std:          25.7811	test_success_mean:         1.0000	
[INFO 04:07:31] my_main Updated target network
[INFO 04:08:03] my_main t_env: 1562567 / 2050000
[INFO 04:08:03] my_main Estimated time left: 5 hours, 28 minutes, 42 seconds. Time passed: 1 days, 2 hours, 3 minutes, 40 seconds
[INFO 04:08:54] my_main Recent Stats | t_env:    1563655 | Episode:   100156
consensus_fraction_mean:   1.0000	entropy_loss:              0.0009	ep_length_mean:           13.0584	episode_limit_mean:        0.0000
epsilon:                   0.0500	grad_norm:               247.1748	loss:                     47.3676	mi_loss:                   0.0254
q_taken_mean:              6.6786	return_mean:              55.2161	return_median:            68.3000	return_std:               43.4651
success_mean:              1.0000	target_mean:               6.6378	td_error_abs:              5.2035	test_consensus_fraction_mean:  1.0000
test_ep_length_mean:      10.5000	test_episode_limit_mean:   0.0000	test_return_mean:         67.9875	test_return_median:       72.7000
test_return_std:          23.7387	test_success_mean:         1.0000	
[INFO 04:09:18] my_main Updated target network
[INFO 04:10:15] my_main Recent Stats | t_env:    1565671 | Episode:   100305
consensus_fraction_mean:   1.0000	entropy_loss:              0.0009	ep_length_mean:           13.0584	episode_limit_mean:        0.0000
epsilon:                   0.0500	grad_norm:               222.9769	loss:                     46.7562	mi_loss:                   0.0255
q_taken_mean:              6.7089	return_mean:              55.2161	return_median:            68.3000	return_std:               43.4651
success_mean:              1.0000	target_mean:               6.6801	td_error_abs:              5.1984	test_consensus_fraction_mean:  1.0000
test_ep_length_mean:      10.5000	test_episode_limit_mean:   0.0000	test_return_mean:         67.9875	test_return_median:       72.7000
test_return_std:          23.7387	test_success_mean:         1.0000	
[INFO 04:11:06] my_main Updated target network
[INFO 04:11:42] my_main Recent Stats | t_env:    1567694 | Episode:   100470
consensus_fraction_mean:   1.0000	entropy_loss:              0.0009	ep_length_mean:           13.0584	episode_limit_mean:        0.0000
epsilon:                   0.0500	grad_norm:               222.9769	loss:                     46.7562	mi_loss:                   0.0255
q_taken_mean:              6.7089	return_mean:              55.2161	return_median:            68.3000	return_std:               43.4651
success_mean:              1.0000	target_mean:               6.6801	td_error_abs:              5.1984	test_consensus_fraction_mean:  1.0000
test_ep_length_mean:      10.5000	test_episode_limit_mean:   0.0000	test_return_mean:         67.9875	test_return_median:       72.7000
test_return_std:          23.7387	test_success_mean:         1.0000	
[INFO 04:12:51] my_main Updated target network
[INFO 04:13:06] my_main Recent Stats | t_env:    1569713 | Episode:   100630
consensus_fraction_mean:   1.0000	entropy_loss:              0.0009	ep_length_mean:           13.0584	episode_limit_mean:        0.0000
epsilon:                   0.0500	grad_norm:               222.9769	loss:                     46.7562	mi_loss:                   0.0255
q_taken_mean:              6.7089	return_mean:              55.2161	return_median:            68.3000	return_std:               43.4651
success_mean:              1.0000	target_mean:               6.6801	td_error_abs:              5.1984	test_consensus_fraction_mean:  1.0000
test_ep_length_mean:      10.5000	test_episode_limit_mean:   0.0000	test_return_mean:         67.9875	test_return_median:       72.7000
test_return_std:          23.7387	test_success_mean:         1.0000	
[INFO 04:14:33] my_main Recent Stats | t_env:    1571720 | Episode:   100796
consensus_fraction_mean:   1.0000	entropy_loss:              0.0009	ep_length_mean:           13.0584	episode_limit_mean:        0.0000
epsilon:                   0.0500	grad_norm:               222.9769	loss:                     46.7562	mi_loss:                   0.0255
q_taken_mean:              6.7089	return_mean:              55.2161	return_median:            68.3000	return_std:               43.4651
success_mean:              1.0000	target_mean:               6.6801	td_error_abs:              5.1984	test_consensus_fraction_mean:  1.0000
test_ep_length_mean:      10.5000	test_episode_limit_mean:   0.0000	test_return_mean:         67.9875	test_return_median:       72.7000
test_return_std:          23.7387	test_success_mean:         1.0000	
[INFO 04:14:35] my_main Updated target network
[INFO 04:15:06] my_main t_env: 1572583 / 2050000
[INFO 04:15:06] my_main Estimated time left: 5 hours, 35 minutes, 30 seconds. Time passed: 1 days, 2 hours, 10 minutes, 42 seconds
[INFO 04:15:54] my_main Recent Stats | t_env:    1573727 | Episode:   100950
consensus_fraction_mean:   1.0000	entropy_loss:              0.0009	ep_length_mean:           12.8675	episode_limit_mean:        0.0000
epsilon:                   0.0500	grad_norm:               222.9769	loss:                     46.7562	mi_loss:                   0.0255
q_taken_mean:              6.7089	return_mean:              55.9152	return_median:            69.2000	return_std:               43.0022
success_mean:              1.0000	target_mean:               6.6801	td_error_abs:              5.1984	test_consensus_fraction_mean:  1.0000
test_ep_length_mean:      11.0000	test_episode_limit_mean:   0.0000	test_return_mean:         66.4250	test_return_median:       71.2000
test_return_std:          25.8901	test_success_mean:         1.0000	
[INFO 04:16:21] my_main Updated target network
[INFO 04:17:12] my_main Recent Stats | t_env:    1575743 | Episode:   101101
consensus_fraction_mean:   1.0000	entropy_loss:              0.0008	ep_length_mean:           12.8675	episode_limit_mean:        0.0000
epsilon:                   0.0500	grad_norm:               218.4997	loss:                     47.5354	mi_loss:                   0.0258
q_taken_mean:              6.8849	return_mean:              55.9152	return_median:            69.2000	return_std:               43.0022
success_mean:              1.0000	target_mean:               6.8528	td_error_abs:              5.2350	test_consensus_fraction_mean:  1.0000
test_ep_length_mean:      11.0000	test_episode_limit_mean:   0.0000	test_return_mean:         66.4250	test_return_median:       71.2000
test_return_std:          25.8901	test_success_mean:         1.0000	
[INFO 04:18:03] my_main Updated target network
[INFO 04:18:29] my_main Recent Stats | t_env:    1577744 | Episode:   101248
consensus_fraction_mean:   1.0000	entropy_loss:              0.0008	ep_length_mean:           12.8675	episode_limit_mean:        0.0000
epsilon:                   0.0500	grad_norm:               218.4997	loss:                     47.5354	mi_loss:                   0.0258
q_taken_mean:              6.8849	return_mean:              55.9152	return_median:            69.2000	return_std:               43.0022
success_mean:              1.0000	target_mean:               6.8528	td_error_abs:              5.2350	test_consensus_fraction_mean:  1.0000
test_ep_length_mean:      11.0000	test_episode_limit_mean:   0.0000	test_return_mean:         66.4250	test_return_median:       71.2000
test_return_std:          25.8901	test_success_mean:         1.0000	
[INFO 04:19:46] my_main Updated target network
[INFO 04:19:52] my_main Recent Stats | t_env:    1579768 | Episode:   101413
consensus_fraction_mean:   1.0000	entropy_loss:              0.0008	ep_length_mean:           12.8675	episode_limit_mean:        0.0000
epsilon:                   0.0500	grad_norm:               218.4997	loss:                     47.5354	mi_loss:                   0.0258
q_taken_mean:              6.8849	return_mean:              55.9152	return_median:            69.2000	return_std:               43.0022
success_mean:              1.0000	target_mean:               6.8528	td_error_abs:              5.2350	test_consensus_fraction_mean:  1.0000
test_ep_length_mean:      11.0000	test_episode_limit_mean:   0.0000	test_return_mean:         66.4250	test_return_median:       71.2000
test_return_std:          25.8901	test_success_mean:         1.0000	
[INFO 04:21:18] my_main Recent Stats | t_env:    1581772 | Episode:   101571
consensus_fraction_mean:   1.0000	entropy_loss:              0.0008	ep_length_mean:           12.8675	episode_limit_mean:        0.0000
epsilon:                   0.0500	grad_norm:               218.4997	loss:                     47.5354	mi_loss:                   0.0258
q_taken_mean:              6.8849	return_mean:              55.9152	return_median:            69.2000	return_std:               43.0022
success_mean:              1.0000	target_mean:               6.8528	td_error_abs:              5.2350	test_consensus_fraction_mean:  1.0000
test_ep_length_mean:      11.0000	test_episode_limit_mean:   0.0000	test_return_mean:         66.4250	test_return_median:       71.2000
test_return_std:          25.8901	test_success_mean:         1.0000	
[INFO 04:21:33] my_main Updated target network
[INFO 04:21:47] my_main t_env: 1582586 / 2050000
[INFO 04:21:47] my_main Estimated time left: 5 hours, 12 minutes, 43 seconds. Time passed: 1 days, 2 hours, 17 minutes, 23 seconds
[INFO 04:22:35] my_main Recent Stats | t_env:    1583776 | Episode:   101718
consensus_fraction_mean:   1.0000	entropy_loss:              0.0008	ep_length_mean:           12.8781	episode_limit_mean:        0.0000
epsilon:                   0.0500	grad_norm:               218.4997	loss:                     47.5354	mi_loss:                   0.0258
q_taken_mean:              6.8849	return_mean:              55.7945	return_median:            69.0000	return_std:               43.2058
success_mean:              1.0000	target_mean:               6.8528	td_error_abs:              5.2350	test_consensus_fraction_mean:  1.0000
test_ep_length_mean:      10.6438	test_episode_limit_mean:   0.0000	test_return_mean:         67.0062	test_return_median:       72.9000
test_return_std:          26.1158	test_success_mean:         1.0000	
[INFO 04:23:19] my_main Updated target network
[INFO 04:23:57] my_main Recent Stats | t_env:    1585795 | Episode:   101873
consensus_fraction_mean:   1.0000	entropy_loss:              0.0008	ep_length_mean:           12.8781	episode_limit_mean:        0.0000
epsilon:                   0.0500	grad_norm:               217.3258	loss:                     50.5270	mi_loss:                   0.0258
q_taken_mean:              6.7969	return_mean:              55.7945	return_median:            69.0000	return_std:               43.2058
success_mean:              1.0000	target_mean:               6.7904	td_error_abs:              5.4041	test_consensus_fraction_mean:  1.0000
test_ep_length_mean:      10.6438	test_episode_limit_mean:   0.0000	test_return_mean:         67.0062	test_return_median:       72.9000
test_return_std:          26.1158	test_success_mean:         1.0000	
[INFO 04:25:00] my_main Updated target network
[INFO 04:25:17] my_main Recent Stats | t_env:    1587798 | Episode:   102036
consensus_fraction_mean:   1.0000	entropy_loss:              0.0008	ep_length_mean:           12.8781	episode_limit_mean:        0.0000
epsilon:                   0.0500	grad_norm:               217.3258	loss:                     50.5270	mi_loss:                   0.0258
q_taken_mean:              6.7969	return_mean:              55.7945	return_median:            69.0000	return_std:               43.2058
success_mean:              1.0000	target_mean:               6.7904	td_error_abs:              5.4041	test_consensus_fraction_mean:  1.0000
test_ep_length_mean:      10.6438	test_episode_limit_mean:   0.0000	test_return_mean:         67.0062	test_return_median:       72.9000
test_return_std:          26.1158	test_success_mean:         1.0000	
[INFO 04:26:33] my_main Recent Stats | t_env:    1589805 | Episode:   102189
consensus_fraction_mean:   1.0000	entropy_loss:              0.0008	ep_length_mean:           12.8781	episode_limit_mean:        0.0000
epsilon:                   0.0500	grad_norm:               217.3258	loss:                     50.5270	mi_loss:                   0.0258
q_taken_mean:              6.7969	return_mean:              55.7945	return_median:            69.0000	return_std:               43.2058
success_mean:              1.0000	target_mean:               6.7904	td_error_abs:              5.4041	test_consensus_fraction_mean:  1.0000
test_ep_length_mean:      10.6438	test_episode_limit_mean:   0.0000	test_return_mean:         67.0062	test_return_median:       72.9000
test_return_std:          26.1158	test_success_mean:         1.0000	
[INFO 04:26:39] my_main Updated target network
[INFO 04:27:51] my_main Recent Stats | t_env:    1591819 | Episode:   102342
consensus_fraction_mean:   1.0000	entropy_loss:              0.0008	ep_length_mean:           12.8781	episode_limit_mean:        0.0000
epsilon:                   0.0500	grad_norm:               217.3258	loss:                     50.5270	mi_loss:                   0.0258
q_taken_mean:              6.7969	return_mean:              55.7945	return_median:            69.0000	return_std:               43.2058
success_mean:              1.0000	target_mean:               6.7904	td_error_abs:              5.4041	test_consensus_fraction_mean:  1.0000
test_ep_length_mean:      10.6438	test_episode_limit_mean:   0.0000	test_return_mean:         67.0062	test_return_median:       72.9000
test_return_std:          26.1158	test_success_mean:         1.0000	
[INFO 04:28:22] my_main Updated target network
[INFO 04:28:24] my_main t_env: 1592593 / 2050000
[INFO 04:28:24] my_main Estimated time left: 5 hours, 2 minutes, 36 seconds. Time passed: 1 days, 2 hours, 24 minutes, 1 seconds
[INFO 04:29:17] my_main Recent Stats | t_env:    1593830 | Episode:   102503
consensus_fraction_mean:   1.0000	entropy_loss:              0.0008	ep_length_mean:           12.9558	episode_limit_mean:        0.0000
epsilon:                   0.0500	grad_norm:               217.3258	loss:                     50.5270	mi_loss:                   0.0258
q_taken_mean:              6.7969	return_mean:              55.0656	return_median:            68.0000	return_std:               43.9154
success_mean:              1.0000	target_mean:               6.7904	td_error_abs:              5.4041	test_consensus_fraction_mean:  1.0000
test_ep_length_mean:      10.5562	test_episode_limit_mean:   0.0000	test_return_mean:         68.1125	test_return_median:       72.4000
test_return_std:          24.0921	test_success_mean:         1.0000	
[INFO 04:30:07] my_main Updated target network
[INFO 04:30:43] my_main Recent Stats | t_env:    1595831 | Episode:   102671
consensus_fraction_mean:   1.0000	entropy_loss:              0.0008	ep_length_mean:           12.9558	episode_limit_mean:        0.0000
epsilon:                   0.0500	grad_norm:               225.9073	loss:                     53.2897	mi_loss:                   0.0258
q_taken_mean:              6.7286	return_mean:              55.0656	return_median:            68.0000	return_std:               43.9154
success_mean:              1.0000	target_mean:               6.7272	td_error_abs:              5.5472	test_consensus_fraction_mean:  1.0000
test_ep_length_mean:      10.5562	test_episode_limit_mean:   0.0000	test_return_mean:         68.1125	test_return_median:       72.4000
test_return_std:          24.0921	test_success_mean:         1.0000	
[INFO 04:31:51] my_main Updated target network
[INFO 04:32:02] my_main Recent Stats | t_env:    1597832 | Episode:   102825
consensus_fraction_mean:   1.0000	entropy_loss:              0.0008	ep_length_mean:           12.9558	episode_limit_mean:        0.0000
epsilon:                   0.0500	grad_norm:               225.9073	loss:                     53.2897	mi_loss:                   0.0258
q_taken_mean:              6.7286	return_mean:              55.0656	return_median:            68.0000	return_std:               43.9154
success_mean:              1.0000	target_mean:               6.7272	td_error_abs:              5.5472	test_consensus_fraction_mean:  1.0000
test_ep_length_mean:      10.5562	test_episode_limit_mean:   0.0000	test_return_mean:         68.1125	test_return_median:       72.4000
test_return_std:          24.0921	test_success_mean:         1.0000	
[INFO 04:33:16] my_main Recent Stats | t_env:    1599844 | Episode:   102965
consensus_fraction_mean:   1.0000	entropy_loss:              0.0008	ep_length_mean:           12.9558	episode_limit_mean:        0.0000
epsilon:                   0.0500	grad_norm:               225.9073	loss:                     53.2897	mi_loss:                   0.0258
q_taken_mean:              6.7286	return_mean:              55.0656	return_median:            68.0000	return_std:               43.9154
success_mean:              1.0000	target_mean:               6.7272	td_error_abs:              5.5472	test_consensus_fraction_mean:  1.0000
test_ep_length_mean:      10.5562	test_episode_limit_mean:   0.0000	test_return_mean:         68.1125	test_return_median:       72.4000
test_return_std:          24.0921	test_success_mean:         1.0000	
[INFO 04:33:35] my_main Updated target network
[INFO 04:34:38] my_main Recent Stats | t_env:    1601869 | Episode:   103128
consensus_fraction_mean:   1.0000	entropy_loss:              0.0008	ep_length_mean:           12.9558	episode_limit_mean:        0.0000
epsilon:                   0.0500	grad_norm:               225.9073	loss:                     53.2897	mi_loss:                   0.0258
q_taken_mean:              6.7286	return_mean:              55.0656	return_median:            68.0000	return_std:               43.9154
success_mean:              1.0000	target_mean:               6.7272	td_error_abs:              5.5472	test_consensus_fraction_mean:  1.0000
test_ep_length_mean:      10.5562	test_episode_limit_mean:   0.0000	test_return_mean:         68.1125	test_return_median:       72.4000
test_return_std:          24.0921	test_success_mean:         1.0000	
[INFO 04:35:05] my_main t_env: 1602635 / 2050000
[INFO 04:35:05] my_main Estimated time left: 4 hours, 57 minutes, 10 seconds. Time passed: 1 days, 2 hours, 30 minutes, 41 seconds
[INFO 04:35:17] my_main Updated target network
[INFO 04:35:59] my_main Recent Stats | t_env:    1603869 | Episode:   103287
consensus_fraction_mean:   1.0000	entropy_loss:              0.0008	ep_length_mean:           12.8811	episode_limit_mean:        0.0000
epsilon:                   0.0500	grad_norm:               225.9073	loss:                     53.2897	mi_loss:                   0.0258
q_taken_mean:              6.7286	return_mean:              55.5054	return_median:            68.0000	return_std:               43.3723
success_mean:              1.0000	target_mean:               6.7272	td_error_abs:              5.5472	test_consensus_fraction_mean:  1.0000
test_ep_length_mean:      10.4500	test_episode_limit_mean:   0.0000	test_return_mean:         68.2250	test_return_median:       74.1000
test_return_std:          25.3478	test_success_mean:         1.0000	
[INFO 04:37:00] my_main Updated target network
[INFO 04:37:21] my_main Recent Stats | t_env:    1605869 | Episode:   103443
consensus_fraction_mean:   1.0000	entropy_loss:              0.0008	ep_length_mean:           12.8811	episode_limit_mean:        0.0000
epsilon:                   0.0500	grad_norm:               257.9285	loss:                     57.8572	mi_loss:                   0.0257
q_taken_mean:              6.7142	return_mean:              55.5054	return_median:            68.0000	return_std:               43.3723
success_mean:              1.0000	target_mean:               6.6998	td_error_abs:              5.7839	test_consensus_fraction_mean:  1.0000
test_ep_length_mean:      10.4500	test_episode_limit_mean:   0.0000	test_return_mean:         68.2250	test_return_median:       74.1000
test_return_std:          25.3478	test_success_mean:         1.0000	
[INFO 04:38:39] my_main Recent Stats | t_env:    1607874 | Episode:   103600
consensus_fraction_mean:   1.0000	entropy_loss:              0.0008	ep_length_mean:           12.8811	episode_limit_mean:        0.0000
epsilon:                   0.0500	grad_norm:               257.9285	loss:                     57.8572	mi_loss:                   0.0257
q_taken_mean:              6.7142	return_mean:              55.5054	return_median:            68.0000	return_std:               43.3723
success_mean:              1.0000	target_mean:               6.6998	td_error_abs:              5.7839	test_consensus_fraction_mean:  1.0000
test_ep_length_mean:      10.4500	test_episode_limit_mean:   0.0000	test_return_mean:         68.2250	test_return_median:       74.1000
test_return_std:          25.3478	test_success_mean:         1.0000	
[INFO 04:38:40] my_main Updated target network
[INFO 04:40:00] my_main Recent Stats | t_env:    1609879 | Episode:   103758
consensus_fraction_mean:   1.0000	entropy_loss:              0.0008	ep_length_mean:           12.8811	episode_limit_mean:        0.0000
epsilon:                   0.0500	grad_norm:               257.9285	loss:                     57.8572	mi_loss:                   0.0257
q_taken_mean:              6.7142	return_mean:              55.5054	return_median:            68.0000	return_std:               43.3723
success_mean:              1.0000	target_mean:               6.6998	td_error_abs:              5.7839	test_consensus_fraction_mean:  1.0000
test_ep_length_mean:      10.4500	test_episode_limit_mean:   0.0000	test_return_mean:         68.2250	test_return_median:       74.1000
test_return_std:          25.3478	test_success_mean:         1.0000	
[INFO 04:40:21] my_main Updated target network
[INFO 04:41:18] my_main Recent Stats | t_env:    1611927 | Episode:   103909
consensus_fraction_mean:   1.0000	entropy_loss:              0.0008	ep_length_mean:           12.8811	episode_limit_mean:        0.0000
epsilon:                   0.0500	grad_norm:               257.9285	loss:                     57.8572	mi_loss:                   0.0257
q_taken_mean:              6.7142	return_mean:              55.5054	return_median:            68.0000	return_std:               43.3723
success_mean:              1.0000	target_mean:               6.6998	td_error_abs:              5.7839	test_consensus_fraction_mean:  1.0000
test_ep_length_mean:      10.4500	test_episode_limit_mean:   0.0000	test_return_mean:         68.2250	test_return_median:       74.1000
test_return_std:          25.3478	test_success_mean:         1.0000	
[INFO 04:41:48] my_main t_env: 1612636 / 2050000
[INFO 04:41:48] my_main Estimated time left: 4 hours, 53 minutes, 52 seconds. Time passed: 1 days, 2 hours, 37 minutes, 24 seconds
[INFO 04:42:06] my_main Updated target network
[INFO 04:42:42] my_main Recent Stats | t_env:    1613960 | Episode:   104067
consensus_fraction_mean:   1.0000	entropy_loss:              0.0008	ep_length_mean:           12.8334	episode_limit_mean:        0.0000
epsilon:                   0.0500	grad_norm:               257.9285	loss:                     57.8572	mi_loss:                   0.0257
q_taken_mean:              6.7142	return_mean:              55.7404	return_median:            68.4000	return_std:               43.4533
success_mean:              1.0000	target_mean:               6.6998	td_error_abs:              5.7839	test_consensus_fraction_mean:  1.0000
test_ep_length_mean:      10.1812	test_episode_limit_mean:   0.0000	test_return_mean:         68.4750	test_return_median:       75.2000
test_return_std:          26.6387	test_success_mean:         1.0000	
[INFO 04:43:48] my_main Updated target network
[INFO 04:44:06] my_main Recent Stats | t_env:    1615960 | Episode:   104237
consensus_fraction_mean:   1.0000	entropy_loss:              0.0008	ep_length_mean:           12.8334	episode_limit_mean:        0.0000
epsilon:                   0.0500	grad_norm:               252.0835	loss:                     57.4553	mi_loss:                   0.0258
q_taken_mean:              6.7140	return_mean:              55.7404	return_median:            68.4000	return_std:               43.4533
success_mean:              1.0000	target_mean:               6.7222	td_error_abs:              5.7076	test_consensus_fraction_mean:  1.0000
test_ep_length_mean:      10.1812	test_episode_limit_mean:   0.0000	test_return_mean:         68.4750	test_return_median:       75.2000
test_return_std:          26.6387	test_success_mean:         1.0000	
[INFO 04:45:25] my_main Recent Stats | t_env:    1617976 | Episode:   104392
consensus_fraction_mean:   1.0000	entropy_loss:              0.0008	ep_length_mean:           12.8334	episode_limit_mean:        0.0000
epsilon:                   0.0500	grad_norm:               252.0835	loss:                     57.4553	mi_loss:                   0.0258
q_taken_mean:              6.7140	return_mean:              55.7404	return_median:            68.4000	return_std:               43.4533
success_mean:              1.0000	target_mean:               6.7222	td_error_abs:              5.7076	test_consensus_fraction_mean:  1.0000
test_ep_length_mean:      10.1812	test_episode_limit_mean:   0.0000	test_return_mean:         68.4750	test_return_median:       75.2000
test_return_std:          26.6387	test_success_mean:         1.0000	
[INFO 04:45:30] my_main Updated target network
[INFO 04:46:49] my_main Recent Stats | t_env:    1619987 | Episode:   104558
consensus_fraction_mean:   1.0000	entropy_loss:              0.0008	ep_length_mean:           12.8334	episode_limit_mean:        0.0000
epsilon:                   0.0500	grad_norm:               252.0835	loss:                     57.4553	mi_loss:                   0.0258
q_taken_mean:              6.7140	return_mean:              55.7404	return_median:            68.4000	return_std:               43.4533
success_mean:              1.0000	target_mean:               6.7222	td_error_abs:              5.7076	test_consensus_fraction_mean:  1.0000
test_ep_length_mean:      10.1812	test_episode_limit_mean:   0.0000	test_return_mean:         68.4750	test_return_median:       75.2000
test_return_std:          26.6387	test_success_mean:         1.0000	
[INFO 04:47:11] my_main Updated target network
[INFO 04:48:13] my_main Recent Stats | t_env:    1621991 | Episode:   104722
consensus_fraction_mean:   1.0000	entropy_loss:              0.0008	ep_length_mean:           12.8334	episode_limit_mean:        0.0000
epsilon:                   0.0500	grad_norm:               252.0835	loss:                     57.4553	mi_loss:                   0.0258
q_taken_mean:              6.7140	return_mean:              55.7404	return_median:            68.4000	return_std:               43.4533
success_mean:              1.0000	target_mean:               6.7222	td_error_abs:              5.7076	test_consensus_fraction_mean:  1.0000
test_ep_length_mean:      10.1812	test_episode_limit_mean:   0.0000	test_return_mean:         68.4750	test_return_median:       75.2000
test_return_std:          26.6387	test_success_mean:         1.0000	
[INFO 04:48:35] my_main t_env: 1622672 / 2050000
[INFO 04:48:35] my_main Estimated time left: 4 hours, 48 minutes, 43 seconds. Time passed: 1 days, 2 hours, 44 minutes, 11 seconds
[INFO 04:48:55] my_main Updated target network
[INFO 04:49:28] my_main Recent Stats | t_env:    1624007 | Episode:   104866
consensus_fraction_mean:   1.0000	entropy_loss:              0.0008	ep_length_mean:           12.8226	episode_limit_mean:        0.0000
epsilon:                   0.0500	grad_norm:               252.0835	loss:                     57.4553	mi_loss:                   0.0258
q_taken_mean:              6.7140	return_mean:              55.7910	return_median:            68.2000	return_std:               43.2767
success_mean:              1.0000	target_mean:               6.7222	td_error_abs:              5.7076	test_consensus_fraction_mean:  1.0000
test_ep_length_mean:       9.6750	test_episode_limit_mean:   0.0000	test_return_mean:         69.8000	test_return_median:       76.4000
test_return_std:          24.3263	test_success_mean:         1.0000	
[INFO 04:50:38] my_main Updated target network
[INFO 04:50:39] my_main Recent Stats | t_env:    1626010 | Episode:   105004
consensus_fraction_mean:   1.0000	entropy_loss:              0.0008	ep_length_mean:           12.8226	episode_limit_mean:        0.0000
epsilon:                   0.0500	grad_norm:               271.4263	loss:                     57.7129	mi_loss:                   0.0258
q_taken_mean:              6.6033	return_mean:              55.7910	return_median:            68.2000	return_std:               43.2767
success_mean:              1.0000	target_mean:               6.6219	td_error_abs:              5.7069	test_consensus_fraction_mean:  1.0000
test_ep_length_mean:       9.6750	test_episode_limit_mean:   0.0000	test_return_mean:         69.8000	test_return_median:       76.4000
test_return_std:          24.3263	test_success_mean:         1.0000	
[INFO 04:51:57] my_main Recent Stats | t_env:    1628014 | Episode:   105151
consensus_fraction_mean:   1.0000	entropy_loss:              0.0008	ep_length_mean:           12.8226	episode_limit_mean:        0.0000
epsilon:                   0.0500	grad_norm:               271.4263	loss:                     57.7129	mi_loss:                   0.0258
q_taken_mean:              6.6033	return_mean:              55.7910	return_median:            68.2000	return_std:               43.2767
success_mean:              1.0000	target_mean:               6.6219	td_error_abs:              5.7069	test_consensus_fraction_mean:  1.0000
test_ep_length_mean:       9.6750	test_episode_limit_mean:   0.0000	test_return_mean:         69.8000	test_return_median:       76.4000
test_return_std:          24.3263	test_success_mean:         1.0000	
[INFO 04:52:25] my_main Updated target network
[INFO 04:53:06] my_main Recent Stats | t_env:    1630030 | Episode:   105278
consensus_fraction_mean:   1.0000	entropy_loss:              0.0008	ep_length_mean:           12.8226	episode_limit_mean:        0.0000
epsilon:                   0.0500	grad_norm:               271.4263	loss:                     57.7129	mi_loss:                   0.0258
q_taken_mean:              6.6033	return_mean:              55.7910	return_median:            68.2000	return_std:               43.2767
success_mean:              1.0000	target_mean:               6.6219	td_error_abs:              5.7069	test_consensus_fraction_mean:  1.0000
test_ep_length_mean:       9.6750	test_episode_limit_mean:   0.0000	test_return_mean:         69.8000	test_return_median:       76.4000
test_return_std:          24.3263	test_success_mean:         1.0000	
[INFO 04:54:12] my_main Updated target network
[INFO 04:54:29] my_main Recent Stats | t_env:    1632036 | Episode:   105435
consensus_fraction_mean:   1.0000	entropy_loss:              0.0008	ep_length_mean:           12.8226	episode_limit_mean:        0.0000
epsilon:                   0.0500	grad_norm:               271.4263	loss:                     57.7129	mi_loss:                   0.0258
q_taken_mean:              6.6033	return_mean:              55.7910	return_median:            68.2000	return_std:               43.2767
success_mean:              1.0000	target_mean:               6.6219	td_error_abs:              5.7069	test_consensus_fraction_mean:  1.0000
test_ep_length_mean:       9.6750	test_episode_limit_mean:   0.0000	test_return_mean:         69.8000	test_return_median:       76.4000
test_return_std:          24.3263	test_success_mean:         1.0000	
[INFO 04:54:55] my_main t_env: 1632684 / 2050000
[INFO 04:54:55] my_main Estimated time left: 4 hours, 24 minutes, 24 seconds. Time passed: 1 days, 2 hours, 50 minutes, 32 seconds
[INFO 04:55:55] my_main Recent Stats | t_env:    1634046 | Episode:   105590
consensus_fraction_mean:   1.0000	entropy_loss:              0.0008	ep_length_mean:           13.0172	episode_limit_mean:        0.0000
epsilon:                   0.0500	grad_norm:               271.4263	loss:                     57.7129	mi_loss:                   0.0258
q_taken_mean:              6.6033	return_mean:              54.9005	return_median:            67.8000	return_std:               44.6796
success_mean:              1.0000	target_mean:               6.6219	td_error_abs:              5.7069	test_consensus_fraction_mean:  1.0000
test_ep_length_mean:       9.8813	test_episode_limit_mean:   0.0000	test_return_mean:         69.7250	test_return_median:       76.5000
test_return_std:          24.3382	test_success_mean:         1.0000	
[INFO 04:56:00] my_main Updated target network
[INFO 04:57:15] my_main Recent Stats | t_env:    1636051 | Episode:   105741
consensus_fraction_mean:   1.0000	entropy_loss:              0.0008	ep_length_mean:           13.0172	episode_limit_mean:        0.0000
epsilon:                   0.0500	grad_norm:               269.9921	loss:                     58.9917	mi_loss:                   0.0259
q_taken_mean:              6.6495	return_mean:              54.9005	return_median:            67.8000	return_std:               44.6796
success_mean:              1.0000	target_mean:               6.6540	td_error_abs:              5.7493	test_consensus_fraction_mean:  1.0000
test_ep_length_mean:       9.8813	test_episode_limit_mean:   0.0000	test_return_mean:         69.7250	test_return_median:       76.5000
test_return_std:          24.3382	test_success_mean:         1.0000	
[INFO 04:57:47] my_main Updated target network
[INFO 04:58:37] my_main Recent Stats | t_env:    1638067 | Episode:   105895
consensus_fraction_mean:   1.0000	entropy_loss:              0.0008	ep_length_mean:           13.0172	episode_limit_mean:        0.0000
epsilon:                   0.0500	grad_norm:               269.9921	loss:                     58.9917	mi_loss:                   0.0259
q_taken_mean:              6.6495	return_mean:              54.9005	return_median:            67.8000	return_std:               44.6796
success_mean:              1.0000	target_mean:               6.6540	td_error_abs:              5.7493	test_consensus_fraction_mean:  1.0000
test_ep_length_mean:       9.8813	test_episode_limit_mean:   0.0000	test_return_mean:         69.7250	test_return_median:       76.5000
test_return_std:          24.3382	test_success_mean:         1.0000	
[INFO 04:59:32] my_main Updated target network
[INFO 05:00:00] my_main Recent Stats | t_env:    1640094 | Episode:   106053
consensus_fraction_mean:   1.0000	entropy_loss:              0.0008	ep_length_mean:           13.0172	episode_limit_mean:        0.0000
epsilon:                   0.0500	grad_norm:               269.9921	loss:                     58.9917	mi_loss:                   0.0259
q_taken_mean:              6.6495	return_mean:              54.9005	return_median:            67.8000	return_std:               44.6796
success_mean:              1.0000	target_mean:               6.6540	td_error_abs:              5.7493	test_consensus_fraction_mean:  1.0000
test_ep_length_mean:       9.8813	test_episode_limit_mean:   0.0000	test_return_mean:         69.7250	test_return_median:       76.5000
test_return_std:          24.3382	test_success_mean:         1.0000	
[INFO 05:01:21] my_main Updated target network
[INFO 05:01:24] my_main Recent Stats | t_env:    1642115 | Episode:   106208
consensus_fraction_mean:   1.0000	entropy_loss:              0.0008	ep_length_mean:           13.0172	episode_limit_mean:        0.0000
epsilon:                   0.0500	grad_norm:               269.9921	loss:                     58.9917	mi_loss:                   0.0259
q_taken_mean:              6.6495	return_mean:              54.9005	return_median:            67.8000	return_std:               44.6796
success_mean:              1.0000	target_mean:               6.6540	td_error_abs:              5.7493	test_consensus_fraction_mean:  1.0000
test_ep_length_mean:       9.8813	test_episode_limit_mean:   0.0000	test_return_mean:         69.7250	test_return_median:       76.5000
test_return_std:          24.3382	test_success_mean:         1.0000	
[INFO 05:01:48] my_main t_env: 1642694 / 2050000
[INFO 05:01:48] my_main Estimated time left: 4 hours, 40 minutes, 8 seconds. Time passed: 1 days, 2 hours, 57 minutes, 25 seconds
[INFO 05:02:45] my_main Recent Stats | t_env:    1644117 | Episode:   106352
consensus_fraction_mean:   1.0000	entropy_loss:              0.0008	ep_length_mean:           13.0380	episode_limit_mean:        0.0000
epsilon:                   0.0500	grad_norm:               269.9921	loss:                     58.9917	mi_loss:                   0.0259
q_taken_mean:              6.6495	return_mean:              54.9723	return_median:            68.2000	return_std:               45.2491
success_mean:              1.0000	target_mean:               6.6540	td_error_abs:              5.7493	test_consensus_fraction_mean:  1.0000
test_ep_length_mean:      10.0750	test_episode_limit_mean:   0.0000	test_return_mean:         68.1250	test_return_median:       77.1000
test_return_std:          29.8141	test_success_mean:         1.0000	
[INFO 05:03:13] my_main Updated target network
[INFO 05:04:07] my_main Recent Stats | t_env:    1646122 | Episode:   106503
consensus_fraction_mean:   1.0000	entropy_loss:              0.0008	ep_length_mean:           13.0380	episode_limit_mean:        0.0000
epsilon:                   0.0500	grad_norm:               264.8042	loss:                     60.2362	mi_loss:                   0.0260
q_taken_mean:              6.6109	return_mean:              54.9723	return_median:            68.2000	return_std:               45.2491
success_mean:              1.0000	target_mean:               6.6199	td_error_abs:              5.7930	test_consensus_fraction_mean:  1.0000
test_ep_length_mean:      10.0750	test_episode_limit_mean:   0.0000	test_return_mean:         68.1250	test_return_median:       77.1000
test_return_std:          29.8141	test_success_mean:         1.0000	
[INFO 05:05:01] my_main Updated target network
[INFO 05:05:24] my_main Recent Stats | t_env:    1648127 | Episode:   106643
consensus_fraction_mean:   1.0000	entropy_loss:              0.0008	ep_length_mean:           13.0380	episode_limit_mean:        0.0000
epsilon:                   0.0500	grad_norm:               264.8042	loss:                     60.2362	mi_loss:                   0.0260
q_taken_mean:              6.6109	return_mean:              54.9723	return_median:            68.2000	return_std:               45.2491
success_mean:              1.0000	target_mean:               6.6199	td_error_abs:              5.7930	test_consensus_fraction_mean:  1.0000
test_ep_length_mean:      10.0750	test_episode_limit_mean:   0.0000	test_return_mean:         68.1250	test_return_median:       77.1000
test_return_std:          29.8141	test_success_mean:         1.0000	
[INFO 05:06:41] my_main Recent Stats | t_env:    1650133 | Episode:   106787
consensus_fraction_mean:   1.0000	entropy_loss:              0.0008	ep_length_mean:           13.0380	episode_limit_mean:        0.0000
epsilon:                   0.0500	grad_norm:               264.8042	loss:                     60.2362	mi_loss:                   0.0260
q_taken_mean:              6.6109	return_mean:              54.9723	return_median:            68.2000	return_std:               45.2491
success_mean:              1.0000	target_mean:               6.6199	td_error_abs:              5.7930	test_consensus_fraction_mean:  1.0000
test_ep_length_mean:      10.0750	test_episode_limit_mean:   0.0000	test_return_mean:         68.1250	test_return_median:       77.1000
test_return_std:          29.8141	test_success_mean:         1.0000	
[INFO 05:06:49] my_main Updated target network
[INFO 05:08:04] my_main Recent Stats | t_env:    1652179 | Episode:   106943
consensus_fraction_mean:   1.0000	entropy_loss:              0.0008	ep_length_mean:           13.0380	episode_limit_mean:        0.0000
epsilon:                   0.0500	grad_norm:               264.8042	loss:                     60.2362	mi_loss:                   0.0260
q_taken_mean:              6.6109	return_mean:              54.9723	return_median:            68.2000	return_std:               45.2491
success_mean:              1.0000	target_mean:               6.6199	td_error_abs:              5.7930	test_consensus_fraction_mean:  1.0000
test_ep_length_mean:      10.0750	test_episode_limit_mean:   0.0000	test_return_mean:         68.1250	test_return_median:       77.1000
test_return_std:          29.8141	test_success_mean:         1.0000	
[INFO 05:08:27] my_main t_env: 1652717 / 2050000
[INFO 05:08:27] my_main Estimated time left: 4 hours, 23 minutes, 11 seconds. Time passed: 1 days, 3 hours, 4 minutes, 3 seconds
[INFO 05:08:38] my_main Updated target network
[INFO 05:09:32] my_main Recent Stats | t_env:    1654197 | Episode:   107100
consensus_fraction_mean:   1.0000	entropy_loss:              0.0008	ep_length_mean:           13.1854	episode_limit_mean:        0.0000
epsilon:                   0.0500	grad_norm:               264.8042	loss:                     60.2362	mi_loss:                   0.0260
q_taken_mean:              6.6109	return_mean:              54.4249	return_median:            67.6000	return_std:               45.4481
success_mean:              1.0000	target_mean:               6.6199	td_error_abs:              5.7930	test_consensus_fraction_mean:  1.0000
test_ep_length_mean:      10.1625	test_episode_limit_mean:   0.0000	test_return_mean:         66.6125	test_return_median:       76.4000
test_return_std:          31.9822	test_success_mean:         1.0000	
[INFO 05:10:25] my_main Updated target network
[INFO 05:10:53] my_main Recent Stats | t_env:    1656198 | Episode:   107253
consensus_fraction_mean:   1.0000	entropy_loss:              0.0008	ep_length_mean:           13.1854	episode_limit_mean:        0.0000
epsilon:                   0.0500	grad_norm:               254.4172	loss:                     57.5468	mi_loss:                   0.0260
q_taken_mean:              6.5435	return_mean:              54.4249	return_median:            67.6000	return_std:               45.4481
success_mean:              1.0000	target_mean:               6.5510	td_error_abs:              5.7086	test_consensus_fraction_mean:  1.0000
test_ep_length_mean:      10.1625	test_episode_limit_mean:   0.0000	test_return_mean:         66.6125	test_return_median:       76.4000
test_return_std:          31.9822	test_success_mean:         1.0000	
[INFO 05:12:07] my_main Recent Stats | t_env:    1658201 | Episode:   107393
consensus_fraction_mean:   1.0000	entropy_loss:              0.0008	ep_length_mean:           13.1854	episode_limit_mean:        0.0000
epsilon:                   0.0500	grad_norm:               254.4172	loss:                     57.5468	mi_loss:                   0.0260
q_taken_mean:              6.5435	return_mean:              54.4249	return_median:            67.6000	return_std:               45.4481
success_mean:              1.0000	target_mean:               6.5510	td_error_abs:              5.7086	test_consensus_fraction_mean:  1.0000
test_ep_length_mean:      10.1625	test_episode_limit_mean:   0.0000	test_return_mean:         66.6125	test_return_median:       76.4000
test_return_std:          31.9822	test_success_mean:         1.0000	
[INFO 05:12:11] my_main Updated target network
[INFO 05:13:34] my_main Recent Stats | t_env:    1660230 | Episode:   107555
consensus_fraction_mean:   1.0000	entropy_loss:              0.0008	ep_length_mean:           13.1854	episode_limit_mean:        0.0000
epsilon:                   0.0500	grad_norm:               254.4172	loss:                     57.5468	mi_loss:                   0.0260
q_taken_mean:              6.5435	return_mean:              54.4249	return_median:            67.6000	return_std:               45.4481
success_mean:              1.0000	target_mean:               6.5510	td_error_abs:              5.7086	test_consensus_fraction_mean:  1.0000
test_ep_length_mean:      10.1625	test_episode_limit_mean:   0.0000	test_return_mean:         66.6125	test_return_median:       76.4000
test_return_std:          31.9822	test_success_mean:         1.0000	
[INFO 05:13:57] my_main Updated target network
[INFO 05:15:03] my_main Recent Stats | t_env:    1662245 | Episode:   107724
consensus_fraction_mean:   1.0000	entropy_loss:              0.0008	ep_length_mean:           13.1854	episode_limit_mean:        0.0000
epsilon:                   0.0500	grad_norm:               254.4172	loss:                     57.5468	mi_loss:                   0.0260
q_taken_mean:              6.5435	return_mean:              54.4249	return_median:            67.6000	return_std:               45.4481
success_mean:              1.0000	target_mean:               6.5510	td_error_abs:              5.7086	test_consensus_fraction_mean:  1.0000
test_ep_length_mean:      10.1625	test_episode_limit_mean:   0.0000	test_return_mean:         66.6125	test_return_median:       76.4000
test_return_std:          31.9822	test_success_mean:         1.0000	
[INFO 05:15:26] my_main t_env: 1662720 / 2050000
[INFO 05:15:26] my_main Estimated time left: 4 hours, 30 minutes, 16 seconds. Time passed: 1 days, 3 hours, 11 minutes, 2 seconds
[INFO 05:15:46] my_main Updated target network
[INFO 05:16:27] my_main Recent Stats | t_env:    1664255 | Episode:   107882
consensus_fraction_mean:   1.0000	entropy_loss:              0.0008	ep_length_mean:           13.2022	episode_limit_mean:        0.0003
epsilon:                   0.0500	grad_norm:               254.4172	loss:                     57.5468	mi_loss:                   0.0260
q_taken_mean:              6.5435	return_mean:              54.4652	return_median:            67.8000	return_std:               45.6674
success_mean:              0.9997	target_mean:               6.5510	td_error_abs:              5.7086	test_consensus_fraction_mean:  1.0000
test_ep_length_mean:      11.0188	test_episode_limit_mean:   0.0000	test_return_mean:         64.1125	test_return_median:       75.0000
test_return_std:          34.1461	test_success_mean:         1.0000	
[INFO 05:17:32] my_main Updated target network
[INFO 05:17:45] my_main Recent Stats | t_env:    1666259 | Episode:   108024
consensus_fraction_mean:   1.0000	entropy_loss:              0.0008	ep_length_mean:           13.2022	episode_limit_mean:        0.0003
epsilon:                   0.0500	grad_norm:               248.7515	loss:                     56.5518	mi_loss:                   0.0261
q_taken_mean:              6.4222	return_mean:              54.4652	return_median:            67.8000	return_std:               45.6674
success_mean:              0.9997	target_mean:               6.4196	td_error_abs:              5.6775	test_consensus_fraction_mean:  1.0000
test_ep_length_mean:      11.0188	test_episode_limit_mean:   0.0000	test_return_mean:         64.1125	test_return_median:       75.0000
test_return_std:          34.1461	test_success_mean:         1.0000	
[INFO 05:19:07] my_main Recent Stats | t_env:    1668266 | Episode:   108183
consensus_fraction_mean:   1.0000	entropy_loss:              0.0008	ep_length_mean:           13.2022	episode_limit_mean:        0.0003
epsilon:                   0.0500	grad_norm:               248.7515	loss:                     56.5518	mi_loss:                   0.0261
q_taken_mean:              6.4222	return_mean:              54.4652	return_median:            67.8000	return_std:               45.6674
success_mean:              0.9997	target_mean:               6.4196	td_error_abs:              5.6775	test_consensus_fraction_mean:  1.0000
test_ep_length_mean:      11.0188	test_episode_limit_mean:   0.0000	test_return_mean:         64.1125	test_return_median:       75.0000
test_return_std:          34.1461	test_success_mean:         1.0000	
[INFO 05:19:16] my_main Updated target network
[INFO 05:20:32] my_main Recent Stats | t_env:    1670268 | Episode:   108348
consensus_fraction_mean:   1.0000	entropy_loss:              0.0008	ep_length_mean:           13.2022	episode_limit_mean:        0.0003
epsilon:                   0.0500	grad_norm:               248.7515	loss:                     56.5518	mi_loss:                   0.0261
q_taken_mean:              6.4222	return_mean:              54.4652	return_median:            67.8000	return_std:               45.6674
success_mean:              0.9997	target_mean:               6.4196	td_error_abs:              5.6775	test_consensus_fraction_mean:  1.0000
test_ep_length_mean:      11.0188	test_episode_limit_mean:   0.0000	test_return_mean:         64.1125	test_return_median:       75.0000
test_return_std:          34.1461	test_success_mean:         1.0000	
[INFO 05:21:01] my_main Updated target network
[INFO 05:21:54] my_main Recent Stats | t_env:    1672283 | Episode:   108498
consensus_fraction_mean:   1.0000	entropy_loss:              0.0008	ep_length_mean:           13.2022	episode_limit_mean:        0.0003
epsilon:                   0.0500	grad_norm:               248.7515	loss:                     56.5518	mi_loss:                   0.0261
q_taken_mean:              6.4222	return_mean:              54.4652	return_median:            67.8000	return_std:               45.6674
success_mean:              0.9997	target_mean:               6.4196	td_error_abs:              5.6775	test_consensus_fraction_mean:  1.0000
test_ep_length_mean:      11.0188	test_episode_limit_mean:   0.0000	test_return_mean:         64.1125	test_return_median:       75.0000
test_return_std:          34.1461	test_success_mean:         1.0000	
[INFO 05:22:09] my_main t_env: 1672740 / 2050000
[INFO 05:22:09] my_main Estimated time left: 4 hours, 13 minutes, 18 seconds. Time passed: 1 days, 3 hours, 17 minutes, 46 seconds
[INFO 05:22:52] my_main Updated target network
[INFO 05:23:16] my_main Recent Stats | t_env:    1674285 | Episode:   108646
consensus_fraction_mean:   1.0000	entropy_loss:              0.0008	ep_length_mean:           13.3266	episode_limit_mean:        0.0003
epsilon:                   0.0500	grad_norm:               248.7515	loss:                     56.5518	mi_loss:                   0.0261
q_taken_mean:              6.4222	return_mean:              53.8324	return_median:            67.6000	return_std:               46.6517
success_mean:              0.9997	target_mean:               6.4196	td_error_abs:              5.6775	test_consensus_fraction_mean:  1.0000
test_ep_length_mean:      11.2063	test_episode_limit_mean:   0.0000	test_return_mean:         63.8188	test_return_median:       75.8000
test_return_std:          37.9785	test_success_mean:         1.0000	
[INFO 05:24:34] my_main Recent Stats | t_env:    1676295 | Episode:   108795
consensus_fraction_mean:   1.0000	entropy_loss:              0.0008	ep_length_mean:           13.3266	episode_limit_mean:        0.0003
epsilon:                   0.0500	grad_norm:               254.4988	loss:                     58.3563	mi_loss:                   0.0264
q_taken_mean:              6.5419	return_mean:              53.8324	return_median:            67.6000	return_std:               46.6517
success_mean:              0.9997	target_mean:               6.5348	td_error_abs:              5.8177	test_consensus_fraction_mean:  1.0000
test_ep_length_mean:      11.2063	test_episode_limit_mean:   0.0000	test_return_mean:         63.8188	test_return_median:       75.8000
test_return_std:          37.9785	test_success_mean:         1.0000	
[INFO 05:24:38] my_main Updated target network
[INFO 05:25:54] my_main Recent Stats | t_env:    1678316 | Episode:   108947
consensus_fraction_mean:   1.0000	entropy_loss:              0.0008	ep_length_mean:           13.3266	episode_limit_mean:        0.0003
epsilon:                   0.0500	grad_norm:               254.4988	loss:                     58.3563	mi_loss:                   0.0264
q_taken_mean:              6.5419	return_mean:              53.8324	return_median:            67.6000	return_std:               46.6517
success_mean:              0.9997	target_mean:               6.5348	td_error_abs:              5.8177	test_consensus_fraction_mean:  1.0000
test_ep_length_mean:      11.2063	test_episode_limit_mean:   0.0000	test_return_mean:         63.8188	test_return_median:       75.8000
test_return_std:          37.9785	test_success_mean:         1.0000	
[INFO 05:26:24] my_main Updated target network
[INFO 05:27:18] my_main Recent Stats | t_env:    1680320 | Episode:   109098
consensus_fraction_mean:   1.0000	entropy_loss:              0.0008	ep_length_mean:           13.3266	episode_limit_mean:        0.0003
epsilon:                   0.0500	grad_norm:               254.4988	loss:                     58.3563	mi_loss:                   0.0264
q_taken_mean:              6.5419	return_mean:              53.8324	return_median:            67.6000	return_std:               46.6517
success_mean:              0.9997	target_mean:               6.5348	td_error_abs:              5.8177	test_consensus_fraction_mean:  1.0000
test_ep_length_mean:      11.2063	test_episode_limit_mean:   0.0000	test_return_mean:         63.8188	test_return_median:       75.8000
test_return_std:          37.9785	test_success_mean:         1.0000	
[INFO 05:28:14] my_main Updated target network
[INFO 05:28:39] my_main Recent Stats | t_env:    1682326 | Episode:   109248
consensus_fraction_mean:   1.0000	entropy_loss:              0.0008	ep_length_mean:           13.3266	episode_limit_mean:        0.0003
epsilon:                   0.0500	grad_norm:               254.4988	loss:                     58.3563	mi_loss:                   0.0264
q_taken_mean:              6.5419	return_mean:              53.8324	return_median:            67.6000	return_std:               46.6517
success_mean:              0.9997	target_mean:               6.5348	td_error_abs:              5.8177	test_consensus_fraction_mean:  1.0000
test_ep_length_mean:      11.2063	test_episode_limit_mean:   0.0000	test_return_mean:         63.8188	test_return_median:       75.8000
test_return_std:          37.9785	test_success_mean:         1.0000	
[INFO 05:28:56] my_main t_env: 1682757 / 2050000
[INFO 05:28:56] my_main Estimated time left: 4 hours, 8 minutes, 31 seconds. Time passed: 1 days, 3 hours, 24 minutes, 32 seconds
[INFO 05:29:58] my_main Recent Stats | t_env:    1684332 | Episode:   109393
consensus_fraction_mean:   1.0000	entropy_loss:              0.0008	ep_length_mean:           13.1980	episode_limit_mean:        0.0003
epsilon:                   0.0500	grad_norm:               254.4988	loss:                     58.3563	mi_loss:                   0.0264
q_taken_mean:              6.5419	return_mean:              54.8168	return_median:            67.9000	return_std:               44.3553
success_mean:              0.9997	target_mean:               6.5348	td_error_abs:              5.8177	test_consensus_fraction_mean:  1.0000
test_ep_length_mean:      11.1625	test_episode_limit_mean:   0.0000	test_return_mean:         63.7125	test_return_median:       73.9000
test_return_std:          38.1033	test_success_mean:         1.0000	
[INFO 05:30:02] my_main Updated target network
[INFO 05:31:22] my_main Recent Stats | t_env:    1686343 | Episode:   109549
consensus_fraction_mean:   1.0000	entropy_loss:              0.0008	ep_length_mean:           13.1980	episode_limit_mean:        0.0003
epsilon:                   0.0500	grad_norm:               251.7610	loss:                     56.8003	mi_loss:                   0.0264
q_taken_mean:              6.6070	return_mean:              54.8168	return_median:            67.9000	return_std:               44.3553
success_mean:              0.9997	target_mean:               6.5952	td_error_abs:              5.7796	test_consensus_fraction_mean:  1.0000
test_ep_length_mean:      11.1625	test_episode_limit_mean:   0.0000	test_return_mean:         63.7125	test_return_median:       73.9000
test_return_std:          38.1033	test_success_mean:         1.0000	
[INFO 05:31:50] my_main Updated target network
[INFO 05:32:45] my_main Recent Stats | t_env:    1688355 | Episode:   109704
consensus_fraction_mean:   1.0000	entropy_loss:              0.0008	ep_length_mean:           13.1980	episode_limit_mean:        0.0003
epsilon:                   0.0500	grad_norm:               251.7610	loss:                     56.8003	mi_loss:                   0.0264
q_taken_mean:              6.6070	return_mean:              54.8168	return_median:            67.9000	return_std:               44.3553
success_mean:              0.9997	target_mean:               6.5952	td_error_abs:              5.7796	test_consensus_fraction_mean:  1.0000
test_ep_length_mean:      11.1625	test_episode_limit_mean:   0.0000	test_return_mean:         63.7125	test_return_median:       73.9000
test_return_std:          38.1033	test_success_mean:         1.0000	
[INFO 05:33:35] my_main Updated target network
[INFO 05:34:06] my_main Recent Stats | t_env:    1690356 | Episode:   109857
consensus_fraction_mean:   1.0000	entropy_loss:              0.0008	ep_length_mean:           13.1980	episode_limit_mean:        0.0003
epsilon:                   0.0500	grad_norm:               251.7610	loss:                     56.8003	mi_loss:                   0.0264
q_taken_mean:              6.6070	return_mean:              54.8168	return_median:            67.9000	return_std:               44.3553
success_mean:              0.9997	target_mean:               6.5952	td_error_abs:              5.7796	test_consensus_fraction_mean:  1.0000
test_ep_length_mean:      11.1625	test_episode_limit_mean:   0.0000	test_return_mean:         63.7125	test_return_median:       73.9000
test_return_std:          38.1033	test_success_mean:         1.0000	
[INFO 05:35:23] my_main Updated target network
[INFO 05:35:25] my_main Recent Stats | t_env:    1692360 | Episode:   110004
consensus_fraction_mean:   1.0000	entropy_loss:              0.0008	ep_length_mean:           13.1980	episode_limit_mean:        0.0003
epsilon:                   0.0500	grad_norm:               251.7610	loss:                     56.8003	mi_loss:                   0.0264
q_taken_mean:              6.6070	return_mean:              54.8168	return_median:            67.9000	return_std:               44.3553
success_mean:              0.9997	target_mean:               6.5952	td_error_abs:              5.7796	test_consensus_fraction_mean:  1.0000
test_ep_length_mean:      11.1625	test_episode_limit_mean:   0.0000	test_return_mean:         63.7125	test_return_median:       73.9000
test_return_std:          38.1033	test_success_mean:         1.0000	
[INFO 05:35:44] my_main t_env: 1692765 / 2050000
[INFO 05:35:44] my_main Estimated time left: 4 hours, 2 minutes, 30 seconds. Time passed: 1 days, 3 hours, 31 minutes, 20 seconds
[INFO 05:36:53] my_main Recent Stats | t_env:    1694369 | Episode:   110170
consensus_fraction_mean:   1.0000	entropy_loss:              0.0008	ep_length_mean:           13.2350	episode_limit_mean:        0.0003
epsilon:                   0.0500	grad_norm:               251.7610	loss:                     56.8003	mi_loss:                   0.0264
q_taken_mean:              6.6070	return_mean:              54.9912	return_median:            67.9000	return_std:               43.9784
success_mean:              0.9997	target_mean:               6.5952	td_error_abs:              5.7796	test_consensus_fraction_mean:  1.0000
test_ep_length_mean:      10.7000	test_episode_limit_mean:   0.0000	test_return_mean:         65.7750	test_return_median:       75.0000
test_return_std:          32.6010	test_success_mean:         1.0000	
[INFO 05:37:10] my_main Updated target network
[INFO 05:38:09] my_main Recent Stats | t_env:    1696373 | Episode:   110313
consensus_fraction_mean:   1.0000	entropy_loss:              0.0007	ep_length_mean:           13.2350	episode_limit_mean:        0.0003
epsilon:                   0.0500	grad_norm:               251.2380	loss:                     53.8207	mi_loss:                   0.0265
q_taken_mean:              6.5777	return_mean:              54.9912	return_median:            67.9000	return_std:               43.9784
success_mean:              0.9997	target_mean:               6.5882	td_error_abs:              5.6402	test_consensus_fraction_mean:  1.0000
test_ep_length_mean:      10.7000	test_episode_limit_mean:   0.0000	test_return_mean:         65.7750	test_return_median:       75.0000
test_return_std:          32.6010	test_success_mean:         1.0000	
[INFO 05:38:57] my_main Updated target network
[INFO 05:39:40] my_main Recent Stats | t_env:    1698386 | Episode:   110481
consensus_fraction_mean:   1.0000	entropy_loss:              0.0007	ep_length_mean:           13.2350	episode_limit_mean:        0.0003
epsilon:                   0.0500	grad_norm:               251.2380	loss:                     53.8207	mi_loss:                   0.0265
q_taken_mean:              6.5777	return_mean:              54.9912	return_median:            67.9000	return_std:               43.9784
success_mean:              0.9997	target_mean:               6.5882	td_error_abs:              5.6402	test_consensus_fraction_mean:  1.0000
test_ep_length_mean:      10.7000	test_episode_limit_mean:   0.0000	test_return_mean:         65.7750	test_return_median:       75.0000
test_return_std:          32.6010	test_success_mean:         1.0000	
[INFO 05:40:44] my_main Updated target network
[INFO 05:40:59] my_main Recent Stats | t_env:    1700396 | Episode:   110631
consensus_fraction_mean:   1.0000	entropy_loss:              0.0007	ep_length_mean:           13.2350	episode_limit_mean:        0.0003
epsilon:                   0.0500	grad_norm:               251.2380	loss:                     53.8207	mi_loss:                   0.0265
q_taken_mean:              6.5777	return_mean:              54.9912	return_median:            67.9000	return_std:               43.9784
success_mean:              0.9997	target_mean:               6.5882	td_error_abs:              5.6402	test_consensus_fraction_mean:  1.0000
test_ep_length_mean:      10.7000	test_episode_limit_mean:   0.0000	test_return_mean:         65.7750	test_return_median:       75.0000
test_return_std:          32.6010	test_success_mean:         1.0000	
[INFO 05:42:20] my_main Recent Stats | t_env:    1702422 | Episode:   110787
consensus_fraction_mean:   1.0000	entropy_loss:              0.0007	ep_length_mean:           13.2350	episode_limit_mean:        0.0003
epsilon:                   0.0500	grad_norm:               251.2380	loss:                     53.8207	mi_loss:                   0.0265
q_taken_mean:              6.5777	return_mean:              54.9912	return_median:            67.9000	return_std:               43.9784
success_mean:              0.9997	target_mean:               6.5882	td_error_abs:              5.6402	test_consensus_fraction_mean:  1.0000
test_ep_length_mean:      10.7000	test_episode_limit_mean:   0.0000	test_return_mean:         65.7750	test_return_median:       75.0000
test_return_std:          32.6010	test_success_mean:         1.0000	
[INFO 05:42:27] my_main Updated target network
[INFO 05:42:33] my_main t_env: 1702768 / 2050000
[INFO 05:42:33] my_main Estimated time left: 3 hours, 56 minutes, 46 seconds. Time passed: 1 days, 3 hours, 38 minutes, 9 seconds
[INFO 05:43:43] my_main Recent Stats | t_env:    1704438 | Episode:   110941
consensus_fraction_mean:   0.9999	entropy_loss:              0.0007	ep_length_mean:           13.0842	episode_limit_mean:        0.0005
epsilon:                   0.0500	grad_norm:               251.2380	loss:                     53.8207	mi_loss:                   0.0265
q_taken_mean:              6.5777	return_mean:              55.6669	return_median:            68.5000	return_std:               43.8729
success_mean:              0.9995	target_mean:               6.5882	td_error_abs:              5.6402	test_consensus_fraction_mean:  1.0000
test_ep_length_mean:      10.8438	test_episode_limit_mean:   0.0000	test_return_mean:         66.0875	test_return_median:       74.5000
test_return_std:          31.5491	test_success_mean:         1.0000	
[INFO 05:44:14] my_main Updated target network
[INFO 05:45:07] my_main Recent Stats | t_env:    1706446 | Episode:   111102
consensus_fraction_mean:   0.9999	entropy_loss:              0.0007	ep_length_mean:           13.0842	episode_limit_mean:        0.0005
epsilon:                   0.0500	grad_norm:               241.9445	loss:                     51.1466	mi_loss:                   0.0267
q_taken_mean:              6.6116	return_mean:              55.6669	return_median:            68.5000	return_std:               43.8729
success_mean:              0.9995	target_mean:               6.6541	td_error_abs:              5.4256	test_consensus_fraction_mean:  1.0000
test_ep_length_mean:      10.8438	test_episode_limit_mean:   0.0000	test_return_mean:         66.0875	test_return_median:       74.5000
test_return_std:          31.5491	test_success_mean:         1.0000	
[INFO 05:45:58] my_main Updated target network
[INFO 05:46:30] my_main Recent Stats | t_env:    1708463 | Episode:   111259
consensus_fraction_mean:   0.9999	entropy_loss:              0.0007	ep_length_mean:           13.0842	episode_limit_mean:        0.0005
epsilon:                   0.0500	grad_norm:               241.9445	loss:                     51.1466	mi_loss:                   0.0267
q_taken_mean:              6.6116	return_mean:              55.6669	return_median:            68.5000	return_std:               43.8729
success_mean:              0.9995	target_mean:               6.6541	td_error_abs:              5.4256	test_consensus_fraction_mean:  1.0000
test_ep_length_mean:      10.8438	test_episode_limit_mean:   0.0000	test_return_mean:         66.0875	test_return_median:       74.5000
test_return_std:          31.5491	test_success_mean:         1.0000	
[INFO 05:47:44] my_main Updated target network
[INFO 05:47:57] my_main Recent Stats | t_env:    1710498 | Episode:   111424
consensus_fraction_mean:   0.9999	entropy_loss:              0.0007	ep_length_mean:           13.0842	episode_limit_mean:        0.0005
epsilon:                   0.0500	grad_norm:               241.9445	loss:                     51.1466	mi_loss:                   0.0267
q_taken_mean:              6.6116	return_mean:              55.6669	return_median:            68.5000	return_std:               43.8729
success_mean:              0.9995	target_mean:               6.6541	td_error_abs:              5.4256	test_consensus_fraction_mean:  1.0000
test_ep_length_mean:      10.8438	test_episode_limit_mean:   0.0000	test_return_mean:         66.0875	test_return_median:       74.5000
test_return_std:          31.5491	test_success_mean:         1.0000	
[INFO 05:49:15] my_main Recent Stats | t_env:    1712499 | Episode:   111579
consensus_fraction_mean:   0.9999	entropy_loss:              0.0007	ep_length_mean:           13.0842	episode_limit_mean:        0.0005
epsilon:                   0.0500	grad_norm:               241.9445	loss:                     51.1466	mi_loss:                   0.0267
q_taken_mean:              6.6116	return_mean:              55.6669	return_median:            68.5000	return_std:               43.8729
success_mean:              0.9995	target_mean:               6.6541	td_error_abs:              5.4256	test_consensus_fraction_mean:  1.0000
test_ep_length_mean:      10.8438	test_episode_limit_mean:   0.0000	test_return_mean:         66.0875	test_return_median:       74.5000
test_return_std:          31.5491	test_success_mean:         1.0000	
[INFO 05:49:24] my_main t_env: 1712768 / 2050000
[INFO 05:49:24] my_main Estimated time left: 3 hours, 51 minutes, 4 seconds. Time passed: 1 days, 3 hours, 45 minutes, 0 seconds
[INFO 05:49:29] my_main Updated target network
[INFO 05:50:38] my_main Recent Stats | t_env:    1714501 | Episode:   111730
consensus_fraction_mean:   0.9999	entropy_loss:              0.0007	ep_length_mean:           13.0736	episode_limit_mean:        0.0003
epsilon:                   0.0500	grad_norm:               241.9445	loss:                     51.1466	mi_loss:                   0.0267
q_taken_mean:              6.6116	return_mean:              55.7031	return_median:            68.3000	return_std:               43.2243
success_mean:              0.9997	target_mean:               6.6541	td_error_abs:              5.4256	test_consensus_fraction_mean:  1.0000
test_ep_length_mean:      11.0750	test_episode_limit_mean:   0.0000	test_return_mean:         65.3312	test_return_median:       74.7000
test_return_std:          32.8742	test_success_mean:         1.0000	
[INFO 05:51:14] my_main Updated target network
[INFO 05:51:56] my_main Recent Stats | t_env:    1716506 | Episode:   111883
consensus_fraction_mean:   0.9999	entropy_loss:              0.0007	ep_length_mean:           13.0736	episode_limit_mean:        0.0003
epsilon:                   0.0500	grad_norm:               248.6726	loss:                     52.3173	mi_loss:                   0.0266
q_taken_mean:              6.6230	return_mean:              55.7031	return_median:            68.3000	return_std:               43.2243
success_mean:              0.9997	target_mean:               6.6704	td_error_abs:              5.4522	test_consensus_fraction_mean:  1.0000
test_ep_length_mean:      11.0750	test_episode_limit_mean:   0.0000	test_return_mean:         65.3312	test_return_median:       74.7000
test_return_std:          32.8742	test_success_mean:         1.0000	
[INFO 05:52:59] my_main Updated target network
[INFO 05:53:14] my_main Recent Stats | t_env:    1718506 | Episode:   112031
consensus_fraction_mean:   0.9999	entropy_loss:              0.0007	ep_length_mean:           13.0736	episode_limit_mean:        0.0003
epsilon:                   0.0500	grad_norm:               248.6726	loss:                     52.3173	mi_loss:                   0.0266
q_taken_mean:              6.6230	return_mean:              55.7031	return_median:            68.3000	return_std:               43.2243
success_mean:              0.9997	target_mean:               6.6704	td_error_abs:              5.4522	test_consensus_fraction_mean:  1.0000
test_ep_length_mean:      11.0750	test_episode_limit_mean:   0.0000	test_return_mean:         65.3312	test_return_median:       74.7000
test_return_std:          32.8742	test_success_mean:         1.0000	
[INFO 05:54:35] my_main Recent Stats | t_env:    1720518 | Episode:   112177
consensus_fraction_mean:   0.9999	entropy_loss:              0.0007	ep_length_mean:           13.0736	episode_limit_mean:        0.0003
epsilon:                   0.0500	grad_norm:               248.6726	loss:                     52.3173	mi_loss:                   0.0266
q_taken_mean:              6.6230	return_mean:              55.7031	return_median:            68.3000	return_std:               43.2243
success_mean:              0.9997	target_mean:               6.6704	td_error_abs:              5.4522	test_consensus_fraction_mean:  1.0000
test_ep_length_mean:      11.0750	test_episode_limit_mean:   0.0000	test_return_mean:         65.3312	test_return_median:       74.7000
test_return_std:          32.8742	test_success_mean:         1.0000	
[INFO 05:54:48] my_main Updated target network
[INFO 05:55:50] my_main Recent Stats | t_env:    1722533 | Episode:   112318
consensus_fraction_mean:   0.9999	entropy_loss:              0.0007	ep_length_mean:           13.0736	episode_limit_mean:        0.0003
epsilon:                   0.0500	grad_norm:               248.6726	loss:                     52.3173	mi_loss:                   0.0266
q_taken_mean:              6.6230	return_mean:              55.7031	return_median:            68.3000	return_std:               43.2243
success_mean:              0.9997	target_mean:               6.6704	td_error_abs:              5.4522	test_consensus_fraction_mean:  1.0000
test_ep_length_mean:      11.0750	test_episode_limit_mean:   0.0000	test_return_mean:         65.3312	test_return_median:       74.7000
test_return_std:          32.8742	test_success_mean:         1.0000	
[INFO 05:56:00] my_main t_env: 1722774 / 2050000
[INFO 05:56:00] my_main Estimated time left: 3 hours, 35 minutes, 51 seconds. Time passed: 1 days, 3 hours, 51 minutes, 36 seconds
[INFO 05:56:36] my_main Updated target network
[INFO 05:57:13] my_main Recent Stats | t_env:    1724551 | Episode:   112471
consensus_fraction_mean:   0.9998	entropy_loss:              0.0007	ep_length_mean:           13.1409	episode_limit_mean:        0.0005
epsilon:                   0.0500	grad_norm:               248.6726	loss:                     52.3173	mi_loss:                   0.0266
q_taken_mean:              6.6230	return_mean:              55.5380	return_median:            68.1000	return_std:               42.9014
success_mean:              0.9995	target_mean:               6.6704	td_error_abs:              5.4522	test_consensus_fraction_mean:  1.0000
test_ep_length_mean:      11.4812	test_episode_limit_mean:   0.0000	test_return_mean:         63.9125	test_return_median:       72.8000
test_return_std:          30.8746	test_success_mean:         1.0000	
[INFO 05:58:23] my_main Updated target network
[INFO 05:58:34] my_main Recent Stats | t_env:    1726562 | Episode:   112622
consensus_fraction_mean:   0.9998	entropy_loss:              0.0007	ep_length_mean:           13.1409	episode_limit_mean:        0.0005
epsilon:                   0.0500	grad_norm:               247.4056	loss:                     50.0716	mi_loss:                   0.0264
q_taken_mean:              6.4410	return_mean:              55.5380	return_median:            68.1000	return_std:               42.9014
success_mean:              0.9995	target_mean:               6.4928	td_error_abs:              5.2953	test_consensus_fraction_mean:  1.0000
test_ep_length_mean:      11.4812	test_episode_limit_mean:   0.0000	test_return_mean:         63.9125	test_return_median:       72.8000
test_return_std:          30.8746	test_success_mean:         1.0000	
[INFO 05:59:57] my_main Recent Stats | t_env:    1728568 | Episode:   112779
consensus_fraction_mean:   0.9998	entropy_loss:              0.0007	ep_length_mean:           13.1409	episode_limit_mean:        0.0005
epsilon:                   0.0500	grad_norm:               247.4056	loss:                     50.0716	mi_loss:                   0.0264
q_taken_mean:              6.4410	return_mean:              55.5380	return_median:            68.1000	return_std:               42.9014
success_mean:              0.9995	target_mean:               6.4928	td_error_abs:              5.2953	test_consensus_fraction_mean:  1.0000
test_ep_length_mean:      11.4812	test_episode_limit_mean:   0.0000	test_return_mean:         63.9125	test_return_median:       72.8000
test_return_std:          30.8746	test_success_mean:         1.0000	
[INFO 06:00:09] my_main Updated target network
[INFO 06:01:16] my_main Recent Stats | t_env:    1730569 | Episode:   112929
consensus_fraction_mean:   0.9998	entropy_loss:              0.0007	ep_length_mean:           13.1409	episode_limit_mean:        0.0005
epsilon:                   0.0500	grad_norm:               247.4056	loss:                     50.0716	mi_loss:                   0.0264
q_taken_mean:              6.4410	return_mean:              55.5380	return_median:            68.1000	return_std:               42.9014
success_mean:              0.9995	target_mean:               6.4928	td_error_abs:              5.2953	test_consensus_fraction_mean:  1.0000
test_ep_length_mean:      11.4812	test_episode_limit_mean:   0.0000	test_return_mean:         63.9125	test_return_median:       72.8000
test_return_std:          30.8746	test_success_mean:         1.0000	
[INFO 06:01:53] my_main Updated target network
[INFO 06:02:26] my_main Recent Stats | t_env:    1732580 | Episode:   113066
consensus_fraction_mean:   0.9998	entropy_loss:              0.0007	ep_length_mean:           13.1409	episode_limit_mean:        0.0005
epsilon:                   0.0500	grad_norm:               247.4056	loss:                     50.0716	mi_loss:                   0.0264
q_taken_mean:              6.4410	return_mean:              55.5380	return_median:            68.1000	return_std:               42.9014
success_mean:              0.9995	target_mean:               6.4928	td_error_abs:              5.2953	test_consensus_fraction_mean:  1.0000
test_ep_length_mean:      11.4812	test_episode_limit_mean:   0.0000	test_return_mean:         63.9125	test_return_median:       72.8000
test_return_std:          30.8746	test_success_mean:         1.0000	
[INFO 06:02:34] my_main t_env: 1732788 / 2050000
[INFO 06:02:34] my_main Estimated time left: 3 hours, 28 minutes, 10 seconds. Time passed: 1 days, 3 hours, 58 minutes, 11 seconds
[INFO 06:03:40] my_main Updated target network
[INFO 06:03:42] my_main Recent Stats | t_env:    1734593 | Episode:   113205
consensus_fraction_mean:   0.9998	entropy_loss:              0.0007	ep_length_mean:           13.1615	episode_limit_mean:        0.0005
epsilon:                   0.0500	grad_norm:               247.4056	loss:                     50.0716	mi_loss:                   0.0264
q_taken_mean:              6.4410	return_mean:              55.3832	return_median:            68.3000	return_std:               43.9086
success_mean:              0.9995	target_mean:               6.4928	td_error_abs:              5.2953	test_consensus_fraction_mean:  1.0000
test_ep_length_mean:      11.4625	test_episode_limit_mean:   0.0000	test_return_mean:         64.0125	test_return_median:       73.4000
test_return_std:          30.7508	test_success_mean:         1.0000	
[INFO 06:05:03] my_main Recent Stats | t_env:    1736596 | Episode:   113366
consensus_fraction_mean:   0.9998	entropy_loss:              0.0007	ep_length_mean:           13.1615	episode_limit_mean:        0.0005
epsilon:                   0.0500	grad_norm:               256.2475	loss:                     51.0706	mi_loss:                   0.0264
q_taken_mean:              6.3689	return_mean:              55.3832	return_median:            68.3000	return_std:               43.9086
success_mean:              0.9995	target_mean:               6.4396	td_error_abs:              5.2908	test_consensus_fraction_mean:  1.0000
test_ep_length_mean:      11.4625	test_episode_limit_mean:   0.0000	test_return_mean:         64.0125	test_return_median:       73.4000
test_return_std:          30.7508	test_success_mean:         1.0000	
[INFO 06:05:21] my_main Updated target network
[INFO 06:06:18] my_main Recent Stats | t_env:    1738604 | Episode:   113507
consensus_fraction_mean:   0.9998	entropy_loss:              0.0007	ep_length_mean:           13.1615	episode_limit_mean:        0.0005
epsilon:                   0.0500	grad_norm:               256.2475	loss:                     51.0706	mi_loss:                   0.0264
q_taken_mean:              6.3689	return_mean:              55.3832	return_median:            68.3000	return_std:               43.9086
success_mean:              0.9995	target_mean:               6.4396	td_error_abs:              5.2908	test_consensus_fraction_mean:  1.0000
test_ep_length_mean:      11.4625	test_episode_limit_mean:   0.0000	test_return_mean:         64.0125	test_return_median:       73.4000
test_return_std:          30.7508	test_success_mean:         1.0000	
[INFO 06:07:08] my_main Updated target network
[INFO 06:07:35] my_main Recent Stats | t_env:    1740605 | Episode:   113648
consensus_fraction_mean:   0.9998	entropy_loss:              0.0007	ep_length_mean:           13.1615	episode_limit_mean:        0.0005
epsilon:                   0.0500	grad_norm:               256.2475	loss:                     51.0706	mi_loss:                   0.0264
q_taken_mean:              6.3689	return_mean:              55.3832	return_median:            68.3000	return_std:               43.9086
success_mean:              0.9995	target_mean:               6.4396	td_error_abs:              5.2908	test_consensus_fraction_mean:  1.0000
test_ep_length_mean:      11.4625	test_episode_limit_mean:   0.0000	test_return_mean:         64.0125	test_return_median:       73.4000
test_return_std:          30.7508	test_success_mean:         1.0000	
[INFO 06:09:01] my_main Updated target network
[INFO 06:09:05] my_main Recent Stats | t_env:    1742620 | Episode:   113809
consensus_fraction_mean:   0.9998	entropy_loss:              0.0007	ep_length_mean:           13.1615	episode_limit_mean:        0.0005
epsilon:                   0.0500	grad_norm:               256.2475	loss:                     51.0706	mi_loss:                   0.0264
q_taken_mean:              6.3689	return_mean:              55.3832	return_median:            68.3000	return_std:               43.9086
success_mean:              0.9995	target_mean:               6.4396	td_error_abs:              5.2908	test_consensus_fraction_mean:  1.0000
test_ep_length_mean:      11.4625	test_episode_limit_mean:   0.0000	test_return_mean:         64.0125	test_return_median:       73.4000
test_return_std:          30.7508	test_success_mean:         1.0000	
[INFO 06:09:13] my_main t_env: 1742806 / 2050000
[INFO 06:09:13] my_main Estimated time left: 3 hours, 23 minutes, 54 seconds. Time passed: 1 days, 4 hours, 4 minutes, 50 seconds
[INFO 06:10:40] my_main Recent Stats | t_env:    1744633 | Episode:   113982
consensus_fraction_mean:   0.9998	entropy_loss:              0.0007	ep_length_mean:           13.2281	episode_limit_mean:        0.0005
epsilon:                   0.0500	grad_norm:               256.2475	loss:                     51.0706	mi_loss:                   0.0264
q_taken_mean:              6.3689	return_mean:              55.2672	return_median:            68.3000	return_std:               43.3389
success_mean:              0.9995	target_mean:               6.4396	td_error_abs:              5.2908	test_consensus_fraction_mean:  1.0000
test_ep_length_mean:      11.6500	test_episode_limit_mean:   0.0000	test_return_mean:         63.6000	test_return_median:       72.9000
test_return_std:          31.4918	test_success_mean:         1.0000	
[INFO 06:10:50] my_main Updated target network
[INFO 06:12:01] my_main Recent Stats | t_env:    1746665 | Episode:   114128
consensus_fraction_mean:   0.9998	entropy_loss:              0.0007	ep_length_mean:           13.2281	episode_limit_mean:        0.0005
epsilon:                   0.0500	grad_norm:               235.9118	loss:                     49.0406	mi_loss:                   0.0263
q_taken_mean:              6.4086	return_mean:              55.2672	return_median:            68.3000	return_std:               43.3389
success_mean:              0.9995	target_mean:               6.4617	td_error_abs:              5.1624	test_consensus_fraction_mean:  1.0000
test_ep_length_mean:      11.6500	test_episode_limit_mean:   0.0000	test_return_mean:         63.6000	test_return_median:       72.9000
test_return_std:          31.4918	test_success_mean:         1.0000	
[INFO 06:12:39] my_main Updated target network
[INFO 06:13:23] my_main Recent Stats | t_env:    1748667 | Episode:   114284
consensus_fraction_mean:   0.9998	entropy_loss:              0.0007	ep_length_mean:           13.2281	episode_limit_mean:        0.0005
epsilon:                   0.0500	grad_norm:               235.9118	loss:                     49.0406	mi_loss:                   0.0263
q_taken_mean:              6.4086	return_mean:              55.2672	return_median:            68.3000	return_std:               43.3389
success_mean:              0.9995	target_mean:               6.4617	td_error_abs:              5.1624	test_consensus_fraction_mean:  1.0000
test_ep_length_mean:      11.6500	test_episode_limit_mean:   0.0000	test_return_mean:         63.6000	test_return_median:       72.9000
test_return_std:          31.4918	test_success_mean:         1.0000	
[INFO 06:14:24] my_main Updated target network
[INFO 06:14:41] my_main Recent Stats | t_env:    1750688 | Episode:   114431
consensus_fraction_mean:   0.9998	entropy_loss:              0.0007	ep_length_mean:           13.2281	episode_limit_mean:        0.0005
epsilon:                   0.0500	grad_norm:               235.9118	loss:                     49.0406	mi_loss:                   0.0263
q_taken_mean:              6.4086	return_mean:              55.2672	return_median:            68.3000	return_std:               43.3389
success_mean:              0.9995	target_mean:               6.4617	td_error_abs:              5.1624	test_consensus_fraction_mean:  1.0000
test_ep_length_mean:      11.6500	test_episode_limit_mean:   0.0000	test_return_mean:         63.6000	test_return_median:       72.9000
test_return_std:          31.4918	test_success_mean:         1.0000	
[INFO 06:15:56] my_main Recent Stats | t_env:    1752689 | Episode:   114565
consensus_fraction_mean:   0.9998	entropy_loss:              0.0007	ep_length_mean:           13.2281	episode_limit_mean:        0.0005
epsilon:                   0.0500	grad_norm:               235.9118	loss:                     49.0406	mi_loss:                   0.0263
q_taken_mean:              6.4086	return_mean:              55.2672	return_median:            68.3000	return_std:               43.3389
success_mean:              0.9995	target_mean:               6.4617	td_error_abs:              5.1624	test_consensus_fraction_mean:  1.0000
test_ep_length_mean:      11.6500	test_episode_limit_mean:   0.0000	test_return_mean:         63.6000	test_return_median:       72.9000
test_return_std:          31.4918	test_success_mean:         1.0000	
[INFO 06:16:01] my_main t_env: 1752812 / 2050000
[INFO 06:16:01] my_main Estimated time left: 3 hours, 21 minutes, 34 seconds. Time passed: 1 days, 4 hours, 11 minutes, 37 seconds
[INFO 06:16:16] my_main Updated target network
[INFO 06:17:14] my_main Recent Stats | t_env:    1754689 | Episode:   114709
consensus_fraction_mean:   0.9999	entropy_loss:              0.0007	ep_length_mean:           13.3085	episode_limit_mean:        0.0003
epsilon:                   0.0500	grad_norm:               235.9118	loss:                     49.0406	mi_loss:                   0.0263
q_taken_mean:              6.4086	return_mean:              55.2613	return_median:            68.1000	return_std:               42.9424
success_mean:              0.9997	target_mean:               6.4617	td_error_abs:              5.1624	test_consensus_fraction_mean:  1.0000
test_ep_length_mean:      11.4563	test_episode_limit_mean:   0.0000	test_return_mean:         63.9375	test_return_median:       73.1000
test_return_std:          31.5809	test_success_mean:         1.0000	
[INFO 06:18:03] my_main Updated target network
[INFO 06:18:34] my_main Recent Stats | t_env:    1756700 | Episode:   114860
consensus_fraction_mean:   0.9999	entropy_loss:              0.0007	ep_length_mean:           13.3085	episode_limit_mean:        0.0003
epsilon:                   0.0500	grad_norm:               243.7093	loss:                     51.5946	mi_loss:                   0.0264
q_taken_mean:              6.4763	return_mean:              55.2613	return_median:            68.1000	return_std:               42.9424
success_mean:              0.9997	target_mean:               6.4985	td_error_abs:              5.3652	test_consensus_fraction_mean:  1.0000
test_ep_length_mean:      11.4563	test_episode_limit_mean:   0.0000	test_return_mean:         63.9375	test_return_median:       73.1000
test_return_std:          31.5809	test_success_mean:         1.0000	
[INFO 06:19:52] my_main Updated target network
[INFO 06:19:59] my_main Recent Stats | t_env:    1758716 | Episode:   115014
consensus_fraction_mean:   0.9999	entropy_loss:              0.0007	ep_length_mean:           13.3085	episode_limit_mean:        0.0003
epsilon:                   0.0500	grad_norm:               243.7093	loss:                     51.5946	mi_loss:                   0.0264
q_taken_mean:              6.4763	return_mean:              55.2613	return_median:            68.1000	return_std:               42.9424
success_mean:              0.9997	target_mean:               6.4985	td_error_abs:              5.3652	test_consensus_fraction_mean:  1.0000
test_ep_length_mean:      11.4563	test_episode_limit_mean:   0.0000	test_return_mean:         63.9375	test_return_median:       73.1000
test_return_std:          31.5809	test_success_mean:         1.0000	
[INFO 06:21:24] my_main Recent Stats | t_env:    1760716 | Episode:   115176
consensus_fraction_mean:   0.9999	entropy_loss:              0.0007	ep_length_mean:           13.3085	episode_limit_mean:        0.0003
epsilon:                   0.0500	grad_norm:               243.7093	loss:                     51.5946	mi_loss:                   0.0264
q_taken_mean:              6.4763	return_mean:              55.2613	return_median:            68.1000	return_std:               42.9424
success_mean:              0.9997	target_mean:               6.4985	td_error_abs:              5.3652	test_consensus_fraction_mean:  1.0000
test_ep_length_mean:      11.4563	test_episode_limit_mean:   0.0000	test_return_mean:         63.9375	test_return_median:       73.1000
test_return_std:          31.5809	test_success_mean:         1.0000	
[INFO 06:21:38] my_main Updated target network
[INFO 06:22:48] my_main Recent Stats | t_env:    1762721 | Episode:   115328
consensus_fraction_mean:   0.9999	entropy_loss:              0.0007	ep_length_mean:           13.3085	episode_limit_mean:        0.0003
epsilon:                   0.0500	grad_norm:               243.7093	loss:                     51.5946	mi_loss:                   0.0264
q_taken_mean:              6.4763	return_mean:              55.2613	return_median:            68.1000	return_std:               42.9424
success_mean:              0.9997	target_mean:               6.4985	td_error_abs:              5.3652	test_consensus_fraction_mean:  1.0000
test_ep_length_mean:      11.4563	test_episode_limit_mean:   0.0000	test_return_mean:         63.9375	test_return_median:       73.1000
test_return_std:          31.5809	test_success_mean:         1.0000	
[INFO 06:22:50] my_main t_env: 1762861 / 2050000
[INFO 06:22:50] my_main Estimated time left: 3 hours, 14 minutes, 58 seconds. Time passed: 1 days, 4 hours, 18 minutes, 26 seconds
[INFO 06:23:31] my_main Updated target network
[INFO 06:24:17] my_main Recent Stats | t_env:    1764723 | Episode:   115489
consensus_fraction_mean:   0.9999	entropy_loss:              0.0007	ep_length_mean:           13.4089	episode_limit_mean:        0.0003
epsilon:                   0.0500	grad_norm:               243.7093	loss:                     51.5946	mi_loss:                   0.0264
q_taken_mean:              6.4763	return_mean:              55.0632	return_median:            67.9000	return_std:               43.1925
success_mean:              0.9997	target_mean:               6.4985	td_error_abs:              5.3652	test_consensus_fraction_mean:  1.0000
test_ep_length_mean:      11.4125	test_episode_limit_mean:   0.0000	test_return_mean:         63.8563	test_return_median:       70.9000
test_return_std:          30.0616	test_success_mean:         1.0000	
[INFO 06:25:19] my_main Updated target network
[INFO 06:25:44] my_main Recent Stats | t_env:    1766736 | Episode:   115648
consensus_fraction_mean:   0.9999	entropy_loss:              0.0007	ep_length_mean:           13.4089	episode_limit_mean:        0.0003
epsilon:                   0.0500	grad_norm:               271.5641	loss:                     51.6100	mi_loss:                   0.0265
q_taken_mean:              6.4734	return_mean:              55.0632	return_median:            67.9000	return_std:               43.1925
success_mean:              0.9997	target_mean:               6.4658	td_error_abs:              5.4094	test_consensus_fraction_mean:  1.0000
test_ep_length_mean:      11.4125	test_episode_limit_mean:   0.0000	test_return_mean:         63.8563	test_return_median:       70.9000
test_return_std:          30.0616	test_success_mean:         1.0000	
[INFO 06:27:01] my_main Updated target network
[INFO 06:27:05] my_main Recent Stats | t_env:    1768741 | Episode:   115808
consensus_fraction_mean:   0.9999	entropy_loss:              0.0007	ep_length_mean:           13.4089	episode_limit_mean:        0.0003
epsilon:                   0.0500	grad_norm:               271.5641	loss:                     51.6100	mi_loss:                   0.0265
q_taken_mean:              6.4734	return_mean:              55.0632	return_median:            67.9000	return_std:               43.1925
success_mean:              0.9997	target_mean:               6.4658	td_error_abs:              5.4094	test_consensus_fraction_mean:  1.0000
test_ep_length_mean:      11.4125	test_episode_limit_mean:   0.0000	test_return_mean:         63.8563	test_return_median:       70.9000
test_return_std:          30.0616	test_success_mean:         1.0000	
[INFO 06:28:28] my_main Recent Stats | t_env:    1770754 | Episode:   115969
consensus_fraction_mean:   0.9999	entropy_loss:              0.0007	ep_length_mean:           13.4089	episode_limit_mean:        0.0003
epsilon:                   0.0500	grad_norm:               271.5641	loss:                     51.6100	mi_loss:                   0.0265
q_taken_mean:              6.4734	return_mean:              55.0632	return_median:            67.9000	return_std:               43.1925
success_mean:              0.9997	target_mean:               6.4658	td_error_abs:              5.4094	test_consensus_fraction_mean:  1.0000
test_ep_length_mean:      11.4125	test_episode_limit_mean:   0.0000	test_return_mean:         63.8563	test_return_median:       70.9000
test_return_std:          30.0616	test_success_mean:         1.0000	
[INFO 06:28:46] my_main Updated target network
[INFO 06:29:48] my_main Recent Stats | t_env:    1772755 | Episode:   116119
consensus_fraction_mean:   0.9999	entropy_loss:              0.0007	ep_length_mean:           13.4089	episode_limit_mean:        0.0003
epsilon:                   0.0500	grad_norm:               271.5641	loss:                     51.6100	mi_loss:                   0.0265
q_taken_mean:              6.4734	return_mean:              55.0632	return_median:            67.9000	return_std:               43.1925
success_mean:              0.9997	target_mean:               6.4658	td_error_abs:              5.4094	test_consensus_fraction_mean:  1.0000
test_ep_length_mean:      11.4125	test_episode_limit_mean:   0.0000	test_return_mean:         63.8563	test_return_median:       70.9000
test_return_std:          30.0616	test_success_mean:         1.0000	
[INFO 06:29:54] my_main t_env: 1772865 / 2050000
[INFO 06:29:54] my_main Estimated time left: 3 hours, 15 minutes, 47 seconds. Time passed: 1 days, 4 hours, 25 minutes, 30 seconds
[INFO 06:30:34] my_main Updated target network
[INFO 06:31:20] my_main Recent Stats | t_env:    1774767 | Episode:   116290
consensus_fraction_mean:   1.0000	entropy_loss:              0.0007	ep_length_mean:           13.2155	episode_limit_mean:        0.0000
epsilon:                   0.0500	grad_norm:               271.5641	loss:                     51.6100	mi_loss:                   0.0265
q_taken_mean:              6.4734	return_mean:              56.0240	return_median:            68.5000	return_std:               42.6383
success_mean:              1.0000	target_mean:               6.4658	td_error_abs:              5.4094	test_consensus_fraction_mean:  1.0000
test_ep_length_mean:      11.1812	test_episode_limit_mean:   0.0000	test_return_mean:         64.4813	test_return_median:       72.8000
test_return_std:          31.6871	test_success_mean:         1.0000	
[INFO 06:32:21] my_main Updated target network
[INFO 06:32:48] my_main Recent Stats | t_env:    1776770 | Episode:   116452
consensus_fraction_mean:   1.0000	entropy_loss:              0.0007	ep_length_mean:           13.2155	episode_limit_mean:        0.0000
epsilon:                   0.0500	grad_norm:               256.4816	loss:                     52.5598	mi_loss:                   0.0267
q_taken_mean:              6.4534	return_mean:              56.0240	return_median:            68.5000	return_std:               42.6383
success_mean:              1.0000	target_mean:               6.4108	td_error_abs:              5.4875	test_consensus_fraction_mean:  1.0000
test_ep_length_mean:      11.1812	test_episode_limit_mean:   0.0000	test_return_mean:         64.4813	test_return_median:       72.8000
test_return_std:          31.6871	test_success_mean:         1.0000	
[INFO 06:34:06] my_main Updated target network
[INFO 06:34:10] my_main Recent Stats | t_env:    1778774 | Episode:   116607
consensus_fraction_mean:   1.0000	entropy_loss:              0.0007	ep_length_mean:           13.2155	episode_limit_mean:        0.0000
epsilon:                   0.0500	grad_norm:               256.4816	loss:                     52.5598	mi_loss:                   0.0267
q_taken_mean:              6.4534	return_mean:              56.0240	return_median:            68.5000	return_std:               42.6383
success_mean:              1.0000	target_mean:               6.4108	td_error_abs:              5.4875	test_consensus_fraction_mean:  1.0000
test_ep_length_mean:      11.1812	test_episode_limit_mean:   0.0000	test_return_mean:         64.4813	test_return_median:       72.8000
test_return_std:          31.6871	test_success_mean:         1.0000	
[INFO 06:35:27] my_main Recent Stats | t_env:    1780779 | Episode:   116746
consensus_fraction_mean:   1.0000	entropy_loss:              0.0007	ep_length_mean:           13.2155	episode_limit_mean:        0.0000
epsilon:                   0.0500	grad_norm:               256.4816	loss:                     52.5598	mi_loss:                   0.0267
q_taken_mean:              6.4534	return_mean:              56.0240	return_median:            68.5000	return_std:               42.6383
success_mean:              1.0000	target_mean:               6.4108	td_error_abs:              5.4875	test_consensus_fraction_mean:  1.0000
test_ep_length_mean:      11.1812	test_episode_limit_mean:   0.0000	test_return_mean:         64.4813	test_return_median:       72.8000
test_return_std:          31.6871	test_success_mean:         1.0000	
[INFO 06:35:57] my_main Updated target network
[INFO 06:36:48] my_main Recent Stats | t_env:    1782780 | Episode:   116897
consensus_fraction_mean:   1.0000	entropy_loss:              0.0007	ep_length_mean:           13.2155	episode_limit_mean:        0.0000
epsilon:                   0.0500	grad_norm:               256.4816	loss:                     52.5598	mi_loss:                   0.0267
q_taken_mean:              6.4534	return_mean:              56.0240	return_median:            68.5000	return_std:               42.6383
success_mean:              1.0000	target_mean:               6.4108	td_error_abs:              5.4875	test_consensus_fraction_mean:  1.0000
test_ep_length_mean:      11.1812	test_episode_limit_mean:   0.0000	test_return_mean:         64.4813	test_return_median:       72.8000
test_return_std:          31.6871	test_success_mean:         1.0000	
[INFO 06:36:53] my_main t_env: 1782875 / 2050000
[INFO 06:36:53] my_main Estimated time left: 3 hours, 6 minutes, 13 seconds. Time passed: 1 days, 4 hours, 32 minutes, 29 seconds
[INFO 06:37:49] my_main Updated target network
[INFO 06:38:07] my_main Recent Stats | t_env:    1784784 | Episode:   117036
consensus_fraction_mean:   1.0000	entropy_loss:              0.0007	ep_length_mean:           13.1074	episode_limit_mean:        0.0003
epsilon:                   0.0500	grad_norm:               256.4816	loss:                     52.5598	mi_loss:                   0.0267
q_taken_mean:              6.4534	return_mean:              56.6042	return_median:            69.0000	return_std:               42.2697
success_mean:              0.9997	target_mean:               6.4108	td_error_abs:              5.4875	test_consensus_fraction_mean:  1.0000
test_ep_length_mean:      11.3062	test_episode_limit_mean:   0.0000	test_return_mean:         63.2625	test_return_median:       74.1000
test_return_std:          34.3891	test_success_mean:         1.0000	
[INFO 06:39:25] my_main Recent Stats | t_env:    1786784 | Episode:   117184
consensus_fraction_mean:   1.0000	entropy_loss:              0.0007	ep_length_mean:           13.1074	episode_limit_mean:        0.0003
epsilon:                   0.0500	grad_norm:               250.5801	loss:                     51.6592	mi_loss:                   0.0267
q_taken_mean:              6.4843	return_mean:              56.6042	return_median:            69.0000	return_std:               42.2697
success_mean:              0.9997	target_mean:               6.4250	td_error_abs:              5.4627	test_consensus_fraction_mean:  1.0000
test_ep_length_mean:      11.3062	test_episode_limit_mean:   0.0000	test_return_mean:         63.2625	test_return_median:       74.1000
test_return_std:          34.3891	test_success_mean:         1.0000	
[INFO 06:39:35] my_main Updated target network
[INFO 06:40:45] my_main Recent Stats | t_env:    1788792 | Episode:   117327
consensus_fraction_mean:   1.0000	entropy_loss:              0.0007	ep_length_mean:           13.1074	episode_limit_mean:        0.0003
epsilon:                   0.0500	grad_norm:               250.5801	loss:                     51.6592	mi_loss:                   0.0267
q_taken_mean:              6.4843	return_mean:              56.6042	return_median:            69.0000	return_std:               42.2697
success_mean:              0.9997	target_mean:               6.4250	td_error_abs:              5.4627	test_consensus_fraction_mean:  1.0000
test_ep_length_mean:      11.3062	test_episode_limit_mean:   0.0000	test_return_mean:         63.2625	test_return_median:       74.1000
test_return_std:          34.3891	test_success_mean:         1.0000	
[INFO 06:41:24] my_main Updated target network
[INFO 06:42:07] my_main Recent Stats | t_env:    1790803 | Episode:   117480
consensus_fraction_mean:   1.0000	entropy_loss:              0.0007	ep_length_mean:           13.1074	episode_limit_mean:        0.0003
epsilon:                   0.0500	grad_norm:               250.5801	loss:                     51.6592	mi_loss:                   0.0267
q_taken_mean:              6.4843	return_mean:              56.6042	return_median:            69.0000	return_std:               42.2697
success_mean:              0.9997	target_mean:               6.4250	td_error_abs:              5.4627	test_consensus_fraction_mean:  1.0000
test_ep_length_mean:      11.3062	test_episode_limit_mean:   0.0000	test_return_mean:         63.2625	test_return_median:       74.1000
test_return_std:          34.3891	test_success_mean:         1.0000	
[INFO 06:43:18] my_main Updated target network
[INFO 06:43:30] my_main Recent Stats | t_env:    1792803 | Episode:   117623
consensus_fraction_mean:   1.0000	entropy_loss:              0.0007	ep_length_mean:           13.1074	episode_limit_mean:        0.0003
epsilon:                   0.0500	grad_norm:               250.5801	loss:                     51.6592	mi_loss:                   0.0267
q_taken_mean:              6.4843	return_mean:              56.6042	return_median:            69.0000	return_std:               42.2697
success_mean:              0.9997	target_mean:               6.4250	td_error_abs:              5.4627	test_consensus_fraction_mean:  1.0000
test_ep_length_mean:      11.3062	test_episode_limit_mean:   0.0000	test_return_mean:         63.2625	test_return_median:       74.1000
test_return_std:          34.3891	test_success_mean:         1.0000	
[INFO 06:43:34] my_main t_env: 1792882 / 2050000
[INFO 06:43:34] my_main Estimated time left: 2 hours, 51 minutes, 41 seconds. Time passed: 1 days, 4 hours, 39 minutes, 10 seconds
[INFO 06:45:00] my_main Recent Stats | t_env:    1794815 | Episode:   117789
consensus_fraction_mean:   1.0000	entropy_loss:              0.0007	ep_length_mean:           13.1715	episode_limit_mean:        0.0003
epsilon:                   0.0500	grad_norm:               250.5801	loss:                     51.6592	mi_loss:                   0.0267
q_taken_mean:              6.4843	return_mean:              56.2943	return_median:            68.6000	return_std:               42.5897
success_mean:              0.9997	target_mean:               6.4250	td_error_abs:              5.4627	test_consensus_fraction_mean:  1.0000
test_ep_length_mean:      11.1187	test_episode_limit_mean:   0.0000	test_return_mean:         64.3063	test_return_median:       75.3000
test_return_std:          34.2670	test_success_mean:         1.0000	
[INFO 06:45:07] my_main Updated target network
[INFO 06:46:26] my_main Recent Stats | t_env:    1796822 | Episode:   117950
consensus_fraction_mean:   1.0000	entropy_loss:              0.0007	ep_length_mean:           13.1715	episode_limit_mean:        0.0003
epsilon:                   0.0500	grad_norm:               273.3331	loss:                     56.2348	mi_loss:                   0.0268
q_taken_mean:              6.4759	return_mean:              56.2943	return_median:            68.6000	return_std:               42.5897
success_mean:              0.9997	target_mean:               6.4112	td_error_abs:              5.6870	test_consensus_fraction_mean:  1.0000
test_ep_length_mean:      11.1187	test_episode_limit_mean:   0.0000	test_return_mean:         64.3063	test_return_median:       75.3000
test_return_std:          34.2670	test_success_mean:         1.0000	
[INFO 06:46:54] my_main Updated target network
[INFO 06:47:54] my_main Recent Stats | t_env:    1798822 | Episode:   118114
consensus_fraction_mean:   1.0000	entropy_loss:              0.0007	ep_length_mean:           13.1715	episode_limit_mean:        0.0003
epsilon:                   0.0500	grad_norm:               273.3331	loss:                     56.2348	mi_loss:                   0.0268
q_taken_mean:              6.4759	return_mean:              56.2943	return_median:            68.6000	return_std:               42.5897
success_mean:              0.9997	target_mean:               6.4112	td_error_abs:              5.6870	test_consensus_fraction_mean:  1.0000
test_ep_length_mean:      11.1187	test_episode_limit_mean:   0.0000	test_return_mean:         64.3063	test_return_median:       75.3000
test_return_std:          34.2670	test_success_mean:         1.0000	
[INFO 06:48:39] my_main Updated target network
[INFO 06:49:17] my_main Recent Stats | t_env:    1800824 | Episode:   118274
consensus_fraction_mean:   1.0000	entropy_loss:              0.0007	ep_length_mean:           13.1715	episode_limit_mean:        0.0003
epsilon:                   0.0500	grad_norm:               273.3331	loss:                     56.2348	mi_loss:                   0.0268
q_taken_mean:              6.4759	return_mean:              56.2943	return_median:            68.6000	return_std:               42.5897
success_mean:              0.9997	target_mean:               6.4112	td_error_abs:              5.6870	test_consensus_fraction_mean:  1.0000
test_ep_length_mean:      11.1187	test_episode_limit_mean:   0.0000	test_return_mean:         64.3063	test_return_median:       75.3000
test_return_std:          34.2670	test_success_mean:         1.0000	
[INFO 06:50:28] my_main Updated target network
[INFO 06:50:39] my_main Recent Stats | t_env:    1802847 | Episode:   118422
consensus_fraction_mean:   1.0000	entropy_loss:              0.0007	ep_length_mean:           13.1715	episode_limit_mean:        0.0003
epsilon:                   0.0500	grad_norm:               273.3331	loss:                     56.2348	mi_loss:                   0.0268
q_taken_mean:              6.4759	return_mean:              56.2943	return_median:            68.6000	return_std:               42.5897
success_mean:              0.9997	target_mean:               6.4112	td_error_abs:              5.6870	test_consensus_fraction_mean:  1.0000
test_ep_length_mean:      11.1187	test_episode_limit_mean:   0.0000	test_return_mean:         64.3063	test_return_median:       75.3000
test_return_std:          34.2670	test_success_mean:         1.0000	
[INFO 06:50:41] my_main t_env: 1802882 / 2050000
[INFO 06:50:41] my_main Estimated time left: 2 hours, 55 minutes, 55 seconds. Time passed: 1 days, 4 hours, 46 minutes, 17 seconds
[INFO 06:52:01] my_main Recent Stats | t_env:    1804852 | Episode:   118574
consensus_fraction_mean:   1.0000	entropy_loss:              0.0007	ep_length_mean:           13.0091	episode_limit_mean:        0.0003
epsilon:                   0.0500	grad_norm:               273.3331	loss:                     56.2348	mi_loss:                   0.0268
q_taken_mean:              6.4759	return_mean:              56.6534	return_median:            69.0000	return_std:               42.2399
success_mean:              0.9997	target_mean:               6.4112	td_error_abs:              5.6870	test_consensus_fraction_mean:  1.0000
test_ep_length_mean:      11.8062	test_episode_limit_mean:   0.0000	test_return_mean:         62.5312	test_return_median:       75.8000
test_return_std:          37.7798	test_success_mean:         1.0000	
[INFO 06:52:15] my_main Updated target network
[INFO 06:53:27] my_main Recent Stats | t_env:    1806854 | Episode:   118736
consensus_fraction_mean:   1.0000	entropy_loss:              0.0008	ep_length_mean:           13.0091	episode_limit_mean:        0.0003
epsilon:                   0.0500	grad_norm:               278.6073	loss:                     57.3078	mi_loss:                   0.0267
q_taken_mean:              6.3388	return_mean:              56.6534	return_median:            69.0000	return_std:               42.2399
success_mean:              0.9997	target_mean:               6.2711	td_error_abs:              5.7210	test_consensus_fraction_mean:  1.0000
test_ep_length_mean:      11.8062	test_episode_limit_mean:   0.0000	test_return_mean:         62.5312	test_return_median:       75.8000
test_return_std:          37.7798	test_success_mean:         1.0000	
[INFO 06:54:03] my_main Updated target network
[INFO 06:54:57] my_main Recent Stats | t_env:    1808873 | Episode:   118901
consensus_fraction_mean:   1.0000	entropy_loss:              0.0008	ep_length_mean:           13.0091	episode_limit_mean:        0.0003
epsilon:                   0.0500	grad_norm:               278.6073	loss:                     57.3078	mi_loss:                   0.0267
q_taken_mean:              6.3388	return_mean:              56.6534	return_median:            69.0000	return_std:               42.2399
success_mean:              0.9997	target_mean:               6.2711	td_error_abs:              5.7210	test_consensus_fraction_mean:  1.0000
test_ep_length_mean:      11.8062	test_episode_limit_mean:   0.0000	test_return_mean:         62.5312	test_return_median:       75.8000
test_return_std:          37.7798	test_success_mean:         1.0000	
[INFO 06:55:51] my_main Updated target network
[INFO 06:56:17] my_main Recent Stats | t_env:    1810907 | Episode:   119049
consensus_fraction_mean:   1.0000	entropy_loss:              0.0008	ep_length_mean:           13.0091	episode_limit_mean:        0.0003
epsilon:                   0.0500	grad_norm:               278.6073	loss:                     57.3078	mi_loss:                   0.0267
q_taken_mean:              6.3388	return_mean:              56.6534	return_median:            69.0000	return_std:               42.2399
success_mean:              0.9997	target_mean:               6.2711	td_error_abs:              5.7210	test_consensus_fraction_mean:  1.0000
test_ep_length_mean:      11.8062	test_episode_limit_mean:   0.0000	test_return_mean:         62.5312	test_return_median:       75.8000
test_return_std:          37.7798	test_success_mean:         1.0000	
[INFO 06:57:37] my_main Updated target network
[INFO 06:57:45] my_main t_env: 1812892 / 2050000
[INFO 06:57:45] my_main Estimated time left: 2 hours, 47 minutes, 23 seconds. Time passed: 1 days, 4 hours, 53 minutes, 21 seconds
[INFO 06:57:47] my_main Recent Stats | t_env:    1812914 | Episode:   119216
consensus_fraction_mean:   1.0000	entropy_loss:              0.0008	ep_length_mean:           12.8982	episode_limit_mean:        0.0003
epsilon:                   0.0500	grad_norm:               278.6073	loss:                     57.3078	mi_loss:                   0.0267
q_taken_mean:              6.3388	return_mean:              56.7798	return_median:            69.0000	return_std:               42.7210
success_mean:              0.9997	target_mean:               6.2711	td_error_abs:              5.7210	test_consensus_fraction_mean:  1.0000
test_ep_length_mean:      11.1125	test_episode_limit_mean:   0.0000	test_return_mean:         65.6125	test_return_median:       79.2000
test_return_std:          36.0037	test_success_mean:         1.0000	
[INFO 06:59:10] my_main Recent Stats | t_env:    1814922 | Episode:   119367
consensus_fraction_mean:   1.0000	entropy_loss:              0.0008	ep_length_mean:           12.8982	episode_limit_mean:        0.0003
epsilon:                   0.0500	grad_norm:               278.6073	loss:                     57.3078	mi_loss:                   0.0267
q_taken_mean:              6.3388	return_mean:              56.7798	return_median:            69.0000	return_std:               42.7210
success_mean:              0.9997	target_mean:               6.2711	td_error_abs:              5.7210	test_consensus_fraction_mean:  1.0000
test_ep_length_mean:      11.1125	test_episode_limit_mean:   0.0000	test_return_mean:         65.6125	test_return_median:       79.2000
test_return_std:          36.0037	test_success_mean:         1.0000	
[INFO 06:59:27] my_main Updated target network
[INFO 07:00:25] my_main Recent Stats | t_env:    1816922 | Episode:   119512
consensus_fraction_mean:   1.0000	entropy_loss:              0.0008	ep_length_mean:           12.8982	episode_limit_mean:        0.0003
epsilon:                   0.0500	grad_norm:               272.2402	loss:                     55.5202	mi_loss:                   0.0269
q_taken_mean:              6.4386	return_mean:              56.7798	return_median:            69.0000	return_std:               42.7210
success_mean:              0.9997	target_mean:               6.4234	td_error_abs:              5.5722	test_consensus_fraction_mean:  1.0000
test_ep_length_mean:      11.1125	test_episode_limit_mean:   0.0000	test_return_mean:         65.6125	test_return_median:       79.2000
test_return_std:          36.0037	test_success_mean:         1.0000	
[INFO 07:01:13] my_main Updated target network
[INFO 07:01:51] my_main Recent Stats | t_env:    1818922 | Episode:   119672
consensus_fraction_mean:   1.0000	entropy_loss:              0.0008	ep_length_mean:           12.8982	episode_limit_mean:        0.0003
epsilon:                   0.0500	grad_norm:               272.2402	loss:                     55.5202	mi_loss:                   0.0269
q_taken_mean:              6.4386	return_mean:              56.7798	return_median:            69.0000	return_std:               42.7210
success_mean:              0.9997	target_mean:               6.4234	td_error_abs:              5.5722	test_consensus_fraction_mean:  1.0000
test_ep_length_mean:      11.1125	test_episode_limit_mean:   0.0000	test_return_mean:         65.6125	test_return_median:       79.2000
test_return_std:          36.0037	test_success_mean:         1.0000	
[INFO 07:03:00] my_main Updated target network
[INFO 07:03:16] my_main Recent Stats | t_env:    1820932 | Episode:   119830
consensus_fraction_mean:   1.0000	entropy_loss:              0.0008	ep_length_mean:           12.8982	episode_limit_mean:        0.0003
epsilon:                   0.0500	grad_norm:               272.2402	loss:                     55.5202	mi_loss:                   0.0269
q_taken_mean:              6.4386	return_mean:              56.7798	return_median:            69.0000	return_std:               42.7210
success_mean:              0.9997	target_mean:               6.4234	td_error_abs:              5.5722	test_consensus_fraction_mean:  1.0000
test_ep_length_mean:      11.1125	test_episode_limit_mean:   0.0000	test_return_mean:         65.6125	test_return_median:       79.2000
test_return_std:          36.0037	test_success_mean:         1.0000	
[INFO 07:04:39] my_main t_env: 1822892 / 2050000
[INFO 07:04:39] my_main Estimated time left: 2 hours, 36 minutes, 49 seconds. Time passed: 1 days, 5 hours, 15 seconds
[INFO 07:04:43] my_main Recent Stats | t_env:    1822940 | Episode:   119990
consensus_fraction_mean:   1.0000	entropy_loss:              0.0008	ep_length_mean:           12.9884	episode_limit_mean:        0.0003
epsilon:                   0.0500	grad_norm:               272.2402	loss:                     55.5202	mi_loss:                   0.0269
q_taken_mean:              6.4386	return_mean:              56.1776	return_median:            68.6000	return_std:               43.2731
success_mean:              0.9997	target_mean:               6.4234	td_error_abs:              5.5722	test_consensus_fraction_mean:  1.0000
test_ep_length_mean:      10.6125	test_episode_limit_mean:   0.0000	test_return_mean:         67.4750	test_return_median:       79.4000
test_return_std:          33.1051	test_success_mean:         1.0000	
[INFO 07:04:48] my_main Updated target network
[INFO 07:05:55] my_main Recent Stats | t_env:    1824957 | Episode:   120125
consensus_fraction_mean:   1.0000	entropy_loss:              0.0008	ep_length_mean:           12.9884	episode_limit_mean:        0.0003
epsilon:                   0.0500	grad_norm:               272.2402	loss:                     55.5202	mi_loss:                   0.0269
q_taken_mean:              6.4386	return_mean:              56.1776	return_median:            68.6000	return_std:               43.2731
success_mean:              0.9997	target_mean:               6.4234	td_error_abs:              5.5722	test_consensus_fraction_mean:  1.0000
test_ep_length_mean:      10.6125	test_episode_limit_mean:   0.0000	test_return_mean:         67.4750	test_return_median:       79.4000
test_return_std:          33.1051	test_success_mean:         1.0000	
[INFO 07:06:34] my_main Updated target network
[INFO 07:07:19] my_main Recent Stats | t_env:    1826990 | Episode:   120282
consensus_fraction_mean:   1.0000	entropy_loss:              0.0008	ep_length_mean:           12.9884	episode_limit_mean:        0.0003
epsilon:                   0.0500	grad_norm:               261.4378	loss:                     55.3622	mi_loss:                   0.0269
q_taken_mean:              6.5462	return_mean:              56.1776	return_median:            68.6000	return_std:               43.2731
success_mean:              0.9997	target_mean:               6.5464	td_error_abs:              5.5454	test_consensus_fraction_mean:  1.0000
test_ep_length_mean:      10.6125	test_episode_limit_mean:   0.0000	test_return_mean:         67.4750	test_return_median:       79.4000
test_return_std:          33.1051	test_success_mean:         1.0000	
[INFO 07:08:25] my_main Updated target network
[INFO 07:08:47] my_main Recent Stats | t_env:    1828990 | Episode:   120441
consensus_fraction_mean:   1.0000	entropy_loss:              0.0008	ep_length_mean:           12.9884	episode_limit_mean:        0.0003
epsilon:                   0.0500	grad_norm:               261.4378	loss:                     55.3622	mi_loss:                   0.0269
q_taken_mean:              6.5462	return_mean:              56.1776	return_median:            68.6000	return_std:               43.2731
success_mean:              0.9997	target_mean:               6.5464	td_error_abs:              5.5454	test_consensus_fraction_mean:  1.0000
test_ep_length_mean:      10.6125	test_episode_limit_mean:   0.0000	test_return_mean:         67.4750	test_return_median:       79.4000
test_return_std:          33.1051	test_success_mean:         1.0000	
[INFO 07:10:00] my_main Recent Stats | t_env:    1831007 | Episode:   120573
consensus_fraction_mean:   1.0000	entropy_loss:              0.0008	ep_length_mean:           12.9884	episode_limit_mean:        0.0003
epsilon:                   0.0500	grad_norm:               261.4378	loss:                     55.3622	mi_loss:                   0.0269
q_taken_mean:              6.5462	return_mean:              56.1776	return_median:            68.6000	return_std:               43.2731
success_mean:              0.9997	target_mean:               6.5464	td_error_abs:              5.5454	test_consensus_fraction_mean:  1.0000
test_ep_length_mean:      10.6125	test_episode_limit_mean:   0.0000	test_return_mean:         67.4750	test_return_median:       79.4000
test_return_std:          33.1051	test_success_mean:         1.0000	
[INFO 07:10:16] my_main Updated target network
[INFO 07:11:07] my_main t_env: 1832900 / 2050000
[INFO 07:11:07] my_main Estimated time left: 2 hours, 20 minutes, 19 seconds. Time passed: 1 days, 5 hours, 6 minutes, 44 seconds
[INFO 07:11:14] my_main Recent Stats | t_env:    1833017 | Episode:   120702
consensus_fraction_mean:   1.0000	entropy_loss:              0.0008	ep_length_mean:           13.2429	episode_limit_mean:        0.0000
epsilon:                   0.0500	grad_norm:               261.4378	loss:                     55.3622	mi_loss:                   0.0269
q_taken_mean:              6.5462	return_mean:              54.9394	return_median:            67.6000	return_std:               43.8762
success_mean:              1.0000	target_mean:               6.5464	td_error_abs:              5.5454	test_consensus_fraction_mean:  1.0000
test_ep_length_mean:      10.3438	test_episode_limit_mean:   0.0000	test_return_mean:         69.1500	test_return_median:       80.0000
test_return_std:          31.3807	test_success_mean:         1.0000	
[INFO 07:12:07] my_main Updated target network
[INFO 07:12:34] my_main Recent Stats | t_env:    1835047 | Episode:   120849
consensus_fraction_mean:   1.0000	entropy_loss:              0.0008	ep_length_mean:           13.2429	episode_limit_mean:        0.0000
epsilon:                   0.0500	grad_norm:               261.4378	loss:                     55.3622	mi_loss:                   0.0269
q_taken_mean:              6.5462	return_mean:              54.9394	return_median:            67.6000	return_std:               43.8762
success_mean:              1.0000	target_mean:               6.5464	td_error_abs:              5.5454	test_consensus_fraction_mean:  1.0000
test_ep_length_mean:      10.3438	test_episode_limit_mean:   0.0000	test_return_mean:         69.1500	test_return_median:       80.0000
test_return_std:          31.3807	test_success_mean:         1.0000	
[INFO 07:13:55] my_main Recent Stats | t_env:    1837059 | Episode:   120999
consensus_fraction_mean:   1.0000	entropy_loss:              0.0008	ep_length_mean:           13.2429	episode_limit_mean:        0.0000
epsilon:                   0.0500	grad_norm:               279.4974	loss:                     56.6676	mi_loss:                   0.0270
q_taken_mean:              6.5594	return_mean:              54.9394	return_median:            67.6000	return_std:               43.8762
success_mean:              1.0000	target_mean:               6.5827	td_error_abs:              5.6052	test_consensus_fraction_mean:  1.0000
test_ep_length_mean:      10.3438	test_episode_limit_mean:   0.0000	test_return_mean:         69.1500	test_return_median:       80.0000
test_return_std:          31.3807	test_success_mean:         1.0000	
[INFO 07:13:56] my_main Updated target network
[INFO 07:15:17] my_main Recent Stats | t_env:    1839063 | Episode:   121151
consensus_fraction_mean:   1.0000	entropy_loss:              0.0008	ep_length_mean:           13.2429	episode_limit_mean:        0.0000
epsilon:                   0.0500	grad_norm:               279.4974	loss:                     56.6676	mi_loss:                   0.0270
q_taken_mean:              6.5594	return_mean:              54.9394	return_median:            67.6000	return_std:               43.8762
success_mean:              1.0000	target_mean:               6.5827	td_error_abs:              5.6052	test_consensus_fraction_mean:  1.0000
test_ep_length_mean:      10.3438	test_episode_limit_mean:   0.0000	test_return_mean:         69.1500	test_return_median:       80.0000
test_return_std:          31.3807	test_success_mean:         1.0000	
[INFO 07:15:45] my_main Updated target network
[INFO 07:16:44] my_main Recent Stats | t_env:    1841095 | Episode:   121308
consensus_fraction_mean:   1.0000	entropy_loss:              0.0008	ep_length_mean:           13.2429	episode_limit_mean:        0.0000
epsilon:                   0.0500	grad_norm:               279.4974	loss:                     56.6676	mi_loss:                   0.0270
q_taken_mean:              6.5594	return_mean:              54.9394	return_median:            67.6000	return_std:               43.8762
success_mean:              1.0000	target_mean:               6.5827	td_error_abs:              5.6052	test_consensus_fraction_mean:  1.0000
test_ep_length_mean:      10.3438	test_episode_limit_mean:   0.0000	test_return_mean:         69.1500	test_return_median:       80.0000
test_return_std:          31.3807	test_success_mean:         1.0000	
[INFO 07:17:37] my_main Updated target network
[INFO 07:17:54] my_main t_env: 1842919 / 2050000
[INFO 07:17:54] my_main Estimated time left: 2 hours, 20 minutes, 6 seconds. Time passed: 1 days, 5 hours, 13 minutes, 30 seconds
[INFO 07:18:03] my_main Recent Stats | t_env:    1843095 | Episode:   121443
consensus_fraction_mean:   1.0000	entropy_loss:              0.0008	ep_length_mean:           13.1827	episode_limit_mean:        0.0000
epsilon:                   0.0500	grad_norm:               279.4974	loss:                     56.6676	mi_loss:                   0.0270
q_taken_mean:              6.5594	return_mean:              55.0474	return_median:            68.2000	return_std:               44.2394
success_mean:              1.0000	target_mean:               6.5827	td_error_abs:              5.6052	test_consensus_fraction_mean:  1.0000
test_ep_length_mean:      10.3438	test_episode_limit_mean:   0.0000	test_return_mean:         68.9625	test_return_median:       79.6000
test_return_std:          30.9619	test_success_mean:         1.0000	
[INFO 07:19:23] my_main Recent Stats | t_env:    1845097 | Episode:   121584
consensus_fraction_mean:   1.0000	entropy_loss:              0.0008	ep_length_mean:           13.1827	episode_limit_mean:        0.0000
epsilon:                   0.0500	grad_norm:               279.4974	loss:                     56.6676	mi_loss:                   0.0270
q_taken_mean:              6.5594	return_mean:              55.0474	return_median:            68.2000	return_std:               44.2394
success_mean:              1.0000	target_mean:               6.5827	td_error_abs:              5.6052	test_consensus_fraction_mean:  1.0000
test_ep_length_mean:      10.3438	test_episode_limit_mean:   0.0000	test_return_mean:         68.9625	test_return_median:       79.6000
test_return_std:          30.9619	test_success_mean:         1.0000	
[INFO 07:19:33] my_main Updated target network
[INFO 07:20:52] my_main Recent Stats | t_env:    1847107 | Episode:   121747
consensus_fraction_mean:   1.0000	entropy_loss:              0.0008	ep_length_mean:           13.1827	episode_limit_mean:        0.0000
epsilon:                   0.0500	grad_norm:               282.1158	loss:                     53.3531	mi_loss:                   0.0269
q_taken_mean:              6.4860	return_mean:              55.0474	return_median:            68.2000	return_std:               44.2394
success_mean:              1.0000	target_mean:               6.5363	td_error_abs:              5.4555	test_consensus_fraction_mean:  1.0000
test_ep_length_mean:      10.3438	test_episode_limit_mean:   0.0000	test_return_mean:         68.9625	test_return_median:       79.6000
test_return_std:          30.9619	test_success_mean:         1.0000	
[INFO 07:21:19] my_main Updated target network
[INFO 07:22:26] my_main Recent Stats | t_env:    1849115 | Episode:   121921
consensus_fraction_mean:   1.0000	entropy_loss:              0.0008	ep_length_mean:           13.1827	episode_limit_mean:        0.0000
epsilon:                   0.0500	grad_norm:               282.1158	loss:                     53.3531	mi_loss:                   0.0269
q_taken_mean:              6.4860	return_mean:              55.0474	return_median:            68.2000	return_std:               44.2394
success_mean:              1.0000	target_mean:               6.5363	td_error_abs:              5.4555	test_consensus_fraction_mean:  1.0000
test_ep_length_mean:      10.3438	test_episode_limit_mean:   0.0000	test_return_mean:         68.9625	test_return_median:       79.6000
test_return_std:          30.9619	test_success_mean:         1.0000	
[INFO 07:23:11] my_main Updated target network
[INFO 07:23:51] my_main Recent Stats | t_env:    1851134 | Episode:   122072
consensus_fraction_mean:   1.0000	entropy_loss:              0.0008	ep_length_mean:           13.1827	episode_limit_mean:        0.0000
epsilon:                   0.0500	grad_norm:               282.1158	loss:                     53.3531	mi_loss:                   0.0269
q_taken_mean:              6.4860	return_mean:              55.0474	return_median:            68.2000	return_std:               44.2394
success_mean:              1.0000	target_mean:               6.5363	td_error_abs:              5.4555	test_consensus_fraction_mean:  1.0000
test_ep_length_mean:      10.3438	test_episode_limit_mean:   0.0000	test_return_mean:         68.9625	test_return_median:       79.6000
test_return_std:          30.9619	test_success_mean:         1.0000	
[INFO 07:25:03] my_main Updated target network
[INFO 07:25:06] my_main t_env: 1852953 / 2050000
[INFO 07:25:06] my_main Estimated time left: 2 hours, 21 minutes, 16 seconds. Time passed: 1 days, 5 hours, 20 minutes, 42 seconds
[INFO 07:25:16] my_main Recent Stats | t_env:    1853136 | Episode:   122221
consensus_fraction_mean:   1.0000	entropy_loss:              0.0008	ep_length_mean:           13.2661	episode_limit_mean:        0.0000
epsilon:                   0.0500	grad_norm:               282.1158	loss:                     53.3531	mi_loss:                   0.0269
q_taken_mean:              6.4860	return_mean:              54.7496	return_median:            68.0000	return_std:               44.4672
success_mean:              1.0000	target_mean:               6.5363	td_error_abs:              5.4555	test_consensus_fraction_mean:  1.0000
test_ep_length_mean:       9.8500	test_episode_limit_mean:   0.0000	test_return_mean:         70.0312	test_return_median:       77.2000
test_return_std:          27.6123	test_success_mean:         1.0000	
[INFO 07:26:39] my_main Recent Stats | t_env:    1855138 | Episode:   122382
consensus_fraction_mean:   1.0000	entropy_loss:              0.0008	ep_length_mean:           13.2661	episode_limit_mean:        0.0000
epsilon:                   0.0500	grad_norm:               282.1158	loss:                     53.3531	mi_loss:                   0.0269
q_taken_mean:              6.4860	return_mean:              54.7496	return_median:            68.0000	return_std:               44.4672
success_mean:              1.0000	target_mean:               6.5363	td_error_abs:              5.4555	test_consensus_fraction_mean:  1.0000
test_ep_length_mean:       9.8500	test_episode_limit_mean:   0.0000	test_return_mean:         70.0312	test_return_median:       77.2000
test_return_std:          27.6123	test_success_mean:         1.0000	
[INFO 07:26:50] my_main Updated target network
[INFO 07:27:49] my_main Recent Stats | t_env:    1857139 | Episode:   122508
consensus_fraction_mean:   1.0000	entropy_loss:              0.0008	ep_length_mean:           13.2661	episode_limit_mean:        0.0000
epsilon:                   0.0500	grad_norm:               266.7931	loss:                     50.7408	mi_loss:                   0.0269
q_taken_mean:              6.5958	return_mean:              54.7496	return_median:            68.0000	return_std:               44.4672
success_mean:              1.0000	target_mean:               6.6547	td_error_abs:              5.3330	test_consensus_fraction_mean:  1.0000
test_ep_length_mean:       9.8500	test_episode_limit_mean:   0.0000	test_return_mean:         70.0312	test_return_median:       77.2000
test_return_std:          27.6123	test_success_mean:         1.0000	
[INFO 07:28:40] my_main Updated target network
[INFO 07:29:17] my_main Recent Stats | t_env:    1859141 | Episode:   122672
consensus_fraction_mean:   1.0000	entropy_loss:              0.0008	ep_length_mean:           13.2661	episode_limit_mean:        0.0000
epsilon:                   0.0500	grad_norm:               266.7931	loss:                     50.7408	mi_loss:                   0.0269
q_taken_mean:              6.5958	return_mean:              54.7496	return_median:            68.0000	return_std:               44.4672
success_mean:              1.0000	target_mean:               6.6547	td_error_abs:              5.3330	test_consensus_fraction_mean:  1.0000
test_ep_length_mean:       9.8500	test_episode_limit_mean:   0.0000	test_return_mean:         70.0312	test_return_median:       77.2000
test_return_std:          27.6123	test_success_mean:         1.0000	
[INFO 07:30:28] my_main Updated target network
[INFO 07:30:28] my_main Recent Stats | t_env:    1861150 | Episode:   122802
consensus_fraction_mean:   1.0000	entropy_loss:              0.0008	ep_length_mean:           13.2661	episode_limit_mean:        0.0000
epsilon:                   0.0500	grad_norm:               266.7931	loss:                     50.7408	mi_loss:                   0.0269
q_taken_mean:              6.5958	return_mean:              54.7496	return_median:            68.0000	return_std:               44.4672
success_mean:              1.0000	target_mean:               6.6547	td_error_abs:              5.3330	test_consensus_fraction_mean:  1.0000
test_ep_length_mean:       9.8500	test_episode_limit_mean:   0.0000	test_return_mean:         70.0312	test_return_median:       77.2000
test_return_std:          27.6123	test_success_mean:         1.0000	
[INFO 07:31:42] my_main t_env: 1862953 / 2050000
[INFO 07:31:42] my_main Estimated time left: 2 hours, 3 minutes, 39 seconds. Time passed: 1 days, 5 hours, 27 minutes, 19 seconds
[INFO 07:31:53] my_main Recent Stats | t_env:    1863157 | Episode:   122954
consensus_fraction_mean:   1.0000	entropy_loss:              0.0008	ep_length_mean:           13.4577	episode_limit_mean:        0.0000
epsilon:                   0.0500	grad_norm:               266.7931	loss:                     50.7408	mi_loss:                   0.0269
q_taken_mean:              6.5958	return_mean:              54.2130	return_median:            67.8000	return_std:               44.8082
success_mean:              1.0000	target_mean:               6.6547	td_error_abs:              5.3330	test_consensus_fraction_mean:  1.0000
test_ep_length_mean:      10.5875	test_episode_limit_mean:   0.0000	test_return_mean:         67.1437	test_return_median:       75.2000
test_return_std:          29.4689	test_success_mean:         1.0000	
[INFO 07:32:19] my_main Updated target network
[INFO 07:33:15] my_main Recent Stats | t_env:    1865188 | Episode:   123108
consensus_fraction_mean:   1.0000	entropy_loss:              0.0008	ep_length_mean:           13.4577	episode_limit_mean:        0.0000
epsilon:                   0.0500	grad_norm:               266.7931	loss:                     50.7408	mi_loss:                   0.0269
q_taken_mean:              6.5958	return_mean:              54.2130	return_median:            67.8000	return_std:               44.8082
success_mean:              1.0000	target_mean:               6.6547	td_error_abs:              5.3330	test_consensus_fraction_mean:  1.0000
test_ep_length_mean:      10.5875	test_episode_limit_mean:   0.0000	test_return_mean:         67.1437	test_return_median:       75.2000
test_return_std:          29.4689	test_success_mean:         1.0000	
[INFO 07:34:07] my_main Updated target network
[INFO 07:34:40] my_main Recent Stats | t_env:    1867195 | Episode:   123263
consensus_fraction_mean:   1.0000	entropy_loss:              0.0008	ep_length_mean:           13.4577	episode_limit_mean:        0.0000
epsilon:                   0.0500	grad_norm:               289.6556	loss:                     53.2916	mi_loss:                   0.0267
q_taken_mean:              6.5239	return_mean:              54.2130	return_median:            67.8000	return_std:               44.8082
success_mean:              1.0000	target_mean:               6.5299	td_error_abs:              5.5191	test_consensus_fraction_mean:  1.0000
test_ep_length_mean:      10.5875	test_episode_limit_mean:   0.0000	test_return_mean:         67.1437	test_return_median:       75.2000
test_return_std:          29.4689	test_success_mean:         1.0000	
[INFO 07:35:54] my_main Updated target network
[INFO 07:36:07] my_main Recent Stats | t_env:    1869195 | Episode:   123423
consensus_fraction_mean:   1.0000	entropy_loss:              0.0008	ep_length_mean:           13.4577	episode_limit_mean:        0.0000
epsilon:                   0.0500	grad_norm:               289.6556	loss:                     53.2916	mi_loss:                   0.0267
q_taken_mean:              6.5239	return_mean:              54.2130	return_median:            67.8000	return_std:               44.8082
success_mean:              1.0000	target_mean:               6.5299	td_error_abs:              5.5191	test_consensus_fraction_mean:  1.0000
test_ep_length_mean:      10.5875	test_episode_limit_mean:   0.0000	test_return_mean:         67.1437	test_return_median:       75.2000
test_return_std:          29.4689	test_success_mean:         1.0000	
[INFO 07:37:23] my_main Recent Stats | t_env:    1871200 | Episode:   123558
consensus_fraction_mean:   1.0000	entropy_loss:              0.0008	ep_length_mean:           13.4577	episode_limit_mean:        0.0000
epsilon:                   0.0500	grad_norm:               289.6556	loss:                     53.2916	mi_loss:                   0.0267
q_taken_mean:              6.5239	return_mean:              54.2130	return_median:            67.8000	return_std:               44.8082
success_mean:              1.0000	target_mean:               6.5299	td_error_abs:              5.5191	test_consensus_fraction_mean:  1.0000
test_ep_length_mean:      10.5875	test_episode_limit_mean:   0.0000	test_return_mean:         67.1437	test_return_median:       75.2000
test_return_std:          29.4689	test_success_mean:         1.0000	
[INFO 07:37:47] my_main Updated target network
[INFO 07:38:33] my_main t_env: 1872962 / 2050000
[INFO 07:38:33] my_main Estimated time left: 2 hours, 58 seconds. Time passed: 1 days, 5 hours, 34 minutes, 9 seconds
[INFO 07:38:45] my_main Recent Stats | t_env:    1873200 | Episode:   123700
consensus_fraction_mean:   1.0000	entropy_loss:              0.0008	ep_length_mean:           13.5545	episode_limit_mean:        0.0000
epsilon:                   0.0500	grad_norm:               289.6556	loss:                     53.2916	mi_loss:                   0.0267
q_taken_mean:              6.5239	return_mean:              54.1550	return_median:            67.6000	return_std:               44.9174
success_mean:              1.0000	target_mean:               6.5299	td_error_abs:              5.5191	test_consensus_fraction_mean:  1.0000
test_ep_length_mean:      11.0562	test_episode_limit_mean:   0.0000	test_return_mean:         65.3187	test_return_median:       73.2000
test_return_std:          29.6815	test_success_mean:         1.0000	
[INFO 07:39:42] my_main Updated target network
[INFO 07:40:15] my_main Recent Stats | t_env:    1875227 | Episode:   123859
consensus_fraction_mean:   1.0000	entropy_loss:              0.0008	ep_length_mean:           13.5545	episode_limit_mean:        0.0000
epsilon:                   0.0500	grad_norm:               289.6556	loss:                     53.2916	mi_loss:                   0.0267
q_taken_mean:              6.5239	return_mean:              54.1550	return_median:            67.6000	return_std:               44.9174
success_mean:              1.0000	target_mean:               6.5299	td_error_abs:              5.5191	test_consensus_fraction_mean:  1.0000
test_ep_length_mean:      11.0562	test_episode_limit_mean:   0.0000	test_return_mean:         65.3187	test_return_median:       73.2000
test_return_std:          29.6815	test_success_mean:         1.0000	
[INFO 07:41:36] my_main Updated target network
[INFO 07:41:36] my_main Recent Stats | t_env:    1877235 | Episode:   124001
consensus_fraction_mean:   1.0000	entropy_loss:              0.0008	ep_length_mean:           13.5545	episode_limit_mean:        0.0000
epsilon:                   0.0500	grad_norm:               295.3192	loss:                     52.4695	mi_loss:                   0.0267
q_taken_mean:              6.4794	return_mean:              54.1550	return_median:            67.6000	return_std:               44.9174
success_mean:              1.0000	target_mean:               6.4745	td_error_abs:              5.4795	test_consensus_fraction_mean:  1.0000
test_ep_length_mean:      11.0562	test_episode_limit_mean:   0.0000	test_return_mean:         65.3187	test_return_median:       73.2000
test_return_std:          29.6815	test_success_mean:         1.0000	
[INFO 07:42:52] my_main Recent Stats | t_env:    1879252 | Episode:   124136
consensus_fraction_mean:   1.0000	entropy_loss:              0.0008	ep_length_mean:           13.5545	episode_limit_mean:        0.0000
epsilon:                   0.0500	grad_norm:               295.3192	loss:                     52.4695	mi_loss:                   0.0267
q_taken_mean:              6.4794	return_mean:              54.1550	return_median:            67.6000	return_std:               44.9174
success_mean:              1.0000	target_mean:               6.4745	td_error_abs:              5.4795	test_consensus_fraction_mean:  1.0000
test_ep_length_mean:      11.0562	test_episode_limit_mean:   0.0000	test_return_mean:         65.3187	test_return_median:       73.2000
test_return_std:          29.6815	test_success_mean:         1.0000	
[INFO 07:43:27] my_main Updated target network
[INFO 07:44:26] my_main Recent Stats | t_env:    1881265 | Episode:   124311
consensus_fraction_mean:   1.0000	entropy_loss:              0.0008	ep_length_mean:           13.5545	episode_limit_mean:        0.0000
epsilon:                   0.0500	grad_norm:               295.3192	loss:                     52.4695	mi_loss:                   0.0267
q_taken_mean:              6.4794	return_mean:              54.1550	return_median:            67.6000	return_std:               44.9174
success_mean:              1.0000	target_mean:               6.4745	td_error_abs:              5.4795	test_consensus_fraction_mean:  1.0000
test_ep_length_mean:      11.0562	test_episode_limit_mean:   0.0000	test_return_mean:         65.3187	test_return_median:       73.2000
test_return_std:          29.6815	test_success_mean:         1.0000	
[INFO 07:45:17] my_main Updated target network
[INFO 07:45:33] my_main t_env: 1882973 / 2050000
[INFO 07:45:33] my_main Estimated time left: 1 hours, 56 minutes, 59 seconds. Time passed: 1 days, 5 hours, 41 minutes, 10 seconds
[INFO 07:45:43] my_main Recent Stats | t_env:    1883283 | Episode:   124447
consensus_fraction_mean:   1.0000	entropy_loss:              0.0008	ep_length_mean:           13.3894	episode_limit_mean:        0.0003
epsilon:                   0.0500	grad_norm:               295.3192	loss:                     52.4695	mi_loss:                   0.0267
q_taken_mean:              6.4794	return_mean:              55.0205	return_median:            68.4000	return_std:               44.5566
success_mean:              0.9997	target_mean:               6.4745	td_error_abs:              5.4795	test_consensus_fraction_mean:  1.0000
test_ep_length_mean:      11.4875	test_episode_limit_mean:   0.0000	test_return_mean:         64.0938	test_return_median:       72.0000
test_return_std:          29.6787	test_success_mean:         1.0000	
[INFO 07:47:02] my_main Recent Stats | t_env:    1885283 | Episode:   124588
consensus_fraction_mean:   1.0000	entropy_loss:              0.0008	ep_length_mean:           13.3894	episode_limit_mean:        0.0003
epsilon:                   0.0500	grad_norm:               295.3192	loss:                     52.4695	mi_loss:                   0.0267
q_taken_mean:              6.4794	return_mean:              55.0205	return_median:            68.4000	return_std:               44.5566
success_mean:              0.9997	target_mean:               6.4745	td_error_abs:              5.4795	test_consensus_fraction_mean:  1.0000
test_ep_length_mean:      11.4875	test_episode_limit_mean:   0.0000	test_return_mean:         64.0938	test_return_median:       72.0000
test_return_std:          29.6787	test_success_mean:         1.0000	
[INFO 07:47:08] my_main Updated target network
[INFO 07:48:28] my_main Recent Stats | t_env:    1887295 | Episode:   124746
consensus_fraction_mean:   1.0000	entropy_loss:              0.0008	ep_length_mean:           13.3894	episode_limit_mean:        0.0003
epsilon:                   0.0500	grad_norm:               271.3992	loss:                     49.3892	mi_loss:                   0.0266
q_taken_mean:              6.4134	return_mean:              55.0205	return_median:            68.4000	return_std:               44.5566
success_mean:              0.9997	target_mean:               6.3824	td_error_abs:              5.3344	test_consensus_fraction_mean:  1.0000
test_ep_length_mean:      11.4875	test_episode_limit_mean:   0.0000	test_return_mean:         64.0938	test_return_median:       72.0000
test_return_std:          29.6787	test_success_mean:         1.0000	
[INFO 07:48:58] my_main Updated target network
[INFO 07:49:51] my_main Recent Stats | t_env:    1889307 | Episode:   124902
consensus_fraction_mean:   1.0000	entropy_loss:              0.0008	ep_length_mean:           13.3894	episode_limit_mean:        0.0003
epsilon:                   0.0500	grad_norm:               271.3992	loss:                     49.3892	mi_loss:                   0.0266
q_taken_mean:              6.4134	return_mean:              55.0205	return_median:            68.4000	return_std:               44.5566
success_mean:              0.9997	target_mean:               6.3824	td_error_abs:              5.3344	test_consensus_fraction_mean:  1.0000
test_ep_length_mean:      11.4875	test_episode_limit_mean:   0.0000	test_return_mean:         64.0938	test_return_median:       72.0000
test_return_std:          29.6787	test_success_mean:         1.0000	
[INFO 07:50:44] my_main Updated target network
[INFO 07:51:17] my_main Recent Stats | t_env:    1891309 | Episode:   125060
consensus_fraction_mean:   1.0000	entropy_loss:              0.0008	ep_length_mean:           13.3894	episode_limit_mean:        0.0003
epsilon:                   0.0500	grad_norm:               271.3992	loss:                     49.3892	mi_loss:                   0.0266
q_taken_mean:              6.4134	return_mean:              55.0205	return_median:            68.4000	return_std:               44.5566
success_mean:              0.9997	target_mean:               6.3824	td_error_abs:              5.3344	test_consensus_fraction_mean:  1.0000
test_ep_length_mean:      11.4875	test_episode_limit_mean:   0.0000	test_return_mean:         64.0938	test_return_median:       72.0000
test_return_std:          29.6787	test_success_mean:         1.0000	
[INFO 07:52:19] my_main t_env: 1892977 / 2050000
[INFO 07:52:19] my_main Estimated time left: 1 hours, 46 minutes, 4 seconds. Time passed: 1 days, 5 hours, 47 minutes, 55 seconds
[INFO 07:52:37] my_main Updated target network
[INFO 07:52:37] my_main Recent Stats | t_env:    1893313 | Episode:   125201
consensus_fraction_mean:   1.0000	entropy_loss:              0.0008	ep_length_mean:           13.4001	episode_limit_mean:        0.0003
epsilon:                   0.0500	grad_norm:               271.3992	loss:                     49.3892	mi_loss:                   0.0266
q_taken_mean:              6.4134	return_mean:              55.3009	return_median:            68.4000	return_std:               44.1580
success_mean:              0.9997	target_mean:               6.3824	td_error_abs:              5.3344	test_consensus_fraction_mean:  1.0000
test_ep_length_mean:      11.5063	test_episode_limit_mean:   0.0000	test_return_mean:         63.6000	test_return_median:       71.0000
test_return_std:          30.3488	test_success_mean:         1.0000	
[INFO 07:54:01] my_main Recent Stats | t_env:    1895326 | Episode:   125357
consensus_fraction_mean:   1.0000	entropy_loss:              0.0008	ep_length_mean:           13.4001	episode_limit_mean:        0.0003
epsilon:                   0.0500	grad_norm:               271.3992	loss:                     49.3892	mi_loss:                   0.0266
q_taken_mean:              6.4134	return_mean:              55.3009	return_median:            68.4000	return_std:               44.1580
success_mean:              0.9997	target_mean:               6.3824	td_error_abs:              5.3344	test_consensus_fraction_mean:  1.0000
test_ep_length_mean:      11.5063	test_episode_limit_mean:   0.0000	test_return_mean:         63.6000	test_return_median:       71.0000
test_return_std:          30.3488	test_success_mean:         1.0000	
[INFO 07:54:26] my_main Updated target network
[INFO 07:55:32] my_main Recent Stats | t_env:    1897342 | Episode:   125521
consensus_fraction_mean:   1.0000	entropy_loss:              0.0008	ep_length_mean:           13.4001	episode_limit_mean:        0.0003
epsilon:                   0.0500	grad_norm:               257.4821	loss:                     49.4025	mi_loss:                   0.0267
q_taken_mean:              6.4192	return_mean:              55.3009	return_median:            68.4000	return_std:               44.1580
success_mean:              0.9997	target_mean:               6.3551	td_error_abs:              5.3240	test_consensus_fraction_mean:  1.0000
test_ep_length_mean:      11.5063	test_episode_limit_mean:   0.0000	test_return_mean:         63.6000	test_return_median:       71.0000
test_return_std:          30.3488	test_success_mean:         1.0000	
[INFO 07:56:16] my_main Updated target network
[INFO 07:56:55] my_main Recent Stats | t_env:    1899351 | Episode:   125671
consensus_fraction_mean:   1.0000	entropy_loss:              0.0008	ep_length_mean:           13.4001	episode_limit_mean:        0.0003
epsilon:                   0.0500	grad_norm:               257.4821	loss:                     49.4025	mi_loss:                   0.0267
q_taken_mean:              6.4192	return_mean:              55.3009	return_median:            68.4000	return_std:               44.1580
success_mean:              0.9997	target_mean:               6.3551	td_error_abs:              5.3240	test_consensus_fraction_mean:  1.0000
test_ep_length_mean:      11.5063	test_episode_limit_mean:   0.0000	test_return_mean:         63.6000	test_return_median:       71.0000
test_return_std:          30.3488	test_success_mean:         1.0000	
[INFO 07:58:05] my_main Updated target network
[INFO 07:58:13] my_main Recent Stats | t_env:    1901365 | Episode:   125815
consensus_fraction_mean:   1.0000	entropy_loss:              0.0008	ep_length_mean:           13.4001	episode_limit_mean:        0.0003
epsilon:                   0.0500	grad_norm:               257.4821	loss:                     49.4025	mi_loss:                   0.0267
q_taken_mean:              6.4192	return_mean:              55.3009	return_median:            68.4000	return_std:               44.1580
success_mean:              0.9997	target_mean:               6.3551	td_error_abs:              5.3240	test_consensus_fraction_mean:  1.0000
test_ep_length_mean:      11.5063	test_episode_limit_mean:   0.0000	test_return_mean:         63.6000	test_return_median:       71.0000
test_return_std:          30.3488	test_success_mean:         1.0000	
[INFO 07:59:12] my_main t_env: 1902985 / 2050000
[INFO 07:59:12] my_main Estimated time left: 1 hours, 41 minutes, 0 seconds. Time passed: 1 days, 5 hours, 54 minutes, 48 seconds
[INFO 07:59:31] my_main Recent Stats | t_env:    1903369 | Episode:   125949
consensus_fraction_mean:   1.0000	entropy_loss:              0.0008	ep_length_mean:           13.4761	episode_limit_mean:        0.0003
epsilon:                   0.0500	grad_norm:               257.4821	loss:                     49.4025	mi_loss:                   0.0267
q_taken_mean:              6.4192	return_mean:              55.0606	return_median:            68.0000	return_std:               44.3281
success_mean:              0.9997	target_mean:               6.3551	td_error_abs:              5.3240	test_consensus_fraction_mean:  1.0000
test_ep_length_mean:      11.2563	test_episode_limit_mean:   0.0000	test_return_mean:         65.3563	test_return_median:       73.2000
test_return_std:          28.6159	test_success_mean:         1.0000	
[INFO 07:59:59] my_main Updated target network
[INFO 08:00:56] my_main Recent Stats | t_env:    1905372 | Episode:   126105
consensus_fraction_mean:   1.0000	entropy_loss:              0.0008	ep_length_mean:           13.4761	episode_limit_mean:        0.0003
epsilon:                   0.0500	grad_norm:               257.4821	loss:                     49.4025	mi_loss:                   0.0267
q_taken_mean:              6.4192	return_mean:              55.0606	return_median:            68.0000	return_std:               44.3281
success_mean:              0.9997	target_mean:               6.3551	td_error_abs:              5.3240	test_consensus_fraction_mean:  1.0000
test_ep_length_mean:      11.2563	test_episode_limit_mean:   0.0000	test_return_mean:         65.3563	test_return_median:       73.2000
test_return_std:          28.6159	test_success_mean:         1.0000	
[INFO 08:01:48] my_main Updated target network
[INFO 08:02:16] my_main Recent Stats | t_env:    1907381 | Episode:   126251
consensus_fraction_mean:   1.0000	entropy_loss:              0.0007	ep_length_mean:           13.4761	episode_limit_mean:        0.0003
epsilon:                   0.0500	grad_norm:               257.4222	loss:                     50.4668	mi_loss:                   0.0269
q_taken_mean:              6.3962	return_mean:              55.0606	return_median:            68.0000	return_std:               44.3281
success_mean:              0.9997	target_mean:               6.3291	td_error_abs:              5.3771	test_consensus_fraction_mean:  1.0000
test_ep_length_mean:      11.2563	test_episode_limit_mean:   0.0000	test_return_mean:         65.3563	test_return_median:       73.2000
test_return_std:          28.6159	test_success_mean:         1.0000	
[INFO 08:03:38] my_main Updated target network
[INFO 08:03:39] my_main Recent Stats | t_env:    1909402 | Episode:   126402
consensus_fraction_mean:   1.0000	entropy_loss:              0.0007	ep_length_mean:           13.4761	episode_limit_mean:        0.0003
epsilon:                   0.0500	grad_norm:               257.4222	loss:                     50.4668	mi_loss:                   0.0269
q_taken_mean:              6.3962	return_mean:              55.0606	return_median:            68.0000	return_std:               44.3281
success_mean:              0.9997	target_mean:               6.3291	td_error_abs:              5.3771	test_consensus_fraction_mean:  1.0000
test_ep_length_mean:      11.2563	test_episode_limit_mean:   0.0000	test_return_mean:         65.3563	test_return_median:       73.2000
test_return_std:          28.6159	test_success_mean:         1.0000	
[INFO 08:05:01] my_main Recent Stats | t_env:    1911407 | Episode:   126554
consensus_fraction_mean:   1.0000	entropy_loss:              0.0007	ep_length_mean:           13.4761	episode_limit_mean:        0.0003
epsilon:                   0.0500	grad_norm:               257.4222	loss:                     50.4668	mi_loss:                   0.0269
q_taken_mean:              6.3962	return_mean:              55.0606	return_median:            68.0000	return_std:               44.3281
success_mean:              0.9997	target_mean:               6.3291	td_error_abs:              5.3771	test_consensus_fraction_mean:  1.0000
test_ep_length_mean:      11.2563	test_episode_limit_mean:   0.0000	test_return_mean:         65.3563	test_return_median:       73.2000
test_return_std:          28.6159	test_success_mean:         1.0000	
[INFO 08:05:27] my_main Updated target network
[INFO 08:06:09] my_main t_env: 1913001 / 2050000
[INFO 08:06:09] my_main Estimated time left: 1 hours, 35 minutes, 7 seconds. Time passed: 1 days, 6 hours, 1 minutes, 45 seconds
[INFO 08:06:30] my_main Recent Stats | t_env:    1913410 | Episode:   126706
consensus_fraction_mean:   1.0000	entropy_loss:              0.0007	ep_length_mean:           13.3971	episode_limit_mean:        0.0003
epsilon:                   0.0500	grad_norm:               257.4222	loss:                     50.4668	mi_loss:                   0.0269
q_taken_mean:              6.3962	return_mean:              55.6040	return_median:            68.2000	return_std:               43.7117
success_mean:              0.9997	target_mean:               6.3291	td_error_abs:              5.3771	test_consensus_fraction_mean:  1.0000
test_ep_length_mean:      11.0813	test_episode_limit_mean:   0.0000	test_return_mean:         65.3438	test_return_median:       73.2000
test_return_std:          30.9763	test_success_mean:         1.0000	
[INFO 08:07:22] my_main Updated target network
[INFO 08:07:51] my_main Recent Stats | t_env:    1915431 | Episode:   126851
consensus_fraction_mean:   1.0000	entropy_loss:              0.0007	ep_length_mean:           13.3971	episode_limit_mean:        0.0003
epsilon:                   0.0500	grad_norm:               257.4222	loss:                     50.4668	mi_loss:                   0.0269
q_taken_mean:              6.3962	return_mean:              55.6040	return_median:            68.2000	return_std:               43.7117
success_mean:              0.9997	target_mean:               6.3291	td_error_abs:              5.3771	test_consensus_fraction_mean:  1.0000
test_ep_length_mean:      11.0813	test_episode_limit_mean:   0.0000	test_return_mean:         65.3438	test_return_median:       73.2000
test_return_std:          30.9763	test_success_mean:         1.0000	
[INFO 08:09:15] my_main Updated target network
[INFO 08:09:19] my_main Recent Stats | t_env:    1917452 | Episode:   127008
consensus_fraction_mean:   1.0000	entropy_loss:              0.0007	ep_length_mean:           13.3971	episode_limit_mean:        0.0003
epsilon:                   0.0500	grad_norm:               209.8507	loss:                     49.0189	mi_loss:                   0.0270
q_taken_mean:              6.4117	return_mean:              55.6040	return_median:            68.2000	return_std:               43.7117
success_mean:              0.9997	target_mean:               6.3598	td_error_abs:              5.2917	test_consensus_fraction_mean:  1.0000
test_ep_length_mean:      11.0813	test_episode_limit_mean:   0.0000	test_return_mean:         65.3438	test_return_median:       73.2000
test_return_std:          30.9763	test_success_mean:         1.0000	
[INFO 08:10:42] my_main Recent Stats | t_env:    1919472 | Episode:   127158
consensus_fraction_mean:   1.0000	entropy_loss:              0.0007	ep_length_mean:           13.3971	episode_limit_mean:        0.0003
epsilon:                   0.0500	grad_norm:               209.8507	loss:                     49.0189	mi_loss:                   0.0270
q_taken_mean:              6.4117	return_mean:              55.6040	return_median:            68.2000	return_std:               43.7117
success_mean:              0.9997	target_mean:               6.3598	td_error_abs:              5.2917	test_consensus_fraction_mean:  1.0000
test_ep_length_mean:      11.0813	test_episode_limit_mean:   0.0000	test_return_mean:         65.3438	test_return_median:       73.2000
test_return_std:          30.9763	test_success_mean:         1.0000	
[INFO 08:11:05] my_main Updated target network
[INFO 08:12:00] my_main Recent Stats | t_env:    1921472 | Episode:   127299
consensus_fraction_mean:   1.0000	entropy_loss:              0.0007	ep_length_mean:           13.3971	episode_limit_mean:        0.0003
epsilon:                   0.0500	grad_norm:               209.8507	loss:                     49.0189	mi_loss:                   0.0270
q_taken_mean:              6.4117	return_mean:              55.6040	return_median:            68.2000	return_std:               43.7117
success_mean:              0.9997	target_mean:               6.3598	td_error_abs:              5.2917	test_consensus_fraction_mean:  1.0000
test_ep_length_mean:      11.0813	test_episode_limit_mean:   0.0000	test_return_mean:         65.3438	test_return_median:       73.2000
test_return_std:          30.9763	test_success_mean:         1.0000	
[INFO 08:12:55] my_main Updated target network
[INFO 08:13:06] my_main t_env: 1923011 / 2050000
[INFO 08:13:06] my_main Estimated time left: 1 hours, 28 minutes, 8 seconds. Time passed: 1 days, 6 hours, 8 minutes, 42 seconds
[INFO 08:13:27] my_main Recent Stats | t_env:    1923490 | Episode:   127454
consensus_fraction_mean:   1.0000	entropy_loss:              0.0007	ep_length_mean:           13.3901	episode_limit_mean:        0.0003
epsilon:                   0.0500	grad_norm:               209.8507	loss:                     49.0189	mi_loss:                   0.0270
q_taken_mean:              6.4117	return_mean:              55.5761	return_median:            68.4000	return_std:               43.6074
success_mean:              0.9997	target_mean:               6.3598	td_error_abs:              5.2917	test_consensus_fraction_mean:  1.0000
test_ep_length_mean:      10.8062	test_episode_limit_mean:   0.0000	test_return_mean:         67.3125	test_return_median:       75.1000
test_return_std:          29.9976	test_success_mean:         1.0000	
[INFO 08:14:47] my_main Recent Stats | t_env:    1925499 | Episode:   127599
consensus_fraction_mean:   1.0000	entropy_loss:              0.0007	ep_length_mean:           13.3901	episode_limit_mean:        0.0003
epsilon:                   0.0500	grad_norm:               209.8507	loss:                     49.0189	mi_loss:                   0.0270
q_taken_mean:              6.4117	return_mean:              55.5761	return_median:            68.4000	return_std:               43.6074
success_mean:              0.9997	target_mean:               6.3598	td_error_abs:              5.2917	test_consensus_fraction_mean:  1.0000
test_ep_length_mean:      10.8062	test_episode_limit_mean:   0.0000	test_return_mean:         67.3125	test_return_median:       75.1000
test_return_std:          29.9976	test_success_mean:         1.0000	
[INFO 08:14:48] my_main Updated target network
[INFO 08:16:12] my_main Recent Stats | t_env:    1927504 | Episode:   127757
consensus_fraction_mean:   1.0000	entropy_loss:              0.0007	ep_length_mean:           13.3901	episode_limit_mean:        0.0003
epsilon:                   0.0500	grad_norm:               217.8674	loss:                     49.7798	mi_loss:                   0.0271
q_taken_mean:              6.4535	return_mean:              55.5761	return_median:            68.4000	return_std:               43.6074
success_mean:              0.9997	target_mean:               6.4242	td_error_abs:              5.3247	test_consensus_fraction_mean:  1.0000
test_ep_length_mean:      10.8062	test_episode_limit_mean:   0.0000	test_return_mean:         67.3125	test_return_median:       75.1000
test_return_std:          29.9976	test_success_mean:         1.0000	
[INFO 08:16:37] my_main Updated target network
[INFO 08:17:40] my_main Recent Stats | t_env:    1929509 | Episode:   127917
consensus_fraction_mean:   1.0000	entropy_loss:              0.0007	ep_length_mean:           13.3901	episode_limit_mean:        0.0003
epsilon:                   0.0500	grad_norm:               217.8674	loss:                     49.7798	mi_loss:                   0.0271
q_taken_mean:              6.4535	return_mean:              55.5761	return_median:            68.4000	return_std:               43.6074
success_mean:              0.9997	target_mean:               6.4242	td_error_abs:              5.3247	test_consensus_fraction_mean:  1.0000
test_ep_length_mean:      10.8062	test_episode_limit_mean:   0.0000	test_return_mean:         67.3125	test_return_median:       75.1000
test_return_std:          29.9976	test_success_mean:         1.0000	
[INFO 08:18:24] my_main Updated target network
[INFO 08:19:06] my_main Recent Stats | t_env:    1931517 | Episode:   128077
consensus_fraction_mean:   1.0000	entropy_loss:              0.0007	ep_length_mean:           13.3901	episode_limit_mean:        0.0003
epsilon:                   0.0500	grad_norm:               217.8674	loss:                     49.7798	mi_loss:                   0.0271
q_taken_mean:              6.4535	return_mean:              55.5761	return_median:            68.4000	return_std:               43.6074
success_mean:              0.9997	target_mean:               6.4242	td_error_abs:              5.3247	test_consensus_fraction_mean:  1.0000
test_ep_length_mean:      10.8062	test_episode_limit_mean:   0.0000	test_return_mean:         67.3125	test_return_median:       75.1000
test_return_std:          29.9976	test_success_mean:         1.0000	
[INFO 08:20:00] my_main t_env: 1933020 / 2050000
[INFO 08:20:00] my_main Estimated time left: 1 hours, 20 minutes, 38 seconds. Time passed: 1 days, 6 hours, 15 minutes, 36 seconds
[INFO 08:20:18] my_main Updated target network
[INFO 08:20:25] my_main Recent Stats | t_env:    1933524 | Episode:   128213
consensus_fraction_mean:   1.0000	entropy_loss:              0.0007	ep_length_mean:           13.3825	episode_limit_mean:        0.0000
epsilon:                   0.0500	grad_norm:               217.8674	loss:                     49.7798	mi_loss:                   0.0271
q_taken_mean:              6.4535	return_mean:              55.6119	return_median:            68.4000	return_std:               43.9131
success_mean:              1.0000	target_mean:               6.4242	td_error_abs:              5.3247	test_consensus_fraction_mean:  1.0000
test_ep_length_mean:      10.7375	test_episode_limit_mean:   0.0000	test_return_mean:         67.6312	test_return_median:       76.7000
test_return_std:          32.9118	test_success_mean:         1.0000	
[INFO 08:21:47] my_main Recent Stats | t_env:    1935529 | Episode:   128360
consensus_fraction_mean:   1.0000	entropy_loss:              0.0007	ep_length_mean:           13.3825	episode_limit_mean:        0.0000
epsilon:                   0.0500	grad_norm:               217.8674	loss:                     49.7798	mi_loss:                   0.0271
q_taken_mean:              6.4535	return_mean:              55.6119	return_median:            68.4000	return_std:               43.9131
success_mean:              1.0000	target_mean:               6.4242	td_error_abs:              5.3247	test_consensus_fraction_mean:  1.0000
test_ep_length_mean:      10.7375	test_episode_limit_mean:   0.0000	test_return_mean:         67.6312	test_return_median:       76.7000
test_return_std:          32.9118	test_success_mean:         1.0000	
[INFO 08:22:11] my_main Updated target network
[INFO 08:23:11] my_main Recent Stats | t_env:    1937542 | Episode:   128514
consensus_fraction_mean:   1.0000	entropy_loss:              0.0007	ep_length_mean:           13.3825	episode_limit_mean:        0.0000
epsilon:                   0.0500	grad_norm:               229.3495	loss:                     52.3832	mi_loss:                   0.0272
q_taken_mean:              6.4504	return_mean:              55.6119	return_median:            68.4000	return_std:               43.9131
success_mean:              1.0000	target_mean:               6.4402	td_error_abs:              5.4619	test_consensus_fraction_mean:  1.0000
test_ep_length_mean:      10.7375	test_episode_limit_mean:   0.0000	test_return_mean:         67.6312	test_return_median:       76.7000
test_return_std:          32.9118	test_success_mean:         1.0000	
[INFO 08:24:01] my_main Updated target network
[INFO 08:24:30] my_main Recent Stats | t_env:    1939553 | Episode:   128658
consensus_fraction_mean:   1.0000	entropy_loss:              0.0007	ep_length_mean:           13.3825	episode_limit_mean:        0.0000
epsilon:                   0.0500	grad_norm:               229.3495	loss:                     52.3832	mi_loss:                   0.0272
q_taken_mean:              6.4504	return_mean:              55.6119	return_median:            68.4000	return_std:               43.9131
success_mean:              1.0000	target_mean:               6.4402	td_error_abs:              5.4619	test_consensus_fraction_mean:  1.0000
test_ep_length_mean:      10.7375	test_episode_limit_mean:   0.0000	test_return_mean:         67.6312	test_return_median:       76.7000
test_return_std:          32.9118	test_success_mean:         1.0000	
[INFO 08:25:48] my_main Updated target network
[INFO 08:25:55] my_main Recent Stats | t_env:    1941556 | Episode:   128814
consensus_fraction_mean:   1.0000	entropy_loss:              0.0007	ep_length_mean:           13.3825	episode_limit_mean:        0.0000
epsilon:                   0.0500	grad_norm:               229.3495	loss:                     52.3832	mi_loss:                   0.0272
q_taken_mean:              6.4504	return_mean:              55.6119	return_median:            68.4000	return_std:               43.9131
success_mean:              1.0000	target_mean:               6.4402	td_error_abs:              5.4619	test_consensus_fraction_mean:  1.0000
test_ep_length_mean:      10.7375	test_episode_limit_mean:   0.0000	test_return_mean:         67.6312	test_return_median:       76.7000
test_return_std:          32.9118	test_success_mean:         1.0000	
[INFO 08:26:59] my_main t_env: 1943041 / 2050000
[INFO 08:26:59] my_main Estimated time left: 1 hours, 14 minutes, 35 seconds. Time passed: 1 days, 6 hours, 22 minutes, 35 seconds
[INFO 08:27:25] my_main Recent Stats | t_env:    1943556 | Episode:   128976
consensus_fraction_mean:   1.0000	entropy_loss:              0.0007	ep_length_mean:           13.3118	episode_limit_mean:        0.0000
epsilon:                   0.0500	grad_norm:               229.3495	loss:                     52.3832	mi_loss:                   0.0272
q_taken_mean:              6.4504	return_mean:              55.3432	return_median:            67.8000	return_std:               43.9464
success_mean:              1.0000	target_mean:               6.4402	td_error_abs:              5.4619	test_consensus_fraction_mean:  1.0000
test_ep_length_mean:      10.9438	test_episode_limit_mean:   0.0000	test_return_mean:         67.4562	test_return_median:       77.9000
test_return_std:          34.7243	test_success_mean:         1.0000	
[INFO 08:27:39] my_main Updated target network
[INFO 08:28:45] my_main Recent Stats | t_env:    1945556 | Episode:   129135
consensus_fraction_mean:   1.0000	entropy_loss:              0.0007	ep_length_mean:           13.3118	episode_limit_mean:        0.0000
epsilon:                   0.0500	grad_norm:               229.3495	loss:                     52.3832	mi_loss:                   0.0272
q_taken_mean:              6.4504	return_mean:              55.3432	return_median:            67.8000	return_std:               43.9464
success_mean:              1.0000	target_mean:               6.4402	td_error_abs:              5.4619	test_consensus_fraction_mean:  1.0000
test_ep_length_mean:      10.9438	test_episode_limit_mean:   0.0000	test_return_mean:         67.4562	test_return_median:       77.9000
test_return_std:          34.7243	test_success_mean:         1.0000	
[INFO 08:29:16] my_main Updated target network
[INFO 08:29:54] my_main Recent Stats | t_env:    1947565 | Episode:   129283
consensus_fraction_mean:   1.0000	entropy_loss:              0.0007	ep_length_mean:           13.3118	episode_limit_mean:        0.0000
epsilon:                   0.0500	grad_norm:               238.7584	loss:                     54.4690	mi_loss:                   0.0272
q_taken_mean:              6.4768	return_mean:              55.3432	return_median:            67.8000	return_std:               43.9464
success_mean:              1.0000	target_mean:               6.4704	td_error_abs:              5.5803	test_consensus_fraction_mean:  1.0000
test_ep_length_mean:      10.9438	test_episode_limit_mean:   0.0000	test_return_mean:         67.4562	test_return_median:       77.9000
test_return_std:          34.7243	test_success_mean:         1.0000	
[INFO 08:30:47] my_main Updated target network
[INFO 08:31:12] my_main Recent Stats | t_env:    1949576 | Episode:   129454
consensus_fraction_mean:   1.0000	entropy_loss:              0.0007	ep_length_mean:           13.3118	episode_limit_mean:        0.0000
epsilon:                   0.0500	grad_norm:               238.7584	loss:                     54.4690	mi_loss:                   0.0272
q_taken_mean:              6.4768	return_mean:              55.3432	return_median:            67.8000	return_std:               43.9464
success_mean:              1.0000	target_mean:               6.4704	td_error_abs:              5.5803	test_consensus_fraction_mean:  1.0000
test_ep_length_mean:      10.9438	test_episode_limit_mean:   0.0000	test_return_mean:         67.4562	test_return_median:       77.9000
test_return_std:          34.7243	test_success_mean:         1.0000	
[INFO 08:32:19] my_main Recent Stats | t_env:    1951586 | Episode:   129595
consensus_fraction_mean:   1.0000	entropy_loss:              0.0007	ep_length_mean:           13.3118	episode_limit_mean:        0.0000
epsilon:                   0.0500	grad_norm:               238.7584	loss:                     54.4690	mi_loss:                   0.0272
q_taken_mean:              6.4768	return_mean:              55.3432	return_median:            67.8000	return_std:               43.9464
success_mean:              1.0000	target_mean:               6.4704	td_error_abs:              5.5803	test_consensus_fraction_mean:  1.0000
test_ep_length_mean:      10.9438	test_episode_limit_mean:   0.0000	test_return_mean:         67.4562	test_return_median:       77.9000
test_return_std:          34.7243	test_success_mean:         1.0000	
[INFO 08:32:23] my_main Updated target network
[INFO 08:33:11] my_main t_env: 1953051 / 2050000
[INFO 08:33:11] my_main Estimated time left: 1 hours, 4 seconds. Time passed: 1 days, 6 hours, 28 minutes, 47 seconds
[INFO 08:33:32] my_main Recent Stats | t_env:    1953600 | Episode:   129742
consensus_fraction_mean:   1.0000	entropy_loss:              0.0007	ep_length_mean:           13.2363	episode_limit_mean:        0.0000
epsilon:                   0.0500	grad_norm:               238.7584	loss:                     54.4690	mi_loss:                   0.0272
q_taken_mean:              6.4768	return_mean:              55.4988	return_median:            68.0000	return_std:               43.5139
success_mean:              1.0000	target_mean:               6.4704	td_error_abs:              5.5803	test_consensus_fraction_mean:  1.0000
test_ep_length_mean:      11.1812	test_episode_limit_mean:   0.0000	test_return_mean:         65.9938	test_return_median:       77.5000
test_return_std:          37.2633	test_success_mean:         1.0000	
[INFO 08:33:57] my_main Updated target network
[INFO 08:34:47] my_main Recent Stats | t_env:    1955620 | Episode:   129906
consensus_fraction_mean:   1.0000	entropy_loss:              0.0007	ep_length_mean:           13.2363	episode_limit_mean:        0.0000
epsilon:                   0.0500	grad_norm:               238.7584	loss:                     54.4690	mi_loss:                   0.0272
q_taken_mean:              6.4768	return_mean:              55.4988	return_median:            68.0000	return_std:               43.5139
success_mean:              1.0000	target_mean:               6.4704	td_error_abs:              5.5803	test_consensus_fraction_mean:  1.0000
test_ep_length_mean:      11.1812	test_episode_limit_mean:   0.0000	test_return_mean:         65.9938	test_return_median:       77.5000
test_return_std:          37.2633	test_success_mean:         1.0000	
[INFO 08:35:32] my_main Updated target network
[INFO 08:35:51] my_main Recent Stats | t_env:    1957620 | Episode:   130042
consensus_fraction_mean:   1.0000	entropy_loss:              0.0007	ep_length_mean:           13.2363	episode_limit_mean:        0.0000
epsilon:                   0.0500	grad_norm:               262.8242	loss:                     54.4747	mi_loss:                   0.0271
q_taken_mean:              6.3698	return_mean:              55.4988	return_median:            68.0000	return_std:               43.5139
success_mean:              1.0000	target_mean:               6.3947	td_error_abs:              5.5186	test_consensus_fraction_mean:  1.0000
test_ep_length_mean:      11.1812	test_episode_limit_mean:   0.0000	test_return_mean:         65.9938	test_return_median:       77.5000
test_return_std:          37.2633	test_success_mean:         1.0000	
[INFO 08:37:02] my_main Recent Stats | t_env:    1959620 | Episode:   130191
consensus_fraction_mean:   1.0000	entropy_loss:              0.0007	ep_length_mean:           13.2363	episode_limit_mean:        0.0000
epsilon:                   0.0500	grad_norm:               262.8242	loss:                     54.4747	mi_loss:                   0.0271
q_taken_mean:              6.3698	return_mean:              55.4988	return_median:            68.0000	return_std:               43.5139
success_mean:              1.0000	target_mean:               6.3947	td_error_abs:              5.5186	test_consensus_fraction_mean:  1.0000
test_ep_length_mean:      11.1812	test_episode_limit_mean:   0.0000	test_return_mean:         65.9938	test_return_median:       77.5000
test_return_std:          37.2633	test_success_mean:         1.0000	
[INFO 08:37:06] my_main Updated target network
[INFO 08:38:13] my_main Recent Stats | t_env:    1961650 | Episode:   130338
consensus_fraction_mean:   1.0000	entropy_loss:              0.0007	ep_length_mean:           13.2363	episode_limit_mean:        0.0000
epsilon:                   0.0500	grad_norm:               262.8242	loss:                     54.4747	mi_loss:                   0.0271
q_taken_mean:              6.3698	return_mean:              55.4988	return_median:            68.0000	return_std:               43.5139
success_mean:              1.0000	target_mean:               6.3947	td_error_abs:              5.5186	test_consensus_fraction_mean:  1.0000
test_ep_length_mean:      11.1812	test_episode_limit_mean:   0.0000	test_return_mean:         65.9938	test_return_median:       77.5000
test_return_std:          37.2633	test_success_mean:         1.0000	
[INFO 08:38:44] my_main Updated target network
[INFO 08:39:03] my_main t_env: 1963068 / 2050000
[INFO 08:39:03] my_main Estimated time left: 50 minutes, 51 seconds. Time passed: 1 days, 6 hours, 34 minutes, 39 seconds
[INFO 08:39:27] my_main Recent Stats | t_env:    1963652 | Episode:   130488
consensus_fraction_mean:   1.0000	entropy_loss:              0.0007	ep_length_mean:           13.2940	episode_limit_mean:        0.0000
epsilon:                   0.0500	grad_norm:               262.8242	loss:                     54.4747	mi_loss:                   0.0271
q_taken_mean:              6.3698	return_mean:              55.0675	return_median:            68.0000	return_std:               43.6185
success_mean:              1.0000	target_mean:               6.3947	td_error_abs:              5.5186	test_consensus_fraction_mean:  1.0000
test_ep_length_mean:      10.5813	test_episode_limit_mean:   0.0000	test_return_mean:         68.0375	test_return_median:       79.5000
test_return_std:          33.9940	test_success_mean:         1.0000	
[INFO 08:40:19] my_main Updated target network
[INFO 08:40:44] my_main Recent Stats | t_env:    1965652 | Episode:   130654
consensus_fraction_mean:   1.0000	entropy_loss:              0.0007	ep_length_mean:           13.2940	episode_limit_mean:        0.0000
epsilon:                   0.0500	grad_norm:               262.8242	loss:                     54.4747	mi_loss:                   0.0271
q_taken_mean:              6.3698	return_mean:              55.0675	return_median:            68.0000	return_std:               43.6185
success_mean:              1.0000	target_mean:               6.3947	td_error_abs:              5.5186	test_consensus_fraction_mean:  1.0000
test_ep_length_mean:      10.5813	test_episode_limit_mean:   0.0000	test_return_mean:         68.0375	test_return_median:       79.5000
test_return_std:          33.9940	test_success_mean:         1.0000	
[INFO 08:41:56] my_main Updated target network
[INFO 08:42:00] my_main Recent Stats | t_env:    1967683 | Episode:   130810
consensus_fraction_mean:   1.0000	entropy_loss:              0.0007	ep_length_mean:           13.2940	episode_limit_mean:        0.0000
epsilon:                   0.0500	grad_norm:               269.3216	loss:                     54.6014	mi_loss:                   0.0271
q_taken_mean:              6.4255	return_mean:              55.0675	return_median:            68.0000	return_std:               43.6185
success_mean:              1.0000	target_mean:               6.4540	td_error_abs:              5.4987	test_consensus_fraction_mean:  1.0000
test_ep_length_mean:      10.5813	test_episode_limit_mean:   0.0000	test_return_mean:         68.0375	test_return_median:       79.5000
test_return_std:          33.9940	test_success_mean:         1.0000	
[INFO 08:43:13] my_main Recent Stats | t_env:    1969687 | Episode:   130961
consensus_fraction_mean:   1.0000	entropy_loss:              0.0007	ep_length_mean:           13.2940	episode_limit_mean:        0.0000
epsilon:                   0.0500	grad_norm:               269.3216	loss:                     54.6014	mi_loss:                   0.0271
q_taken_mean:              6.4255	return_mean:              55.0675	return_median:            68.0000	return_std:               43.6185
success_mean:              1.0000	target_mean:               6.4540	td_error_abs:              5.4987	test_consensus_fraction_mean:  1.0000
test_ep_length_mean:      10.5813	test_episode_limit_mean:   0.0000	test_return_mean:         68.0375	test_return_median:       79.5000
test_return_std:          33.9940	test_success_mean:         1.0000	
[INFO 08:43:31] my_main Updated target network
[INFO 08:44:27] my_main Recent Stats | t_env:    1971705 | Episode:   131121
consensus_fraction_mean:   1.0000	entropy_loss:              0.0007	ep_length_mean:           13.2940	episode_limit_mean:        0.0000
epsilon:                   0.0500	grad_norm:               269.3216	loss:                     54.6014	mi_loss:                   0.0271
q_taken_mean:              6.4255	return_mean:              55.0675	return_median:            68.0000	return_std:               43.6185
success_mean:              1.0000	target_mean:               6.4540	td_error_abs:              5.4987	test_consensus_fraction_mean:  1.0000
test_ep_length_mean:      10.5813	test_episode_limit_mean:   0.0000	test_return_mean:         68.0375	test_return_median:       79.5000
test_return_std:          33.9940	test_success_mean:         1.0000	
[INFO 08:45:04] my_main Updated target network
[INFO 08:45:19] my_main t_env: 1973113 / 2050000
[INFO 08:45:19] my_main Estimated time left: 47 minutes, 59 seconds. Time passed: 1 days, 6 hours, 40 minutes, 55 seconds
[INFO 08:45:44] my_main Recent Stats | t_env:    1973735 | Episode:   131279
consensus_fraction_mean:   1.0000	entropy_loss:              0.0007	ep_length_mean:           13.1498	episode_limit_mean:        0.0000
epsilon:                   0.0500	grad_norm:               269.3216	loss:                     54.6014	mi_loss:                   0.0271
q_taken_mean:              6.4255	return_mean:              55.4168	return_median:            68.4000	return_std:               43.7700
success_mean:              1.0000	target_mean:               6.4540	td_error_abs:              5.4987	test_consensus_fraction_mean:  1.0000
test_ep_length_mean:      11.0875	test_episode_limit_mean:   0.0000	test_return_mean:         65.3500	test_return_median:       77.3000
test_return_std:          36.5526	test_success_mean:         1.0000	
[INFO 08:46:42] my_main Updated target network
[INFO 08:46:53] my_main Recent Stats | t_env:    1975767 | Episode:   131424
consensus_fraction_mean:   1.0000	entropy_loss:              0.0007	ep_length_mean:           13.1498	episode_limit_mean:        0.0000
epsilon:                   0.0500	grad_norm:               269.3216	loss:                     54.6014	mi_loss:                   0.0271
q_taken_mean:              6.4255	return_mean:              55.4168	return_median:            68.4000	return_std:               43.7700
success_mean:              1.0000	target_mean:               6.4540	td_error_abs:              5.4987	test_consensus_fraction_mean:  1.0000
test_ep_length_mean:      11.0875	test_episode_limit_mean:   0.0000	test_return_mean:         65.3500	test_return_median:       77.3000
test_return_std:          36.5526	test_success_mean:         1.0000	
[INFO 08:48:04] my_main Recent Stats | t_env:    1977776 | Episode:   131573
consensus_fraction_mean:   1.0000	entropy_loss:              0.0007	ep_length_mean:           13.1498	episode_limit_mean:        0.0000
epsilon:                   0.0500	grad_norm:               260.0151	loss:                     53.2323	mi_loss:                   0.0271
q_taken_mean:              6.4941	return_mean:              55.4168	return_median:            68.4000	return_std:               43.7700
success_mean:              1.0000	target_mean:               6.5173	td_error_abs:              5.4798	test_consensus_fraction_mean:  1.0000
test_ep_length_mean:      11.0875	test_episode_limit_mean:   0.0000	test_return_mean:         65.3500	test_return_median:       77.3000
test_return_std:          36.5526	test_success_mean:         1.0000	
[INFO 08:48:18] my_main Updated target network
[INFO 08:49:12] my_main Recent Stats | t_env:    1979777 | Episode:   131715
consensus_fraction_mean:   1.0000	entropy_loss:              0.0007	ep_length_mean:           13.1498	episode_limit_mean:        0.0000
epsilon:                   0.0500	grad_norm:               260.0151	loss:                     53.2323	mi_loss:                   0.0271
q_taken_mean:              6.4941	return_mean:              55.4168	return_median:            68.4000	return_std:               43.7700
success_mean:              1.0000	target_mean:               6.5173	td_error_abs:              5.4798	test_consensus_fraction_mean:  1.0000
test_ep_length_mean:      11.0875	test_episode_limit_mean:   0.0000	test_return_mean:         65.3500	test_return_median:       77.3000
test_return_std:          36.5526	test_success_mean:         1.0000	
[INFO 08:49:53] my_main Updated target network
[INFO 08:50:24] my_main Recent Stats | t_env:    1981784 | Episode:   131866
consensus_fraction_mean:   1.0000	entropy_loss:              0.0007	ep_length_mean:           13.1498	episode_limit_mean:        0.0000
epsilon:                   0.0500	grad_norm:               260.0151	loss:                     53.2323	mi_loss:                   0.0271
q_taken_mean:              6.4941	return_mean:              55.4168	return_median:            68.4000	return_std:               43.7700
success_mean:              1.0000	target_mean:               6.5173	td_error_abs:              5.4798	test_consensus_fraction_mean:  1.0000
test_ep_length_mean:      11.0875	test_episode_limit_mean:   0.0000	test_return_mean:         65.3500	test_return_median:       77.3000
test_return_std:          36.5526	test_success_mean:         1.0000	
[INFO 08:51:13] my_main t_env: 1983204 / 2050000
[INFO 08:51:13] my_main Estimated time left: 39 minutes, 1 seconds. Time passed: 1 days, 6 hours, 46 minutes, 49 seconds
[INFO 08:51:28] my_main Updated target network
[INFO 08:51:33] my_main Recent Stats | t_env:    1983785 | Episode:   132011
consensus_fraction_mean:   1.0000	entropy_loss:              0.0007	ep_length_mean:           13.2260	episode_limit_mean:        0.0000
epsilon:                   0.0500	grad_norm:               260.0151	loss:                     53.2323	mi_loss:                   0.0271
q_taken_mean:              6.4941	return_mean:              54.9277	return_median:            68.0000	return_std:               44.1029
success_mean:              1.0000	target_mean:               6.5173	td_error_abs:              5.4798	test_consensus_fraction_mean:  1.0000
test_ep_length_mean:      10.5437	test_episode_limit_mean:   0.0000	test_return_mean:         67.0938	test_return_median:       76.1000
test_return_std:          30.3685	test_success_mean:         1.0000	
[INFO 08:52:40] my_main Recent Stats | t_env:    1985805 | Episode:   132145
consensus_fraction_mean:   1.0000	entropy_loss:              0.0007	ep_length_mean:           13.2260	episode_limit_mean:        0.0000
epsilon:                   0.0500	grad_norm:               260.0151	loss:                     53.2323	mi_loss:                   0.0271
q_taken_mean:              6.4941	return_mean:              54.9277	return_median:            68.0000	return_std:               44.1029
success_mean:              1.0000	target_mean:               6.5173	td_error_abs:              5.4798	test_consensus_fraction_mean:  1.0000
test_ep_length_mean:      10.5437	test_episode_limit_mean:   0.0000	test_return_mean:         67.0938	test_return_median:       76.1000
test_return_std:          30.3685	test_success_mean:         1.0000	
[INFO 08:53:07] my_main Updated target network
[INFO 08:53:53] my_main Recent Stats | t_env:    1987809 | Episode:   132296
consensus_fraction_mean:   1.0000	entropy_loss:              0.0007	ep_length_mean:           13.2260	episode_limit_mean:        0.0000
epsilon:                   0.0500	grad_norm:               261.4921	loss:                     53.3286	mi_loss:                   0.0271
q_taken_mean:              6.5425	return_mean:              54.9277	return_median:            68.0000	return_std:               44.1029
success_mean:              1.0000	target_mean:               6.5518	td_error_abs:              5.4660	test_consensus_fraction_mean:  1.0000
test_ep_length_mean:      10.5437	test_episode_limit_mean:   0.0000	test_return_mean:         67.0938	test_return_median:       76.1000
test_return_std:          30.3685	test_success_mean:         1.0000	
[INFO 08:54:44] my_main Updated target network
[INFO 08:54:56] my_main Recent Stats | t_env:    1989814 | Episode:   132428
consensus_fraction_mean:   1.0000	entropy_loss:              0.0007	ep_length_mean:           13.2260	episode_limit_mean:        0.0000
epsilon:                   0.0500	grad_norm:               261.4921	loss:                     53.3286	mi_loss:                   0.0271
q_taken_mean:              6.5425	return_mean:              54.9277	return_median:            68.0000	return_std:               44.1029
success_mean:              1.0000	target_mean:               6.5518	td_error_abs:              5.4660	test_consensus_fraction_mean:  1.0000
test_ep_length_mean:      10.5437	test_episode_limit_mean:   0.0000	test_return_mean:         67.0938	test_return_median:       76.1000
test_return_std:          30.3685	test_success_mean:         1.0000	
[INFO 08:56:08] my_main Recent Stats | t_env:    1991821 | Episode:   132583
consensus_fraction_mean:   1.0000	entropy_loss:              0.0007	ep_length_mean:           13.2260	episode_limit_mean:        0.0000
epsilon:                   0.0500	grad_norm:               261.4921	loss:                     53.3286	mi_loss:                   0.0271
q_taken_mean:              6.5425	return_mean:              54.9277	return_median:            68.0000	return_std:               44.1029
success_mean:              1.0000	target_mean:               6.5518	td_error_abs:              5.4660	test_consensus_fraction_mean:  1.0000
test_ep_length_mean:      10.5437	test_episode_limit_mean:   0.0000	test_return_mean:         67.0938	test_return_median:       76.1000
test_return_std:          30.3685	test_success_mean:         1.0000	
[INFO 08:56:15] my_main Updated target network
[INFO 08:57:05] my_main t_env: 1993205 / 2050000
[INFO 08:57:05] my_main Estimated time left: 33 minutes, 22 seconds. Time passed: 1 days, 6 hours, 52 minutes, 41 seconds
[INFO 08:57:33] my_main Recent Stats | t_env:    1993827 | Episode:   132762
consensus_fraction_mean:   1.0000	entropy_loss:              0.0007	ep_length_mean:           13.3070	episode_limit_mean:        0.0000
epsilon:                   0.0500	grad_norm:               261.4921	loss:                     53.3286	mi_loss:                   0.0271
q_taken_mean:              6.5425	return_mean:              54.8511	return_median:            68.0000	return_std:               44.2532
success_mean:              1.0000	target_mean:               6.5518	td_error_abs:              5.4660	test_consensus_fraction_mean:  1.0000
test_ep_length_mean:      10.3687	test_episode_limit_mean:   0.0000	test_return_mean:         67.1375	test_return_median:       75.8000
test_return_std:          28.0578	test_success_mean:         1.0000	
[INFO 08:57:50] my_main Updated target network
[INFO 08:58:48] my_main Recent Stats | t_env:    1995827 | Episode:   132926
consensus_fraction_mean:   1.0000	entropy_loss:              0.0007	ep_length_mean:           13.3070	episode_limit_mean:        0.0000
epsilon:                   0.0500	grad_norm:               261.4921	loss:                     53.3286	mi_loss:                   0.0271
q_taken_mean:              6.5425	return_mean:              54.8511	return_median:            68.0000	return_std:               44.2532
success_mean:              1.0000	target_mean:               6.5518	td_error_abs:              5.4660	test_consensus_fraction_mean:  1.0000
test_ep_length_mean:      10.3687	test_episode_limit_mean:   0.0000	test_return_mean:         67.1375	test_return_median:       75.8000
test_return_std:          28.0578	test_success_mean:         1.0000	
[INFO 08:59:26] my_main Updated target network
[INFO 08:59:55] my_main Recent Stats | t_env:    1997841 | Episode:   133064
consensus_fraction_mean:   1.0000	entropy_loss:              0.0007	ep_length_mean:           13.3070	episode_limit_mean:        0.0000
epsilon:                   0.0500	grad_norm:               255.5632	loss:                     50.6699	mi_loss:                   0.0271
q_taken_mean:              6.6461	return_mean:              54.8511	return_median:            68.0000	return_std:               44.2532
success_mean:              1.0000	target_mean:               6.6837	td_error_abs:              5.2945	test_consensus_fraction_mean:  1.0000
test_ep_length_mean:      10.3687	test_episode_limit_mean:   0.0000	test_return_mean:         67.1375	test_return_median:       75.8000
test_return_std:          28.0578	test_success_mean:         1.0000	
[INFO 09:00:58] my_main Updated target network
[INFO 09:01:09] my_main Recent Stats | t_env:    1999851 | Episode:   133225
consensus_fraction_mean:   1.0000	entropy_loss:              0.0007	ep_length_mean:           13.3070	episode_limit_mean:        0.0000
epsilon:                   0.0500	grad_norm:               255.5632	loss:                     50.6699	mi_loss:                   0.0271
q_taken_mean:              6.6461	return_mean:              54.8511	return_median:            68.0000	return_std:               44.2532
success_mean:              1.0000	target_mean:               6.6837	td_error_abs:              5.2945	test_consensus_fraction_mean:  1.0000
test_ep_length_mean:      10.3687	test_episode_limit_mean:   0.0000	test_return_mean:         67.1375	test_return_median:       75.8000
test_return_std:          28.0578	test_success_mean:         1.0000	
[INFO 09:02:19] my_main Recent Stats | t_env:    2001880 | Episode:   133373
consensus_fraction_mean:   1.0000	entropy_loss:              0.0007	ep_length_mean:           13.3070	episode_limit_mean:        0.0000
epsilon:                   0.0500	grad_norm:               255.5632	loss:                     50.6699	mi_loss:                   0.0271
q_taken_mean:              6.6461	return_mean:              54.8511	return_median:            68.0000	return_std:               44.2532
success_mean:              1.0000	target_mean:               6.6837	td_error_abs:              5.2945	test_consensus_fraction_mean:  1.0000
test_ep_length_mean:      10.3687	test_episode_limit_mean:   0.0000	test_return_mean:         67.1375	test_return_median:       75.8000
test_return_std:          28.0578	test_success_mean:         1.0000	
[INFO 09:02:32] my_main Updated target network
[INFO 09:02:59] my_main t_env: 2003206 / 2050000
[INFO 09:02:59] my_main Estimated time left: 27 minutes, 37 seconds. Time passed: 1 days, 6 hours, 58 minutes, 36 seconds
[INFO 09:03:28] my_main Recent Stats | t_env:    2003918 | Episode:   133517
consensus_fraction_mean:   1.0000	entropy_loss:              0.0007	ep_length_mean:           13.3701	episode_limit_mean:        0.0000
epsilon:                   0.0500	grad_norm:               255.5632	loss:                     50.6699	mi_loss:                   0.0271
q_taken_mean:              6.6461	return_mean:              54.7724	return_median:            68.0000	return_std:               44.8995
success_mean:              1.0000	target_mean:               6.6837	td_error_abs:              5.2945	test_consensus_fraction_mean:  1.0000
test_ep_length_mean:      10.1687	test_episode_limit_mean:   0.0000	test_return_mean:         67.9375	test_return_median:       76.7000
test_return_std:          26.8277	test_success_mean:         1.0000	
[INFO 09:04:09] my_main Updated target network
[INFO 09:04:41] my_main Recent Stats | t_env:    2005928 | Episode:   133669
consensus_fraction_mean:   1.0000	entropy_loss:              0.0007	ep_length_mean:           13.3701	episode_limit_mean:        0.0000
epsilon:                   0.0500	grad_norm:               255.5632	loss:                     50.6699	mi_loss:                   0.0271
q_taken_mean:              6.6461	return_mean:              54.7724	return_median:            68.0000	return_std:               44.8995
success_mean:              1.0000	target_mean:               6.6837	td_error_abs:              5.2945	test_consensus_fraction_mean:  1.0000
test_ep_length_mean:      10.1687	test_episode_limit_mean:   0.0000	test_return_mean:         67.9375	test_return_median:       76.7000
test_return_std:          26.8277	test_success_mean:         1.0000	
[INFO 09:05:42] my_main Updated target network
[INFO 09:05:59] my_main Recent Stats | t_env:    2007936 | Episode:   133837
consensus_fraction_mean:   1.0000	entropy_loss:              0.0006	ep_length_mean:           13.3701	episode_limit_mean:        0.0000
epsilon:                   0.0500	grad_norm:               222.7498	loss:                     47.4709	mi_loss:                   0.0272
q_taken_mean:              6.8584	return_mean:              54.7724	return_median:            68.0000	return_std:               44.8995
success_mean:              1.0000	target_mean:               6.8890	td_error_abs:              5.1417	test_consensus_fraction_mean:  1.0000
test_ep_length_mean:      10.1687	test_episode_limit_mean:   0.0000	test_return_mean:         67.9375	test_return_median:       76.7000
test_return_std:          26.8277	test_success_mean:         1.0000	
[INFO 09:07:05] my_main Recent Stats | t_env:    2009939 | Episode:   133983
consensus_fraction_mean:   1.0000	entropy_loss:              0.0006	ep_length_mean:           13.3701	episode_limit_mean:        0.0000
epsilon:                   0.0500	grad_norm:               222.7498	loss:                     47.4709	mi_loss:                   0.0272
q_taken_mean:              6.8584	return_mean:              54.7724	return_median:            68.0000	return_std:               44.8995
success_mean:              1.0000	target_mean:               6.8890	td_error_abs:              5.1417	test_consensus_fraction_mean:  1.0000
test_ep_length_mean:      10.1687	test_episode_limit_mean:   0.0000	test_return_mean:         67.9375	test_return_median:       76.7000
test_return_std:          26.8277	test_success_mean:         1.0000	
[INFO 09:07:14] my_main Updated target network
[INFO 09:08:17] my_main Recent Stats | t_env:    2011943 | Episode:   134136
consensus_fraction_mean:   1.0000	entropy_loss:              0.0006	ep_length_mean:           13.3701	episode_limit_mean:        0.0000
epsilon:                   0.0500	grad_norm:               222.7498	loss:                     47.4709	mi_loss:                   0.0272
q_taken_mean:              6.8584	return_mean:              54.7724	return_median:            68.0000	return_std:               44.8995
success_mean:              1.0000	target_mean:               6.8890	td_error_abs:              5.1417	test_consensus_fraction_mean:  1.0000
test_ep_length_mean:      10.1687	test_episode_limit_mean:   0.0000	test_return_mean:         67.9375	test_return_median:       76.7000
test_return_std:          26.8277	test_success_mean:         1.0000	
[INFO 09:08:48] my_main Updated target network
[INFO 09:09:07] my_main t_env: 2013222 / 2050000
[INFO 09:09:07] my_main Estimated time left: 22 minutes, 28 seconds. Time passed: 1 days, 7 hours, 4 minutes, 43 seconds
[INFO 09:09:35] my_main Recent Stats | t_env:    2013948 | Episode:   134296
consensus_fraction_mean:   1.0000	entropy_loss:              0.0006	ep_length_mean:           13.2142	episode_limit_mean:        0.0000
epsilon:                   0.0500	grad_norm:               222.7498	loss:                     47.4709	mi_loss:                   0.0272
q_taken_mean:              6.8584	return_mean:              55.3933	return_median:            68.0000	return_std:               44.1954
success_mean:              1.0000	target_mean:               6.8890	td_error_abs:              5.1417	test_consensus_fraction_mean:  1.0000
test_ep_length_mean:      10.4000	test_episode_limit_mean:   0.0000	test_return_mean:         67.6250	test_return_median:       76.4000
test_return_std:          27.6351	test_success_mean:         1.0000	
[INFO 09:10:19] my_main Updated target network
[INFO 09:10:47] my_main Recent Stats | t_env:    2015969 | Episode:   134472
consensus_fraction_mean:   1.0000	entropy_loss:              0.0006	ep_length_mean:           13.2142	episode_limit_mean:        0.0000
epsilon:                   0.0500	grad_norm:               225.9570	loss:                     47.3262	mi_loss:                   0.0272
q_taken_mean:              6.7713	return_mean:              55.3933	return_median:            68.0000	return_std:               44.1954
success_mean:              1.0000	target_mean:               6.8030	td_error_abs:              5.1308	test_consensus_fraction_mean:  1.0000
test_ep_length_mean:      10.4000	test_episode_limit_mean:   0.0000	test_return_mean:         67.6250	test_return_median:       76.4000
test_return_std:          27.6351	test_success_mean:         1.0000	
[INFO 09:11:38] my_main Updated target network
[INFO 09:11:49] my_main Recent Stats | t_env:    2017969 | Episode:   134627
consensus_fraction_mean:   1.0000	entropy_loss:              0.0006	ep_length_mean:           13.2142	episode_limit_mean:        0.0000
epsilon:                   0.0500	grad_norm:               225.9570	loss:                     47.3262	mi_loss:                   0.0272
q_taken_mean:              6.7713	return_mean:              55.3933	return_median:            68.0000	return_std:               44.1954
success_mean:              1.0000	target_mean:               6.8030	td_error_abs:              5.1308	test_consensus_fraction_mean:  1.0000
test_ep_length_mean:      10.4000	test_episode_limit_mean:   0.0000	test_return_mean:         67.6250	test_return_median:       76.4000
test_return_std:          27.6351	test_success_mean:         1.0000	
[INFO 09:12:56] my_main Recent Stats | t_env:    2019985 | Episode:   134790
consensus_fraction_mean:   1.0000	entropy_loss:              0.0006	ep_length_mean:           13.2142	episode_limit_mean:        0.0000
epsilon:                   0.0500	grad_norm:               225.9570	loss:                     47.3262	mi_loss:                   0.0272
q_taken_mean:              6.7713	return_mean:              55.3933	return_median:            68.0000	return_std:               44.1954
success_mean:              1.0000	target_mean:               6.8030	td_error_abs:              5.1308	test_consensus_fraction_mean:  1.0000
test_ep_length_mean:      10.4000	test_episode_limit_mean:   0.0000	test_return_mean:         67.6250	test_return_median:       76.4000
test_return_std:          27.6351	test_success_mean:         1.0000	
[INFO 09:13:00] my_main Updated target network
[INFO 09:14:06] my_main Recent Stats | t_env:    2021986 | Episode:   134958
consensus_fraction_mean:   1.0000	entropy_loss:              0.0006	ep_length_mean:           13.2142	episode_limit_mean:        0.0000
epsilon:                   0.0500	grad_norm:               225.9570	loss:                     47.3262	mi_loss:                   0.0272
q_taken_mean:              6.7713	return_mean:              55.3933	return_median:            68.0000	return_std:               44.1954
success_mean:              1.0000	target_mean:               6.8030	td_error_abs:              5.1308	test_consensus_fraction_mean:  1.0000
test_ep_length_mean:      10.4000	test_episode_limit_mean:   0.0000	test_return_mean:         67.6250	test_return_median:       76.4000
test_return_std:          27.6351	test_success_mean:         1.0000	
[INFO 09:14:25] my_main Updated target network
[INFO 09:14:45] my_main t_env: 2023232 / 2050000
[INFO 09:14:45] my_main Estimated time left: 15 minutes, 4 seconds. Time passed: 1 days, 7 hours, 10 minutes, 21 seconds
[INFO 09:15:14] my_main Recent Stats | t_env:    2023993 | Episode:   135118
consensus_fraction_mean:   1.0000	entropy_loss:              0.0006	ep_length_mean:           13.1458	episode_limit_mean:        0.0000
epsilon:                   0.0500	grad_norm:               225.9570	loss:                     47.3262	mi_loss:                   0.0272
q_taken_mean:              6.7713	return_mean:              55.5894	return_median:            68.2000	return_std:               43.6984
success_mean:              1.0000	target_mean:               6.8030	td_error_abs:              5.1308	test_consensus_fraction_mean:  1.0000
test_ep_length_mean:      10.5500	test_episode_limit_mean:   0.0000	test_return_mean:         68.1000	test_return_median:       76.8000
test_return_std:          26.9867	test_success_mean:         1.0000	
[INFO 09:15:49] my_main Updated target network
[INFO 09:16:19] my_main Recent Stats | t_env:    2025995 | Episode:   135275
consensus_fraction_mean:   1.0000	entropy_loss:              0.0006	ep_length_mean:           13.1458	episode_limit_mean:        0.0000
epsilon:                   0.0500	grad_norm:               261.0228	loss:                     50.2204	mi_loss:                   0.0270
q_taken_mean:              6.6289	return_mean:              55.5894	return_median:            68.2000	return_std:               43.6984
success_mean:              1.0000	target_mean:               6.6349	td_error_abs:              5.2482	test_consensus_fraction_mean:  1.0000
test_ep_length_mean:      10.5500	test_episode_limit_mean:   0.0000	test_return_mean:         68.1000	test_return_median:       76.8000
test_return_std:          26.9867	test_success_mean:         1.0000	
[INFO 09:17:11] my_main Updated target network
[INFO 09:17:21] my_main Recent Stats | t_env:    2028010 | Episode:   135421
consensus_fraction_mean:   1.0000	entropy_loss:              0.0006	ep_length_mean:           13.1458	episode_limit_mean:        0.0000
epsilon:                   0.0500	grad_norm:               261.0228	loss:                     50.2204	mi_loss:                   0.0270
q_taken_mean:              6.6289	return_mean:              55.5894	return_median:            68.2000	return_std:               43.6984
success_mean:              1.0000	target_mean:               6.6349	td_error_abs:              5.2482	test_consensus_fraction_mean:  1.0000
test_ep_length_mean:      10.5500	test_episode_limit_mean:   0.0000	test_return_mean:         68.1000	test_return_median:       76.8000
test_return_std:          26.9867	test_success_mean:         1.0000	
[INFO 09:18:24] my_main Recent Stats | t_env:    2030014 | Episode:   135568
consensus_fraction_mean:   1.0000	entropy_loss:              0.0006	ep_length_mean:           13.1458	episode_limit_mean:        0.0000
epsilon:                   0.0500	grad_norm:               261.0228	loss:                     50.2204	mi_loss:                   0.0270
q_taken_mean:              6.6289	return_mean:              55.5894	return_median:            68.2000	return_std:               43.6984
success_mean:              1.0000	target_mean:               6.6349	td_error_abs:              5.2482	test_consensus_fraction_mean:  1.0000
test_ep_length_mean:      10.5500	test_episode_limit_mean:   0.0000	test_return_mean:         68.1000	test_return_median:       76.8000
test_return_std:          26.9867	test_success_mean:         1.0000	
[INFO 09:18:38] my_main Updated target network
[INFO 09:19:25] my_main Recent Stats | t_env:    2032020 | Episode:   135712
consensus_fraction_mean:   1.0000	entropy_loss:              0.0006	ep_length_mean:           13.1458	episode_limit_mean:        0.0000
epsilon:                   0.0500	grad_norm:               261.0228	loss:                     50.2204	mi_loss:                   0.0270
q_taken_mean:              6.6289	return_mean:              55.5894	return_median:            68.2000	return_std:               43.6984
success_mean:              1.0000	target_mean:               6.6349	td_error_abs:              5.2482	test_consensus_fraction_mean:  1.0000
test_ep_length_mean:      10.5500	test_episode_limit_mean:   0.0000	test_return_mean:         68.1000	test_return_median:       76.8000
test_return_std:          26.9867	test_success_mean:         1.0000	
[INFO 09:19:59] my_main t_env: 2033235 / 2050000
[INFO 09:19:59] my_main Estimated time left: 8 minutes, 46 seconds. Time passed: 1 days, 7 hours, 15 minutes, 35 seconds
[INFO 09:20:02] my_main Updated target network
[INFO 09:20:22] my_main Recent Stats | t_env:    2034024 | Episode:   135850
consensus_fraction_mean:   1.0000	entropy_loss:              0.0006	ep_length_mean:           13.0857	episode_limit_mean:        0.0000
epsilon:                   0.0500	grad_norm:               261.0228	loss:                     50.2204	mi_loss:                   0.0270
q_taken_mean:              6.6289	return_mean:              55.9533	return_median:            68.2000	return_std:               42.8649
success_mean:              1.0000	target_mean:               6.6349	td_error_abs:              5.2482	test_consensus_fraction_mean:  1.0000
test_ep_length_mean:      10.6750	test_episode_limit_mean:   0.0000	test_return_mean:         67.4688	test_return_median:       77.0000
test_return_std:          28.1705	test_success_mean:         1.0000	
[INFO 09:21:25] my_main Updated target network
[INFO 09:21:26] my_main Recent Stats | t_env:    2036033 | Episode:   136003
consensus_fraction_mean:   1.0000	entropy_loss:              0.0006	ep_length_mean:           13.0857	episode_limit_mean:        0.0000
epsilon:                   0.0500	grad_norm:               264.8408	loss:                     52.4471	mi_loss:                   0.0270
q_taken_mean:              6.5826	return_mean:              55.9533	return_median:            68.2000	return_std:               42.8649
success_mean:              1.0000	target_mean:               6.5820	td_error_abs:              5.4166	test_consensus_fraction_mean:  1.0000
test_ep_length_mean:      10.6750	test_episode_limit_mean:   0.0000	test_return_mean:         67.4688	test_return_median:       77.0000
test_return_std:          28.1705	test_success_mean:         1.0000	
[INFO 09:22:27] my_main Recent Stats | t_env:    2038045 | Episode:   136146
consensus_fraction_mean:   1.0000	entropy_loss:              0.0006	ep_length_mean:           13.0857	episode_limit_mean:        0.0000
epsilon:                   0.0500	grad_norm:               264.8408	loss:                     52.4471	mi_loss:                   0.0270
q_taken_mean:              6.5826	return_mean:              55.9533	return_median:            68.2000	return_std:               42.8649
success_mean:              1.0000	target_mean:               6.5820	td_error_abs:              5.4166	test_consensus_fraction_mean:  1.0000
test_ep_length_mean:      10.6750	test_episode_limit_mean:   0.0000	test_return_mean:         67.4688	test_return_median:       77.0000
test_return_std:          28.1705	test_success_mean:         1.0000	
[INFO 09:22:49] my_main Updated target network
[INFO 09:23:33] my_main Recent Stats | t_env:    2040066 | Episode:   136319
consensus_fraction_mean:   1.0000	entropy_loss:              0.0006	ep_length_mean:           13.0857	episode_limit_mean:        0.0000
epsilon:                   0.0500	grad_norm:               264.8408	loss:                     52.4471	mi_loss:                   0.0270
q_taken_mean:              6.5826	return_mean:              55.9533	return_median:            68.2000	return_std:               42.8649
success_mean:              1.0000	target_mean:               6.5820	td_error_abs:              5.4166	test_consensus_fraction_mean:  1.0000
test_ep_length_mean:      10.6750	test_episode_limit_mean:   0.0000	test_return_mean:         67.4688	test_return_median:       77.0000
test_return_std:          28.1705	test_success_mean:         1.0000	
[INFO 09:24:02] my_main Updated target network
[INFO 09:24:33] my_main Recent Stats | t_env:    2042066 | Episode:   136481
consensus_fraction_mean:   1.0000	entropy_loss:              0.0006	ep_length_mean:           13.0857	episode_limit_mean:        0.0000
epsilon:                   0.0500	grad_norm:               264.8408	loss:                     52.4471	mi_loss:                   0.0270
q_taken_mean:              6.5826	return_mean:              55.9533	return_median:            68.2000	return_std:               42.8649
success_mean:              1.0000	target_mean:               6.5820	td_error_abs:              5.4166	test_consensus_fraction_mean:  1.0000
test_ep_length_mean:      10.6750	test_episode_limit_mean:   0.0000	test_return_mean:         67.4688	test_return_median:       77.0000
test_return_std:          28.1705	test_success_mean:         1.0000	
[INFO 09:25:02] my_main t_env: 2043243 / 2050000
[INFO 09:25:02] my_main Estimated time left: 3 minutes, 24 seconds. Time passed: 1 days, 7 hours, 20 minutes, 38 seconds
[INFO 09:25:19] my_main Updated target network
[INFO 09:25:26] my_main Recent Stats | t_env:    2044077 | Episode:   136621
consensus_fraction_mean:   1.0000	entropy_loss:              0.0006	ep_length_mean:           12.9874	episode_limit_mean:        0.0000
epsilon:                   0.0500	grad_norm:               264.8408	loss:                     52.4471	mi_loss:                   0.0270
q_taken_mean:              6.5826	return_mean:              56.1826	return_median:            68.6000	return_std:               43.2834
success_mean:              1.0000	target_mean:               6.5820	td_error_abs:              5.4166	test_consensus_fraction_mean:  1.0000
test_ep_length_mean:      10.5125	test_episode_limit_mean:   0.0000	test_return_mean:         68.2500	test_return_median:       77.1000
test_return_std:          28.9977	test_success_mean:         1.0000	
[INFO 09:26:20] my_main Recent Stats | t_env:    2046146 | Episode:   136771
consensus_fraction_mean:   1.0000	entropy_loss:              0.0006	ep_length_mean:           12.9874	episode_limit_mean:        0.0000
epsilon:                   0.0500	grad_norm:               297.7953	loss:                     55.3929	mi_loss:                   0.0269
q_taken_mean:              6.3207	return_mean:              56.1826	return_median:            68.6000	return_std:               43.2834
success_mean:              1.0000	target_mean:               6.2848	td_error_abs:              5.6073	test_consensus_fraction_mean:  1.0000
test_ep_length_mean:      10.5125	test_episode_limit_mean:   0.0000	test_return_mean:         68.2500	test_return_median:       77.1000
test_return_std:          28.9977	test_success_mean:         1.0000	
[INFO 09:26:31] my_main Updated target network
[INFO 09:27:16] my_main Recent Stats | t_env:    2048156 | Episode:   136919
consensus_fraction_mean:   1.0000	entropy_loss:              0.0006	ep_length_mean:           12.9874	episode_limit_mean:        0.0000
epsilon:                   0.0500	grad_norm:               297.7953	loss:                     55.3929	mi_loss:                   0.0269
q_taken_mean:              6.3207	return_mean:              56.1826	return_median:            68.6000	return_std:               43.2834
success_mean:              1.0000	target_mean:               6.2848	td_error_abs:              5.6073	test_consensus_fraction_mean:  1.0000
test_ep_length_mean:      10.5125	test_episode_limit_mean:   0.0000	test_return_mean:         68.2500	test_return_median:       77.1000
test_return_std:          28.9977	test_success_mean:         1.0000	
[INFO 09:27:45] my_main Updated target network
[INFO 09:28:06] my_main Finished Training
Export tensorboard scalars at /root/autodl-tmp/AAAI/LLM_Communication/Baseline-cognac/MAIC/results/tb_logs/cognac/MAIC_COGNAC/2026-07-19_02-04-22_MAIC_COGNAC_cognac_binary_consensus_10_1237 to json file /root/autodl-tmp/AAAI/LLM_Communication/Baseline-cognac/MAIC/results/cognac/MAIC_COGNAC/2026-07-19_02-04-22_MAIC_COGNAC_cognac_binary_consensus_10_1237.json
[DEBUG 09:28:06] tensorboard Opening a stub record reader pointing at /root/autodl-tmp/AAAI/LLM_Communication/Baseline-cognac/MAIC/results/tb_logs/cognac/MAIC_COGNAC/2026-07-19_02-04-22_MAIC_COGNAC_cognac_binary_consensus_10_1237/events.out.tfevents.1784397862.autodl-container-e9e04d9e7a-ea39e67f
[DEBUG 09:28:06] tensorboard Loading events from /root/autodl-tmp/AAAI/LLM_Communication/Baseline-cognac/MAIC/results/tb_logs/cognac/MAIC_COGNAC/2026-07-19_02-04-22_MAIC_COGNAC_cognac_binary_consensus_10_1237/events.out.tfevents.1784397862.autodl-container-e9e04d9e7a-ea39e67f
[DEBUG 09:28:06] tensorboard End of file in /root/autodl-tmp/AAAI/LLM_Communication/Baseline-cognac/MAIC/results/tb_logs/cognac/MAIC_COGNAC/2026-07-19_02-04-22_MAIC_COGNAC_cognac_binary_consensus_10_1237/events.out.tfevents.1784397862.autodl-container-e9e04d9e7a-ea39e67f
[DEBUG 09:28:06] tensorboard No more events in /root/autodl-tmp/AAAI/LLM_Communication/Baseline-cognac/MAIC/results/tb_logs/cognac/MAIC_COGNAC/2026-07-19_02-04-22_MAIC_COGNAC_cognac_binary_consensus_10_1237/events.out.tfevents.1784397862.autodl-container-e9e04d9e7a-ea39e67f
[INFO 09:28:06] tensorboard No path found after /root/autodl-tmp/AAAI/LLM_Communication/Baseline-cognac/MAIC/results/tb_logs/cognac/MAIC_COGNAC/2026-07-19_02-04-22_MAIC_COGNAC_cognac_binary_consensus_10_1237/events.out.tfevents.1784397862.autodl-container-e9e04d9e7a-ea39e67f
Exiting Main
Stopping all threads
Thread Thread-1 is alive! Is daemon: False
Thread joined
Thread Thread-2 is alive! Is daemon: True
Thread joined
Thread QueueFeederThread is alive! Is daemon: True
Thread joined
Exiting script
