[DEBUG 02:04:33] git.cmd Popen(['git', 'version'], cwd=/root/autodl-tmp/AAAI/LLM_Communication/Baseline-cognac/MAIC, stdin=None, shell=False, universal_newlines=False)
[DEBUG 02:04:33] git.cmd Popen(['git', 'version'], cwd=/root/autodl-tmp/AAAI/LLM_Communication/Baseline-cognac/MAIC, stdin=None, shell=False, universal_newlines=False)
[DEBUG 02:04:33] git.util sys.platform='linux', git_executable='git'
[DEBUG 02:04:33] git.util sys.platform='linux', git_executable='git'
[DEBUG 02:04:33] git.util sys.platform='linux', git_executable='git'
[INFO 02:04:33] root Saving to FileStorageObserver in results/sacred.
[DEBUG 02:04:33] pymarl Using capture mode "fd"
[INFO 02:04:33] pymarl Running command 'my_main'
[INFO 02:04:33] pymarl Started run with ID "12"
[DEBUG 02:04:33] pymarl Starting Heartbeat
[DEBUG 02:04:33] my_main Started
[INFO 02:04:33] my_main Experiment Parameters:
[INFO 02:04:33] my_main 

{   'action_selector': 'epsilon_greedy',
    'agent': 'maic',
    'agent_output_type': 'q',
    'attention_dim': 32,
    'batch_size': 32,
    'batch_size_run': 1,
    'buffer_cpu_only': True,
    'buffer_size': 5000,
    'burn_in_period': 32,
    'checkpoint_path': '',
    'comment': '',
    'critic_lr': 0.0005,
    'double_q': True,
    'entropy_loss_weight': 0.01,
    'env': 'cognac',
    'env_args': {   'map_name': 'firefighting_10',
                    'max_steps': 100,
                    'seed': 1236,
                    'task': 'firefighting_10'},
    'epsilon_anneal_time': 50000,
    'epsilon_finish': 0.05,
    'epsilon_start': 1.0,
    'evaluate': False,
    'gamma': 0.99,
    'grad_norm_clip': 10,
    'hypernet_embed': 64,
    'hypernet_layers': 2,
    'is_batch_rl': False,
    'is_from_start': True,
    'is_save_buffer': False,
    'label': 'default_label',
    'latent_dim': 8,
    'learner': 'maic_learner',
    'learner_log_interval': 10000,
    'load_buffer_id': 0,
    'load_step': 0,
    'local_results_path': 'results',
    'log_interval': 2000,
    'log_weights': True,
    'lr': 0.0005,
    'mac': 'maic_mac',
    'mi_loss_weight': 0.001,
    'mixer': 'qmix',
    'mixing_embed_dim': 32,
    'msg_l1_reg_loss_weight': 0,
    'name': 'MAIC_COGNAC',
    'nn_hidden_size': 64,
    'num_circle': 1,
    'obs_agent_id': True,
    'obs_last_action': True,
    'optim_alpha': 0.99,
    'optim_eps': 1e-05,
    'repeat_id': 1,
    'rnn_hidden_dim': 64,
    'runner': 'episode',
    'runner_log_interval': 10000,
    'save_buffer_id': 0,
    'save_buffer_interval': 1000,
    'save_buffer_size': 10000,
    'save_model': False,
    'save_model_interval': 1000000,
    'save_replay': False,
    'seed': 1236,
    't_max': 2050000,
    'target_update_interval': 200,
    'test_greedy': True,
    'test_interval': 10000,
    'test_nepisode': 32,
    'use_cuda': True,
    'use_tensorboard': True,
    'var_floor': 0.002}

<class 'envs.cognac_wrapper.COGNACWrapper'>
[INFO 02:04:34] my_main Beginning training for 2050000 timesteps
/root/autodl-tmp/AAAI/LLM_Communication/Baseline-cognac/MAIC/src/components/episode_buffer.py:104: UserWarning: Creating a tensor from a list of numpy.ndarrays is extremely slow. Please consider converting the list to a single numpy.ndarray with numpy.array() before converting to a tensor. (Triggered internally at ../torch/csrc/utils/tensor_new.cpp:278.)
  v = th.tensor(v, dtype=dtype, device=self.device)
/root/autodl-tmp/AAAI/LLM_Communication/Baseline-cognac/MAIC/src/components/episode_buffer.py:104: UserWarning: To copy construct from a tensor, it is recommended to use sourceTensor.clone().detach() or sourceTensor.clone().detach().requires_grad_(True), rather than torch.tensor(sourceTensor).
  v = th.tensor(v, dtype=dtype, device=self.device)
[INFO 02:04:35] my_main t_env: 100 / 2050000
[INFO 02:04:35] my_main Estimated time left: 2 minutes, 24 seconds. Time passed: 0 seconds
[INFO 02:04:58] my_main Recent Stats | t_env:       2024 | Episode:       21
all_fires_out_mean:        0.0000	ep_length_mean:          100.0000	episode_limit_mean:        1.0000	epsilon:                   1.0000
mean_fire_level_mean:      1.4545	return_mean:             -2825.0000	return_median:           -2825.0000	return_std:                0.0000
test_all_fires_out_mean:   0.0000	test_ep_length_mean:     100.0000	test_episode_limit_mean:   1.0000	test_mean_fire_level_mean: 15.1307
test_return_mean:        -26919.8125	test_return_median:      -25806.0000	test_return_std:         8497.0572	
[INFO 02:05:18] my_main Recent Stats | t_env:       4024 | Episode:       41
all_fires_out_mean:        0.0000	entropy_loss:              0.0323	ep_length_mean:          100.0000	episode_limit_mean:        1.0000
epsilon:                   1.0000	grad_norm:               603.7759	loss:                    5647.3574	mean_fire_level_mean:      1.4545
mi_loss:                   0.0023	q_taken_mean:             -0.0078	return_mean:             -2825.0000	return_median:           -2825.0000
return_std:                0.0000	target_mean:              -4.9327	td_error_abs:             49.5021	test_all_fires_out_mean:   0.0000
test_ep_length_mean:     100.0000	test_episode_limit_mean:   1.0000	test_mean_fire_level_mean: 15.1307	test_return_mean:        -26919.8125
test_return_median:      -25806.0000	test_return_std:         8497.0572	
[INFO 02:05:49] my_main Recent Stats | t_env:       6106 | Episode:       62
all_fires_out_mean:        0.0000	entropy_loss:              0.0323	ep_length_mean:          100.0000	episode_limit_mean:        1.0000
epsilon:                   1.0000	grad_norm:               603.7759	loss:                    5647.3574	mean_fire_level_mean:      1.4545
mi_loss:                   0.0023	q_taken_mean:             -0.0078	return_mean:             -2825.0000	return_median:           -2825.0000
return_std:                0.0000	target_mean:              -4.9327	td_error_abs:             49.5021	test_all_fires_out_mean:   0.0000
test_ep_length_mean:     100.0000	test_episode_limit_mean:   1.0000	test_mean_fire_level_mean: 15.1307	test_return_mean:        -26919.8125
test_return_median:      -25806.0000	test_return_std:         8497.0572	
[INFO 02:06:19] my_main Recent Stats | t_env:       8106 | Episode:       82
all_fires_out_mean:        0.0000	entropy_loss:              0.0323	ep_length_mean:          100.0000	episode_limit_mean:        1.0000
epsilon:                   1.0000	grad_norm:               603.7759	loss:                    5647.3574	mean_fire_level_mean:      1.4545
mi_loss:                   0.0023	q_taken_mean:             -0.0078	return_mean:             -2825.0000	return_median:           -2825.0000
return_std:                0.0000	target_mean:              -4.9327	td_error_abs:             49.5021	test_all_fires_out_mean:   0.0000
test_ep_length_mean:     100.0000	test_episode_limit_mean:   1.0000	test_mean_fire_level_mean: 15.1307	test_return_mean:        -26919.8125
test_return_median:      -25806.0000	test_return_std:         8497.0572	
[INFO 02:06:50] my_main t_env: 10175 / 2050000
[INFO 02:06:50] my_main Estimated time left: 7 hours, 37 minutes, 58 seconds. Time passed: 2 minutes, 16 seconds
[INFO 02:07:04] my_main Recent Stats | t_env:      10175 | Episode:      103
all_fires_out_mean:        0.0343	entropy_loss:              0.0323	ep_length_mean:           99.3873	episode_limit_mean:        0.9657
epsilon:                   0.8086	grad_norm:               603.7759	loss:                    5647.3574	mean_fire_level_mean:      3.5392
mi_loss:                   0.0023	q_taken_mean:             -0.0078	return_mean:             -3875.6176	return_median:           -3873.7500
return_std:              932.6849	target_mean:              -4.9327	td_error_abs:             49.5021	test_all_fires_out_mean:   0.0000
test_ep_length_mean:     100.0000	test_episode_limit_mean:   1.0000	test_mean_fire_level_mean: 15.1548	test_return_mean:        -26876.0312
test_return_median:      -26151.5000	test_return_std:         7288.2101	
[INFO 02:07:36] my_main Recent Stats | t_env:      12242 | Episode:      124
all_fires_out_mean:        0.0343	entropy_loss:              0.0323	ep_length_mean:           99.3873	episode_limit_mean:        0.9657
epsilon:                   0.8086	grad_norm:               603.7759	loss:                    5647.3574	mean_fire_level_mean:      3.5392
mi_loss:                   0.0023	q_taken_mean:             -0.0078	return_mean:             -3875.6176	return_median:           -3873.7500
return_std:              932.6849	target_mean:              -4.9327	td_error_abs:             49.5021	test_all_fires_out_mean:   0.0000
test_ep_length_mean:     100.0000	test_episode_limit_mean:   1.0000	test_mean_fire_level_mean: 15.1548	test_return_mean:        -26876.0312
test_return_median:      -26151.5000	test_return_std:         7288.2101	
[INFO 02:08:07] my_main Recent Stats | t_env:      14242 | Episode:      144
all_fires_out_mean:        0.0343	entropy_loss:              0.0210	ep_length_mean:           99.3873	episode_limit_mean:        0.9657
epsilon:                   0.8086	grad_norm:               7840.1807	loss:                    3822.6670	mean_fire_level_mean:      3.5392
mi_loss:                   0.0023	q_taken_mean:             -1.3569	return_mean:             -3875.6176	return_median:           -3873.7500
return_std:              932.6849	target_mean:              -5.0510	td_error_abs:             41.0968	test_all_fires_out_mean:   0.0000
test_ep_length_mean:     100.0000	test_episode_limit_mean:   1.0000	test_mean_fire_level_mean: 15.1548	test_return_mean:        -26876.0312
test_return_median:      -26151.5000	test_return_std:         7288.2101	
[INFO 02:08:52] my_main Recent Stats | t_env:      16257 | Episode:      165
all_fires_out_mean:        0.0343	entropy_loss:              0.0210	ep_length_mean:           99.3873	episode_limit_mean:        0.9657
epsilon:                   0.8086	grad_norm:               7840.1807	loss:                    3822.6670	mean_fire_level_mean:      3.5392
mi_loss:                   0.0023	q_taken_mean:             -1.3569	return_mean:             -3875.6176	return_median:           -3873.7500
return_std:              932.6849	target_mean:              -5.0510	td_error_abs:             41.0968	test_all_fires_out_mean:   0.0000
test_ep_length_mean:     100.0000	test_episode_limit_mean:   1.0000	test_mean_fire_level_mean: 15.1548	test_return_mean:        -26876.0312
test_return_median:      -26151.5000	test_return_std:         7288.2101	
[INFO 02:09:33] my_main Recent Stats | t_env:      18257 | Episode:      185
all_fires_out_mean:        0.0343	entropy_loss:              0.0210	ep_length_mean:           99.3873	episode_limit_mean:        0.9657
epsilon:                   0.8086	grad_norm:               7840.1807	loss:                    3822.6670	mean_fire_level_mean:      3.5392
mi_loss:                   0.0023	q_taken_mean:             -1.3569	return_mean:             -3875.6176	return_median:           -3873.7500
return_std:              932.6849	target_mean:              -5.0510	td_error_abs:             41.0968	test_all_fires_out_mean:   0.0000
test_ep_length_mean:     100.0000	test_episode_limit_mean:   1.0000	test_mean_fire_level_mean: 15.1548	test_return_mean:        -26876.0312
test_return_median:      -26151.5000	test_return_std:         7288.2101	
[INFO 02:10:09] my_main Updated target network
[INFO 02:10:17] my_main t_env: 20257 / 2050000
[INFO 02:10:17] my_main Estimated time left: 11 hours, 31 minutes, 32 seconds. Time passed: 5 minutes, 42 seconds
[INFO 02:10:37] my_main Recent Stats | t_env:      20257 | Episode:      205
all_fires_out_mean:        0.0359	entropy_loss:              0.0210	ep_length_mean:           99.2059	episode_limit_mean:        0.9641
epsilon:                   0.6170	grad_norm:               7840.1807	loss:                    3822.6670	mean_fire_level_mean:      4.5995
mi_loss:                   0.0023	q_taken_mean:             -1.3569	return_mean:             -3914.0065	return_median:           -3845.0000
return_std:              1221.7564	target_mean:              -5.0510	td_error_abs:             41.0968	test_all_fires_out_mean:   0.0000
test_ep_length_mean:     100.0000	test_episode_limit_mean:   1.0000	test_mean_fire_level_mean: 17.5862	test_return_mean:        -21238.8646
test_return_median:      -20366.0000	test_return_std:         6262.7145	
[INFO 02:11:15] my_main Recent Stats | t_env:      22286 | Episode:      226
all_fires_out_mean:        0.0359	entropy_loss:              0.0210	ep_length_mean:           99.2059	episode_limit_mean:        0.9641
epsilon:                   0.6170	grad_norm:               7840.1807	loss:                    3822.6670	mean_fire_level_mean:      4.5995
mi_loss:                   0.0023	q_taken_mean:             -1.3569	return_mean:             -3914.0065	return_median:           -3845.0000
return_std:              1221.7564	target_mean:              -5.0510	td_error_abs:             41.0968	test_all_fires_out_mean:   0.0000
test_ep_length_mean:     100.0000	test_episode_limit_mean:   1.0000	test_mean_fire_level_mean: 17.5862	test_return_mean:        -21238.8646
test_return_median:      -20366.0000	test_return_std:         6262.7145	
[INFO 02:11:57] my_main Recent Stats | t_env:      24286 | Episode:      246
all_fires_out_mean:        0.0359	entropy_loss:              0.0208	ep_length_mean:           99.2059	episode_limit_mean:        0.9641
epsilon:                   0.6170	grad_norm:               5844.6582	loss:                    2928.8279	mean_fire_level_mean:      4.5995
mi_loss:                   0.0022	q_taken_mean:             -2.6978	return_mean:             -3914.0065	return_median:           -3845.0000
return_std:              1221.7564	target_mean:              -5.2345	td_error_abs:             32.3295	test_all_fires_out_mean:   0.0000
test_ep_length_mean:     100.0000	test_episode_limit_mean:   1.0000	test_mean_fire_level_mean: 17.5862	test_return_mean:        -21238.8646
test_return_median:      -20366.0000	test_return_std:         6262.7145	
[INFO 02:12:48] my_main Recent Stats | t_env:      26286 | Episode:      266
all_fires_out_mean:        0.0359	entropy_loss:              0.0208	ep_length_mean:           99.2059	episode_limit_mean:        0.9641
epsilon:                   0.6170	grad_norm:               5844.6582	loss:                    2928.8279	mean_fire_level_mean:      4.5995
mi_loss:                   0.0022	q_taken_mean:             -2.6978	return_mean:             -3914.0065	return_median:           -3845.0000
return_std:              1221.7564	target_mean:              -5.2345	td_error_abs:             32.3295	test_all_fires_out_mean:   0.0000
test_ep_length_mean:     100.0000	test_episode_limit_mean:   1.0000	test_mean_fire_level_mean: 17.5862	test_return_mean:        -21238.8646
test_return_median:      -20366.0000	test_return_std:         6262.7145	
[INFO 02:13:48] my_main Recent Stats | t_env:      28286 | Episode:      286
all_fires_out_mean:        0.0359	entropy_loss:              0.0208	ep_length_mean:           99.2059	episode_limit_mean:        0.9641
epsilon:                   0.6170	grad_norm:               5844.6582	loss:                    2928.8279	mean_fire_level_mean:      4.5995
mi_loss:                   0.0022	q_taken_mean:             -2.6978	return_mean:             -3914.0065	return_median:           -3845.0000
return_std:              1221.7564	target_mean:              -5.2345	td_error_abs:             32.3295	test_all_fires_out_mean:   0.0000
test_ep_length_mean:     100.0000	test_episode_limit_mean:   1.0000	test_mean_fire_level_mean: 17.5862	test_return_mean:        -21238.8646
test_return_median:      -20366.0000	test_return_std:         6262.7145	
[INFO 02:14:59] my_main t_env: 30286 / 2050000
[INFO 02:14:59] my_main Estimated time left: 15 hours, 47 minutes, 32 seconds. Time passed: 10 minutes, 24 seconds
[INFO 02:15:39] my_main Recent Stats | t_env:      30286 | Episode:      306
all_fires_out_mean:        0.0294	entropy_loss:              0.0208	ep_length_mean:           99.2287	episode_limit_mean:        0.9706
epsilon:                   0.4265	grad_norm:               5844.6582	loss:                    2928.8279	mean_fire_level_mean:      6.0214
mi_loss:                   0.0022	q_taken_mean:             -2.6978	return_mean:             -3856.3514	return_median:           -3787.7500
return_std:              1242.4250	target_mean:              -5.2345	td_error_abs:             32.3295	test_all_fires_out_mean:   0.0000
test_ep_length_mean:     100.0000	test_episode_limit_mean:   1.0000	test_mean_fire_level_mean: 18.1321	test_return_mean:        -17979.2266
test_return_median:      -17393.5000	test_return_std:         5623.6596	
[INFO 02:16:32] my_main Recent Stats | t_env:      32286 | Episode:      326
all_fires_out_mean:        0.0294	entropy_loss:              0.0208	ep_length_mean:           99.2287	episode_limit_mean:        0.9706
epsilon:                   0.4265	grad_norm:               5844.6582	loss:                    2928.8279	mean_fire_level_mean:      6.0214
mi_loss:                   0.0022	q_taken_mean:             -2.6978	return_mean:             -3856.3514	return_median:           -3787.7500
return_std:              1242.4250	target_mean:              -5.2345	td_error_abs:             32.3295	test_all_fires_out_mean:   0.0000
test_ep_length_mean:     100.0000	test_episode_limit_mean:   1.0000	test_mean_fire_level_mean: 18.1321	test_return_mean:        -17979.2266
test_return_median:      -17393.5000	test_return_std:         5623.6596	
[INFO 02:17:13] my_main Recent Stats | t_env:      34286 | Episode:      346
all_fires_out_mean:        0.0294	entropy_loss:              0.0220	ep_length_mean:           99.2287	episode_limit_mean:        0.9706
epsilon:                   0.4265	grad_norm:               4704.8550	loss:                    2367.9224	mean_fire_level_mean:      6.0214
mi_loss:                   0.0022	q_taken_mean:             -3.2709	return_mean:             -3856.3514	return_median:           -3787.7500
return_std:              1242.4250	target_mean:              -5.1126	td_error_abs:             27.0661	test_all_fires_out_mean:   0.0000
test_ep_length_mean:     100.0000	test_episode_limit_mean:   1.0000	test_mean_fire_level_mean: 18.1321	test_return_mean:        -17979.2266
test_return_median:      -17393.5000	test_return_std:         5623.6596	
[INFO 02:17:55] my_main Recent Stats | t_env:      36286 | Episode:      366
all_fires_out_mean:        0.0294	entropy_loss:              0.0220	ep_length_mean:           99.2287	episode_limit_mean:        0.9706
epsilon:                   0.4265	grad_norm:               4704.8550	loss:                    2367.9224	mean_fire_level_mean:      6.0214
mi_loss:                   0.0022	q_taken_mean:             -3.2709	return_mean:             -3856.3514	return_median:           -3787.7500
return_std:              1242.4250	target_mean:              -5.1126	td_error_abs:             27.0661	test_all_fires_out_mean:   0.0000
test_ep_length_mean:     100.0000	test_episode_limit_mean:   1.0000	test_mean_fire_level_mean: 18.1321	test_return_mean:        -17979.2266
test_return_median:      -17393.5000	test_return_std:         5623.6596	
[INFO 02:18:36] my_main Recent Stats | t_env:      38286 | Episode:      386
all_fires_out_mean:        0.0294	entropy_loss:              0.0220	ep_length_mean:           99.2287	episode_limit_mean:        0.9706
epsilon:                   0.4265	grad_norm:               4704.8550	loss:                    2367.9224	mean_fire_level_mean:      6.0214
mi_loss:                   0.0022	q_taken_mean:             -3.2709	return_mean:             -3856.3514	return_median:           -3787.7500
return_std:              1242.4250	target_mean:              -5.1126	td_error_abs:             27.0661	test_all_fires_out_mean:   0.0000
test_ep_length_mean:     100.0000	test_episode_limit_mean:   1.0000	test_mean_fire_level_mean: 18.1321	test_return_mean:        -17979.2266
test_return_median:      -17393.5000	test_return_std:         5623.6596	
[INFO 02:19:09] my_main Updated target network
[INFO 02:19:19] my_main t_env: 40286 / 2050000
[INFO 02:19:19] my_main Estimated time left: 14 hours, 32 minutes, 34 seconds. Time passed: 14 minutes, 45 seconds
[INFO 02:19:43] my_main Recent Stats | t_env:      40286 | Episode:      406
all_fires_out_mean:        0.0235	entropy_loss:              0.0220	ep_length_mean:           99.3829	episode_limit_mean:        0.9765
epsilon:                   0.2365	grad_norm:               4704.8550	loss:                    2367.9224	mean_fire_level_mean:      7.1299
mi_loss:                   0.0022	q_taken_mean:             -3.2709	return_mean:             -3673.2811	return_median:           -3621.5000
return_std:              1168.4512	target_mean:              -5.1126	td_error_abs:             27.0661	test_all_fires_out_mean:   0.0000
test_ep_length_mean:     100.0000	test_episode_limit_mean:   1.0000	test_mean_fire_level_mean: 17.9562	test_return_mean:        -14706.2875
test_return_median:      -14213.9000	test_return_std:         4639.9655	
[INFO 02:20:24] my_main Recent Stats | t_env:      42286 | Episode:      426
all_fires_out_mean:        0.0235	entropy_loss:              0.0220	ep_length_mean:           99.3829	episode_limit_mean:        0.9765
epsilon:                   0.2365	grad_norm:               4704.8550	loss:                    2367.9224	mean_fire_level_mean:      7.1299
mi_loss:                   0.0022	q_taken_mean:             -3.2709	return_mean:             -3673.2811	return_median:           -3621.5000
return_std:              1168.4512	target_mean:              -5.1126	td_error_abs:             27.0661	test_all_fires_out_mean:   0.0000
test_ep_length_mean:     100.0000	test_episode_limit_mean:   1.0000	test_mean_fire_level_mean: 17.9562	test_return_mean:        -14706.2875
test_return_median:      -14213.9000	test_return_std:         4639.9655	
[INFO 02:21:07] my_main Recent Stats | t_env:      44286 | Episode:      446
all_fires_out_mean:        0.0235	entropy_loss:              0.0228	ep_length_mean:           99.3829	episode_limit_mean:        0.9765
epsilon:                   0.2365	grad_norm:               4391.8408	loss:                    2047.5359	mean_fire_level_mean:      7.1299
mi_loss:                   0.0023	q_taken_mean:             -3.4913	return_mean:             -3673.2811	return_median:           -3621.5000
return_std:              1168.4512	target_mean:              -5.0481	td_error_abs:             23.9038	test_all_fires_out_mean:   0.0000
test_ep_length_mean:     100.0000	test_episode_limit_mean:   1.0000	test_mean_fire_level_mean: 17.9562	test_return_mean:        -14706.2875
test_return_median:      -14213.9000	test_return_std:         4639.9655	
[INFO 02:21:49] my_main Recent Stats | t_env:      46286 | Episode:      466
all_fires_out_mean:        0.0235	entropy_loss:              0.0228	ep_length_mean:           99.3829	episode_limit_mean:        0.9765
epsilon:                   0.2365	grad_norm:               4391.8408	loss:                    2047.5359	mean_fire_level_mean:      7.1299
mi_loss:                   0.0023	q_taken_mean:             -3.4913	return_mean:             -3673.2811	return_median:           -3621.5000
return_std:              1168.4512	target_mean:              -5.0481	td_error_abs:             23.9038	test_all_fires_out_mean:   0.0000
test_ep_length_mean:     100.0000	test_episode_limit_mean:   1.0000	test_mean_fire_level_mean: 17.9562	test_return_mean:        -14706.2875
test_return_median:      -14213.9000	test_return_std:         4639.9655	
[INFO 02:22:31] my_main Recent Stats | t_env:      48286 | Episode:      486
all_fires_out_mean:        0.0235	entropy_loss:              0.0228	ep_length_mean:           99.3829	episode_limit_mean:        0.9765
epsilon:                   0.2365	grad_norm:               4391.8408	loss:                    2047.5359	mean_fire_level_mean:      7.1299
mi_loss:                   0.0023	q_taken_mean:             -3.4913	return_mean:             -3673.2811	return_median:           -3621.5000
return_std:              1168.4512	target_mean:              -5.0481	td_error_abs:             23.9038	test_all_fires_out_mean:   0.0000
test_ep_length_mean:     100.0000	test_episode_limit_mean:   1.0000	test_mean_fire_level_mean: 17.9562	test_return_mean:        -14706.2875
test_return_median:      -14213.9000	test_return_std:         4639.9655	
[INFO 02:23:13] my_main t_env: 50286 / 2050000
[INFO 02:23:13] my_main Estimated time left: 12 hours, 59 minutes, 2 seconds. Time passed: 18 minutes, 39 seconds
[INFO 02:23:37] my_main Recent Stats | t_env:      50286 | Episode:      506
all_fires_out_mean:        0.0235	entropy_loss:              0.0228	ep_length_mean:           99.3829	episode_limit_mean:        0.9765
epsilon:                   0.0500	grad_norm:               4391.8408	loss:                    2047.5359	mean_fire_level_mean:      9.6562
mi_loss:                   0.0023	q_taken_mean:             -3.4913	return_mean:             -3442.3631	return_median:           -3370.3000
return_std:              1315.3210	target_mean:              -5.0481	td_error_abs:             23.9038	test_all_fires_out_mean:   0.0000
test_ep_length_mean:     100.0000	test_episode_limit_mean:   1.0000	test_mean_fire_level_mean: 19.0659	test_return_mean:        -9538.6875
test_return_median:      -9254.6000	test_return_std:         3037.7351	
[INFO 02:24:18] my_main Recent Stats | t_env:      52286 | Episode:      526
all_fires_out_mean:        0.0235	entropy_loss:              0.0228	ep_length_mean:           99.3829	episode_limit_mean:        0.9765
epsilon:                   0.0500	grad_norm:               4391.8408	loss:                    2047.5359	mean_fire_level_mean:      9.6562
mi_loss:                   0.0023	q_taken_mean:             -3.4913	return_mean:             -3442.3631	return_median:           -3370.3000
return_std:              1315.3210	target_mean:              -5.0481	td_error_abs:             23.9038	test_all_fires_out_mean:   0.0000
test_ep_length_mean:     100.0000	test_episode_limit_mean:   1.0000	test_mean_fire_level_mean: 19.0659	test_return_mean:        -9538.6875
test_return_median:      -9254.6000	test_return_std:         3037.7351	
[INFO 02:25:01] my_main Recent Stats | t_env:      54286 | Episode:      546
all_fires_out_mean:        0.0235	entropy_loss:              0.0217	ep_length_mean:           99.3829	episode_limit_mean:        0.9765
epsilon:                   0.0500	grad_norm:               4749.9658	loss:                    1066.8623	mean_fire_level_mean:      9.6562
mi_loss:                   0.0025	q_taken_mean:             -4.5850	return_mean:             -3442.3631	return_median:           -3370.3000
return_std:              1315.3210	target_mean:              -5.2185	td_error_abs:             16.6103	test_all_fires_out_mean:   0.0000
test_ep_length_mean:     100.0000	test_episode_limit_mean:   1.0000	test_mean_fire_level_mean: 19.0659	test_return_mean:        -9538.6875
test_return_median:      -9254.6000	test_return_std:         3037.7351	
[INFO 02:25:42] my_main Recent Stats | t_env:      56286 | Episode:      566
all_fires_out_mean:        0.0235	entropy_loss:              0.0217	ep_length_mean:           99.3829	episode_limit_mean:        0.9765
epsilon:                   0.0500	grad_norm:               4749.9658	loss:                    1066.8623	mean_fire_level_mean:      9.6562
mi_loss:                   0.0025	q_taken_mean:             -4.5850	return_mean:             -3442.3631	return_median:           -3370.3000
return_std:              1315.3210	target_mean:              -5.2185	td_error_abs:             16.6103	test_all_fires_out_mean:   0.0000
test_ep_length_mean:     100.0000	test_episode_limit_mean:   1.0000	test_mean_fire_level_mean: 19.0659	test_return_mean:        -9538.6875
test_return_median:      -9254.6000	test_return_std:         3037.7351	
[INFO 02:26:25] my_main Recent Stats | t_env:      58286 | Episode:      586
all_fires_out_mean:        0.0235	entropy_loss:              0.0217	ep_length_mean:           99.3829	episode_limit_mean:        0.9765
epsilon:                   0.0500	grad_norm:               4749.9658	loss:                    1066.8623	mean_fire_level_mean:      9.6562
mi_loss:                   0.0025	q_taken_mean:             -4.5850	return_mean:             -3442.3631	return_median:           -3370.3000
return_std:              1315.3210	target_mean:              -5.2185	td_error_abs:             16.6103	test_all_fires_out_mean:   0.0000
test_ep_length_mean:     100.0000	test_episode_limit_mean:   1.0000	test_mean_fire_level_mean: 19.0659	test_return_mean:        -9538.6875
test_return_median:      -9254.6000	test_return_std:         3037.7351	
[INFO 02:26:56] my_main Updated target network
[INFO 02:27:07] my_main t_env: 60286 / 2050000
[INFO 02:27:07] my_main Estimated time left: 12 hours, 54 minutes, 21 seconds. Time passed: 22 minutes, 32 seconds
[INFO 02:27:30] my_main Recent Stats | t_env:      60286 | Episode:      606
all_fires_out_mean:        0.0098	entropy_loss:              0.0217	ep_length_mean:           99.6280	episode_limit_mean:        0.9902
epsilon:                   0.0500	grad_norm:               4749.9658	loss:                    1066.8623	mean_fire_level_mean:     12.5573
mi_loss:                   0.0025	q_taken_mean:             -4.5850	return_mean:             -2698.8021	return_median:           -2600.9000
return_std:              1051.2387	target_mean:              -5.2185	td_error_abs:             16.6103	test_all_fires_out_mean:   0.0000
test_ep_length_mean:     100.0000	test_episode_limit_mean:   1.0000	test_mean_fire_level_mean: 20.5273	test_return_mean:        -4216.1625
test_return_median:      -3989.7000	test_return_std:         1848.0998	
[INFO 02:28:12] my_main Recent Stats | t_env:      62286 | Episode:      626
all_fires_out_mean:        0.0098	entropy_loss:              0.0217	ep_length_mean:           99.6280	episode_limit_mean:        0.9902
epsilon:                   0.0500	grad_norm:               4749.9658	loss:                    1066.8623	mean_fire_level_mean:     12.5573
mi_loss:                   0.0025	q_taken_mean:             -4.5850	return_mean:             -2698.8021	return_median:           -2600.9000
return_std:              1051.2387	target_mean:              -5.2185	td_error_abs:             16.6103	test_all_fires_out_mean:   0.0000
test_ep_length_mean:     100.0000	test_episode_limit_mean:   1.0000	test_mean_fire_level_mean: 20.5273	test_return_mean:        -4216.1625
test_return_median:      -3989.7000	test_return_std:         1848.0998	
[INFO 02:28:54] my_main Recent Stats | t_env:      64286 | Episode:      646
all_fires_out_mean:        0.0098	entropy_loss:              0.0251	ep_length_mean:           99.6280	episode_limit_mean:        0.9902
epsilon:                   0.0500	grad_norm:               2719.2715	loss:                    810.2839	mean_fire_level_mean:     12.5573
mi_loss:                   0.0028	q_taken_mean:             -5.2848	return_mean:             -2698.8021	return_median:           -2600.9000
return_std:              1051.2387	target_mean:              -5.3601	td_error_abs:             12.3424	test_all_fires_out_mean:   0.0000
test_ep_length_mean:     100.0000	test_episode_limit_mean:   1.0000	test_mean_fire_level_mean: 20.5273	test_return_mean:        -4216.1625
test_return_median:      -3989.7000	test_return_std:         1848.0998	
[INFO 02:29:37] my_main Recent Stats | t_env:      66286 | Episode:      666
all_fires_out_mean:        0.0098	entropy_loss:              0.0251	ep_length_mean:           99.6280	episode_limit_mean:        0.9902
epsilon:                   0.0500	grad_norm:               2719.2715	loss:                    810.2839	mean_fire_level_mean:     12.5573
mi_loss:                   0.0028	q_taken_mean:             -5.2848	return_mean:             -2698.8021	return_median:           -2600.9000
return_std:              1051.2387	target_mean:              -5.3601	td_error_abs:             12.3424	test_all_fires_out_mean:   0.0000
test_ep_length_mean:     100.0000	test_episode_limit_mean:   1.0000	test_mean_fire_level_mean: 20.5273	test_return_mean:        -4216.1625
test_return_median:      -3989.7000	test_return_std:         1848.0998	
[INFO 02:30:19] my_main Recent Stats | t_env:      68286 | Episode:      686
all_fires_out_mean:        0.0098	entropy_loss:              0.0251	ep_length_mean:           99.6280	episode_limit_mean:        0.9902
epsilon:                   0.0500	grad_norm:               2719.2715	loss:                    810.2839	mean_fire_level_mean:     12.5573
mi_loss:                   0.0028	q_taken_mean:             -5.2848	return_mean:             -2698.8021	return_median:           -2600.9000
return_std:              1051.2387	target_mean:              -5.3601	td_error_abs:             12.3424	test_all_fires_out_mean:   0.0000
test_ep_length_mean:     100.0000	test_episode_limit_mean:   1.0000	test_mean_fire_level_mean: 20.5273	test_return_mean:        -4216.1625
test_return_median:      -3989.7000	test_return_std:         1848.0998	
[INFO 02:31:01] my_main t_env: 70286 / 2050000
[INFO 02:31:01] my_main Estimated time left: 12 hours, 53 minutes, 45 seconds. Time passed: 26 minutes, 27 seconds
[INFO 02:31:25] my_main Recent Stats | t_env:      70286 | Episode:      706
all_fires_out_mean:        0.0020	entropy_loss:              0.0251	ep_length_mean:           99.8594	episode_limit_mean:        0.9980
epsilon:                   0.0500	grad_norm:               2719.2715	loss:                    810.2839	mean_fire_level_mean:     15.4469
mi_loss:                   0.0028	q_taken_mean:             -5.2848	return_mean:             -2096.8572	return_median:           -2035.8000
return_std:              754.0352	target_mean:              -5.3601	td_error_abs:             12.3424	test_all_fires_out_mean:   0.0000
test_ep_length_mean:     100.0000	test_episode_limit_mean:   1.0000	test_mean_fire_level_mean: 20.4920	test_return_mean:        -2274.8688
test_return_median:      -2279.9000	test_return_std:         1029.0962	
[INFO 02:32:07] my_main Recent Stats | t_env:      72286 | Episode:      726
all_fires_out_mean:        0.0020	entropy_loss:              0.0251	ep_length_mean:           99.8594	episode_limit_mean:        0.9980
epsilon:                   0.0500	grad_norm:               2719.2715	loss:                    810.2839	mean_fire_level_mean:     15.4469
mi_loss:                   0.0028	q_taken_mean:             -5.2848	return_mean:             -2096.8572	return_median:           -2035.8000
return_std:              754.0352	target_mean:              -5.3601	td_error_abs:             12.3424	test_all_fires_out_mean:   0.0000
test_ep_length_mean:     100.0000	test_episode_limit_mean:   1.0000	test_mean_fire_level_mean: 20.4920	test_return_mean:        -2274.8688
test_return_median:      -2279.9000	test_return_std:         1029.0962	
[INFO 02:32:49] my_main Recent Stats | t_env:      74286 | Episode:      746
all_fires_out_mean:        0.0020	entropy_loss:              0.0262	ep_length_mean:           99.8594	episode_limit_mean:        0.9980
epsilon:                   0.0500	grad_norm:               3016.4985	loss:                    702.3010	mean_fire_level_mean:     15.4469
mi_loss:                   0.0032	q_taken_mean:             -5.5111	return_mean:             -2096.8572	return_median:           -2035.8000
return_std:              754.0352	target_mean:              -5.4662	td_error_abs:             11.4203	test_all_fires_out_mean:   0.0000
test_ep_length_mean:     100.0000	test_episode_limit_mean:   1.0000	test_mean_fire_level_mean: 20.4920	test_return_mean:        -2274.8688
test_return_median:      -2279.9000	test_return_std:         1029.0962	
[INFO 02:33:31] my_main Recent Stats | t_env:      76286 | Episode:      766
all_fires_out_mean:        0.0020	entropy_loss:              0.0262	ep_length_mean:           99.8594	episode_limit_mean:        0.9980
epsilon:                   0.0500	grad_norm:               3016.4985	loss:                    702.3010	mean_fire_level_mean:     15.4469
mi_loss:                   0.0032	q_taken_mean:             -5.5111	return_mean:             -2096.8572	return_median:           -2035.8000
return_std:              754.0352	target_mean:              -5.4662	td_error_abs:             11.4203	test_all_fires_out_mean:   0.0000
test_ep_length_mean:     100.0000	test_episode_limit_mean:   1.0000	test_mean_fire_level_mean: 20.4920	test_return_mean:        -2274.8688
test_return_median:      -2279.9000	test_return_std:         1029.0962	
[INFO 02:34:12] my_main Recent Stats | t_env:      78286 | Episode:      786
all_fires_out_mean:        0.0020	entropy_loss:              0.0262	ep_length_mean:           99.8594	episode_limit_mean:        0.9980
epsilon:                   0.0500	grad_norm:               3016.4985	loss:                    702.3010	mean_fire_level_mean:     15.4469
mi_loss:                   0.0032	q_taken_mean:             -5.5111	return_mean:             -2096.8572	return_median:           -2035.8000
return_std:              754.0352	target_mean:              -5.4662	td_error_abs:             11.4203	test_all_fires_out_mean:   0.0000
test_ep_length_mean:     100.0000	test_episode_limit_mean:   1.0000	test_mean_fire_level_mean: 20.4920	test_return_mean:        -2274.8688
test_return_median:      -2279.9000	test_return_std:         1029.0962	
[INFO 02:34:44] my_main Updated target network
[INFO 02:34:55] my_main t_env: 80286 / 2050000
[INFO 02:34:55] my_main Estimated time left: 12 hours, 47 minutes, 43 seconds. Time passed: 30 minutes, 20 seconds
[INFO 02:35:18] my_main Recent Stats | t_env:      80286 | Episode:      806
all_fires_out_mean:        0.0000	entropy_loss:              0.0262	ep_length_mean:          100.0000	episode_limit_mean:        1.0000
epsilon:                   0.0500	grad_norm:               3016.4985	loss:                    702.3010	mean_fire_level_mean:     17.6680
mi_loss:                   0.0032	q_taken_mean:             -5.5111	return_mean:             -1553.3300	return_median:           -1503.5000
return_std:              566.0862	target_mean:              -5.4662	td_error_abs:             11.4203	test_all_fires_out_mean:   0.0000
test_ep_length_mean:     100.0000	test_episode_limit_mean:   1.0000	test_mean_fire_level_mean: 21.0233	test_return_mean:        -703.6750
test_return_median:      -636.0000	test_return_std:         333.7369	
[INFO 02:35:59] my_main Recent Stats | t_env:      82286 | Episode:      826
all_fires_out_mean:        0.0000	entropy_loss:              0.0262	ep_length_mean:          100.0000	episode_limit_mean:        1.0000
epsilon:                   0.0500	grad_norm:               3016.4985	loss:                    702.3010	mean_fire_level_mean:     17.6680
mi_loss:                   0.0032	q_taken_mean:             -5.5111	return_mean:             -1553.3300	return_median:           -1503.5000
return_std:              566.0862	target_mean:              -5.4662	td_error_abs:             11.4203	test_all_fires_out_mean:   0.0000
test_ep_length_mean:     100.0000	test_episode_limit_mean:   1.0000	test_mean_fire_level_mean: 21.0233	test_return_mean:        -703.6750
test_return_median:      -636.0000	test_return_std:         333.7369	
[INFO 02:36:38] my_main Recent Stats | t_env:      84286 | Episode:      846
all_fires_out_mean:        0.0000	entropy_loss:              0.0259	ep_length_mean:          100.0000	episode_limit_mean:        1.0000
epsilon:                   0.0500	grad_norm:               4119.8657	loss:                    705.0201	mean_fire_level_mean:     17.6680
mi_loss:                   0.0036	q_taken_mean:             -5.5255	return_mean:             -1553.3300	return_median:           -1503.5000
return_std:              566.0862	target_mean:              -5.6442	td_error_abs:             11.5151	test_all_fires_out_mean:   0.0000
test_ep_length_mean:     100.0000	test_episode_limit_mean:   1.0000	test_mean_fire_level_mean: 21.0233	test_return_mean:        -703.6750
test_return_median:      -636.0000	test_return_std:         333.7369	
[INFO 02:37:21] my_main Recent Stats | t_env:      86286 | Episode:      866
all_fires_out_mean:        0.0000	entropy_loss:              0.0259	ep_length_mean:          100.0000	episode_limit_mean:        1.0000
epsilon:                   0.0500	grad_norm:               4119.8657	loss:                    705.0201	mean_fire_level_mean:     17.6680
mi_loss:                   0.0036	q_taken_mean:             -5.5255	return_mean:             -1553.3300	return_median:           -1503.5000
return_std:              566.0862	target_mean:              -5.6442	td_error_abs:             11.5151	test_all_fires_out_mean:   0.0000
test_ep_length_mean:     100.0000	test_episode_limit_mean:   1.0000	test_mean_fire_level_mean: 21.0233	test_return_mean:        -703.6750
test_return_median:      -636.0000	test_return_std:         333.7369	
[INFO 02:38:03] my_main Recent Stats | t_env:      88286 | Episode:      886
all_fires_out_mean:        0.0000	entropy_loss:              0.0259	ep_length_mean:          100.0000	episode_limit_mean:        1.0000
epsilon:                   0.0500	grad_norm:               4119.8657	loss:                    705.0201	mean_fire_level_mean:     17.6680
mi_loss:                   0.0036	q_taken_mean:             -5.5255	return_mean:             -1553.3300	return_median:           -1503.5000
return_std:              566.0862	target_mean:              -5.6442	td_error_abs:             11.5151	test_all_fires_out_mean:   0.0000
test_ep_length_mean:     100.0000	test_episode_limit_mean:   1.0000	test_mean_fire_level_mean: 21.0233	test_return_mean:        -703.6750
test_return_median:      -636.0000	test_return_std:         333.7369	
[INFO 02:38:44] my_main t_env: 90286 / 2050000
[INFO 02:38:44] my_main Estimated time left: 12 hours, 28 minutes, 56 seconds. Time passed: 34 minutes, 10 seconds
[INFO 02:39:08] my_main Recent Stats | t_env:      90286 | Episode:      906
all_fires_out_mean:        0.0000	entropy_loss:              0.0259	ep_length_mean:          100.0000	episode_limit_mean:        1.0000
epsilon:                   0.0500	grad_norm:               4119.8657	loss:                    705.0201	mean_fire_level_mean:     19.5955
mi_loss:                   0.0036	q_taken_mean:             -5.5255	return_mean:             -1147.9400	return_median:           -1095.1000
return_std:              455.9238	target_mean:              -5.6442	td_error_abs:             11.5151	test_all_fires_out_mean:   0.0000
test_ep_length_mean:     100.0000	test_episode_limit_mean:   1.0000	test_mean_fire_level_mean: 22.0562	test_return_mean:        -412.3562
test_return_median:      -366.2000	test_return_std:         214.8929	
[INFO 02:39:50] my_main Recent Stats | t_env:      92286 | Episode:      926
all_fires_out_mean:        0.0000	entropy_loss:              0.0259	ep_length_mean:          100.0000	episode_limit_mean:        1.0000
epsilon:                   0.0500	grad_norm:               4119.8657	loss:                    705.0201	mean_fire_level_mean:     19.5955
mi_loss:                   0.0036	q_taken_mean:             -5.5255	return_mean:             -1147.9400	return_median:           -1095.1000
return_std:              455.9238	target_mean:              -5.6442	td_error_abs:             11.5151	test_all_fires_out_mean:   0.0000
test_ep_length_mean:     100.0000	test_episode_limit_mean:   1.0000	test_mean_fire_level_mean: 22.0562	test_return_mean:        -412.3562
test_return_median:      -366.2000	test_return_std:         214.8929	
[INFO 02:40:32] my_main Recent Stats | t_env:      94286 | Episode:      946
all_fires_out_mean:        0.0000	entropy_loss:              0.0255	ep_length_mean:          100.0000	episode_limit_mean:        1.0000
epsilon:                   0.0500	grad_norm:               4552.8999	loss:                    665.1179	mean_fire_level_mean:     19.5955
mi_loss:                   0.0040	q_taken_mean:             -5.6839	return_mean:             -1147.9400	return_median:           -1095.1000
return_std:              455.9238	target_mean:              -5.8007	td_error_abs:             11.3263	test_all_fires_out_mean:   0.0000
test_ep_length_mean:     100.0000	test_episode_limit_mean:   1.0000	test_mean_fire_level_mean: 22.0562	test_return_mean:        -412.3562
test_return_median:      -366.2000	test_return_std:         214.8929	
[INFO 02:41:13] my_main Recent Stats | t_env:      96286 | Episode:      966
all_fires_out_mean:        0.0000	entropy_loss:              0.0255	ep_length_mean:          100.0000	episode_limit_mean:        1.0000
epsilon:                   0.0500	grad_norm:               4552.8999	loss:                    665.1179	mean_fire_level_mean:     19.5955
mi_loss:                   0.0040	q_taken_mean:             -5.6839	return_mean:             -1147.9400	return_median:           -1095.1000
return_std:              455.9238	target_mean:              -5.8007	td_error_abs:             11.3263	test_all_fires_out_mean:   0.0000
test_ep_length_mean:     100.0000	test_episode_limit_mean:   1.0000	test_mean_fire_level_mean: 22.0562	test_return_mean:        -412.3562
test_return_median:      -366.2000	test_return_std:         214.8929	
[INFO 02:41:55] my_main Recent Stats | t_env:      98286 | Episode:      986
all_fires_out_mean:        0.0000	entropy_loss:              0.0255	ep_length_mean:          100.0000	episode_limit_mean:        1.0000
epsilon:                   0.0500	grad_norm:               4552.8999	loss:                    665.1179	mean_fire_level_mean:     19.5955
mi_loss:                   0.0040	q_taken_mean:             -5.6839	return_mean:             -1147.9400	return_median:           -1095.1000
return_std:              455.9238	target_mean:              -5.8007	td_error_abs:             11.3263	test_all_fires_out_mean:   0.0000
test_ep_length_mean:     100.0000	test_episode_limit_mean:   1.0000	test_mean_fire_level_mean: 22.0562	test_return_mean:        -412.3562
test_return_median:      -366.2000	test_return_std:         214.8929	
[INFO 02:42:25] my_main Updated target network
[INFO 02:42:36] my_main t_env: 100286 / 2050000
[INFO 02:42:36] my_main Estimated time left: 12 hours, 32 minutes, 9 seconds. Time passed: 38 minutes, 1 seconds
[INFO 02:43:00] my_main Recent Stats | t_env:     100286 | Episode:     1006
all_fires_out_mean:        0.0000	entropy_loss:              0.0255	ep_length_mean:          100.0000	episode_limit_mean:        1.0000
epsilon:                   0.0500	grad_norm:               4552.8999	loss:                    665.1179	mean_fire_level_mean:     21.0956
mi_loss:                   0.0040	q_taken_mean:             -5.6839	return_mean:             -994.5960	return_median:           -957.2000
return_std:              379.9282	target_mean:              -5.8007	td_error_abs:             11.3263	test_all_fires_out_mean:   0.0000
test_ep_length_mean:     100.0000	test_episode_limit_mean:   1.0000	test_mean_fire_level_mean: 22.5375	test_return_mean:        -221.3000
test_return_median:      -185.7000	test_return_std:         130.1830	
[INFO 02:43:42] my_main Recent Stats | t_env:     102286 | Episode:     1026
all_fires_out_mean:        0.0000	entropy_loss:              0.0255	ep_length_mean:          100.0000	episode_limit_mean:        1.0000
epsilon:                   0.0500	grad_norm:               4552.8999	loss:                    665.1179	mean_fire_level_mean:     21.0956
mi_loss:                   0.0040	q_taken_mean:             -5.6839	return_mean:             -994.5960	return_median:           -957.2000
return_std:              379.9282	target_mean:              -5.8007	td_error_abs:             11.3263	test_all_fires_out_mean:   0.0000
test_ep_length_mean:     100.0000	test_episode_limit_mean:   1.0000	test_mean_fire_level_mean: 22.5375	test_return_mean:        -221.3000
test_return_median:      -185.7000	test_return_std:         130.1830	
[INFO 02:44:24] my_main Recent Stats | t_env:     104286 | Episode:     1046
all_fires_out_mean:        0.0000	entropy_loss:              0.0248	ep_length_mean:          100.0000	episode_limit_mean:        1.0000
epsilon:                   0.0500	grad_norm:               5670.4424	loss:                    622.9294	mean_fire_level_mean:     21.0956
mi_loss:                   0.0045	q_taken_mean:             -5.4330	return_mean:             -994.5960	return_median:           -957.2000
return_std:              379.9282	target_mean:              -5.6305	td_error_abs:             10.9692	test_all_fires_out_mean:   0.0000
test_ep_length_mean:     100.0000	test_episode_limit_mean:   1.0000	test_mean_fire_level_mean: 22.5375	test_return_mean:        -221.3000
test_return_median:      -185.7000	test_return_std:         130.1830	
[INFO 02:45:06] my_main Recent Stats | t_env:     106286 | Episode:     1066
all_fires_out_mean:        0.0000	entropy_loss:              0.0248	ep_length_mean:          100.0000	episode_limit_mean:        1.0000
epsilon:                   0.0500	grad_norm:               5670.4424	loss:                    622.9294	mean_fire_level_mean:     21.0956
mi_loss:                   0.0045	q_taken_mean:             -5.4330	return_mean:             -994.5960	return_median:           -957.2000
return_std:              379.9282	target_mean:              -5.6305	td_error_abs:             10.9692	test_all_fires_out_mean:   0.0000
test_ep_length_mean:     100.0000	test_episode_limit_mean:   1.0000	test_mean_fire_level_mean: 22.5375	test_return_mean:        -221.3000
test_return_median:      -185.7000	test_return_std:         130.1830	
[INFO 02:45:48] my_main Recent Stats | t_env:     108286 | Episode:     1086
all_fires_out_mean:        0.0000	entropy_loss:              0.0248	ep_length_mean:          100.0000	episode_limit_mean:        1.0000
epsilon:                   0.0500	grad_norm:               5670.4424	loss:                    622.9294	mean_fire_level_mean:     21.0956
mi_loss:                   0.0045	q_taken_mean:             -5.4330	return_mean:             -994.5960	return_median:           -957.2000
return_std:              379.9282	target_mean:              -5.6305	td_error_abs:             10.9692	test_all_fires_out_mean:   0.0000
test_ep_length_mean:     100.0000	test_episode_limit_mean:   1.0000	test_mean_fire_level_mean: 22.5375	test_return_mean:        -221.3000
test_return_median:      -185.7000	test_return_std:         130.1830	
[INFO 02:46:30] my_main t_env: 110286 / 2050000
[INFO 02:46:30] my_main Estimated time left: 12 hours, 38 minutes, 44 seconds. Time passed: 41 minutes, 56 seconds
[INFO 02:46:54] my_main Recent Stats | t_env:     110286 | Episode:     1106
all_fires_out_mean:        0.0000	entropy_loss:              0.0248	ep_length_mean:          100.0000	episode_limit_mean:        1.0000
epsilon:                   0.0500	grad_norm:               5670.4424	loss:                    622.9294	mean_fire_level_mean:     21.2645
mi_loss:                   0.0045	q_taken_mean:             -5.4330	return_mean:             -922.1120	return_median:           -896.6000
return_std:              331.5560	target_mean:              -5.6305	td_error_abs:             10.9692	test_all_fires_out_mean:   0.0000
test_ep_length_mean:     100.0000	test_episode_limit_mean:   1.0000	test_mean_fire_level_mean: 22.6125	test_return_mean:        -207.2750
test_return_median:      -180.6000	test_return_std:         119.7620	
[INFO 02:47:36] my_main Recent Stats | t_env:     112286 | Episode:     1126
all_fires_out_mean:        0.0000	entropy_loss:              0.0248	ep_length_mean:          100.0000	episode_limit_mean:        1.0000
epsilon:                   0.0500	grad_norm:               5670.4424	loss:                    622.9294	mean_fire_level_mean:     21.2645
mi_loss:                   0.0045	q_taken_mean:             -5.4330	return_mean:             -922.1120	return_median:           -896.6000
return_std:              331.5560	target_mean:              -5.6305	td_error_abs:             10.9692	test_all_fires_out_mean:   0.0000
test_ep_length_mean:     100.0000	test_episode_limit_mean:   1.0000	test_mean_fire_level_mean: 22.6125	test_return_mean:        -207.2750
test_return_median:      -180.6000	test_return_std:         119.7620	
[INFO 02:48:18] my_main Recent Stats | t_env:     114286 | Episode:     1146
all_fires_out_mean:        0.0000	entropy_loss:              0.0238	ep_length_mean:          100.0000	episode_limit_mean:        1.0000
epsilon:                   0.0500	grad_norm:               5977.4810	loss:                    585.6830	mean_fire_level_mean:     21.2645
mi_loss:                   0.0049	q_taken_mean:             -5.2428	return_mean:             -922.1120	return_median:           -896.6000
return_std:              331.5560	target_mean:              -5.6118	td_error_abs:             10.7268	test_all_fires_out_mean:   0.0000
test_ep_length_mean:     100.0000	test_episode_limit_mean:   1.0000	test_mean_fire_level_mean: 22.6125	test_return_mean:        -207.2750
test_return_median:      -180.6000	test_return_std:         119.7620	
[INFO 02:49:01] my_main Recent Stats | t_env:     116286 | Episode:     1166
all_fires_out_mean:        0.0000	entropy_loss:              0.0238	ep_length_mean:          100.0000	episode_limit_mean:        1.0000
epsilon:                   0.0500	grad_norm:               5977.4810	loss:                    585.6830	mean_fire_level_mean:     21.2645
mi_loss:                   0.0049	q_taken_mean:             -5.2428	return_mean:             -922.1120	return_median:           -896.6000
return_std:              331.5560	target_mean:              -5.6118	td_error_abs:             10.7268	test_all_fires_out_mean:   0.0000
test_ep_length_mean:     100.0000	test_episode_limit_mean:   1.0000	test_mean_fire_level_mean: 22.6125	test_return_mean:        -207.2750
test_return_median:      -180.6000	test_return_std:         119.7620	
[INFO 02:49:43] my_main Recent Stats | t_env:     118286 | Episode:     1186
all_fires_out_mean:        0.0000	entropy_loss:              0.0238	ep_length_mean:          100.0000	episode_limit_mean:        1.0000
epsilon:                   0.0500	grad_norm:               5977.4810	loss:                    585.6830	mean_fire_level_mean:     21.2645
mi_loss:                   0.0049	q_taken_mean:             -5.2428	return_mean:             -922.1120	return_median:           -896.6000
return_std:              331.5560	target_mean:              -5.6118	td_error_abs:             10.7268	test_all_fires_out_mean:   0.0000
test_ep_length_mean:     100.0000	test_episode_limit_mean:   1.0000	test_mean_fire_level_mean: 22.6125	test_return_mean:        -207.2750
test_return_median:      -180.6000	test_return_std:         119.7620	
[INFO 02:50:15] my_main Updated target network
[INFO 02:50:25] my_main t_env: 120286 / 2050000
[INFO 02:50:25] my_main Estimated time left: 12 hours, 34 minutes, 54 seconds. Time passed: 45 minutes, 51 seconds
[INFO 02:50:49] my_main Recent Stats | t_env:     120286 | Episode:     1206
all_fires_out_mean:        0.0000	entropy_loss:              0.0238	ep_length_mean:          100.0000	episode_limit_mean:        1.0000
epsilon:                   0.0500	grad_norm:               5977.4810	loss:                    585.6830	mean_fire_level_mean:     21.4036
mi_loss:                   0.0049	q_taken_mean:             -5.2428	return_mean:             -898.1500	return_median:           -866.2000
return_std:              330.0176	target_mean:              -5.6118	td_error_abs:             10.7268	test_all_fires_out_mean:   0.0000
test_ep_length_mean:     100.0000	test_episode_limit_mean:   1.0000	test_mean_fire_level_mean: 22.4455	test_return_mean:        -178.6125
test_return_median:      -150.4000	test_return_std:         109.7743	
[INFO 02:51:31] my_main Recent Stats | t_env:     122286 | Episode:     1226
all_fires_out_mean:        0.0000	entropy_loss:              0.0238	ep_length_mean:          100.0000	episode_limit_mean:        1.0000
epsilon:                   0.0500	grad_norm:               5977.4810	loss:                    585.6830	mean_fire_level_mean:     21.4036
mi_loss:                   0.0049	q_taken_mean:             -5.2428	return_mean:             -898.1500	return_median:           -866.2000
return_std:              330.0176	target_mean:              -5.6118	td_error_abs:             10.7268	test_all_fires_out_mean:   0.0000
test_ep_length_mean:     100.0000	test_episode_limit_mean:   1.0000	test_mean_fire_level_mean: 22.4455	test_return_mean:        -178.6125
test_return_median:      -150.4000	test_return_std:         109.7743	
[INFO 02:52:13] my_main Recent Stats | t_env:     124286 | Episode:     1246
all_fires_out_mean:        0.0000	entropy_loss:              0.0230	ep_length_mean:          100.0000	episode_limit_mean:        1.0000
epsilon:                   0.0500	grad_norm:               6706.6250	loss:                    576.5116	mean_fire_level_mean:     21.4036
mi_loss:                   0.0053	q_taken_mean:             -4.8708	return_mean:             -898.1500	return_median:           -866.2000
return_std:              330.0176	target_mean:              -5.4204	td_error_abs:             10.7605	test_all_fires_out_mean:   0.0000
test_ep_length_mean:     100.0000	test_episode_limit_mean:   1.0000	test_mean_fire_level_mean: 22.4455	test_return_mean:        -178.6125
test_return_median:      -150.4000	test_return_std:         109.7743	
[INFO 02:52:55] my_main Recent Stats | t_env:     126286 | Episode:     1266
all_fires_out_mean:        0.0000	entropy_loss:              0.0230	ep_length_mean:          100.0000	episode_limit_mean:        1.0000
epsilon:                   0.0500	grad_norm:               6706.6250	loss:                    576.5116	mean_fire_level_mean:     21.4036
mi_loss:                   0.0053	q_taken_mean:             -4.8708	return_mean:             -898.1500	return_median:           -866.2000
return_std:              330.0176	target_mean:              -5.4204	td_error_abs:             10.7605	test_all_fires_out_mean:   0.0000
test_ep_length_mean:     100.0000	test_episode_limit_mean:   1.0000	test_mean_fire_level_mean: 22.4455	test_return_mean:        -178.6125
test_return_median:      -150.4000	test_return_std:         109.7743	
[INFO 02:53:38] my_main Recent Stats | t_env:     128286 | Episode:     1286
all_fires_out_mean:        0.0000	entropy_loss:              0.0230	ep_length_mean:          100.0000	episode_limit_mean:        1.0000
epsilon:                   0.0500	grad_norm:               6706.6250	loss:                    576.5116	mean_fire_level_mean:     21.4036
mi_loss:                   0.0053	q_taken_mean:             -4.8708	return_mean:             -898.1500	return_median:           -866.2000
return_std:              330.0176	target_mean:              -5.4204	td_error_abs:             10.7605	test_all_fires_out_mean:   0.0000
test_ep_length_mean:     100.0000	test_episode_limit_mean:   1.0000	test_mean_fire_level_mean: 22.4455	test_return_mean:        -178.6125
test_return_median:      -150.4000	test_return_std:         109.7743	
[INFO 02:54:20] my_main t_env: 130286 / 2050000
[INFO 02:54:20] my_main Estimated time left: 12 hours, 30 minutes, 48 seconds. Time passed: 49 minutes, 45 seconds
[INFO 02:54:44] my_main Recent Stats | t_env:     130286 | Episode:     1306
all_fires_out_mean:        0.0000	entropy_loss:              0.0230	ep_length_mean:          100.0000	episode_limit_mean:        1.0000
epsilon:                   0.0500	grad_norm:               6706.6250	loss:                    576.5116	mean_fire_level_mean:     21.3375
mi_loss:                   0.0053	q_taken_mean:             -4.8708	return_mean:             -858.4380	return_median:           -819.0000
return_std:              307.5759	target_mean:              -5.4204	td_error_abs:             10.7605	test_all_fires_out_mean:   0.0000
test_ep_length_mean:     100.0000	test_episode_limit_mean:   1.0000	test_mean_fire_level_mean: 22.2125	test_return_mean:        -130.5000
test_return_median:      -120.0000	test_return_std:          73.2356	
[INFO 02:55:26] my_main Recent Stats | t_env:     132286 | Episode:     1326
all_fires_out_mean:        0.0000	entropy_loss:              0.0230	ep_length_mean:          100.0000	episode_limit_mean:        1.0000
epsilon:                   0.0500	grad_norm:               6706.6250	loss:                    576.5116	mean_fire_level_mean:     21.3375
mi_loss:                   0.0053	q_taken_mean:             -4.8708	return_mean:             -858.4380	return_median:           -819.0000
return_std:              307.5759	target_mean:              -5.4204	td_error_abs:             10.7605	test_all_fires_out_mean:   0.0000
test_ep_length_mean:     100.0000	test_episode_limit_mean:   1.0000	test_mean_fire_level_mean: 22.2125	test_return_mean:        -130.5000
test_return_median:      -120.0000	test_return_std:          73.2356	
[INFO 02:56:08] my_main Recent Stats | t_env:     134286 | Episode:     1346
all_fires_out_mean:        0.0000	entropy_loss:              0.0224	ep_length_mean:          100.0000	episode_limit_mean:        1.0000
epsilon:                   0.0500	grad_norm:               6647.5728	loss:                    513.5746	mean_fire_level_mean:     21.3375
mi_loss:                   0.0057	q_taken_mean:             -4.7372	return_mean:             -858.4380	return_median:           -819.0000
return_std:              307.5759	target_mean:              -5.2707	td_error_abs:             10.2034	test_all_fires_out_mean:   0.0000
test_ep_length_mean:     100.0000	test_episode_limit_mean:   1.0000	test_mean_fire_level_mean: 22.2125	test_return_mean:        -130.5000
test_return_median:      -120.0000	test_return_std:          73.2356	
[INFO 02:56:50] my_main Recent Stats | t_env:     136286 | Episode:     1366
all_fires_out_mean:        0.0000	entropy_loss:              0.0224	ep_length_mean:          100.0000	episode_limit_mean:        1.0000
epsilon:                   0.0500	grad_norm:               6647.5728	loss:                    513.5746	mean_fire_level_mean:     21.3375
mi_loss:                   0.0057	q_taken_mean:             -4.7372	return_mean:             -858.4380	return_median:           -819.0000
return_std:              307.5759	target_mean:              -5.2707	td_error_abs:             10.2034	test_all_fires_out_mean:   0.0000
test_ep_length_mean:     100.0000	test_episode_limit_mean:   1.0000	test_mean_fire_level_mean: 22.2125	test_return_mean:        -130.5000
test_return_median:      -120.0000	test_return_std:          73.2356	
[INFO 02:57:32] my_main Recent Stats | t_env:     138286 | Episode:     1386
all_fires_out_mean:        0.0000	entropy_loss:              0.0224	ep_length_mean:          100.0000	episode_limit_mean:        1.0000
epsilon:                   0.0500	grad_norm:               6647.5728	loss:                    513.5746	mean_fire_level_mean:     21.3375
mi_loss:                   0.0057	q_taken_mean:             -4.7372	return_mean:             -858.4380	return_median:           -819.0000
return_std:              307.5759	target_mean:              -5.2707	td_error_abs:             10.2034	test_all_fires_out_mean:   0.0000
test_ep_length_mean:     100.0000	test_episode_limit_mean:   1.0000	test_mean_fire_level_mean: 22.2125	test_return_mean:        -130.5000
test_return_median:      -120.0000	test_return_std:          73.2356	
[INFO 02:58:04] my_main Updated target network
[INFO 02:58:14] my_main t_env: 140286 / 2050000
[INFO 02:58:14] my_main Estimated time left: 12 hours, 26 minutes, 37 seconds. Time passed: 53 minutes, 40 seconds
[INFO 02:58:38] my_main Recent Stats | t_env:     140286 | Episode:     1406
all_fires_out_mean:        0.0000	entropy_loss:              0.0224	ep_length_mean:          100.0000	episode_limit_mean:        1.0000
epsilon:                   0.0500	grad_norm:               6647.5728	loss:                    513.5746	mean_fire_level_mean:     21.3327
mi_loss:                   0.0057	q_taken_mean:             -4.7372	return_mean:             -825.1440	return_median:           -778.0000
return_std:              297.0646	target_mean:              -5.2707	td_error_abs:             10.2034	test_all_fires_out_mean:   0.0000
test_ep_length_mean:     100.0000	test_episode_limit_mean:   1.0000	test_mean_fire_level_mean: 22.3420	test_return_mean:        -121.7000
test_return_median:      -112.0000	test_return_std:          58.0494	
[INFO 02:59:20] my_main Recent Stats | t_env:     142286 | Episode:     1426
all_fires_out_mean:        0.0000	entropy_loss:              0.0224	ep_length_mean:          100.0000	episode_limit_mean:        1.0000
epsilon:                   0.0500	grad_norm:               6647.5728	loss:                    513.5746	mean_fire_level_mean:     21.3327
mi_loss:                   0.0057	q_taken_mean:             -4.7372	return_mean:             -825.1440	return_median:           -778.0000
return_std:              297.0646	target_mean:              -5.2707	td_error_abs:             10.2034	test_all_fires_out_mean:   0.0000
test_ep_length_mean:     100.0000	test_episode_limit_mean:   1.0000	test_mean_fire_level_mean: 22.3420	test_return_mean:        -121.7000
test_return_median:      -112.0000	test_return_std:          58.0494	
[INFO 03:00:02] my_main Recent Stats | t_env:     144286 | Episode:     1446
all_fires_out_mean:        0.0000	entropy_loss:              0.0215	ep_length_mean:          100.0000	episode_limit_mean:        1.0000
epsilon:                   0.0500	grad_norm:               7231.8350	loss:                    491.9182	mean_fire_level_mean:     21.3327
mi_loss:                   0.0062	q_taken_mean:             -4.7856	return_mean:             -825.1440	return_median:           -778.0000
return_std:              297.0646	target_mean:              -5.3648	td_error_abs:             10.1057	test_all_fires_out_mean:   0.0000
test_ep_length_mean:     100.0000	test_episode_limit_mean:   1.0000	test_mean_fire_level_mean: 22.3420	test_return_mean:        -121.7000
test_return_median:      -112.0000	test_return_std:          58.0494	
[INFO 03:00:44] my_main Recent Stats | t_env:     146286 | Episode:     1466
all_fires_out_mean:        0.0000	entropy_loss:              0.0215	ep_length_mean:          100.0000	episode_limit_mean:        1.0000
epsilon:                   0.0500	grad_norm:               7231.8350	loss:                    491.9182	mean_fire_level_mean:     21.3327
mi_loss:                   0.0062	q_taken_mean:             -4.7856	return_mean:             -825.1440	return_median:           -778.0000
return_std:              297.0646	target_mean:              -5.3648	td_error_abs:             10.1057	test_all_fires_out_mean:   0.0000
test_ep_length_mean:     100.0000	test_episode_limit_mean:   1.0000	test_mean_fire_level_mean: 22.3420	test_return_mean:        -121.7000
test_return_median:      -112.0000	test_return_std:          58.0494	
[INFO 03:01:27] my_main Recent Stats | t_env:     148286 | Episode:     1486
all_fires_out_mean:        0.0000	entropy_loss:              0.0215	ep_length_mean:          100.0000	episode_limit_mean:        1.0000
epsilon:                   0.0500	grad_norm:               7231.8350	loss:                    491.9182	mean_fire_level_mean:     21.3327
mi_loss:                   0.0062	q_taken_mean:             -4.7856	return_mean:             -825.1440	return_median:           -778.0000
return_std:              297.0646	target_mean:              -5.3648	td_error_abs:             10.1057	test_all_fires_out_mean:   0.0000
test_ep_length_mean:     100.0000	test_episode_limit_mean:   1.0000	test_mean_fire_level_mean: 22.3420	test_return_mean:        -121.7000
test_return_median:      -112.0000	test_return_std:          58.0494	
[INFO 03:02:09] my_main t_env: 150286 / 2050000
[INFO 03:02:09] my_main Estimated time left: 12 hours, 23 minutes, 32 seconds. Time passed: 57 minutes, 35 seconds
[INFO 03:02:33] my_main Recent Stats | t_env:     150286 | Episode:     1506
all_fires_out_mean:        0.0000	entropy_loss:              0.0215	ep_length_mean:          100.0000	episode_limit_mean:        1.0000
epsilon:                   0.0500	grad_norm:               7231.8350	loss:                    491.9182	mean_fire_level_mean:     21.1285
mi_loss:                   0.0062	q_taken_mean:             -4.7856	return_mean:             -797.4100	return_median:           -742.5000
return_std:              289.9720	target_mean:              -5.3648	td_error_abs:             10.1057	test_all_fires_out_mean:   0.0000
test_ep_length_mean:     100.0000	test_episode_limit_mean:   1.0000	test_mean_fire_level_mean: 22.2795	test_return_mean:        -117.5500
test_return_median:      -109.8000	test_return_std:          56.0625	
[INFO 03:03:16] my_main Recent Stats | t_env:     152286 | Episode:     1526
all_fires_out_mean:        0.0000	entropy_loss:              0.0215	ep_length_mean:          100.0000	episode_limit_mean:        1.0000
epsilon:                   0.0500	grad_norm:               7231.8350	loss:                    491.9182	mean_fire_level_mean:     21.1285
mi_loss:                   0.0062	q_taken_mean:             -4.7856	return_mean:             -797.4100	return_median:           -742.5000
return_std:              289.9720	target_mean:              -5.3648	td_error_abs:             10.1057	test_all_fires_out_mean:   0.0000
test_ep_length_mean:     100.0000	test_episode_limit_mean:   1.0000	test_mean_fire_level_mean: 22.2795	test_return_mean:        -117.5500
test_return_median:      -109.8000	test_return_std:          56.0625	
[INFO 03:03:58] my_main Recent Stats | t_env:     154286 | Episode:     1546
all_fires_out_mean:        0.0000	entropy_loss:              0.0208	ep_length_mean:          100.0000	episode_limit_mean:        1.0000
epsilon:                   0.0500	grad_norm:               6356.8740	loss:                    464.7440	mean_fire_level_mean:     21.1285
mi_loss:                   0.0066	q_taken_mean:             -4.8938	return_mean:             -797.4100	return_median:           -742.5000
return_std:              289.9720	target_mean:              -5.3987	td_error_abs:              9.4800	test_all_fires_out_mean:   0.0000
test_ep_length_mean:     100.0000	test_episode_limit_mean:   1.0000	test_mean_fire_level_mean: 22.2795	test_return_mean:        -117.5500
test_return_median:      -109.8000	test_return_std:          56.0625	
[INFO 03:04:40] my_main Recent Stats | t_env:     156286 | Episode:     1566
all_fires_out_mean:        0.0000	entropy_loss:              0.0208	ep_length_mean:          100.0000	episode_limit_mean:        1.0000
epsilon:                   0.0500	grad_norm:               6356.8740	loss:                    464.7440	mean_fire_level_mean:     21.1285
mi_loss:                   0.0066	q_taken_mean:             -4.8938	return_mean:             -797.4100	return_median:           -742.5000
return_std:              289.9720	target_mean:              -5.3987	td_error_abs:              9.4800	test_all_fires_out_mean:   0.0000
test_ep_length_mean:     100.0000	test_episode_limit_mean:   1.0000	test_mean_fire_level_mean: 22.2795	test_return_mean:        -117.5500
test_return_median:      -109.8000	test_return_std:          56.0625	
[INFO 03:05:23] my_main Recent Stats | t_env:     158286 | Episode:     1586
all_fires_out_mean:        0.0000	entropy_loss:              0.0208	ep_length_mean:          100.0000	episode_limit_mean:        1.0000
epsilon:                   0.0500	grad_norm:               6356.8740	loss:                    464.7440	mean_fire_level_mean:     21.1285
mi_loss:                   0.0066	q_taken_mean:             -4.8938	return_mean:             -797.4100	return_median:           -742.5000
return_std:              289.9720	target_mean:              -5.3987	td_error_abs:              9.4800	test_all_fires_out_mean:   0.0000
test_ep_length_mean:     100.0000	test_episode_limit_mean:   1.0000	test_mean_fire_level_mean: 22.2795	test_return_mean:        -117.5500
test_return_median:      -109.8000	test_return_std:          56.0625	
[INFO 03:05:53] my_main Updated target network
[INFO 03:06:03] my_main t_env: 160286 / 2050000
[INFO 03:06:03] my_main Estimated time left: 12 hours, 16 minutes, 33 seconds. Time passed: 1 hours, 1 minutes, 29 seconds
[INFO 03:06:25] my_main Recent Stats | t_env:     160286 | Episode:     1606
all_fires_out_mean:        0.0000	entropy_loss:              0.0208	ep_length_mean:          100.0000	episode_limit_mean:        1.0000
epsilon:                   0.0500	grad_norm:               6356.8740	loss:                    464.7440	mean_fire_level_mean:     21.1200
mi_loss:                   0.0066	q_taken_mean:             -4.8938	return_mean:             -775.9940	return_median:           -731.7000
return_std:              284.3853	target_mean:              -5.3987	td_error_abs:              9.4800	test_all_fires_out_mean:   0.0000
test_ep_length_mean:     100.0000	test_episode_limit_mean:   1.0000	test_mean_fire_level_mean: 22.1386	test_return_mean:        -108.7625
test_return_median:      -99.4000	test_return_std:          50.1902	
[INFO 03:07:06] my_main Recent Stats | t_env:     162286 | Episode:     1626
all_fires_out_mean:        0.0000	entropy_loss:              0.0208	ep_length_mean:          100.0000	episode_limit_mean:        1.0000
epsilon:                   0.0500	grad_norm:               6356.8740	loss:                    464.7440	mean_fire_level_mean:     21.1200
mi_loss:                   0.0066	q_taken_mean:             -4.8938	return_mean:             -775.9940	return_median:           -731.7000
return_std:              284.3853	target_mean:              -5.3987	td_error_abs:              9.4800	test_all_fires_out_mean:   0.0000
test_ep_length_mean:     100.0000	test_episode_limit_mean:   1.0000	test_mean_fire_level_mean: 22.1386	test_return_mean:        -108.7625
test_return_median:      -99.4000	test_return_std:          50.1902	
[INFO 03:07:49] my_main Recent Stats | t_env:     164286 | Episode:     1646
all_fires_out_mean:        0.0000	entropy_loss:              0.0202	ep_length_mean:          100.0000	episode_limit_mean:        1.0000
epsilon:                   0.0500	grad_norm:               6348.9600	loss:                    414.4862	mean_fire_level_mean:     21.1200
mi_loss:                   0.0070	q_taken_mean:             -4.9205	return_mean:             -775.9940	return_median:           -731.7000
return_std:              284.3853	target_mean:              -5.4070	td_error_abs:              8.9443	test_all_fires_out_mean:   0.0000
test_ep_length_mean:     100.0000	test_episode_limit_mean:   1.0000	test_mean_fire_level_mean: 22.1386	test_return_mean:        -108.7625
test_return_median:      -99.4000	test_return_std:          50.1902	
[INFO 03:08:31] my_main Recent Stats | t_env:     166286 | Episode:     1666
all_fires_out_mean:        0.0000	entropy_loss:              0.0202	ep_length_mean:          100.0000	episode_limit_mean:        1.0000
epsilon:                   0.0500	grad_norm:               6348.9600	loss:                    414.4862	mean_fire_level_mean:     21.1200
mi_loss:                   0.0070	q_taken_mean:             -4.9205	return_mean:             -775.9940	return_median:           -731.7000
return_std:              284.3853	target_mean:              -5.4070	td_error_abs:              8.9443	test_all_fires_out_mean:   0.0000
test_ep_length_mean:     100.0000	test_episode_limit_mean:   1.0000	test_mean_fire_level_mean: 22.1386	test_return_mean:        -108.7625
test_return_median:      -99.4000	test_return_std:          50.1902	
[INFO 03:09:13] my_main Recent Stats | t_env:     168286 | Episode:     1686
all_fires_out_mean:        0.0000	entropy_loss:              0.0202	ep_length_mean:          100.0000	episode_limit_mean:        1.0000
epsilon:                   0.0500	grad_norm:               6348.9600	loss:                    414.4862	mean_fire_level_mean:     21.1200
mi_loss:                   0.0070	q_taken_mean:             -4.9205	return_mean:             -775.9940	return_median:           -731.7000
return_std:              284.3853	target_mean:              -5.4070	td_error_abs:              8.9443	test_all_fires_out_mean:   0.0000
test_ep_length_mean:     100.0000	test_episode_limit_mean:   1.0000	test_mean_fire_level_mean: 22.1386	test_return_mean:        -108.7625
test_return_median:      -99.4000	test_return_std:          50.1902	
[INFO 03:09:55] my_main t_env: 170286 / 2050000
[INFO 03:09:55] my_main Estimated time left: 12 hours, 6 minutes, 49 seconds. Time passed: 1 hours, 5 minutes, 21 seconds
[INFO 03:10:19] my_main Recent Stats | t_env:     170286 | Episode:     1706
all_fires_out_mean:        0.0000	entropy_loss:              0.0202	ep_length_mean:          100.0000	episode_limit_mean:        1.0000
epsilon:                   0.0500	grad_norm:               6348.9600	loss:                    414.4862	mean_fire_level_mean:     20.9404
mi_loss:                   0.0070	q_taken_mean:             -4.9205	return_mean:             -757.7400	return_median:           -720.2000
return_std:              280.5310	target_mean:              -5.4070	td_error_abs:              8.9443	test_all_fires_out_mean:   0.0000
test_ep_length_mean:     100.0000	test_episode_limit_mean:   1.0000	test_mean_fire_level_mean: 22.3687	test_return_mean:        -108.5438
test_return_median:      -104.6000	test_return_std:          45.5565	
[INFO 03:11:00] my_main Recent Stats | t_env:     172286 | Episode:     1726
all_fires_out_mean:        0.0000	entropy_loss:              0.0202	ep_length_mean:          100.0000	episode_limit_mean:        1.0000
epsilon:                   0.0500	grad_norm:               6348.9600	loss:                    414.4862	mean_fire_level_mean:     20.9404
mi_loss:                   0.0070	q_taken_mean:             -4.9205	return_mean:             -757.7400	return_median:           -720.2000
return_std:              280.5310	target_mean:              -5.4070	td_error_abs:              8.9443	test_all_fires_out_mean:   0.0000
test_ep_length_mean:     100.0000	test_episode_limit_mean:   1.0000	test_mean_fire_level_mean: 22.3687	test_return_mean:        -108.5438
test_return_median:      -104.6000	test_return_std:          45.5565	
[INFO 03:11:43] my_main Recent Stats | t_env:     174286 | Episode:     1746
all_fires_out_mean:        0.0000	entropy_loss:              0.0193	ep_length_mean:          100.0000	episode_limit_mean:        1.0000
epsilon:                   0.0500	grad_norm:               5675.3745	loss:                    372.6223	mean_fire_level_mean:     20.9404
mi_loss:                   0.0075	q_taken_mean:             -4.9964	return_mean:             -757.7400	return_median:           -720.2000
return_std:              280.5310	target_mean:              -5.4526	td_error_abs:              8.4482	test_all_fires_out_mean:   0.0000
test_ep_length_mean:     100.0000	test_episode_limit_mean:   1.0000	test_mean_fire_level_mean: 22.3687	test_return_mean:        -108.5438
test_return_median:      -104.6000	test_return_std:          45.5565	
[INFO 03:12:25] my_main Recent Stats | t_env:     176286 | Episode:     1766
all_fires_out_mean:        0.0000	entropy_loss:              0.0193	ep_length_mean:          100.0000	episode_limit_mean:        1.0000
epsilon:                   0.0500	grad_norm:               5675.3745	loss:                    372.6223	mean_fire_level_mean:     20.9404
mi_loss:                   0.0075	q_taken_mean:             -4.9964	return_mean:             -757.7400	return_median:           -720.2000
return_std:              280.5310	target_mean:              -5.4526	td_error_abs:              8.4482	test_all_fires_out_mean:   0.0000
test_ep_length_mean:     100.0000	test_episode_limit_mean:   1.0000	test_mean_fire_level_mean: 22.3687	test_return_mean:        -108.5438
test_return_median:      -104.6000	test_return_std:          45.5565	
[INFO 03:13:07] my_main Recent Stats | t_env:     178286 | Episode:     1786
all_fires_out_mean:        0.0000	entropy_loss:              0.0193	ep_length_mean:          100.0000	episode_limit_mean:        1.0000
epsilon:                   0.0500	grad_norm:               5675.3745	loss:                    372.6223	mean_fire_level_mean:     20.9404
mi_loss:                   0.0075	q_taken_mean:             -4.9964	return_mean:             -757.7400	return_median:           -720.2000
return_std:              280.5310	target_mean:              -5.4526	td_error_abs:              8.4482	test_all_fires_out_mean:   0.0000
test_ep_length_mean:     100.0000	test_episode_limit_mean:   1.0000	test_mean_fire_level_mean: 22.3687	test_return_mean:        -108.5438
test_return_median:      -104.6000	test_return_std:          45.5565	
[INFO 03:13:39] my_main Updated target network
[INFO 03:13:49] my_main t_env: 180286 / 2050000
[INFO 03:13:49] my_main Estimated time left: 12 hours, 9 minutes, 40 seconds. Time passed: 1 hours, 9 minutes, 15 seconds
[INFO 03:14:13] my_main Recent Stats | t_env:     180286 | Episode:     1806
all_fires_out_mean:        0.0000	entropy_loss:              0.0193	ep_length_mean:          100.0000	episode_limit_mean:        1.0000
epsilon:                   0.0500	grad_norm:               5675.3745	loss:                    372.6223	mean_fire_level_mean:     20.9267
mi_loss:                   0.0075	q_taken_mean:             -4.9964	return_mean:             -763.5820	return_median:           -734.3000
return_std:              286.1426	target_mean:              -5.4526	td_error_abs:              8.4482	test_all_fires_out_mean:   0.0000
test_ep_length_mean:     100.0000	test_episode_limit_mean:   1.0000	test_mean_fire_level_mean: 22.6790	test_return_mean:        -108.2938
test_return_median:      -104.7000	test_return_std:          43.9277	
[INFO 03:14:55] my_main Recent Stats | t_env:     182286 | Episode:     1826
all_fires_out_mean:        0.0000	entropy_loss:              0.0193	ep_length_mean:          100.0000	episode_limit_mean:        1.0000
epsilon:                   0.0500	grad_norm:               5675.3745	loss:                    372.6223	mean_fire_level_mean:     20.9267
mi_loss:                   0.0075	q_taken_mean:             -4.9964	return_mean:             -763.5820	return_median:           -734.3000
return_std:              286.1426	target_mean:              -5.4526	td_error_abs:              8.4482	test_all_fires_out_mean:   0.0000
test_ep_length_mean:     100.0000	test_episode_limit_mean:   1.0000	test_mean_fire_level_mean: 22.6790	test_return_mean:        -108.2938
test_return_median:      -104.7000	test_return_std:          43.9277	
[INFO 03:15:37] my_main Recent Stats | t_env:     184286 | Episode:     1846
all_fires_out_mean:        0.0000	entropy_loss:              0.0190	ep_length_mean:          100.0000	episode_limit_mean:        1.0000
epsilon:                   0.0500	grad_norm:               5195.7969	loss:                    353.6998	mean_fire_level_mean:     20.9267
mi_loss:                   0.0079	q_taken_mean:             -5.1868	return_mean:             -763.5820	return_median:           -734.3000
return_std:              286.1426	target_mean:              -5.6233	td_error_abs:              8.1272	test_all_fires_out_mean:   0.0000
test_ep_length_mean:     100.0000	test_episode_limit_mean:   1.0000	test_mean_fire_level_mean: 22.6790	test_return_mean:        -108.2938
test_return_median:      -104.7000	test_return_std:          43.9277	
[INFO 03:16:19] my_main Recent Stats | t_env:     186286 | Episode:     1866
all_fires_out_mean:        0.0000	entropy_loss:              0.0190	ep_length_mean:          100.0000	episode_limit_mean:        1.0000
epsilon:                   0.0500	grad_norm:               5195.7969	loss:                    353.6998	mean_fire_level_mean:     20.9267
mi_loss:                   0.0079	q_taken_mean:             -5.1868	return_mean:             -763.5820	return_median:           -734.3000
return_std:              286.1426	target_mean:              -5.6233	td_error_abs:              8.1272	test_all_fires_out_mean:   0.0000
test_ep_length_mean:     100.0000	test_episode_limit_mean:   1.0000	test_mean_fire_level_mean: 22.6790	test_return_mean:        -108.2938
test_return_median:      -104.7000	test_return_std:          43.9277	
[INFO 03:17:02] my_main Recent Stats | t_env:     188286 | Episode:     1886
all_fires_out_mean:        0.0000	entropy_loss:              0.0190	ep_length_mean:          100.0000	episode_limit_mean:        1.0000
epsilon:                   0.0500	grad_norm:               5195.7969	loss:                    353.6998	mean_fire_level_mean:     20.9267
mi_loss:                   0.0079	q_taken_mean:             -5.1868	return_mean:             -763.5820	return_median:           -734.3000
return_std:              286.1426	target_mean:              -5.6233	td_error_abs:              8.1272	test_all_fires_out_mean:   0.0000
test_ep_length_mean:     100.0000	test_episode_limit_mean:   1.0000	test_mean_fire_level_mean: 22.6790	test_return_mean:        -108.2938
test_return_median:      -104.7000	test_return_std:          43.9277	
[INFO 03:17:44] my_main t_env: 190286 / 2050000
[INFO 03:17:44] my_main Estimated time left: 12 hours, 8 minutes, 30 seconds. Time passed: 1 hours, 13 minutes, 10 seconds
[INFO 03:18:08] my_main Recent Stats | t_env:     190286 | Episode:     1906
all_fires_out_mean:        0.0000	entropy_loss:              0.0190	ep_length_mean:          100.0000	episode_limit_mean:        1.0000
epsilon:                   0.0500	grad_norm:               5195.7969	loss:                    353.6998	mean_fire_level_mean:     20.9335
mi_loss:                   0.0079	q_taken_mean:             -5.1868	return_mean:             -766.7340	return_median:           -734.5000
return_std:              287.0086	target_mean:              -5.6233	td_error_abs:              8.1272	test_all_fires_out_mean:   0.0000
test_ep_length_mean:     100.0000	test_episode_limit_mean:   1.0000	test_mean_fire_level_mean: 22.3972	test_return_mean:        -107.1937
test_return_median:      -104.9000	test_return_std:          44.4928	
[INFO 03:18:50] my_main Recent Stats | t_env:     192286 | Episode:     1926
all_fires_out_mean:        0.0000	entropy_loss:              0.0190	ep_length_mean:          100.0000	episode_limit_mean:        1.0000
epsilon:                   0.0500	grad_norm:               5195.7969	loss:                    353.6998	mean_fire_level_mean:     20.9335
mi_loss:                   0.0079	q_taken_mean:             -5.1868	return_mean:             -766.7340	return_median:           -734.5000
return_std:              287.0086	target_mean:              -5.6233	td_error_abs:              8.1272	test_all_fires_out_mean:   0.0000
test_ep_length_mean:     100.0000	test_episode_limit_mean:   1.0000	test_mean_fire_level_mean: 22.3972	test_return_mean:        -107.1937
test_return_median:      -104.9000	test_return_std:          44.4928	
[INFO 03:19:32] my_main Recent Stats | t_env:     194286 | Episode:     1946
all_fires_out_mean:        0.0000	entropy_loss:              0.0185	ep_length_mean:          100.0000	episode_limit_mean:        1.0000
epsilon:                   0.0500	grad_norm:               4673.4150	loss:                    332.6292	mean_fire_level_mean:     20.9335
mi_loss:                   0.0084	q_taken_mean:             -5.2472	return_mean:             -766.7340	return_median:           -734.5000
return_std:              287.0086	target_mean:              -5.6556	td_error_abs:              7.7212	test_all_fires_out_mean:   0.0000
test_ep_length_mean:     100.0000	test_episode_limit_mean:   1.0000	test_mean_fire_level_mean: 22.3972	test_return_mean:        -107.1937
test_return_median:      -104.9000	test_return_std:          44.4928	
[INFO 03:20:15] my_main Recent Stats | t_env:     196286 | Episode:     1966
all_fires_out_mean:        0.0000	entropy_loss:              0.0185	ep_length_mean:          100.0000	episode_limit_mean:        1.0000
epsilon:                   0.0500	grad_norm:               4673.4150	loss:                    332.6292	mean_fire_level_mean:     20.9335
mi_loss:                   0.0084	q_taken_mean:             -5.2472	return_mean:             -766.7340	return_median:           -734.5000
return_std:              287.0086	target_mean:              -5.6556	td_error_abs:              7.7212	test_all_fires_out_mean:   0.0000
test_ep_length_mean:     100.0000	test_episode_limit_mean:   1.0000	test_mean_fire_level_mean: 22.3972	test_return_mean:        -107.1937
test_return_median:      -104.9000	test_return_std:          44.4928	
[INFO 03:20:57] my_main Recent Stats | t_env:     198286 | Episode:     1986
all_fires_out_mean:        0.0000	entropy_loss:              0.0185	ep_length_mean:          100.0000	episode_limit_mean:        1.0000
epsilon:                   0.0500	grad_norm:               4673.4150	loss:                    332.6292	mean_fire_level_mean:     20.9335
mi_loss:                   0.0084	q_taken_mean:             -5.2472	return_mean:             -766.7340	return_median:           -734.5000
return_std:              287.0086	target_mean:              -5.6556	td_error_abs:              7.7212	test_all_fires_out_mean:   0.0000
test_ep_length_mean:     100.0000	test_episode_limit_mean:   1.0000	test_mean_fire_level_mean: 22.3972	test_return_mean:        -107.1937
test_return_median:      -104.9000	test_return_std:          44.4928	
[INFO 03:21:28] my_main Updated target network
[INFO 03:21:39] my_main t_env: 200286 / 2050000
[INFO 03:21:39] my_main Estimated time left: 12 hours, 3 minutes, 26 seconds. Time passed: 1 hours, 17 minutes, 4 seconds
[INFO 03:22:03] my_main Recent Stats | t_env:     200286 | Episode:     2006
all_fires_out_mean:        0.0000	entropy_loss:              0.0185	ep_length_mean:          100.0000	episode_limit_mean:        1.0000
epsilon:                   0.0500	grad_norm:               4673.4150	loss:                    332.6292	mean_fire_level_mean:     20.8480
mi_loss:                   0.0084	q_taken_mean:             -5.2472	return_mean:             -760.8060	return_median:           -724.5000
return_std:              284.4556	target_mean:              -5.6556	td_error_abs:              7.7212	test_all_fires_out_mean:   0.0000
test_ep_length_mean:     100.0000	test_episode_limit_mean:   1.0000	test_mean_fire_level_mean: 22.2733	test_return_mean:        -107.1875
test_return_median:      -108.6000	test_return_std:          42.5846	
[INFO 03:22:45] my_main Recent Stats | t_env:     202286 | Episode:     2026
all_fires_out_mean:        0.0000	entropy_loss:              0.0185	ep_length_mean:          100.0000	episode_limit_mean:        1.0000
epsilon:                   0.0500	grad_norm:               4673.4150	loss:                    332.6292	mean_fire_level_mean:     20.8480
mi_loss:                   0.0084	q_taken_mean:             -5.2472	return_mean:             -760.8060	return_median:           -724.5000
return_std:              284.4556	target_mean:              -5.6556	td_error_abs:              7.7212	test_all_fires_out_mean:   0.0000
test_ep_length_mean:     100.0000	test_episode_limit_mean:   1.0000	test_mean_fire_level_mean: 22.2733	test_return_mean:        -107.1875
test_return_median:      -108.6000	test_return_std:          42.5846	
[INFO 03:23:27] my_main Recent Stats | t_env:     204286 | Episode:     2046
all_fires_out_mean:        0.0000	entropy_loss:              0.0178	ep_length_mean:          100.0000	episode_limit_mean:        1.0000
epsilon:                   0.0500	grad_norm:               5095.0977	loss:                    317.1865	mean_fire_level_mean:     20.8480
mi_loss:                   0.0089	q_taken_mean:             -5.4928	return_mean:             -760.8060	return_median:           -724.5000
return_std:              284.4556	target_mean:              -5.9398	td_error_abs:              7.6923	test_all_fires_out_mean:   0.0000
test_ep_length_mean:     100.0000	test_episode_limit_mean:   1.0000	test_mean_fire_level_mean: 22.2733	test_return_mean:        -107.1875
test_return_median:      -108.6000	test_return_std:          42.5846	
[INFO 03:24:09] my_main Recent Stats | t_env:     206286 | Episode:     2066
all_fires_out_mean:        0.0000	entropy_loss:              0.0178	ep_length_mean:          100.0000	episode_limit_mean:        1.0000
epsilon:                   0.0500	grad_norm:               5095.0977	loss:                    317.1865	mean_fire_level_mean:     20.8480
mi_loss:                   0.0089	q_taken_mean:             -5.4928	return_mean:             -760.8060	return_median:           -724.5000
return_std:              284.4556	target_mean:              -5.9398	td_error_abs:              7.6923	test_all_fires_out_mean:   0.0000
test_ep_length_mean:     100.0000	test_episode_limit_mean:   1.0000	test_mean_fire_level_mean: 22.2733	test_return_mean:        -107.1875
test_return_median:      -108.6000	test_return_std:          42.5846	
[INFO 03:24:51] my_main Recent Stats | t_env:     208286 | Episode:     2086
all_fires_out_mean:        0.0000	entropy_loss:              0.0178	ep_length_mean:          100.0000	episode_limit_mean:        1.0000
epsilon:                   0.0500	grad_norm:               5095.0977	loss:                    317.1865	mean_fire_level_mean:     20.8480
mi_loss:                   0.0089	q_taken_mean:             -5.4928	return_mean:             -760.8060	return_median:           -724.5000
return_std:              284.4556	target_mean:              -5.9398	td_error_abs:              7.6923	test_all_fires_out_mean:   0.0000
test_ep_length_mean:     100.0000	test_episode_limit_mean:   1.0000	test_mean_fire_level_mean: 22.2733	test_return_mean:        -107.1875
test_return_median:      -108.6000	test_return_std:          42.5846	
[INFO 03:25:34] my_main t_env: 210286 / 2050000
[INFO 03:25:34] my_main Estimated time left: 11 hours, 59 minutes, 22 seconds. Time passed: 1 hours, 20 minutes, 59 seconds
[INFO 03:25:58] my_main Recent Stats | t_env:     210286 | Episode:     2106
all_fires_out_mean:        0.0000	entropy_loss:              0.0178	ep_length_mean:          100.0000	episode_limit_mean:        1.0000
epsilon:                   0.0500	grad_norm:               5095.0977	loss:                    317.1865	mean_fire_level_mean:     20.8649
mi_loss:                   0.0089	q_taken_mean:             -5.4928	return_mean:             -775.8160	return_median:           -737.0000
return_std:              290.8982	target_mean:              -5.9398	td_error_abs:              7.6923	test_all_fires_out_mean:   0.0000
test_ep_length_mean:     100.0000	test_episode_limit_mean:   1.0000	test_mean_fire_level_mean: 22.2477	test_return_mean:        -109.6000
test_return_median:      -114.4000	test_return_std:          41.6835	
[INFO 03:26:40] my_main Recent Stats | t_env:     212286 | Episode:     2126
all_fires_out_mean:        0.0000	entropy_loss:              0.0178	ep_length_mean:          100.0000	episode_limit_mean:        1.0000
epsilon:                   0.0500	grad_norm:               5095.0977	loss:                    317.1865	mean_fire_level_mean:     20.8649
mi_loss:                   0.0089	q_taken_mean:             -5.4928	return_mean:             -775.8160	return_median:           -737.0000
return_std:              290.8982	target_mean:              -5.9398	td_error_abs:              7.6923	test_all_fires_out_mean:   0.0000
test_ep_length_mean:     100.0000	test_episode_limit_mean:   1.0000	test_mean_fire_level_mean: 22.2477	test_return_mean:        -109.6000
test_return_median:      -114.4000	test_return_std:          41.6835	
[INFO 03:27:22] my_main Recent Stats | t_env:     214286 | Episode:     2146
all_fires_out_mean:        0.0000	entropy_loss:              0.0172	ep_length_mean:          100.0000	episode_limit_mean:        1.0000
epsilon:                   0.0500	grad_norm:               4741.3359	loss:                    295.3585	mean_fire_level_mean:     20.8649
mi_loss:                   0.0094	q_taken_mean:             -5.6392	return_mean:             -775.8160	return_median:           -737.0000
return_std:              290.8982	target_mean:              -6.0905	td_error_abs:              7.4838	test_all_fires_out_mean:   0.0000
test_ep_length_mean:     100.0000	test_episode_limit_mean:   1.0000	test_mean_fire_level_mean: 22.2477	test_return_mean:        -109.6000
test_return_median:      -114.4000	test_return_std:          41.6835	
[INFO 03:28:04] my_main Recent Stats | t_env:     216286 | Episode:     2166
all_fires_out_mean:        0.0000	entropy_loss:              0.0172	ep_length_mean:          100.0000	episode_limit_mean:        1.0000
epsilon:                   0.0500	grad_norm:               4741.3359	loss:                    295.3585	mean_fire_level_mean:     20.8649
mi_loss:                   0.0094	q_taken_mean:             -5.6392	return_mean:             -775.8160	return_median:           -737.0000
return_std:              290.8982	target_mean:              -6.0905	td_error_abs:              7.4838	test_all_fires_out_mean:   0.0000
test_ep_length_mean:     100.0000	test_episode_limit_mean:   1.0000	test_mean_fire_level_mean: 22.2477	test_return_mean:        -109.6000
test_return_median:      -114.4000	test_return_std:          41.6835	
[INFO 03:28:46] my_main Recent Stats | t_env:     218286 | Episode:     2186
all_fires_out_mean:        0.0000	entropy_loss:              0.0172	ep_length_mean:          100.0000	episode_limit_mean:        1.0000
epsilon:                   0.0500	grad_norm:               4741.3359	loss:                    295.3585	mean_fire_level_mean:     20.8649
mi_loss:                   0.0094	q_taken_mean:             -5.6392	return_mean:             -775.8160	return_median:           -737.0000
return_std:              290.8982	target_mean:              -6.0905	td_error_abs:              7.4838	test_all_fires_out_mean:   0.0000
test_ep_length_mean:     100.0000	test_episode_limit_mean:   1.0000	test_mean_fire_level_mean: 22.2477	test_return_mean:        -109.6000
test_return_median:      -114.4000	test_return_std:          41.6835	
[INFO 03:29:18] my_main Updated target network
[INFO 03:29:28] my_main t_env: 220286 / 2050000
[INFO 03:29:28] my_main Estimated time left: 11 hours, 55 minutes, 26 seconds. Time passed: 1 hours, 24 minutes, 54 seconds
[INFO 03:29:52] my_main Recent Stats | t_env:     220286 | Episode:     2206
all_fires_out_mean:        0.0000	entropy_loss:              0.0172	ep_length_mean:          100.0000	episode_limit_mean:        1.0000
epsilon:                   0.0500	grad_norm:               4741.3359	loss:                    295.3585	mean_fire_level_mean:     20.8527
mi_loss:                   0.0094	q_taken_mean:             -5.6392	return_mean:             -783.2160	return_median:           -739.0000
return_std:              298.2639	target_mean:              -6.0905	td_error_abs:              7.4838	test_all_fires_out_mean:   0.0000
test_ep_length_mean:     100.0000	test_episode_limit_mean:   1.0000	test_mean_fire_level_mean: 22.2091	test_return_mean:        -106.2750
test_return_median:      -108.2000	test_return_std:          41.3463	
[INFO 03:30:35] my_main Recent Stats | t_env:     222286 | Episode:     2226
all_fires_out_mean:        0.0000	entropy_loss:              0.0172	ep_length_mean:          100.0000	episode_limit_mean:        1.0000
epsilon:                   0.0500	grad_norm:               4741.3359	loss:                    295.3585	mean_fire_level_mean:     20.8527
mi_loss:                   0.0094	q_taken_mean:             -5.6392	return_mean:             -783.2160	return_median:           -739.0000
return_std:              298.2639	target_mean:              -6.0905	td_error_abs:              7.4838	test_all_fires_out_mean:   0.0000
test_ep_length_mean:     100.0000	test_episode_limit_mean:   1.0000	test_mean_fire_level_mean: 22.2091	test_return_mean:        -106.2750
test_return_median:      -108.2000	test_return_std:          41.3463	
[INFO 03:31:17] my_main Recent Stats | t_env:     224286 | Episode:     2246
all_fires_out_mean:        0.0000	entropy_loss:              0.0165	ep_length_mean:          100.0000	episode_limit_mean:        1.0000
epsilon:                   0.0500	grad_norm:               5204.0923	loss:                    267.1886	mean_fire_level_mean:     20.8527
mi_loss:                   0.0099	q_taken_mean:             -5.9010	return_mean:             -783.2160	return_median:           -739.0000
return_std:              298.2639	target_mean:              -6.3879	td_error_abs:              7.3768	test_all_fires_out_mean:   0.0000
test_ep_length_mean:     100.0000	test_episode_limit_mean:   1.0000	test_mean_fire_level_mean: 22.2091	test_return_mean:        -106.2750
test_return_median:      -108.2000	test_return_std:          41.3463	
[INFO 03:31:59] my_main Recent Stats | t_env:     226286 | Episode:     2266
all_fires_out_mean:        0.0000	entropy_loss:              0.0165	ep_length_mean:          100.0000	episode_limit_mean:        1.0000
epsilon:                   0.0500	grad_norm:               5204.0923	loss:                    267.1886	mean_fire_level_mean:     20.8527
mi_loss:                   0.0099	q_taken_mean:             -5.9010	return_mean:             -783.2160	return_median:           -739.0000
return_std:              298.2639	target_mean:              -6.3879	td_error_abs:              7.3768	test_all_fires_out_mean:   0.0000
test_ep_length_mean:     100.0000	test_episode_limit_mean:   1.0000	test_mean_fire_level_mean: 22.2091	test_return_mean:        -106.2750
test_return_median:      -108.2000	test_return_std:          41.3463	
[INFO 03:32:41] my_main Recent Stats | t_env:     228286 | Episode:     2286
all_fires_out_mean:        0.0000	entropy_loss:              0.0165	ep_length_mean:          100.0000	episode_limit_mean:        1.0000
epsilon:                   0.0500	grad_norm:               5204.0923	loss:                    267.1886	mean_fire_level_mean:     20.8527
mi_loss:                   0.0099	q_taken_mean:             -5.9010	return_mean:             -783.2160	return_median:           -739.0000
return_std:              298.2639	target_mean:              -6.3879	td_error_abs:              7.3768	test_all_fires_out_mean:   0.0000
test_ep_length_mean:     100.0000	test_episode_limit_mean:   1.0000	test_mean_fire_level_mean: 22.2091	test_return_mean:        -106.2750
test_return_median:      -108.2000	test_return_std:          41.3463	
[INFO 03:33:24] my_main t_env: 230286 / 2050000
[INFO 03:33:24] my_main Estimated time left: 11 hours, 54 minutes, 17 seconds. Time passed: 1 hours, 28 minutes, 49 seconds
[INFO 03:33:48] my_main Recent Stats | t_env:     230286 | Episode:     2306
all_fires_out_mean:        0.0000	entropy_loss:              0.0165	ep_length_mean:          100.0000	episode_limit_mean:        1.0000
epsilon:                   0.0500	grad_norm:               5204.0923	loss:                    267.1886	mean_fire_level_mean:     20.8360
mi_loss:                   0.0099	q_taken_mean:             -5.9010	return_mean:             -784.2400	return_median:           -740.9000
return_std:              291.8472	target_mean:              -6.3879	td_error_abs:              7.3768	test_all_fires_out_mean:   0.0000
test_ep_length_mean:     100.0000	test_episode_limit_mean:   1.0000	test_mean_fire_level_mean: 21.9562	test_return_mean:        -108.5500
test_return_median:      -111.2000	test_return_std:          41.2318	
[INFO 03:34:30] my_main Recent Stats | t_env:     232286 | Episode:     2326
all_fires_out_mean:        0.0000	entropy_loss:              0.0165	ep_length_mean:          100.0000	episode_limit_mean:        1.0000
epsilon:                   0.0500	grad_norm:               5204.0923	loss:                    267.1886	mean_fire_level_mean:     20.8360
mi_loss:                   0.0099	q_taken_mean:             -5.9010	return_mean:             -784.2400	return_median:           -740.9000
return_std:              291.8472	target_mean:              -6.3879	td_error_abs:              7.3768	test_all_fires_out_mean:   0.0000
test_ep_length_mean:     100.0000	test_episode_limit_mean:   1.0000	test_mean_fire_level_mean: 21.9562	test_return_mean:        -108.5500
test_return_median:      -111.2000	test_return_std:          41.2318	
[INFO 03:35:12] my_main Recent Stats | t_env:     234286 | Episode:     2346
all_fires_out_mean:        0.0000	entropy_loss:              0.0159	ep_length_mean:          100.0000	episode_limit_mean:        1.0000
epsilon:                   0.0500	grad_norm:               5376.5757	loss:                    245.0326	mean_fire_level_mean:     20.8360
mi_loss:                   0.0104	q_taken_mean:             -6.1439	return_mean:             -784.2400	return_median:           -740.9000
return_std:              291.8472	target_mean:              -6.6400	td_error_abs:              7.2715	test_all_fires_out_mean:   0.0000
test_ep_length_mean:     100.0000	test_episode_limit_mean:   1.0000	test_mean_fire_level_mean: 21.9562	test_return_mean:        -108.5500
test_return_median:      -111.2000	test_return_std:          41.2318	
[INFO 03:35:54] my_main Recent Stats | t_env:     236286 | Episode:     2366
all_fires_out_mean:        0.0000	entropy_loss:              0.0159	ep_length_mean:          100.0000	episode_limit_mean:        1.0000
epsilon:                   0.0500	grad_norm:               5376.5757	loss:                    245.0326	mean_fire_level_mean:     20.8360
mi_loss:                   0.0104	q_taken_mean:             -6.1439	return_mean:             -784.2400	return_median:           -740.9000
return_std:              291.8472	target_mean:              -6.6400	td_error_abs:              7.2715	test_all_fires_out_mean:   0.0000
test_ep_length_mean:     100.0000	test_episode_limit_mean:   1.0000	test_mean_fire_level_mean: 21.9562	test_return_mean:        -108.5500
test_return_median:      -111.2000	test_return_std:          41.2318	
[INFO 03:36:34] my_main Recent Stats | t_env:     238286 | Episode:     2386
all_fires_out_mean:        0.0000	entropy_loss:              0.0159	ep_length_mean:          100.0000	episode_limit_mean:        1.0000
epsilon:                   0.0500	grad_norm:               5376.5757	loss:                    245.0326	mean_fire_level_mean:     20.8360
mi_loss:                   0.0104	q_taken_mean:             -6.1439	return_mean:             -784.2400	return_median:           -740.9000
return_std:              291.8472	target_mean:              -6.6400	td_error_abs:              7.2715	test_all_fires_out_mean:   0.0000
test_ep_length_mean:     100.0000	test_episode_limit_mean:   1.0000	test_mean_fire_level_mean: 21.9562	test_return_mean:        -108.5500
test_return_median:      -111.2000	test_return_std:          41.2318	
[INFO 03:37:05] my_main Updated target network
[INFO 03:37:15] my_main t_env: 240286 / 2050000
[INFO 03:37:15] my_main Estimated time left: 11 hours, 37 minutes, 14 seconds. Time passed: 1 hours, 32 minutes, 40 seconds
[INFO 03:37:39] my_main Recent Stats | t_env:     240286 | Episode:     2406
all_fires_out_mean:        0.0000	entropy_loss:              0.0159	ep_length_mean:          100.0000	episode_limit_mean:        1.0000
epsilon:                   0.0500	grad_norm:               5376.5757	loss:                    245.0326	mean_fire_level_mean:     20.7295
mi_loss:                   0.0104	q_taken_mean:             -6.1439	return_mean:             -781.9760	return_median:           -743.6000
return_std:              293.7384	target_mean:              -6.6400	td_error_abs:              7.2715	test_all_fires_out_mean:   0.0000
test_ep_length_mean:     100.0000	test_episode_limit_mean:   1.0000	test_mean_fire_level_mean: 22.2142	test_return_mean:        -110.7438
test_return_median:      -113.4000	test_return_std:          42.6505	
[INFO 03:38:19] my_main Recent Stats | t_env:     242286 | Episode:     2426
all_fires_out_mean:        0.0000	entropy_loss:              0.0159	ep_length_mean:          100.0000	episode_limit_mean:        1.0000
epsilon:                   0.0500	grad_norm:               5376.5757	loss:                    245.0326	mean_fire_level_mean:     20.7295
mi_loss:                   0.0104	q_taken_mean:             -6.1439	return_mean:             -781.9760	return_median:           -743.6000
return_std:              293.7384	target_mean:              -6.6400	td_error_abs:              7.2715	test_all_fires_out_mean:   0.0000
test_ep_length_mean:     100.0000	test_episode_limit_mean:   1.0000	test_mean_fire_level_mean: 22.2142	test_return_mean:        -110.7438
test_return_median:      -113.4000	test_return_std:          42.6505	
[INFO 03:39:00] my_main Recent Stats | t_env:     244286 | Episode:     2446
all_fires_out_mean:        0.0000	entropy_loss:              0.0154	ep_length_mean:          100.0000	episode_limit_mean:        1.0000
epsilon:                   0.0500	grad_norm:               5392.8140	loss:                    230.9068	mean_fire_level_mean:     20.7295
mi_loss:                   0.0109	q_taken_mean:             -6.3421	return_mean:             -781.9760	return_median:           -743.6000
return_std:              293.7384	target_mean:              -6.8399	td_error_abs:              7.2557	test_all_fires_out_mean:   0.0000
test_ep_length_mean:     100.0000	test_episode_limit_mean:   1.0000	test_mean_fire_level_mean: 22.2142	test_return_mean:        -110.7438
test_return_median:      -113.4000	test_return_std:          42.6505	
[INFO 03:39:43] my_main Recent Stats | t_env:     246286 | Episode:     2466
all_fires_out_mean:        0.0000	entropy_loss:              0.0154	ep_length_mean:          100.0000	episode_limit_mean:        1.0000
epsilon:                   0.0500	grad_norm:               5392.8140	loss:                    230.9068	mean_fire_level_mean:     20.7295
mi_loss:                   0.0109	q_taken_mean:             -6.3421	return_mean:             -781.9760	return_median:           -743.6000
return_std:              293.7384	target_mean:              -6.8399	td_error_abs:              7.2557	test_all_fires_out_mean:   0.0000
test_ep_length_mean:     100.0000	test_episode_limit_mean:   1.0000	test_mean_fire_level_mean: 22.2142	test_return_mean:        -110.7438
test_return_median:      -113.4000	test_return_std:          42.6505	
[INFO 03:40:25] my_main Recent Stats | t_env:     248286 | Episode:     2486
all_fires_out_mean:        0.0000	entropy_loss:              0.0154	ep_length_mean:          100.0000	episode_limit_mean:        1.0000
epsilon:                   0.0500	grad_norm:               5392.8140	loss:                    230.9068	mean_fire_level_mean:     20.7295
mi_loss:                   0.0109	q_taken_mean:             -6.3421	return_mean:             -781.9760	return_median:           -743.6000
return_std:              293.7384	target_mean:              -6.8399	td_error_abs:              7.2557	test_all_fires_out_mean:   0.0000
test_ep_length_mean:     100.0000	test_episode_limit_mean:   1.0000	test_mean_fire_level_mean: 22.2142	test_return_mean:        -110.7438
test_return_median:      -113.4000	test_return_std:          42.6505	
[INFO 03:41:08] my_main t_env: 250286 / 2050000
[INFO 03:41:08] my_main Estimated time left: 11 hours, 40 minutes, 48 seconds. Time passed: 1 hours, 36 minutes, 34 seconds
[INFO 03:41:33] my_main Recent Stats | t_env:     250286 | Episode:     2506
all_fires_out_mean:        0.0000	entropy_loss:              0.0154	ep_length_mean:          100.0000	episode_limit_mean:        1.0000
epsilon:                   0.0500	grad_norm:               5392.8140	loss:                    230.9068	mean_fire_level_mean:     20.9889
mi_loss:                   0.0109	q_taken_mean:             -6.3421	return_mean:             -794.1140	return_median:           -762.0000
return_std:              290.3244	target_mean:              -6.8399	td_error_abs:              7.2557	test_all_fires_out_mean:   0.0000
test_ep_length_mean:     100.0000	test_episode_limit_mean:   1.0000	test_mean_fire_level_mean: 22.0045	test_return_mean:        -111.7750
test_return_median:      -112.3000	test_return_std:          41.7773	
[INFO 03:42:14] my_main Recent Stats | t_env:     252286 | Episode:     2526
all_fires_out_mean:        0.0000	entropy_loss:              0.0154	ep_length_mean:          100.0000	episode_limit_mean:        1.0000
epsilon:                   0.0500	grad_norm:               5392.8140	loss:                    230.9068	mean_fire_level_mean:     20.9889
mi_loss:                   0.0109	q_taken_mean:             -6.3421	return_mean:             -794.1140	return_median:           -762.0000
return_std:              290.3244	target_mean:              -6.8399	td_error_abs:              7.2557	test_all_fires_out_mean:   0.0000
test_ep_length_mean:     100.0000	test_episode_limit_mean:   1.0000	test_mean_fire_level_mean: 22.0045	test_return_mean:        -111.7750
test_return_median:      -112.3000	test_return_std:          41.7773	
[INFO 03:42:56] my_main Recent Stats | t_env:     254286 | Episode:     2546
all_fires_out_mean:        0.0000	entropy_loss:              0.0151	ep_length_mean:          100.0000	episode_limit_mean:        1.0000
epsilon:                   0.0500	grad_norm:               5200.3350	loss:                    211.5020	mean_fire_level_mean:     20.9889
mi_loss:                   0.0114	q_taken_mean:             -6.5647	return_mean:             -794.1140	return_median:           -762.0000
return_std:              290.3244	target_mean:              -7.0561	td_error_abs:              7.0798	test_all_fires_out_mean:   0.0000
test_ep_length_mean:     100.0000	test_episode_limit_mean:   1.0000	test_mean_fire_level_mean: 22.0045	test_return_mean:        -111.7750
test_return_median:      -112.3000	test_return_std:          41.7773	
[INFO 03:43:38] my_main Recent Stats | t_env:     256286 | Episode:     2566
all_fires_out_mean:        0.0000	entropy_loss:              0.0151	ep_length_mean:          100.0000	episode_limit_mean:        1.0000
epsilon:                   0.0500	grad_norm:               5200.3350	loss:                    211.5020	mean_fire_level_mean:     20.9889
mi_loss:                   0.0114	q_taken_mean:             -6.5647	return_mean:             -794.1140	return_median:           -762.0000
return_std:              290.3244	target_mean:              -7.0561	td_error_abs:              7.0798	test_all_fires_out_mean:   0.0000
test_ep_length_mean:     100.0000	test_episode_limit_mean:   1.0000	test_mean_fire_level_mean: 22.0045	test_return_mean:        -111.7750
test_return_median:      -112.3000	test_return_std:          41.7773	
[INFO 03:44:21] my_main Recent Stats | t_env:     258286 | Episode:     2586
all_fires_out_mean:        0.0000	entropy_loss:              0.0151	ep_length_mean:          100.0000	episode_limit_mean:        1.0000
epsilon:                   0.0500	grad_norm:               5200.3350	loss:                    211.5020	mean_fire_level_mean:     20.9889
mi_loss:                   0.0114	q_taken_mean:             -6.5647	return_mean:             -794.1140	return_median:           -762.0000
return_std:              290.3244	target_mean:              -7.0561	td_error_abs:              7.0798	test_all_fires_out_mean:   0.0000
test_ep_length_mean:     100.0000	test_episode_limit_mean:   1.0000	test_mean_fire_level_mean: 22.0045	test_return_mean:        -111.7750
test_return_median:      -112.3000	test_return_std:          41.7773	
[INFO 03:44:52] my_main Updated target network
[INFO 03:45:02] my_main t_env: 260286 / 2050000
[INFO 03:45:03] my_main Estimated time left: 11 hours, 38 minutes, 2 seconds. Time passed: 1 hours, 40 minutes, 28 seconds
[INFO 03:45:26] my_main Recent Stats | t_env:     260286 | Episode:     2606
all_fires_out_mean:        0.0000	entropy_loss:              0.0151	ep_length_mean:          100.0000	episode_limit_mean:        1.0000
epsilon:                   0.0500	grad_norm:               5200.3350	loss:                    211.5020	mean_fire_level_mean:     21.0196
mi_loss:                   0.0114	q_taken_mean:             -6.5647	return_mean:             -785.4200	return_median:           -755.2000
return_std:              284.9242	target_mean:              -7.0561	td_error_abs:              7.0798	test_all_fires_out_mean:   0.0000
test_ep_length_mean:     100.0000	test_episode_limit_mean:   1.0000	test_mean_fire_level_mean: 21.9886	test_return_mean:        -107.9875
test_return_median:      -107.7000	test_return_std:          41.3581	
[INFO 03:46:08] my_main Recent Stats | t_env:     262286 | Episode:     2626
all_fires_out_mean:        0.0000	entropy_loss:              0.0151	ep_length_mean:          100.0000	episode_limit_mean:        1.0000
epsilon:                   0.0500	grad_norm:               5200.3350	loss:                    211.5020	mean_fire_level_mean:     21.0196
mi_loss:                   0.0114	q_taken_mean:             -6.5647	return_mean:             -785.4200	return_median:           -755.2000
return_std:              284.9242	target_mean:              -7.0561	td_error_abs:              7.0798	test_all_fires_out_mean:   0.0000
test_ep_length_mean:     100.0000	test_episode_limit_mean:   1.0000	test_mean_fire_level_mean: 21.9886	test_return_mean:        -107.9875
test_return_median:      -107.7000	test_return_std:          41.3581	
[INFO 03:46:51] my_main Recent Stats | t_env:     264286 | Episode:     2646
all_fires_out_mean:        0.0000	entropy_loss:              0.0149	ep_length_mean:          100.0000	episode_limit_mean:        1.0000
epsilon:                   0.0500	grad_norm:               4793.4917	loss:                    211.8075	mean_fire_level_mean:     21.0196
mi_loss:                   0.0119	q_taken_mean:             -6.5450	return_mean:             -785.4200	return_median:           -755.2000
return_std:              284.9242	target_mean:              -7.0044	td_error_abs:              6.8892	test_all_fires_out_mean:   0.0000
test_ep_length_mean:     100.0000	test_episode_limit_mean:   1.0000	test_mean_fire_level_mean: 21.9886	test_return_mean:        -107.9875
test_return_median:      -107.7000	test_return_std:          41.3581	
[INFO 03:47:33] my_main Recent Stats | t_env:     266286 | Episode:     2666
all_fires_out_mean:        0.0000	entropy_loss:              0.0149	ep_length_mean:          100.0000	episode_limit_mean:        1.0000
epsilon:                   0.0500	grad_norm:               4793.4917	loss:                    211.8075	mean_fire_level_mean:     21.0196
mi_loss:                   0.0119	q_taken_mean:             -6.5450	return_mean:             -785.4200	return_median:           -755.2000
return_std:              284.9242	target_mean:              -7.0044	td_error_abs:              6.8892	test_all_fires_out_mean:   0.0000
test_ep_length_mean:     100.0000	test_episode_limit_mean:   1.0000	test_mean_fire_level_mean: 21.9886	test_return_mean:        -107.9875
test_return_median:      -107.7000	test_return_std:          41.3581	
[INFO 03:48:15] my_main Recent Stats | t_env:     268286 | Episode:     2686
all_fires_out_mean:        0.0000	entropy_loss:              0.0149	ep_length_mean:          100.0000	episode_limit_mean:        1.0000
epsilon:                   0.0500	grad_norm:               4793.4917	loss:                    211.8075	mean_fire_level_mean:     21.0196
mi_loss:                   0.0119	q_taken_mean:             -6.5450	return_mean:             -785.4200	return_median:           -755.2000
return_std:              284.9242	target_mean:              -7.0044	td_error_abs:              6.8892	test_all_fires_out_mean:   0.0000
test_ep_length_mean:     100.0000	test_episode_limit_mean:   1.0000	test_mean_fire_level_mean: 21.9886	test_return_mean:        -107.9875
test_return_median:      -107.7000	test_return_std:          41.3581	
[INFO 03:48:57] my_main t_env: 270286 / 2050000
[INFO 03:48:57] my_main Estimated time left: 11 hours, 34 minutes, 34 seconds. Time passed: 1 hours, 44 minutes, 22 seconds
[INFO 03:49:21] my_main Recent Stats | t_env:     270286 | Episode:     2706
all_fires_out_mean:        0.0000	entropy_loss:              0.0149	ep_length_mean:          100.0000	episode_limit_mean:        1.0000
epsilon:                   0.0500	grad_norm:               4793.4917	loss:                    211.8075	mean_fire_level_mean:     21.0471
mi_loss:                   0.0119	q_taken_mean:             -6.5450	return_mean:             -783.3460	return_median:           -760.3000
return_std:              272.9938	target_mean:              -7.0044	td_error_abs:              6.8892	test_all_fires_out_mean:   0.0000
test_ep_length_mean:     100.0000	test_episode_limit_mean:   1.0000	test_mean_fire_level_mean: 21.9318	test_return_mean:        -107.1562
test_return_median:      -108.8000	test_return_std:          40.5728	
[INFO 03:50:03] my_main Recent Stats | t_env:     272286 | Episode:     2726
all_fires_out_mean:        0.0000	entropy_loss:              0.0149	ep_length_mean:          100.0000	episode_limit_mean:        1.0000
epsilon:                   0.0500	grad_norm:               4793.4917	loss:                    211.8075	mean_fire_level_mean:     21.0471
mi_loss:                   0.0119	q_taken_mean:             -6.5450	return_mean:             -783.3460	return_median:           -760.3000
return_std:              272.9938	target_mean:              -7.0044	td_error_abs:              6.8892	test_all_fires_out_mean:   0.0000
test_ep_length_mean:     100.0000	test_episode_limit_mean:   1.0000	test_mean_fire_level_mean: 21.9318	test_return_mean:        -107.1562
test_return_median:      -108.8000	test_return_std:          40.5728	
[INFO 03:50:46] my_main Recent Stats | t_env:     274286 | Episode:     2746
all_fires_out_mean:        0.0000	entropy_loss:              0.0148	ep_length_mean:          100.0000	episode_limit_mean:        1.0000
epsilon:                   0.0500	grad_norm:               4335.7373	loss:                    216.3494	mean_fire_level_mean:     21.0471
mi_loss:                   0.0123	q_taken_mean:             -6.8227	return_mean:             -783.3460	return_median:           -760.3000
return_std:              272.9938	target_mean:              -7.2393	td_error_abs:              6.6039	test_all_fires_out_mean:   0.0000
test_ep_length_mean:     100.0000	test_episode_limit_mean:   1.0000	test_mean_fire_level_mean: 21.9318	test_return_mean:        -107.1562
test_return_median:      -108.8000	test_return_std:          40.5728	
[INFO 03:51:27] my_main Recent Stats | t_env:     276286 | Episode:     2766
all_fires_out_mean:        0.0000	entropy_loss:              0.0148	ep_length_mean:          100.0000	episode_limit_mean:        1.0000
epsilon:                   0.0500	grad_norm:               4335.7373	loss:                    216.3494	mean_fire_level_mean:     21.0471
mi_loss:                   0.0123	q_taken_mean:             -6.8227	return_mean:             -783.3460	return_median:           -760.3000
return_std:              272.9938	target_mean:              -7.2393	td_error_abs:              6.6039	test_all_fires_out_mean:   0.0000
test_ep_length_mean:     100.0000	test_episode_limit_mean:   1.0000	test_mean_fire_level_mean: 21.9318	test_return_mean:        -107.1562
test_return_median:      -108.8000	test_return_std:          40.5728	
[INFO 03:52:09] my_main Recent Stats | t_env:     278286 | Episode:     2786
all_fires_out_mean:        0.0000	entropy_loss:              0.0148	ep_length_mean:          100.0000	episode_limit_mean:        1.0000
epsilon:                   0.0500	grad_norm:               4335.7373	loss:                    216.3494	mean_fire_level_mean:     21.0471
mi_loss:                   0.0123	q_taken_mean:             -6.8227	return_mean:             -783.3460	return_median:           -760.3000
return_std:              272.9938	target_mean:              -7.2393	td_error_abs:              6.6039	test_all_fires_out_mean:   0.0000
test_ep_length_mean:     100.0000	test_episode_limit_mean:   1.0000	test_mean_fire_level_mean: 21.9318	test_return_mean:        -107.1562
test_return_median:      -108.8000	test_return_std:          40.5728	
[INFO 03:52:42] my_main Updated target network
[INFO 03:52:52] my_main t_env: 280286 / 2050000
[INFO 03:52:52] my_main Estimated time left: 11 hours, 34 minutes, 17 seconds. Time passed: 1 hours, 48 minutes, 18 seconds
[INFO 03:53:16] my_main Recent Stats | t_env:     280286 | Episode:     2806
all_fires_out_mean:        0.0000	entropy_loss:              0.0148	ep_length_mean:          100.0000	episode_limit_mean:        1.0000
epsilon:                   0.0500	grad_norm:               4335.7373	loss:                    216.3494	mean_fire_level_mean:     20.9653
mi_loss:                   0.0123	q_taken_mean:             -6.8227	return_mean:             -778.3560	return_median:           -749.0000
return_std:              287.5961	target_mean:              -7.2393	td_error_abs:              6.6039	test_all_fires_out_mean:   0.0000
test_ep_length_mean:     100.0000	test_episode_limit_mean:   1.0000	test_mean_fire_level_mean: 21.9972	test_return_mean:        -105.4062
test_return_median:      -104.2000	test_return_std:          39.8416	
[INFO 03:53:58] my_main Recent Stats | t_env:     282286 | Episode:     2826
all_fires_out_mean:        0.0000	entropy_loss:              0.0148	ep_length_mean:          100.0000	episode_limit_mean:        1.0000
epsilon:                   0.0500	grad_norm:               4335.7373	loss:                    216.3494	mean_fire_level_mean:     20.9653
mi_loss:                   0.0123	q_taken_mean:             -6.8227	return_mean:             -778.3560	return_median:           -749.0000
return_std:              287.5961	target_mean:              -7.2393	td_error_abs:              6.6039	test_all_fires_out_mean:   0.0000
test_ep_length_mean:     100.0000	test_episode_limit_mean:   1.0000	test_mean_fire_level_mean: 21.9972	test_return_mean:        -105.4062
test_return_median:      -104.2000	test_return_std:          39.8416	
[INFO 03:54:41] my_main Recent Stats | t_env:     284286 | Episode:     2846
all_fires_out_mean:        0.0000	entropy_loss:              0.0145	ep_length_mean:          100.0000	episode_limit_mean:        1.0000
epsilon:                   0.0500	grad_norm:               4138.3203	loss:                    218.6465	mean_fire_level_mean:     20.9653
mi_loss:                   0.0128	q_taken_mean:             -6.9887	return_mean:             -778.3560	return_median:           -749.0000
return_std:              287.5961	target_mean:              -7.4012	td_error_abs:              6.5039	test_all_fires_out_mean:   0.0000
test_ep_length_mean:     100.0000	test_episode_limit_mean:   1.0000	test_mean_fire_level_mean: 21.9972	test_return_mean:        -105.4062
test_return_median:      -104.2000	test_return_std:          39.8416	
[INFO 03:55:23] my_main Recent Stats | t_env:     286286 | Episode:     2866
all_fires_out_mean:        0.0000	entropy_loss:              0.0145	ep_length_mean:          100.0000	episode_limit_mean:        1.0000
epsilon:                   0.0500	grad_norm:               4138.3203	loss:                    218.6465	mean_fire_level_mean:     20.9653
mi_loss:                   0.0128	q_taken_mean:             -6.9887	return_mean:             -778.3560	return_median:           -749.0000
return_std:              287.5961	target_mean:              -7.4012	td_error_abs:              6.5039	test_all_fires_out_mean:   0.0000
test_ep_length_mean:     100.0000	test_episode_limit_mean:   1.0000	test_mean_fire_level_mean: 21.9972	test_return_mean:        -105.4062
test_return_median:      -104.2000	test_return_std:          39.8416	
[INFO 03:56:05] my_main Recent Stats | t_env:     288286 | Episode:     2886
all_fires_out_mean:        0.0000	entropy_loss:              0.0145	ep_length_mean:          100.0000	episode_limit_mean:        1.0000
epsilon:                   0.0500	grad_norm:               4138.3203	loss:                    218.6465	mean_fire_level_mean:     20.9653
mi_loss:                   0.0128	q_taken_mean:             -6.9887	return_mean:             -778.3560	return_median:           -749.0000
return_std:              287.5961	target_mean:              -7.4012	td_error_abs:              6.5039	test_all_fires_out_mean:   0.0000
test_ep_length_mean:     100.0000	test_episode_limit_mean:   1.0000	test_mean_fire_level_mean: 21.9972	test_return_mean:        -105.4062
test_return_median:      -104.2000	test_return_std:          39.8416	
[INFO 03:56:47] my_main t_env: 290286 / 2050000
[INFO 03:56:47] my_main Estimated time left: 11 hours, 30 minutes, 14 seconds. Time passed: 1 hours, 52 minutes, 13 seconds
[INFO 03:57:11] my_main Recent Stats | t_env:     290286 | Episode:     2906
all_fires_out_mean:        0.0000	entropy_loss:              0.0145	ep_length_mean:          100.0000	episode_limit_mean:        1.0000
epsilon:                   0.0500	grad_norm:               4138.3203	loss:                    218.6465	mean_fire_level_mean:     21.0069
mi_loss:                   0.0128	q_taken_mean:             -6.9887	return_mean:             -785.9680	return_median:           -754.0000
return_std:              292.0641	target_mean:              -7.4012	td_error_abs:              6.5039	test_all_fires_out_mean:   0.0000
test_ep_length_mean:     100.0000	test_episode_limit_mean:   1.0000	test_mean_fire_level_mean: 21.6602	test_return_mean:        -101.9562
test_return_median:      -100.8000	test_return_std:          40.1418	
[INFO 03:57:53] my_main Recent Stats | t_env:     292286 | Episode:     2926
all_fires_out_mean:        0.0000	entropy_loss:              0.0145	ep_length_mean:          100.0000	episode_limit_mean:        1.0000
epsilon:                   0.0500	grad_norm:               4138.3203	loss:                    218.6465	mean_fire_level_mean:     21.0069
mi_loss:                   0.0128	q_taken_mean:             -6.9887	return_mean:             -785.9680	return_median:           -754.0000
return_std:              292.0641	target_mean:              -7.4012	td_error_abs:              6.5039	test_all_fires_out_mean:   0.0000
test_ep_length_mean:     100.0000	test_episode_limit_mean:   1.0000	test_mean_fire_level_mean: 21.6602	test_return_mean:        -101.9562
test_return_median:      -100.8000	test_return_std:          40.1418	
[INFO 03:58:35] my_main Recent Stats | t_env:     294286 | Episode:     2946
all_fires_out_mean:        0.0000	entropy_loss:              0.0145	ep_length_mean:          100.0000	episode_limit_mean:        1.0000
epsilon:                   0.0500	grad_norm:               3651.9780	loss:                    224.3545	mean_fire_level_mean:     21.0069
mi_loss:                   0.0132	q_taken_mean:             -7.0807	return_mean:             -785.9680	return_median:           -754.0000
return_std:              292.0641	target_mean:              -7.4629	td_error_abs:              6.2329	test_all_fires_out_mean:   0.0000
test_ep_length_mean:     100.0000	test_episode_limit_mean:   1.0000	test_mean_fire_level_mean: 21.6602	test_return_mean:        -101.9562
test_return_median:      -100.8000	test_return_std:          40.1418	
[INFO 03:59:18] my_main Recent Stats | t_env:     296286 | Episode:     2966
all_fires_out_mean:        0.0000	entropy_loss:              0.0145	ep_length_mean:          100.0000	episode_limit_mean:        1.0000
epsilon:                   0.0500	grad_norm:               3651.9780	loss:                    224.3545	mean_fire_level_mean:     21.0069
mi_loss:                   0.0132	q_taken_mean:             -7.0807	return_mean:             -785.9680	return_median:           -754.0000
return_std:              292.0641	target_mean:              -7.4629	td_error_abs:              6.2329	test_all_fires_out_mean:   0.0000
test_ep_length_mean:     100.0000	test_episode_limit_mean:   1.0000	test_mean_fire_level_mean: 21.6602	test_return_mean:        -101.9562
test_return_median:      -100.8000	test_return_std:          40.1418	
[INFO 04:00:00] my_main Recent Stats | t_env:     298286 | Episode:     2986
all_fires_out_mean:        0.0000	entropy_loss:              0.0145	ep_length_mean:          100.0000	episode_limit_mean:        1.0000
epsilon:                   0.0500	grad_norm:               3651.9780	loss:                    224.3545	mean_fire_level_mean:     21.0069
mi_loss:                   0.0132	q_taken_mean:             -7.0807	return_mean:             -785.9680	return_median:           -754.0000
return_std:              292.0641	target_mean:              -7.4629	td_error_abs:              6.2329	test_all_fires_out_mean:   0.0000
test_ep_length_mean:     100.0000	test_episode_limit_mean:   1.0000	test_mean_fire_level_mean: 21.6602	test_return_mean:        -101.9562
test_return_median:      -100.8000	test_return_std:          40.1418	
[INFO 04:00:31] my_main Updated target network
[INFO 04:00:42] my_main t_env: 300286 / 2050000
[INFO 04:00:42] my_main Estimated time left: 11 hours, 23 minutes, 49 seconds. Time passed: 1 hours, 56 minutes, 7 seconds
[INFO 04:01:06] my_main Recent Stats | t_env:     300286 | Episode:     3006
all_fires_out_mean:        0.0000	entropy_loss:              0.0145	ep_length_mean:          100.0000	episode_limit_mean:        1.0000
epsilon:                   0.0500	grad_norm:               3651.9780	loss:                    224.3545	mean_fire_level_mean:     20.9049
mi_loss:                   0.0132	q_taken_mean:             -7.0807	return_mean:             -788.5380	return_median:           -768.3000
return_std:              290.7699	target_mean:              -7.4629	td_error_abs:              6.2329	test_all_fires_out_mean:   0.0000
test_ep_length_mean:     100.0000	test_episode_limit_mean:   1.0000	test_mean_fire_level_mean: 21.8937	test_return_mean:        -102.0500
test_return_median:      -101.6000	test_return_std:          42.5390	
[INFO 04:01:48] my_main Recent Stats | t_env:     302286 | Episode:     3026
all_fires_out_mean:        0.0000	entropy_loss:              0.0145	ep_length_mean:          100.0000	episode_limit_mean:        1.0000
epsilon:                   0.0500	grad_norm:               3651.9780	loss:                    224.3545	mean_fire_level_mean:     20.9049
mi_loss:                   0.0132	q_taken_mean:             -7.0807	return_mean:             -788.5380	return_median:           -768.3000
return_std:              290.7699	target_mean:              -7.4629	td_error_abs:              6.2329	test_all_fires_out_mean:   0.0000
test_ep_length_mean:     100.0000	test_episode_limit_mean:   1.0000	test_mean_fire_level_mean: 21.8937	test_return_mean:        -102.0500
test_return_median:      -101.6000	test_return_std:          42.5390	
[INFO 04:02:30] my_main Recent Stats | t_env:     304286 | Episode:     3046
all_fires_out_mean:        0.0000	entropy_loss:              0.0144	ep_length_mean:          100.0000	episode_limit_mean:        1.0000
epsilon:                   0.0500	grad_norm:               3338.7515	loss:                    221.2178	mean_fire_level_mean:     20.9049
mi_loss:                   0.0135	q_taken_mean:             -7.0280	return_mean:             -788.5380	return_median:           -768.3000
return_std:              290.7699	target_mean:              -7.3779	td_error_abs:              5.9661	test_all_fires_out_mean:   0.0000
test_ep_length_mean:     100.0000	test_episode_limit_mean:   1.0000	test_mean_fire_level_mean: 21.8937	test_return_mean:        -102.0500
test_return_median:      -101.6000	test_return_std:          42.5390	
[INFO 04:03:13] my_main Recent Stats | t_env:     306286 | Episode:     3066
all_fires_out_mean:        0.0000	entropy_loss:              0.0144	ep_length_mean:          100.0000	episode_limit_mean:        1.0000
epsilon:                   0.0500	grad_norm:               3338.7515	loss:                    221.2178	mean_fire_level_mean:     20.9049
mi_loss:                   0.0135	q_taken_mean:             -7.0280	return_mean:             -788.5380	return_median:           -768.3000
return_std:              290.7699	target_mean:              -7.3779	td_error_abs:              5.9661	test_all_fires_out_mean:   0.0000
test_ep_length_mean:     100.0000	test_episode_limit_mean:   1.0000	test_mean_fire_level_mean: 21.8937	test_return_mean:        -102.0500
test_return_median:      -101.6000	test_return_std:          42.5390	
[INFO 04:03:54] my_main Recent Stats | t_env:     308286 | Episode:     3086
all_fires_out_mean:        0.0000	entropy_loss:              0.0144	ep_length_mean:          100.0000	episode_limit_mean:        1.0000
epsilon:                   0.0500	grad_norm:               3338.7515	loss:                    221.2178	mean_fire_level_mean:     20.9049
mi_loss:                   0.0135	q_taken_mean:             -7.0280	return_mean:             -788.5380	return_median:           -768.3000
return_std:              290.7699	target_mean:              -7.3779	td_error_abs:              5.9661	test_all_fires_out_mean:   0.0000
test_ep_length_mean:     100.0000	test_episode_limit_mean:   1.0000	test_mean_fire_level_mean: 21.8937	test_return_mean:        -102.0500
test_return_median:      -101.6000	test_return_std:          42.5390	
[INFO 04:04:37] my_main t_env: 310286 / 2050000
[INFO 04:04:37] my_main Estimated time left: 11 hours, 20 minutes, 19 seconds. Time passed: 2 hours, 2 seconds
[INFO 04:05:00] my_main Recent Stats | t_env:     310286 | Episode:     3106
all_fires_out_mean:        0.0000	entropy_loss:              0.0144	ep_length_mean:          100.0000	episode_limit_mean:        1.0000
epsilon:                   0.0500	grad_norm:               3338.7515	loss:                    221.2178	mean_fire_level_mean:     20.9213
mi_loss:                   0.0135	q_taken_mean:             -7.0280	return_mean:             -791.5400	return_median:           -780.1000
return_std:              285.7661	target_mean:              -7.3779	td_error_abs:              5.9661	test_all_fires_out_mean:   0.0000
test_ep_length_mean:     100.0000	test_episode_limit_mean:   1.0000	test_mean_fire_level_mean: 21.9841	test_return_mean:        -108.5687
test_return_median:      -108.1000	test_return_std:          44.6812	
[INFO 04:05:42] my_main Recent Stats | t_env:     312286 | Episode:     3126
all_fires_out_mean:        0.0000	entropy_loss:              0.0144	ep_length_mean:          100.0000	episode_limit_mean:        1.0000
epsilon:                   0.0500	grad_norm:               3338.7515	loss:                    221.2178	mean_fire_level_mean:     20.9213
mi_loss:                   0.0135	q_taken_mean:             -7.0280	return_mean:             -791.5400	return_median:           -780.1000
return_std:              285.7661	target_mean:              -7.3779	td_error_abs:              5.9661	test_all_fires_out_mean:   0.0000
test_ep_length_mean:     100.0000	test_episode_limit_mean:   1.0000	test_mean_fire_level_mean: 21.9841	test_return_mean:        -108.5687
test_return_median:      -108.1000	test_return_std:          44.6812	
[INFO 04:06:23] my_main Recent Stats | t_env:     314286 | Episode:     3146
all_fires_out_mean:        0.0000	entropy_loss:              0.0144	ep_length_mean:          100.0000	episode_limit_mean:        1.0000
epsilon:                   0.0500	grad_norm:               3259.9519	loss:                    239.2993	mean_fire_level_mean:     20.9213
mi_loss:                   0.0139	q_taken_mean:             -7.1772	return_mean:             -791.5400	return_median:           -780.1000
return_std:              285.7661	target_mean:              -7.5195	td_error_abs:              6.0212	test_all_fires_out_mean:   0.0000
test_ep_length_mean:     100.0000	test_episode_limit_mean:   1.0000	test_mean_fire_level_mean: 21.9841	test_return_mean:        -108.5687
test_return_median:      -108.1000	test_return_std:          44.6812	
[INFO 04:07:04] my_main Recent Stats | t_env:     316286 | Episode:     3166
all_fires_out_mean:        0.0000	entropy_loss:              0.0144	ep_length_mean:          100.0000	episode_limit_mean:        1.0000
epsilon:                   0.0500	grad_norm:               3259.9519	loss:                    239.2993	mean_fire_level_mean:     20.9213
mi_loss:                   0.0139	q_taken_mean:             -7.1772	return_mean:             -791.5400	return_median:           -780.1000
return_std:              285.7661	target_mean:              -7.5195	td_error_abs:              6.0212	test_all_fires_out_mean:   0.0000
test_ep_length_mean:     100.0000	test_episode_limit_mean:   1.0000	test_mean_fire_level_mean: 21.9841	test_return_mean:        -108.5687
test_return_median:      -108.1000	test_return_std:          44.6812	
[INFO 04:07:46] my_main Recent Stats | t_env:     318286 | Episode:     3186
all_fires_out_mean:        0.0000	entropy_loss:              0.0144	ep_length_mean:          100.0000	episode_limit_mean:        1.0000
epsilon:                   0.0500	grad_norm:               3259.9519	loss:                    239.2993	mean_fire_level_mean:     20.9213
mi_loss:                   0.0139	q_taken_mean:             -7.1772	return_mean:             -791.5400	return_median:           -780.1000
return_std:              285.7661	target_mean:              -7.5195	td_error_abs:              6.0212	test_all_fires_out_mean:   0.0000
test_ep_length_mean:     100.0000	test_episode_limit_mean:   1.0000	test_mean_fire_level_mean: 21.9841	test_return_mean:        -108.5687
test_return_median:      -108.1000	test_return_std:          44.6812	
[INFO 04:08:18] my_main Updated target network
[INFO 04:08:28] my_main t_env: 320286 / 2050000
[INFO 04:08:28] my_main Estimated time left: 11 hours, 7 minutes, 49 seconds. Time passed: 2 hours, 3 minutes, 54 seconds
[INFO 04:08:52] my_main Recent Stats | t_env:     320286 | Episode:     3206
all_fires_out_mean:        0.0000	entropy_loss:              0.0144	ep_length_mean:          100.0000	episode_limit_mean:        1.0000
epsilon:                   0.0500	grad_norm:               3259.9519	loss:                    239.2993	mean_fire_level_mean:     20.9385
mi_loss:                   0.0139	q_taken_mean:             -7.1772	return_mean:             -786.1220	return_median:           -772.3000
return_std:              290.7883	target_mean:              -7.5195	td_error_abs:              6.0212	test_all_fires_out_mean:   0.0000
test_ep_length_mean:     100.0000	test_episode_limit_mean:   1.0000	test_mean_fire_level_mean: 22.0256	test_return_mean:        -112.6500
test_return_median:      -110.8000	test_return_std:          44.8777	
[INFO 04:09:35] my_main Recent Stats | t_env:     322286 | Episode:     3226
all_fires_out_mean:        0.0000	entropy_loss:              0.0144	ep_length_mean:          100.0000	episode_limit_mean:        1.0000
epsilon:                   0.0500	grad_norm:               3259.9519	loss:                    239.2993	mean_fire_level_mean:     20.9385
mi_loss:                   0.0139	q_taken_mean:             -7.1772	return_mean:             -786.1220	return_median:           -772.3000
return_std:              290.7883	target_mean:              -7.5195	td_error_abs:              6.0212	test_all_fires_out_mean:   0.0000
test_ep_length_mean:     100.0000	test_episode_limit_mean:   1.0000	test_mean_fire_level_mean: 22.0256	test_return_mean:        -112.6500
test_return_median:      -110.8000	test_return_std:          44.8777	
[INFO 04:10:17] my_main Recent Stats | t_env:     324286 | Episode:     3246
all_fires_out_mean:        0.0000	entropy_loss:              0.0143	ep_length_mean:          100.0000	episode_limit_mean:        1.0000
epsilon:                   0.0500	grad_norm:               3135.2754	loss:                    220.0222	mean_fire_level_mean:     20.9385
mi_loss:                   0.0142	q_taken_mean:             -7.2404	return_mean:             -786.1220	return_median:           -772.3000
return_std:              290.7883	target_mean:              -7.5795	td_error_abs:              5.8305	test_all_fires_out_mean:   0.0000
test_ep_length_mean:     100.0000	test_episode_limit_mean:   1.0000	test_mean_fire_level_mean: 22.0256	test_return_mean:        -112.6500
test_return_median:      -110.8000	test_return_std:          44.8777	
[INFO 04:11:00] my_main Recent Stats | t_env:     326286 | Episode:     3266
all_fires_out_mean:        0.0000	entropy_loss:              0.0143	ep_length_mean:          100.0000	episode_limit_mean:        1.0000
epsilon:                   0.0500	grad_norm:               3135.2754	loss:                    220.0222	mean_fire_level_mean:     20.9385
mi_loss:                   0.0142	q_taken_mean:             -7.2404	return_mean:             -786.1220	return_median:           -772.3000
return_std:              290.7883	target_mean:              -7.5795	td_error_abs:              5.8305	test_all_fires_out_mean:   0.0000
test_ep_length_mean:     100.0000	test_episode_limit_mean:   1.0000	test_mean_fire_level_mean: 22.0256	test_return_mean:        -112.6500
test_return_median:      -110.8000	test_return_std:          44.8777	
[INFO 04:11:41] my_main Recent Stats | t_env:     328286 | Episode:     3286
all_fires_out_mean:        0.0000	entropy_loss:              0.0143	ep_length_mean:          100.0000	episode_limit_mean:        1.0000
epsilon:                   0.0500	grad_norm:               3135.2754	loss:                    220.0222	mean_fire_level_mean:     20.9385
mi_loss:                   0.0142	q_taken_mean:             -7.2404	return_mean:             -786.1220	return_median:           -772.3000
return_std:              290.7883	target_mean:              -7.5795	td_error_abs:              5.8305	test_all_fires_out_mean:   0.0000
test_ep_length_mean:     100.0000	test_episode_limit_mean:   1.0000	test_mean_fire_level_mean: 22.0256	test_return_mean:        -112.6500
test_return_median:      -110.8000	test_return_std:          44.8777	
[INFO 04:12:24] my_main t_env: 330286 / 2050000
[INFO 04:12:24] my_main Estimated time left: 11 hours, 14 minutes, 57 seconds. Time passed: 2 hours, 7 minutes, 49 seconds
[INFO 04:12:48] my_main Recent Stats | t_env:     330286 | Episode:     3306
all_fires_out_mean:        0.0000	entropy_loss:              0.0143	ep_length_mean:          100.0000	episode_limit_mean:        1.0000
epsilon:                   0.0500	grad_norm:               3135.2754	loss:                    220.0222	mean_fire_level_mean:     21.1251
mi_loss:                   0.0142	q_taken_mean:             -7.2404	return_mean:             -782.3180	return_median:           -765.6000
return_std:              281.6103	target_mean:              -7.5795	td_error_abs:              5.8305	test_all_fires_out_mean:   0.0000
test_ep_length_mean:     100.0000	test_episode_limit_mean:   1.0000	test_mean_fire_level_mean: 22.1591	test_return_mean:        -112.6375
test_return_median:      -112.8000	test_return_std:          46.6067	
[INFO 04:13:30] my_main Recent Stats | t_env:     332286 | Episode:     3326
all_fires_out_mean:        0.0000	entropy_loss:              0.0143	ep_length_mean:          100.0000	episode_limit_mean:        1.0000
epsilon:                   0.0500	grad_norm:               3135.2754	loss:                    220.0222	mean_fire_level_mean:     21.1251
mi_loss:                   0.0142	q_taken_mean:             -7.2404	return_mean:             -782.3180	return_median:           -765.6000
return_std:              281.6103	target_mean:              -7.5795	td_error_abs:              5.8305	test_all_fires_out_mean:   0.0000
test_ep_length_mean:     100.0000	test_episode_limit_mean:   1.0000	test_mean_fire_level_mean: 22.1591	test_return_mean:        -112.6375
test_return_median:      -112.8000	test_return_std:          46.6067	
[INFO 04:14:11] my_main Recent Stats | t_env:     334286 | Episode:     3346
all_fires_out_mean:        0.0000	entropy_loss:              0.0141	ep_length_mean:          100.0000	episode_limit_mean:        1.0000
epsilon:                   0.0500	grad_norm:               2877.4519	loss:                    207.7923	mean_fire_level_mean:     21.1251
mi_loss:                   0.0146	q_taken_mean:             -7.1321	return_mean:             -782.3180	return_median:           -765.6000
return_std:              281.6103	target_mean:              -7.4523	td_error_abs:              5.5233	test_all_fires_out_mean:   0.0000
test_ep_length_mean:     100.0000	test_episode_limit_mean:   1.0000	test_mean_fire_level_mean: 22.1591	test_return_mean:        -112.6375
test_return_median:      -112.8000	test_return_std:          46.6067	
[INFO 04:14:54] my_main Recent Stats | t_env:     336286 | Episode:     3366
all_fires_out_mean:        0.0000	entropy_loss:              0.0141	ep_length_mean:          100.0000	episode_limit_mean:        1.0000
epsilon:                   0.0500	grad_norm:               2877.4519	loss:                    207.7923	mean_fire_level_mean:     21.1251
mi_loss:                   0.0146	q_taken_mean:             -7.1321	return_mean:             -782.3180	return_median:           -765.6000
return_std:              281.6103	target_mean:              -7.4523	td_error_abs:              5.5233	test_all_fires_out_mean:   0.0000
test_ep_length_mean:     100.0000	test_episode_limit_mean:   1.0000	test_mean_fire_level_mean: 22.1591	test_return_mean:        -112.6375
test_return_median:      -112.8000	test_return_std:          46.6067	
[INFO 04:15:36] my_main Recent Stats | t_env:     338286 | Episode:     3386
all_fires_out_mean:        0.0000	entropy_loss:              0.0141	ep_length_mean:          100.0000	episode_limit_mean:        1.0000
epsilon:                   0.0500	grad_norm:               2877.4519	loss:                    207.7923	mean_fire_level_mean:     21.1251
mi_loss:                   0.0146	q_taken_mean:             -7.1321	return_mean:             -782.3180	return_median:           -765.6000
return_std:              281.6103	target_mean:              -7.4523	td_error_abs:              5.5233	test_all_fires_out_mean:   0.0000
test_ep_length_mean:     100.0000	test_episode_limit_mean:   1.0000	test_mean_fire_level_mean: 22.1591	test_return_mean:        -112.6375
test_return_median:      -112.8000	test_return_std:          46.6067	
[INFO 04:16:08] my_main Updated target network
[INFO 04:16:19] my_main t_env: 340286 / 2050000
[INFO 04:16:19] my_main Estimated time left: 11 hours, 10 minutes, 9 seconds. Time passed: 2 hours, 11 minutes, 44 seconds
[INFO 04:16:43] my_main Recent Stats | t_env:     340286 | Episode:     3406
all_fires_out_mean:        0.0000	entropy_loss:              0.0141	ep_length_mean:          100.0000	episode_limit_mean:        1.0000
epsilon:                   0.0500	grad_norm:               2877.4519	loss:                    207.7923	mean_fire_level_mean:     21.0816
mi_loss:                   0.0146	q_taken_mean:             -7.1321	return_mean:             -774.7520	return_median:           -758.9000
return_std:              274.2719	target_mean:              -7.4523	td_error_abs:              5.5233	test_all_fires_out_mean:   0.0000
test_ep_length_mean:     100.0000	test_episode_limit_mean:   1.0000	test_mean_fire_level_mean: 22.4807	test_return_mean:        -114.3312
test_return_median:      -114.2000	test_return_std:          47.6848	
[INFO 04:17:25] my_main Recent Stats | t_env:     342286 | Episode:     3426
all_fires_out_mean:        0.0000	entropy_loss:              0.0141	ep_length_mean:          100.0000	episode_limit_mean:        1.0000
epsilon:                   0.0500	grad_norm:               2877.4519	loss:                    207.7923	mean_fire_level_mean:     21.0816
mi_loss:                   0.0146	q_taken_mean:             -7.1321	return_mean:             -774.7520	return_median:           -758.9000
return_std:              274.2719	target_mean:              -7.4523	td_error_abs:              5.5233	test_all_fires_out_mean:   0.0000
test_ep_length_mean:     100.0000	test_episode_limit_mean:   1.0000	test_mean_fire_level_mean: 22.4807	test_return_mean:        -114.3312
test_return_median:      -114.2000	test_return_std:          47.6848	
[INFO 04:18:08] my_main Recent Stats | t_env:     344286 | Episode:     3446
all_fires_out_mean:        0.0000	entropy_loss:              0.0141	ep_length_mean:          100.0000	episode_limit_mean:        1.0000
epsilon:                   0.0500	grad_norm:               2851.9426	loss:                    187.9189	mean_fire_level_mean:     21.0816
mi_loss:                   0.0149	q_taken_mean:             -7.2940	return_mean:             -774.7520	return_median:           -758.9000
return_std:              274.2719	target_mean:              -7.6131	td_error_abs:              5.4869	test_all_fires_out_mean:   0.0000
test_ep_length_mean:     100.0000	test_episode_limit_mean:   1.0000	test_mean_fire_level_mean: 22.4807	test_return_mean:        -114.3312
test_return_median:      -114.2000	test_return_std:          47.6848	
[INFO 04:18:50] my_main Recent Stats | t_env:     346286 | Episode:     3466
all_fires_out_mean:        0.0000	entropy_loss:              0.0141	ep_length_mean:          100.0000	episode_limit_mean:        1.0000
epsilon:                   0.0500	grad_norm:               2851.9426	loss:                    187.9189	mean_fire_level_mean:     21.0816
mi_loss:                   0.0149	q_taken_mean:             -7.2940	return_mean:             -774.7520	return_median:           -758.9000
return_std:              274.2719	target_mean:              -7.6131	td_error_abs:              5.4869	test_all_fires_out_mean:   0.0000
test_ep_length_mean:     100.0000	test_episode_limit_mean:   1.0000	test_mean_fire_level_mean: 22.4807	test_return_mean:        -114.3312
test_return_median:      -114.2000	test_return_std:          47.6848	
[INFO 04:19:32] my_main Recent Stats | t_env:     348286 | Episode:     3486
all_fires_out_mean:        0.0000	entropy_loss:              0.0141	ep_length_mean:          100.0000	episode_limit_mean:        1.0000
epsilon:                   0.0500	grad_norm:               2851.9426	loss:                    187.9189	mean_fire_level_mean:     21.0816
mi_loss:                   0.0149	q_taken_mean:             -7.2940	return_mean:             -774.7520	return_median:           -758.9000
return_std:              274.2719	target_mean:              -7.6131	td_error_abs:              5.4869	test_all_fires_out_mean:   0.0000
test_ep_length_mean:     100.0000	test_episode_limit_mean:   1.0000	test_mean_fire_level_mean: 22.4807	test_return_mean:        -114.3312
test_return_median:      -114.2000	test_return_std:          47.6848	
[INFO 04:20:15] my_main t_env: 350286 / 2050000
[INFO 04:20:15] my_main Estimated time left: 11 hours, 7 minutes, 46 seconds. Time passed: 2 hours, 15 minutes, 40 seconds
[INFO 04:20:39] my_main Recent Stats | t_env:     350286 | Episode:     3506
all_fires_out_mean:        0.0000	entropy_loss:              0.0141	ep_length_mean:          100.0000	episode_limit_mean:        1.0000
epsilon:                   0.0500	grad_norm:               2851.9426	loss:                    187.9189	mean_fire_level_mean:     20.9387
mi_loss:                   0.0149	q_taken_mean:             -7.2940	return_mean:             -764.0220	return_median:           -739.9000
return_std:              275.8545	target_mean:              -7.6131	td_error_abs:              5.4869	test_all_fires_out_mean:   0.0000
test_ep_length_mean:     100.0000	test_episode_limit_mean:   1.0000	test_mean_fire_level_mean: 22.5159	test_return_mean:        -114.3875
test_return_median:      -114.8000	test_return_std:          45.9388	
[INFO 04:21:21] my_main Recent Stats | t_env:     352286 | Episode:     3526
all_fires_out_mean:        0.0000	entropy_loss:              0.0141	ep_length_mean:          100.0000	episode_limit_mean:        1.0000
epsilon:                   0.0500	grad_norm:               2851.9426	loss:                    187.9189	mean_fire_level_mean:     20.9387
mi_loss:                   0.0149	q_taken_mean:             -7.2940	return_mean:             -764.0220	return_median:           -739.9000
return_std:              275.8545	target_mean:              -7.6131	td_error_abs:              5.4869	test_all_fires_out_mean:   0.0000
test_ep_length_mean:     100.0000	test_episode_limit_mean:   1.0000	test_mean_fire_level_mean: 22.5159	test_return_mean:        -114.3875
test_return_median:      -114.8000	test_return_std:          45.9388	
[INFO 04:22:03] my_main Recent Stats | t_env:     354286 | Episode:     3546
all_fires_out_mean:        0.0000	entropy_loss:              0.0140	ep_length_mean:          100.0000	episode_limit_mean:        1.0000
epsilon:                   0.0500	grad_norm:               2669.1099	loss:                    202.5936	mean_fire_level_mean:     20.9387
mi_loss:                   0.0152	q_taken_mean:             -7.3645	return_mean:             -764.0220	return_median:           -739.9000
return_std:              275.8545	target_mean:              -7.6787	td_error_abs:              5.5091	test_all_fires_out_mean:   0.0000
test_ep_length_mean:     100.0000	test_episode_limit_mean:   1.0000	test_mean_fire_level_mean: 22.5159	test_return_mean:        -114.3875
test_return_median:      -114.8000	test_return_std:          45.9388	
[INFO 04:22:46] my_main Recent Stats | t_env:     356286 | Episode:     3566
all_fires_out_mean:        0.0000	entropy_loss:              0.0140	ep_length_mean:          100.0000	episode_limit_mean:        1.0000
epsilon:                   0.0500	grad_norm:               2669.1099	loss:                    202.5936	mean_fire_level_mean:     20.9387
mi_loss:                   0.0152	q_taken_mean:             -7.3645	return_mean:             -764.0220	return_median:           -739.9000
return_std:              275.8545	target_mean:              -7.6787	td_error_abs:              5.5091	test_all_fires_out_mean:   0.0000
test_ep_length_mean:     100.0000	test_episode_limit_mean:   1.0000	test_mean_fire_level_mean: 22.5159	test_return_mean:        -114.3875
test_return_median:      -114.8000	test_return_std:          45.9388	
[INFO 04:23:28] my_main Recent Stats | t_env:     358286 | Episode:     3586
all_fires_out_mean:        0.0000	entropy_loss:              0.0140	ep_length_mean:          100.0000	episode_limit_mean:        1.0000
epsilon:                   0.0500	grad_norm:               2669.1099	loss:                    202.5936	mean_fire_level_mean:     20.9387
mi_loss:                   0.0152	q_taken_mean:             -7.3645	return_mean:             -764.0220	return_median:           -739.9000
return_std:              275.8545	target_mean:              -7.6787	td_error_abs:              5.5091	test_all_fires_out_mean:   0.0000
test_ep_length_mean:     100.0000	test_episode_limit_mean:   1.0000	test_mean_fire_level_mean: 22.5159	test_return_mean:        -114.3875
test_return_median:      -114.8000	test_return_std:          45.9388	
[INFO 04:23:59] my_main Updated target network
[INFO 04:24:10] my_main t_env: 360286 / 2050000
[INFO 04:24:10] my_main Estimated time left: 11 hours, 3 minutes, 6 seconds. Time passed: 2 hours, 19 minutes, 36 seconds
[INFO 04:24:34] my_main Recent Stats | t_env:     360286 | Episode:     3606
all_fires_out_mean:        0.0000	entropy_loss:              0.0140	ep_length_mean:          100.0000	episode_limit_mean:        1.0000
epsilon:                   0.0500	grad_norm:               2669.1099	loss:                    202.5936	mean_fire_level_mean:     20.9507
mi_loss:                   0.0152	q_taken_mean:             -7.3645	return_mean:             -756.9020	return_median:           -724.8000
return_std:              270.6638	target_mean:              -7.6787	td_error_abs:              5.5091	test_all_fires_out_mean:   0.0000
test_ep_length_mean:     100.0000	test_episode_limit_mean:   1.0000	test_mean_fire_level_mean: 22.5017	test_return_mean:        -115.3187
test_return_median:      -114.4000	test_return_std:          47.7413	
[INFO 04:25:17] my_main Recent Stats | t_env:     362286 | Episode:     3626
all_fires_out_mean:        0.0000	entropy_loss:              0.0140	ep_length_mean:          100.0000	episode_limit_mean:        1.0000
epsilon:                   0.0500	grad_norm:               2669.1099	loss:                    202.5936	mean_fire_level_mean:     20.9507
mi_loss:                   0.0152	q_taken_mean:             -7.3645	return_mean:             -756.9020	return_median:           -724.8000
return_std:              270.6638	target_mean:              -7.6787	td_error_abs:              5.5091	test_all_fires_out_mean:   0.0000
test_ep_length_mean:     100.0000	test_episode_limit_mean:   1.0000	test_mean_fire_level_mean: 22.5017	test_return_mean:        -115.3187
test_return_median:      -114.4000	test_return_std:          47.7413	
[INFO 04:25:58] my_main Recent Stats | t_env:     364286 | Episode:     3646
all_fires_out_mean:        0.0000	entropy_loss:              0.0136	ep_length_mean:          100.0000	episode_limit_mean:        1.0000
epsilon:                   0.0500	grad_norm:               2950.6421	loss:                    183.4497	mean_fire_level_mean:     20.9507
mi_loss:                   0.0156	q_taken_mean:             -7.5860	return_mean:             -756.9020	return_median:           -724.8000
return_std:              270.6638	target_mean:              -7.9282	td_error_abs:              5.5030	test_all_fires_out_mean:   0.0000
test_ep_length_mean:     100.0000	test_episode_limit_mean:   1.0000	test_mean_fire_level_mean: 22.5017	test_return_mean:        -115.3187
test_return_median:      -114.4000	test_return_std:          47.7413	
[INFO 04:26:41] my_main Recent Stats | t_env:     366286 | Episode:     3666
all_fires_out_mean:        0.0000	entropy_loss:              0.0136	ep_length_mean:          100.0000	episode_limit_mean:        1.0000
epsilon:                   0.0500	grad_norm:               2950.6421	loss:                    183.4497	mean_fire_level_mean:     20.9507
mi_loss:                   0.0156	q_taken_mean:             -7.5860	return_mean:             -756.9020	return_median:           -724.8000
return_std:              270.6638	target_mean:              -7.9282	td_error_abs:              5.5030	test_all_fires_out_mean:   0.0000
test_ep_length_mean:     100.0000	test_episode_limit_mean:   1.0000	test_mean_fire_level_mean: 22.5017	test_return_mean:        -115.3187
test_return_median:      -114.4000	test_return_std:          47.7413	
[INFO 04:27:24] my_main Recent Stats | t_env:     368286 | Episode:     3686
all_fires_out_mean:        0.0000	entropy_loss:              0.0136	ep_length_mean:          100.0000	episode_limit_mean:        1.0000
epsilon:                   0.0500	grad_norm:               2950.6421	loss:                    183.4497	mean_fire_level_mean:     20.9507
mi_loss:                   0.0156	q_taken_mean:             -7.5860	return_mean:             -756.9020	return_median:           -724.8000
return_std:              270.6638	target_mean:              -7.9282	td_error_abs:              5.5030	test_all_fires_out_mean:   0.0000
test_ep_length_mean:     100.0000	test_episode_limit_mean:   1.0000	test_mean_fire_level_mean: 22.5017	test_return_mean:        -115.3187
test_return_median:      -114.4000	test_return_std:          47.7413	
[INFO 04:28:06] my_main t_env: 370286 / 2050000
[INFO 04:28:06] my_main Estimated time left: 10 hours, 59 minutes, 22 seconds. Time passed: 2 hours, 23 minutes, 31 seconds
[INFO 04:28:30] my_main Recent Stats | t_env:     370286 | Episode:     3706
all_fires_out_mean:        0.0000	entropy_loss:              0.0136	ep_length_mean:          100.0000	episode_limit_mean:        1.0000
epsilon:                   0.0500	grad_norm:               2950.6421	loss:                    183.4497	mean_fire_level_mean:     20.9980
mi_loss:                   0.0156	q_taken_mean:             -7.5860	return_mean:             -758.7080	return_median:           -722.2000
return_std:              270.2963	target_mean:              -7.9282	td_error_abs:              5.5030	test_all_fires_out_mean:   0.0000
test_ep_length_mean:     100.0000	test_episode_limit_mean:   1.0000	test_mean_fire_level_mean: 22.6511	test_return_mean:        -112.0438
test_return_median:      -111.0000	test_return_std:          49.0235	
[INFO 04:29:12] my_main Recent Stats | t_env:     372286 | Episode:     3726
all_fires_out_mean:        0.0000	entropy_loss:              0.0136	ep_length_mean:          100.0000	episode_limit_mean:        1.0000
epsilon:                   0.0500	grad_norm:               2950.6421	loss:                    183.4497	mean_fire_level_mean:     20.9980
mi_loss:                   0.0156	q_taken_mean:             -7.5860	return_mean:             -758.7080	return_median:           -722.2000
return_std:              270.2963	target_mean:              -7.9282	td_error_abs:              5.5030	test_all_fires_out_mean:   0.0000
test_ep_length_mean:     100.0000	test_episode_limit_mean:   1.0000	test_mean_fire_level_mean: 22.6511	test_return_mean:        -112.0438
test_return_median:      -111.0000	test_return_std:          49.0235	
[INFO 04:29:55] my_main Recent Stats | t_env:     374286 | Episode:     3746
all_fires_out_mean:        0.0000	entropy_loss:              0.0136	ep_length_mean:          100.0000	episode_limit_mean:        1.0000
epsilon:                   0.0500	grad_norm:               2839.9153	loss:                    181.9228	mean_fire_level_mean:     20.9980
mi_loss:                   0.0158	q_taken_mean:             -7.5358	return_mean:             -758.7080	return_median:           -722.2000
return_std:              270.2963	target_mean:              -7.8583	td_error_abs:              5.3532	test_all_fires_out_mean:   0.0000
test_ep_length_mean:     100.0000	test_episode_limit_mean:   1.0000	test_mean_fire_level_mean: 22.6511	test_return_mean:        -112.0438
test_return_median:      -111.0000	test_return_std:          49.0235	
[INFO 04:30:37] my_main Recent Stats | t_env:     376286 | Episode:     3766
all_fires_out_mean:        0.0000	entropy_loss:              0.0136	ep_length_mean:          100.0000	episode_limit_mean:        1.0000
epsilon:                   0.0500	grad_norm:               2839.9153	loss:                    181.9228	mean_fire_level_mean:     20.9980
mi_loss:                   0.0158	q_taken_mean:             -7.5358	return_mean:             -758.7080	return_median:           -722.2000
return_std:              270.2963	target_mean:              -7.8583	td_error_abs:              5.3532	test_all_fires_out_mean:   0.0000
test_ep_length_mean:     100.0000	test_episode_limit_mean:   1.0000	test_mean_fire_level_mean: 22.6511	test_return_mean:        -112.0438
test_return_median:      -111.0000	test_return_std:          49.0235	
[INFO 04:31:19] my_main Recent Stats | t_env:     378286 | Episode:     3786
all_fires_out_mean:        0.0000	entropy_loss:              0.0136	ep_length_mean:          100.0000	episode_limit_mean:        1.0000
epsilon:                   0.0500	grad_norm:               2839.9153	loss:                    181.9228	mean_fire_level_mean:     20.9980
mi_loss:                   0.0158	q_taken_mean:             -7.5358	return_mean:             -758.7080	return_median:           -722.2000
return_std:              270.2963	target_mean:              -7.8583	td_error_abs:              5.3532	test_all_fires_out_mean:   0.0000
test_ep_length_mean:     100.0000	test_episode_limit_mean:   1.0000	test_mean_fire_level_mean: 22.6511	test_return_mean:        -112.0438
test_return_median:      -111.0000	test_return_std:          49.0235	
[INFO 04:31:51] my_main Updated target network
[INFO 04:32:01] my_main t_env: 380286 / 2050000
[INFO 04:32:01] my_main Estimated time left: 10 hours, 55 minutes, 5 seconds. Time passed: 2 hours, 27 minutes, 26 seconds
[INFO 04:32:25] my_main Recent Stats | t_env:     380286 | Episode:     3806
all_fires_out_mean:        0.0000	entropy_loss:              0.0136	ep_length_mean:          100.0000	episode_limit_mean:        1.0000
epsilon:                   0.0500	grad_norm:               2839.9153	loss:                    181.9228	mean_fire_level_mean:     20.9402
mi_loss:                   0.0158	q_taken_mean:             -7.5358	return_mean:             -760.1280	return_median:           -728.7000
return_std:              269.5591	target_mean:              -7.8583	td_error_abs:              5.3532	test_all_fires_out_mean:   0.0000
test_ep_length_mean:     100.0000	test_episode_limit_mean:   1.0000	test_mean_fire_level_mean: 22.5750	test_return_mean:        -112.8250
test_return_median:      -111.3000	test_return_std:          50.4326	
[INFO 04:33:07] my_main Recent Stats | t_env:     382286 | Episode:     3826
all_fires_out_mean:        0.0000	entropy_loss:              0.0136	ep_length_mean:          100.0000	episode_limit_mean:        1.0000
epsilon:                   0.0500	grad_norm:               2839.9153	loss:                    181.9228	mean_fire_level_mean:     20.9402
mi_loss:                   0.0158	q_taken_mean:             -7.5358	return_mean:             -760.1280	return_median:           -728.7000
return_std:              269.5591	target_mean:              -7.8583	td_error_abs:              5.3532	test_all_fires_out_mean:   0.0000
test_ep_length_mean:     100.0000	test_episode_limit_mean:   1.0000	test_mean_fire_level_mean: 22.5750	test_return_mean:        -112.8250
test_return_median:      -111.3000	test_return_std:          50.4326	
[INFO 04:33:50] my_main Recent Stats | t_env:     384286 | Episode:     3846
all_fires_out_mean:        0.0000	entropy_loss:              0.0135	ep_length_mean:          100.0000	episode_limit_mean:        1.0000
epsilon:                   0.0500	grad_norm:               2910.0376	loss:                    180.0761	mean_fire_level_mean:     20.9402
mi_loss:                   0.0160	q_taken_mean:             -7.7534	return_mean:             -760.1280	return_median:           -728.7000
return_std:              269.5591	target_mean:              -8.0859	td_error_abs:              5.3971	test_all_fires_out_mean:   0.0000
test_ep_length_mean:     100.0000	test_episode_limit_mean:   1.0000	test_mean_fire_level_mean: 22.5750	test_return_mean:        -112.8250
test_return_median:      -111.3000	test_return_std:          50.4326	
[INFO 04:34:32] my_main Recent Stats | t_env:     386286 | Episode:     3866
all_fires_out_mean:        0.0000	entropy_loss:              0.0135	ep_length_mean:          100.0000	episode_limit_mean:        1.0000
epsilon:                   0.0500	grad_norm:               2910.0376	loss:                    180.0761	mean_fire_level_mean:     20.9402
mi_loss:                   0.0160	q_taken_mean:             -7.7534	return_mean:             -760.1280	return_median:           -728.7000
return_std:              269.5591	target_mean:              -8.0859	td_error_abs:              5.3971	test_all_fires_out_mean:   0.0000
test_ep_length_mean:     100.0000	test_episode_limit_mean:   1.0000	test_mean_fire_level_mean: 22.5750	test_return_mean:        -112.8250
test_return_median:      -111.3000	test_return_std:          50.4326	
[INFO 04:35:14] my_main Recent Stats | t_env:     388286 | Episode:     3886
all_fires_out_mean:        0.0000	entropy_loss:              0.0135	ep_length_mean:          100.0000	episode_limit_mean:        1.0000
epsilon:                   0.0500	grad_norm:               2910.0376	loss:                    180.0761	mean_fire_level_mean:     20.9402
mi_loss:                   0.0160	q_taken_mean:             -7.7534	return_mean:             -760.1280	return_median:           -728.7000
return_std:              269.5591	target_mean:              -8.0859	td_error_abs:              5.3971	test_all_fires_out_mean:   0.0000
test_ep_length_mean:     100.0000	test_episode_limit_mean:   1.0000	test_mean_fire_level_mean: 22.5750	test_return_mean:        -112.8250
test_return_median:      -111.3000	test_return_std:          50.4326	
[INFO 04:35:57] my_main t_env: 390286 / 2050000
[INFO 04:35:57] my_main Estimated time left: 10 hours, 51 minutes, 42 seconds. Time passed: 2 hours, 31 minutes, 22 seconds
[INFO 04:36:17] my_main Recent Stats | t_env:     390286 | Episode:     3906
all_fires_out_mean:        0.0000	entropy_loss:              0.0135	ep_length_mean:          100.0000	episode_limit_mean:        1.0000
epsilon:                   0.0500	grad_norm:               2910.0376	loss:                    180.0761	mean_fire_level_mean:     20.9742
mi_loss:                   0.0160	q_taken_mean:             -7.7534	return_mean:             -765.3180	return_median:           -730.3000
return_std:              281.5985	target_mean:              -8.0859	td_error_abs:              5.3971	test_all_fires_out_mean:   0.0000
test_ep_length_mean:     100.0000	test_episode_limit_mean:   1.0000	test_mean_fire_level_mean: 22.6006	test_return_mean:        -109.3312
test_return_median:      -108.8000	test_return_std:          48.7289	
[INFO 04:36:59] my_main Recent Stats | t_env:     392286 | Episode:     3926
all_fires_out_mean:        0.0000	entropy_loss:              0.0135	ep_length_mean:          100.0000	episode_limit_mean:        1.0000
epsilon:                   0.0500	grad_norm:               2910.0376	loss:                    180.0761	mean_fire_level_mean:     20.9742
mi_loss:                   0.0160	q_taken_mean:             -7.7534	return_mean:             -765.3180	return_median:           -730.3000
return_std:              281.5985	target_mean:              -8.0859	td_error_abs:              5.3971	test_all_fires_out_mean:   0.0000
test_ep_length_mean:     100.0000	test_episode_limit_mean:   1.0000	test_mean_fire_level_mean: 22.6006	test_return_mean:        -109.3312
test_return_median:      -108.8000	test_return_std:          48.7289	
[INFO 04:37:40] my_main Recent Stats | t_env:     394286 | Episode:     3946
all_fires_out_mean:        0.0000	entropy_loss:              0.0132	ep_length_mean:          100.0000	episode_limit_mean:        1.0000
epsilon:                   0.0500	grad_norm:               2594.1790	loss:                    179.7921	mean_fire_level_mean:     20.9742
mi_loss:                   0.0162	q_taken_mean:             -7.6100	return_mean:             -765.3180	return_median:           -730.3000
return_std:              281.5985	target_mean:              -7.9184	td_error_abs:              5.1262	test_all_fires_out_mean:   0.0000
test_ep_length_mean:     100.0000	test_episode_limit_mean:   1.0000	test_mean_fire_level_mean: 22.6006	test_return_mean:        -109.3312
test_return_median:      -108.8000	test_return_std:          48.7289	
[INFO 04:38:22] my_main Recent Stats | t_env:     396286 | Episode:     3966
all_fires_out_mean:        0.0000	entropy_loss:              0.0132	ep_length_mean:          100.0000	episode_limit_mean:        1.0000
epsilon:                   0.0500	grad_norm:               2594.1790	loss:                    179.7921	mean_fire_level_mean:     20.9742
mi_loss:                   0.0162	q_taken_mean:             -7.6100	return_mean:             -765.3180	return_median:           -730.3000
return_std:              281.5985	target_mean:              -7.9184	td_error_abs:              5.1262	test_all_fires_out_mean:   0.0000
test_ep_length_mean:     100.0000	test_episode_limit_mean:   1.0000	test_mean_fire_level_mean: 22.6006	test_return_mean:        -109.3312
test_return_median:      -108.8000	test_return_std:          48.7289	
[INFO 04:39:05] my_main Recent Stats | t_env:     398286 | Episode:     3986
all_fires_out_mean:        0.0000	entropy_loss:              0.0132	ep_length_mean:          100.0000	episode_limit_mean:        1.0000
epsilon:                   0.0500	grad_norm:               2594.1790	loss:                    179.7921	mean_fire_level_mean:     20.9742
mi_loss:                   0.0162	q_taken_mean:             -7.6100	return_mean:             -765.3180	return_median:           -730.3000
return_std:              281.5985	target_mean:              -7.9184	td_error_abs:              5.1262	test_all_fires_out_mean:   0.0000
test_ep_length_mean:     100.0000	test_episode_limit_mean:   1.0000	test_mean_fire_level_mean: 22.6006	test_return_mean:        -109.3312
test_return_median:      -108.8000	test_return_std:          48.7289	
[INFO 04:39:37] my_main Updated target network
[INFO 04:39:47] my_main t_env: 400286 / 2050000
[INFO 04:39:47] my_main Estimated time left: 10 hours, 33 minutes, 50 seconds. Time passed: 2 hours, 35 minutes, 13 seconds
[INFO 04:40:11] my_main Recent Stats | t_env:     400286 | Episode:     4006
all_fires_out_mean:        0.0000	entropy_loss:              0.0132	ep_length_mean:          100.0000	episode_limit_mean:        1.0000
epsilon:                   0.0500	grad_norm:               2594.1790	loss:                    179.7921	mean_fire_level_mean:     21.2387
mi_loss:                   0.0162	q_taken_mean:             -7.6100	return_mean:             -765.2960	return_median:           -732.4000
return_std:              288.7197	target_mean:              -7.9184	td_error_abs:              5.1262	test_all_fires_out_mean:   0.0000
test_ep_length_mean:     100.0000	test_episode_limit_mean:   1.0000	test_mean_fire_level_mean: 22.5903	test_return_mean:        -105.7750
test_return_median:      -104.0000	test_return_std:          49.4709	
[INFO 04:40:53] my_main Recent Stats | t_env:     402286 | Episode:     4026
all_fires_out_mean:        0.0000	entropy_loss:              0.0132	ep_length_mean:          100.0000	episode_limit_mean:        1.0000
epsilon:                   0.0500	grad_norm:               2594.1790	loss:                    179.7921	mean_fire_level_mean:     21.2387
mi_loss:                   0.0162	q_taken_mean:             -7.6100	return_mean:             -765.2960	return_median:           -732.4000
return_std:              288.7197	target_mean:              -7.9184	td_error_abs:              5.1262	test_all_fires_out_mean:   0.0000
test_ep_length_mean:     100.0000	test_episode_limit_mean:   1.0000	test_mean_fire_level_mean: 22.5903	test_return_mean:        -105.7750
test_return_median:      -104.0000	test_return_std:          49.4709	
[INFO 04:41:35] my_main Recent Stats | t_env:     404286 | Episode:     4046
all_fires_out_mean:        0.0000	entropy_loss:              0.0129	ep_length_mean:          100.0000	episode_limit_mean:        1.0000
epsilon:                   0.0500	grad_norm:               2660.5532	loss:                    136.1683	mean_fire_level_mean:     21.2387
mi_loss:                   0.0165	q_taken_mean:             -7.8700	return_mean:             -765.2960	return_median:           -732.4000
return_std:              288.7197	target_mean:              -8.1720	td_error_abs:              4.6626	test_all_fires_out_mean:   0.0000
test_ep_length_mean:     100.0000	test_episode_limit_mean:   1.0000	test_mean_fire_level_mean: 22.5903	test_return_mean:        -105.7750
test_return_median:      -104.0000	test_return_std:          49.4709	
[INFO 04:42:17] my_main Recent Stats | t_env:     406286 | Episode:     4066
all_fires_out_mean:        0.0000	entropy_loss:              0.0129	ep_length_mean:          100.0000	episode_limit_mean:        1.0000
epsilon:                   0.0500	grad_norm:               2660.5532	loss:                    136.1683	mean_fire_level_mean:     21.2387
mi_loss:                   0.0165	q_taken_mean:             -7.8700	return_mean:             -765.2960	return_median:           -732.4000
return_std:              288.7197	target_mean:              -8.1720	td_error_abs:              4.6626	test_all_fires_out_mean:   0.0000
test_ep_length_mean:     100.0000	test_episode_limit_mean:   1.0000	test_mean_fire_level_mean: 22.5903	test_return_mean:        -105.7750
test_return_median:      -104.0000	test_return_std:          49.4709	
[INFO 04:43:00] my_main Recent Stats | t_env:     408286 | Episode:     4086
all_fires_out_mean:        0.0000	entropy_loss:              0.0129	ep_length_mean:          100.0000	episode_limit_mean:        1.0000
epsilon:                   0.0500	grad_norm:               2660.5532	loss:                    136.1683	mean_fire_level_mean:     21.2387
mi_loss:                   0.0165	q_taken_mean:             -7.8700	return_mean:             -765.2960	return_median:           -732.4000
return_std:              288.7197	target_mean:              -8.1720	td_error_abs:              4.6626	test_all_fires_out_mean:   0.0000
test_ep_length_mean:     100.0000	test_episode_limit_mean:   1.0000	test_mean_fire_level_mean: 22.5903	test_return_mean:        -105.7750
test_return_median:      -104.0000	test_return_std:          49.4709	
[INFO 04:43:42] my_main t_env: 410286 / 2050000
[INFO 04:43:42] my_main Estimated time left: 10 hours, 42 minutes, 44 seconds. Time passed: 2 hours, 39 minutes, 8 seconds
[INFO 04:44:06] my_main Recent Stats | t_env:     410286 | Episode:     4106
all_fires_out_mean:        0.0000	entropy_loss:              0.0129	ep_length_mean:          100.0000	episode_limit_mean:        1.0000
epsilon:                   0.0500	grad_norm:               2660.5532	loss:                    136.1683	mean_fire_level_mean:     21.2131
mi_loss:                   0.0165	q_taken_mean:             -7.8700	return_mean:             -764.6540	return_median:           -730.5000
return_std:              295.0859	target_mean:              -8.1720	td_error_abs:              4.6626	test_all_fires_out_mean:   0.0000
test_ep_length_mean:     100.0000	test_episode_limit_mean:   1.0000	test_mean_fire_level_mean: 22.6807	test_return_mean:        -102.2500
test_return_median:      -101.7000	test_return_std:          46.9457	
[INFO 04:44:48] my_main Recent Stats | t_env:     412286 | Episode:     4126
all_fires_out_mean:        0.0000	entropy_loss:              0.0129	ep_length_mean:          100.0000	episode_limit_mean:        1.0000
epsilon:                   0.0500	grad_norm:               2660.5532	loss:                    136.1683	mean_fire_level_mean:     21.2131
mi_loss:                   0.0165	q_taken_mean:             -7.8700	return_mean:             -764.6540	return_median:           -730.5000
return_std:              295.0859	target_mean:              -8.1720	td_error_abs:              4.6626	test_all_fires_out_mean:   0.0000
test_ep_length_mean:     100.0000	test_episode_limit_mean:   1.0000	test_mean_fire_level_mean: 22.6807	test_return_mean:        -102.2500
test_return_median:      -101.7000	test_return_std:          46.9457	
[INFO 04:45:31] my_main Recent Stats | t_env:     414286 | Episode:     4146
all_fires_out_mean:        0.0000	entropy_loss:              0.0128	ep_length_mean:          100.0000	episode_limit_mean:        1.0000
epsilon:                   0.0500	grad_norm:               2426.1416	loss:                    129.2195	mean_fire_level_mean:     21.2131
mi_loss:                   0.0167	q_taken_mean:             -7.9162	return_mean:             -764.6540	return_median:           -730.5000
return_std:              295.0859	target_mean:              -8.1961	td_error_abs:              4.4742	test_all_fires_out_mean:   0.0000
test_ep_length_mean:     100.0000	test_episode_limit_mean:   1.0000	test_mean_fire_level_mean: 22.6807	test_return_mean:        -102.2500
test_return_median:      -101.7000	test_return_std:          46.9457	
[INFO 04:46:13] my_main Recent Stats | t_env:     416286 | Episode:     4166
all_fires_out_mean:        0.0000	entropy_loss:              0.0128	ep_length_mean:          100.0000	episode_limit_mean:        1.0000
epsilon:                   0.0500	grad_norm:               2426.1416	loss:                    129.2195	mean_fire_level_mean:     21.2131
mi_loss:                   0.0167	q_taken_mean:             -7.9162	return_mean:             -764.6540	return_median:           -730.5000
return_std:              295.0859	target_mean:              -8.1961	td_error_abs:              4.4742	test_all_fires_out_mean:   0.0000
test_ep_length_mean:     100.0000	test_episode_limit_mean:   1.0000	test_mean_fire_level_mean: 22.6807	test_return_mean:        -102.2500
test_return_median:      -101.7000	test_return_std:          46.9457	
[INFO 04:46:56] my_main Recent Stats | t_env:     418286 | Episode:     4186
all_fires_out_mean:        0.0000	entropy_loss:              0.0128	ep_length_mean:          100.0000	episode_limit_mean:        1.0000
epsilon:                   0.0500	grad_norm:               2426.1416	loss:                    129.2195	mean_fire_level_mean:     21.2131
mi_loss:                   0.0167	q_taken_mean:             -7.9162	return_mean:             -764.6540	return_median:           -730.5000
return_std:              295.0859	target_mean:              -8.1961	td_error_abs:              4.4742	test_all_fires_out_mean:   0.0000
test_ep_length_mean:     100.0000	test_episode_limit_mean:   1.0000	test_mean_fire_level_mean: 22.6807	test_return_mean:        -102.2500
test_return_median:      -101.7000	test_return_std:          46.9457	
[INFO 04:47:27] my_main Updated target network
[INFO 04:47:38] my_main t_env: 420286 / 2050000
[INFO 04:47:38] my_main Estimated time left: 10 hours, 39 minutes, 5 seconds. Time passed: 2 hours, 43 minutes, 3 seconds
[INFO 04:48:02] my_main Recent Stats | t_env:     420286 | Episode:     4206
all_fires_out_mean:        0.0000	entropy_loss:              0.0128	ep_length_mean:          100.0000	episode_limit_mean:        1.0000
epsilon:                   0.0500	grad_norm:               2426.1416	loss:                    129.2195	mean_fire_level_mean:     21.2825
mi_loss:                   0.0167	q_taken_mean:             -7.9162	return_mean:             -764.8740	return_median:           -740.5000
return_std:              294.2933	target_mean:              -8.1961	td_error_abs:              4.4742	test_all_fires_out_mean:   0.0000
test_ep_length_mean:     100.0000	test_episode_limit_mean:   1.0000	test_mean_fire_level_mean: 22.3824	test_return_mean:        -104.8937
test_return_median:      -105.6000	test_return_std:          44.6102	
[INFO 04:48:44] my_main Recent Stats | t_env:     422286 | Episode:     4226
all_fires_out_mean:        0.0000	entropy_loss:              0.0128	ep_length_mean:          100.0000	episode_limit_mean:        1.0000
epsilon:                   0.0500	grad_norm:               2426.1416	loss:                    129.2195	mean_fire_level_mean:     21.2825
mi_loss:                   0.0167	q_taken_mean:             -7.9162	return_mean:             -764.8740	return_median:           -740.5000
return_std:              294.2933	target_mean:              -8.1961	td_error_abs:              4.4742	test_all_fires_out_mean:   0.0000
test_ep_length_mean:     100.0000	test_episode_limit_mean:   1.0000	test_mean_fire_level_mean: 22.3824	test_return_mean:        -104.8937
test_return_median:      -105.6000	test_return_std:          44.6102	
[INFO 04:49:27] my_main Recent Stats | t_env:     424286 | Episode:     4246
all_fires_out_mean:        0.0000	entropy_loss:              0.0126	ep_length_mean:          100.0000	episode_limit_mean:        1.0000
epsilon:                   0.0500	grad_norm:               2371.5820	loss:                    129.8971	mean_fire_level_mean:     21.2825
mi_loss:                   0.0170	q_taken_mean:             -7.8911	return_mean:             -764.8740	return_median:           -740.5000
return_std:              294.2933	target_mean:              -8.1913	td_error_abs:              4.5904	test_all_fires_out_mean:   0.0000
test_ep_length_mean:     100.0000	test_episode_limit_mean:   1.0000	test_mean_fire_level_mean: 22.3824	test_return_mean:        -104.8937
test_return_median:      -105.6000	test_return_std:          44.6102	
[INFO 04:50:09] my_main Recent Stats | t_env:     426286 | Episode:     4266
all_fires_out_mean:        0.0000	entropy_loss:              0.0126	ep_length_mean:          100.0000	episode_limit_mean:        1.0000
epsilon:                   0.0500	grad_norm:               2371.5820	loss:                    129.8971	mean_fire_level_mean:     21.2825
mi_loss:                   0.0170	q_taken_mean:             -7.8911	return_mean:             -764.8740	return_median:           -740.5000
return_std:              294.2933	target_mean:              -8.1913	td_error_abs:              4.5904	test_all_fires_out_mean:   0.0000
test_ep_length_mean:     100.0000	test_episode_limit_mean:   1.0000	test_mean_fire_level_mean: 22.3824	test_return_mean:        -104.8937
test_return_median:      -105.6000	test_return_std:          44.6102	
[INFO 04:50:52] my_main Recent Stats | t_env:     428286 | Episode:     4286
all_fires_out_mean:        0.0000	entropy_loss:              0.0126	ep_length_mean:          100.0000	episode_limit_mean:        1.0000
epsilon:                   0.0500	grad_norm:               2371.5820	loss:                    129.8971	mean_fire_level_mean:     21.2825
mi_loss:                   0.0170	q_taken_mean:             -7.8911	return_mean:             -764.8740	return_median:           -740.5000
return_std:              294.2933	target_mean:              -8.1913	td_error_abs:              4.5904	test_all_fires_out_mean:   0.0000
test_ep_length_mean:     100.0000	test_episode_limit_mean:   1.0000	test_mean_fire_level_mean: 22.3824	test_return_mean:        -104.8937
test_return_median:      -105.6000	test_return_std:          44.6102	
[INFO 04:51:33] my_main t_env: 430286 / 2050000
[INFO 04:51:33] my_main Estimated time left: 10 hours, 35 minutes, 28 seconds. Time passed: 2 hours, 46 minutes, 59 seconds
[INFO 04:51:58] my_main Recent Stats | t_env:     430286 | Episode:     4306
all_fires_out_mean:        0.0000	entropy_loss:              0.0126	ep_length_mean:          100.0000	episode_limit_mean:        1.0000
epsilon:                   0.0500	grad_norm:               2371.5820	loss:                    129.8971	mean_fire_level_mean:     21.2980
mi_loss:                   0.0170	q_taken_mean:             -7.8911	return_mean:             -762.5360	return_median:           -736.4000
return_std:              299.5857	target_mean:              -8.1913	td_error_abs:              4.5904	test_all_fires_out_mean:   0.0000
test_ep_length_mean:     100.0000	test_episode_limit_mean:   1.0000	test_mean_fire_level_mean: 22.4358	test_return_mean:        -102.3875
test_return_median:      -101.8000	test_return_std:          43.6459	
[INFO 04:52:39] my_main Recent Stats | t_env:     432286 | Episode:     4326
all_fires_out_mean:        0.0000	entropy_loss:              0.0126	ep_length_mean:          100.0000	episode_limit_mean:        1.0000
epsilon:                   0.0500	grad_norm:               2371.5820	loss:                    129.8971	mean_fire_level_mean:     21.2980
mi_loss:                   0.0170	q_taken_mean:             -7.8911	return_mean:             -762.5360	return_median:           -736.4000
return_std:              299.5857	target_mean:              -8.1913	td_error_abs:              4.5904	test_all_fires_out_mean:   0.0000
test_ep_length_mean:     100.0000	test_episode_limit_mean:   1.0000	test_mean_fire_level_mean: 22.4358	test_return_mean:        -102.3875
test_return_median:      -101.8000	test_return_std:          43.6459	
[INFO 04:53:22] my_main Recent Stats | t_env:     434286 | Episode:     4346
all_fires_out_mean:        0.0000	entropy_loss:              0.0123	ep_length_mean:          100.0000	episode_limit_mean:        1.0000
epsilon:                   0.0500	grad_norm:               2180.0127	loss:                    121.0328	mean_fire_level_mean:     21.2980
mi_loss:                   0.0173	q_taken_mean:             -7.7744	return_mean:             -762.5360	return_median:           -736.4000
return_std:              299.5857	target_mean:              -8.0510	td_error_abs:              4.3578	test_all_fires_out_mean:   0.0000
test_ep_length_mean:     100.0000	test_episode_limit_mean:   1.0000	test_mean_fire_level_mean: 22.4358	test_return_mean:        -102.3875
test_return_median:      -101.8000	test_return_std:          43.6459	
[INFO 04:54:05] my_main Recent Stats | t_env:     436286 | Episode:     4366
all_fires_out_mean:        0.0000	entropy_loss:              0.0123	ep_length_mean:          100.0000	episode_limit_mean:        1.0000
epsilon:                   0.0500	grad_norm:               2180.0127	loss:                    121.0328	mean_fire_level_mean:     21.2980
mi_loss:                   0.0173	q_taken_mean:             -7.7744	return_mean:             -762.5360	return_median:           -736.4000
return_std:              299.5857	target_mean:              -8.0510	td_error_abs:              4.3578	test_all_fires_out_mean:   0.0000
test_ep_length_mean:     100.0000	test_episode_limit_mean:   1.0000	test_mean_fire_level_mean: 22.4358	test_return_mean:        -102.3875
test_return_median:      -101.8000	test_return_std:          43.6459	
[INFO 04:54:47] my_main Recent Stats | t_env:     438286 | Episode:     4386
all_fires_out_mean:        0.0000	entropy_loss:              0.0123	ep_length_mean:          100.0000	episode_limit_mean:        1.0000
epsilon:                   0.0500	grad_norm:               2180.0127	loss:                    121.0328	mean_fire_level_mean:     21.2980
mi_loss:                   0.0173	q_taken_mean:             -7.7744	return_mean:             -762.5360	return_median:           -736.4000
return_std:              299.5857	target_mean:              -8.0510	td_error_abs:              4.3578	test_all_fires_out_mean:   0.0000
test_ep_length_mean:     100.0000	test_episode_limit_mean:   1.0000	test_mean_fire_level_mean: 22.4358	test_return_mean:        -102.3875
test_return_median:      -101.8000	test_return_std:          43.6459	
[INFO 04:55:19] my_main Updated target network
[INFO 04:55:29] my_main t_env: 440286 / 2050000
[INFO 04:55:29] my_main Estimated time left: 10 hours, 33 minutes, 22 seconds. Time passed: 2 hours, 50 minutes, 55 seconds
[INFO 04:55:53] my_main Recent Stats | t_env:     440286 | Episode:     4406
all_fires_out_mean:        0.0000	entropy_loss:              0.0123	ep_length_mean:          100.0000	episode_limit_mean:        1.0000
epsilon:                   0.0500	grad_norm:               2180.0127	loss:                    121.0328	mean_fire_level_mean:     21.2695
mi_loss:                   0.0173	q_taken_mean:             -7.7744	return_mean:             -751.2440	return_median:           -723.6000
return_std:              286.9822	target_mean:              -8.0510	td_error_abs:              4.3578	test_all_fires_out_mean:   0.0000
test_ep_length_mean:     100.0000	test_episode_limit_mean:   1.0000	test_mean_fire_level_mean: 22.4699	test_return_mean:        -105.1063
test_return_median:      -103.3000	test_return_std:          42.6677	
[INFO 04:56:35] my_main Recent Stats | t_env:     442286 | Episode:     4426
all_fires_out_mean:        0.0000	entropy_loss:              0.0123	ep_length_mean:          100.0000	episode_limit_mean:        1.0000
epsilon:                   0.0500	grad_norm:               2180.0127	loss:                    121.0328	mean_fire_level_mean:     21.2695
mi_loss:                   0.0173	q_taken_mean:             -7.7744	return_mean:             -751.2440	return_median:           -723.6000
return_std:              286.9822	target_mean:              -8.0510	td_error_abs:              4.3578	test_all_fires_out_mean:   0.0000
test_ep_length_mean:     100.0000	test_episode_limit_mean:   1.0000	test_mean_fire_level_mean: 22.4699	test_return_mean:        -105.1063
test_return_median:      -103.3000	test_return_std:          42.6677	
[INFO 04:57:17] my_main Recent Stats | t_env:     444286 | Episode:     4446
all_fires_out_mean:        0.0000	entropy_loss:              0.0121	ep_length_mean:          100.0000	episode_limit_mean:        1.0000
epsilon:                   0.0500	grad_norm:               2445.9165	loss:                     96.5765	mean_fire_level_mean:     21.2695
mi_loss:                   0.0176	q_taken_mean:             -8.0885	return_mean:             -751.2440	return_median:           -723.6000
return_std:              286.9822	target_mean:              -8.3992	td_error_abs:              4.4093	test_all_fires_out_mean:   0.0000
test_ep_length_mean:     100.0000	test_episode_limit_mean:   1.0000	test_mean_fire_level_mean: 22.4699	test_return_mean:        -105.1063
test_return_median:      -103.3000	test_return_std:          42.6677	
[INFO 04:58:00] my_main Recent Stats | t_env:     446286 | Episode:     4466
all_fires_out_mean:        0.0000	entropy_loss:              0.0121	ep_length_mean:          100.0000	episode_limit_mean:        1.0000
epsilon:                   0.0500	grad_norm:               2445.9165	loss:                     96.5765	mean_fire_level_mean:     21.2695
mi_loss:                   0.0176	q_taken_mean:             -8.0885	return_mean:             -751.2440	return_median:           -723.6000
return_std:              286.9822	target_mean:              -8.3992	td_error_abs:              4.4093	test_all_fires_out_mean:   0.0000
test_ep_length_mean:     100.0000	test_episode_limit_mean:   1.0000	test_mean_fire_level_mean: 22.4699	test_return_mean:        -105.1063
test_return_median:      -103.3000	test_return_std:          42.6677	
[INFO 04:58:42] my_main Recent Stats | t_env:     448286 | Episode:     4486
all_fires_out_mean:        0.0000	entropy_loss:              0.0121	ep_length_mean:          100.0000	episode_limit_mean:        1.0000
epsilon:                   0.0500	grad_norm:               2445.9165	loss:                     96.5765	mean_fire_level_mean:     21.2695
mi_loss:                   0.0176	q_taken_mean:             -8.0885	return_mean:             -751.2440	return_median:           -723.6000
return_std:              286.9822	target_mean:              -8.3992	td_error_abs:              4.4093	test_all_fires_out_mean:   0.0000
test_ep_length_mean:     100.0000	test_episode_limit_mean:   1.0000	test_mean_fire_level_mean: 22.4699	test_return_mean:        -105.1063
test_return_median:      -103.3000	test_return_std:          42.6677	
[INFO 04:59:24] my_main t_env: 450286 / 2050000
[INFO 04:59:24] my_main Estimated time left: 10 hours, 25 minutes, 28 seconds. Time passed: 2 hours, 54 minutes, 49 seconds
[INFO 04:59:48] my_main Recent Stats | t_env:     450286 | Episode:     4506
all_fires_out_mean:        0.0000	entropy_loss:              0.0121	ep_length_mean:          100.0000	episode_limit_mean:        1.0000
epsilon:                   0.0500	grad_norm:               2445.9165	loss:                     96.5765	mean_fire_level_mean:     21.1444
mi_loss:                   0.0176	q_taken_mean:             -8.0885	return_mean:             -752.2480	return_median:           -728.2000
return_std:              277.4208	target_mean:              -8.3992	td_error_abs:              4.4093	test_all_fires_out_mean:   0.0000
test_ep_length_mean:     100.0000	test_episode_limit_mean:   1.0000	test_mean_fire_level_mean: 22.3506	test_return_mean:        -106.1500
test_return_median:      -104.0000	test_return_std:          42.1275	
[INFO 05:00:30] my_main Recent Stats | t_env:     452286 | Episode:     4526
all_fires_out_mean:        0.0000	entropy_loss:              0.0121	ep_length_mean:          100.0000	episode_limit_mean:        1.0000
epsilon:                   0.0500	grad_norm:               2445.9165	loss:                     96.5765	mean_fire_level_mean:     21.1444
mi_loss:                   0.0176	q_taken_mean:             -8.0885	return_mean:             -752.2480	return_median:           -728.2000
return_std:              277.4208	target_mean:              -8.3992	td_error_abs:              4.4093	test_all_fires_out_mean:   0.0000
test_ep_length_mean:     100.0000	test_episode_limit_mean:   1.0000	test_mean_fire_level_mean: 22.3506	test_return_mean:        -106.1500
test_return_median:      -104.0000	test_return_std:          42.1275	
[INFO 05:01:12] my_main Recent Stats | t_env:     454286 | Episode:     4546
all_fires_out_mean:        0.0000	entropy_loss:              0.0122	ep_length_mean:          100.0000	episode_limit_mean:        1.0000
epsilon:                   0.0500	grad_norm:               2192.2815	loss:                    112.7074	mean_fire_level_mean:     21.1444
mi_loss:                   0.0178	q_taken_mean:             -8.2085	return_mean:             -752.2480	return_median:           -728.2000
return_std:              277.4208	target_mean:              -8.4935	td_error_abs:              4.4579	test_all_fires_out_mean:   0.0000
test_ep_length_mean:     100.0000	test_episode_limit_mean:   1.0000	test_mean_fire_level_mean: 22.3506	test_return_mean:        -106.1500
test_return_median:      -104.0000	test_return_std:          42.1275	
[INFO 05:01:55] my_main Recent Stats | t_env:     456286 | Episode:     4566
all_fires_out_mean:        0.0000	entropy_loss:              0.0122	ep_length_mean:          100.0000	episode_limit_mean:        1.0000
epsilon:                   0.0500	grad_norm:               2192.2815	loss:                    112.7074	mean_fire_level_mean:     21.1444
mi_loss:                   0.0178	q_taken_mean:             -8.2085	return_mean:             -752.2480	return_median:           -728.2000
return_std:              277.4208	target_mean:              -8.4935	td_error_abs:              4.4579	test_all_fires_out_mean:   0.0000
test_ep_length_mean:     100.0000	test_episode_limit_mean:   1.0000	test_mean_fire_level_mean: 22.3506	test_return_mean:        -106.1500
test_return_median:      -104.0000	test_return_std:          42.1275	
[INFO 05:02:37] my_main Recent Stats | t_env:     458286 | Episode:     4586
all_fires_out_mean:        0.0000	entropy_loss:              0.0122	ep_length_mean:          100.0000	episode_limit_mean:        1.0000
epsilon:                   0.0500	grad_norm:               2192.2815	loss:                    112.7074	mean_fire_level_mean:     21.1444
mi_loss:                   0.0178	q_taken_mean:             -8.2085	return_mean:             -752.2480	return_median:           -728.2000
return_std:              277.4208	target_mean:              -8.4935	td_error_abs:              4.4579	test_all_fires_out_mean:   0.0000
test_ep_length_mean:     100.0000	test_episode_limit_mean:   1.0000	test_mean_fire_level_mean: 22.3506	test_return_mean:        -106.1500
test_return_median:      -104.0000	test_return_std:          42.1275	
[INFO 05:03:10] my_main Updated target network
[INFO 05:03:20] my_main t_env: 460286 / 2050000
[INFO 05:03:20] my_main Estimated time left: 10 hours, 26 minutes, 40 seconds. Time passed: 2 hours, 58 minutes, 46 seconds
[INFO 05:03:45] my_main Recent Stats | t_env:     460286 | Episode:     4606
all_fires_out_mean:        0.0000	entropy_loss:              0.0122	ep_length_mean:          100.0000	episode_limit_mean:        1.0000
epsilon:                   0.0500	grad_norm:               2192.2815	loss:                    112.7074	mean_fire_level_mean:     21.0671
mi_loss:                   0.0178	q_taken_mean:             -8.2085	return_mean:             -752.1960	return_median:           -722.5000
return_std:              281.6469	target_mean:              -8.4935	td_error_abs:              4.4579	test_all_fires_out_mean:   0.0000
test_ep_length_mean:     100.0000	test_episode_limit_mean:   1.0000	test_mean_fire_level_mean: 22.2824	test_return_mean:        -104.9062
test_return_median:      -100.9000	test_return_std:          41.8099	
[INFO 05:04:27] my_main Recent Stats | t_env:     462286 | Episode:     4626
all_fires_out_mean:        0.0000	entropy_loss:              0.0122	ep_length_mean:          100.0000	episode_limit_mean:        1.0000
epsilon:                   0.0500	grad_norm:               2192.2815	loss:                    112.7074	mean_fire_level_mean:     21.0671
mi_loss:                   0.0178	q_taken_mean:             -8.2085	return_mean:             -752.1960	return_median:           -722.5000
return_std:              281.6469	target_mean:              -8.4935	td_error_abs:              4.4579	test_all_fires_out_mean:   0.0000
test_ep_length_mean:     100.0000	test_episode_limit_mean:   1.0000	test_mean_fire_level_mean: 22.2824	test_return_mean:        -104.9062
test_return_median:      -100.9000	test_return_std:          41.8099	
[INFO 05:05:10] my_main Recent Stats | t_env:     464286 | Episode:     4646
all_fires_out_mean:        0.0000	entropy_loss:              0.0120	ep_length_mean:          100.0000	episode_limit_mean:        1.0000
epsilon:                   0.0500	grad_norm:               1975.4534	loss:                    114.0043	mean_fire_level_mean:     21.0671
mi_loss:                   0.0181	q_taken_mean:             -8.1866	return_mean:             -752.1960	return_median:           -722.5000
return_std:              281.6469	target_mean:              -8.4553	td_error_abs:              4.3532	test_all_fires_out_mean:   0.0000
test_ep_length_mean:     100.0000	test_episode_limit_mean:   1.0000	test_mean_fire_level_mean: 22.2824	test_return_mean:        -104.9062
test_return_median:      -100.9000	test_return_std:          41.8099	
[INFO 05:05:52] my_main Recent Stats | t_env:     466286 | Episode:     4666
all_fires_out_mean:        0.0000	entropy_loss:              0.0120	ep_length_mean:          100.0000	episode_limit_mean:        1.0000
epsilon:                   0.0500	grad_norm:               1975.4534	loss:                    114.0043	mean_fire_level_mean:     21.0671
mi_loss:                   0.0181	q_taken_mean:             -8.1866	return_mean:             -752.1960	return_median:           -722.5000
return_std:              281.6469	target_mean:              -8.4553	td_error_abs:              4.3532	test_all_fires_out_mean:   0.0000
test_ep_length_mean:     100.0000	test_episode_limit_mean:   1.0000	test_mean_fire_level_mean: 22.2824	test_return_mean:        -104.9062
test_return_median:      -100.9000	test_return_std:          41.8099	
[INFO 05:06:31] my_main Recent Stats | t_env:     468286 | Episode:     4686
all_fires_out_mean:        0.0000	entropy_loss:              0.0120	ep_length_mean:          100.0000	episode_limit_mean:        1.0000
epsilon:                   0.0500	grad_norm:               1975.4534	loss:                    114.0043	mean_fire_level_mean:     21.0671
mi_loss:                   0.0181	q_taken_mean:             -8.1866	return_mean:             -752.1960	return_median:           -722.5000
return_std:              281.6469	target_mean:              -8.4553	td_error_abs:              4.3532	test_all_fires_out_mean:   0.0000
test_ep_length_mean:     100.0000	test_episode_limit_mean:   1.0000	test_mean_fire_level_mean: 22.2824	test_return_mean:        -104.9062
test_return_median:      -100.9000	test_return_std:          41.8099	
[INFO 05:07:13] my_main t_env: 470286 / 2050000
[INFO 05:07:13] my_main Estimated time left: 10 hours, 14 minutes, 0 seconds. Time passed: 3 hours, 2 minutes, 39 seconds
[INFO 05:07:38] my_main Recent Stats | t_env:     470286 | Episode:     4706
all_fires_out_mean:        0.0000	entropy_loss:              0.0120	ep_length_mean:          100.0000	episode_limit_mean:        1.0000
epsilon:                   0.0500	grad_norm:               1975.4534	loss:                    114.0043	mean_fire_level_mean:     21.0527
mi_loss:                   0.0181	q_taken_mean:             -8.1866	return_mean:             -757.5060	return_median:           -722.3000
return_std:              278.3957	target_mean:              -8.4553	td_error_abs:              4.3532	test_all_fires_out_mean:   0.0000
test_ep_length_mean:     100.0000	test_episode_limit_mean:   1.0000	test_mean_fire_level_mean: 22.5318	test_return_mean:        -103.2375
test_return_median:      -97.9000	test_return_std:          44.3918	
[INFO 05:08:20] my_main Recent Stats | t_env:     472286 | Episode:     4726
all_fires_out_mean:        0.0000	entropy_loss:              0.0120	ep_length_mean:          100.0000	episode_limit_mean:        1.0000
epsilon:                   0.0500	grad_norm:               1975.4534	loss:                    114.0043	mean_fire_level_mean:     21.0527
mi_loss:                   0.0181	q_taken_mean:             -8.1866	return_mean:             -757.5060	return_median:           -722.3000
return_std:              278.3957	target_mean:              -8.4553	td_error_abs:              4.3532	test_all_fires_out_mean:   0.0000
test_ep_length_mean:     100.0000	test_episode_limit_mean:   1.0000	test_mean_fire_level_mean: 22.5318	test_return_mean:        -103.2375
test_return_median:      -97.9000	test_return_std:          44.3918	
[INFO 05:09:02] my_main Recent Stats | t_env:     474286 | Episode:     4746
all_fires_out_mean:        0.0000	entropy_loss:              0.0120	ep_length_mean:          100.0000	episode_limit_mean:        1.0000
epsilon:                   0.0500	grad_norm:               1914.2068	loss:                    122.5111	mean_fire_level_mean:     21.0527
mi_loss:                   0.0183	q_taken_mean:             -8.4860	return_mean:             -757.5060	return_median:           -722.3000
return_std:              278.3957	target_mean:              -8.7298	td_error_abs:              4.2290	test_all_fires_out_mean:   0.0000
test_ep_length_mean:     100.0000	test_episode_limit_mean:   1.0000	test_mean_fire_level_mean: 22.5318	test_return_mean:        -103.2375
test_return_median:      -97.9000	test_return_std:          44.3918	
[INFO 05:09:44] my_main Recent Stats | t_env:     476286 | Episode:     4766
all_fires_out_mean:        0.0000	entropy_loss:              0.0120	ep_length_mean:          100.0000	episode_limit_mean:        1.0000
epsilon:                   0.0500	grad_norm:               1914.2068	loss:                    122.5111	mean_fire_level_mean:     21.0527
mi_loss:                   0.0183	q_taken_mean:             -8.4860	return_mean:             -757.5060	return_median:           -722.3000
return_std:              278.3957	target_mean:              -8.7298	td_error_abs:              4.2290	test_all_fires_out_mean:   0.0000
test_ep_length_mean:     100.0000	test_episode_limit_mean:   1.0000	test_mean_fire_level_mean: 22.5318	test_return_mean:        -103.2375
test_return_median:      -97.9000	test_return_std:          44.3918	
[INFO 05:10:26] my_main Recent Stats | t_env:     478286 | Episode:     4786
all_fires_out_mean:        0.0000	entropy_loss:              0.0120	ep_length_mean:          100.0000	episode_limit_mean:        1.0000
epsilon:                   0.0500	grad_norm:               1914.2068	loss:                    122.5111	mean_fire_level_mean:     21.0527
mi_loss:                   0.0183	q_taken_mean:             -8.4860	return_mean:             -757.5060	return_median:           -722.3000
return_std:              278.3957	target_mean:              -8.7298	td_error_abs:              4.2290	test_all_fires_out_mean:   0.0000
test_ep_length_mean:     100.0000	test_episode_limit_mean:   1.0000	test_mean_fire_level_mean: 22.5318	test_return_mean:        -103.2375
test_return_median:      -97.9000	test_return_std:          44.3918	
[INFO 05:10:58] my_main Updated target network
[INFO 05:11:09] my_main t_env: 480286 / 2050000
[INFO 05:11:09] my_main Estimated time left: 10 hours, 15 minutes, 11 seconds. Time passed: 3 hours, 6 minutes, 34 seconds
[INFO 05:11:33] my_main Recent Stats | t_env:     480286 | Episode:     4806
all_fires_out_mean:        0.0000	entropy_loss:              0.0120	ep_length_mean:          100.0000	episode_limit_mean:        1.0000
epsilon:                   0.0500	grad_norm:               1914.2068	loss:                    122.5111	mean_fire_level_mean:     21.0198
mi_loss:                   0.0183	q_taken_mean:             -8.4860	return_mean:             -760.5680	return_median:           -727.2000
return_std:              271.6957	target_mean:              -8.7298	td_error_abs:              4.2290	test_all_fires_out_mean:   0.0000
test_ep_length_mean:     100.0000	test_episode_limit_mean:   1.0000	test_mean_fire_level_mean: 22.3852	test_return_mean:        -105.5812
test_return_median:      -100.6000	test_return_std:          43.5422	
[INFO 05:12:14] my_main Recent Stats | t_env:     482286 | Episode:     4826
all_fires_out_mean:        0.0000	entropy_loss:              0.0120	ep_length_mean:          100.0000	episode_limit_mean:        1.0000
epsilon:                   0.0500	grad_norm:               1914.2068	loss:                    122.5111	mean_fire_level_mean:     21.0198
mi_loss:                   0.0183	q_taken_mean:             -8.4860	return_mean:             -760.5680	return_median:           -727.2000
return_std:              271.6957	target_mean:              -8.7298	td_error_abs:              4.2290	test_all_fires_out_mean:   0.0000
test_ep_length_mean:     100.0000	test_episode_limit_mean:   1.0000	test_mean_fire_level_mean: 22.3852	test_return_mean:        -105.5812
test_return_median:      -100.6000	test_return_std:          43.5422	
[INFO 05:12:55] my_main Recent Stats | t_env:     484286 | Episode:     4846
all_fires_out_mean:        0.0000	entropy_loss:              0.0120	ep_length_mean:          100.0000	episode_limit_mean:        1.0000
epsilon:                   0.0500	grad_norm:               1832.4916	loss:                    130.3289	mean_fire_level_mean:     21.0198
mi_loss:                   0.0184	q_taken_mean:             -8.7665	return_mean:             -760.5680	return_median:           -727.2000
return_std:              271.6957	target_mean:              -8.9977	td_error_abs:              4.1410	test_all_fires_out_mean:   0.0000
test_ep_length_mean:     100.0000	test_episode_limit_mean:   1.0000	test_mean_fire_level_mean: 22.3852	test_return_mean:        -105.5812
test_return_median:      -100.6000	test_return_std:          43.5422	
[INFO 05:13:36] my_main Recent Stats | t_env:     486286 | Episode:     4866
all_fires_out_mean:        0.0000	entropy_loss:              0.0120	ep_length_mean:          100.0000	episode_limit_mean:        1.0000
epsilon:                   0.0500	grad_norm:               1832.4916	loss:                    130.3289	mean_fire_level_mean:     21.0198
mi_loss:                   0.0184	q_taken_mean:             -8.7665	return_mean:             -760.5680	return_median:           -727.2000
return_std:              271.6957	target_mean:              -8.9977	td_error_abs:              4.1410	test_all_fires_out_mean:   0.0000
test_ep_length_mean:     100.0000	test_episode_limit_mean:   1.0000	test_mean_fire_level_mean: 22.3852	test_return_mean:        -105.5812
test_return_median:      -100.6000	test_return_std:          43.5422	
[INFO 05:14:19] my_main Recent Stats | t_env:     488286 | Episode:     4886
all_fires_out_mean:        0.0000	entropy_loss:              0.0120	ep_length_mean:          100.0000	episode_limit_mean:        1.0000
epsilon:                   0.0500	grad_norm:               1832.4916	loss:                    130.3289	mean_fire_level_mean:     21.0198
mi_loss:                   0.0184	q_taken_mean:             -8.7665	return_mean:             -760.5680	return_median:           -727.2000
return_std:              271.6957	target_mean:              -8.9977	td_error_abs:              4.1410	test_all_fires_out_mean:   0.0000
test_ep_length_mean:     100.0000	test_episode_limit_mean:   1.0000	test_mean_fire_level_mean: 22.3852	test_return_mean:        -105.5812
test_return_median:      -100.6000	test_return_std:          43.5422	
[INFO 05:15:01] my_main t_env: 490286 / 2050000
[INFO 05:15:01] my_main Estimated time left: 10 hours, 4 minutes, 32 seconds. Time passed: 3 hours, 10 minutes, 27 seconds
[INFO 05:15:26] my_main Recent Stats | t_env:     490286 | Episode:     4906
all_fires_out_mean:        0.0000	entropy_loss:              0.0120	ep_length_mean:          100.0000	episode_limit_mean:        1.0000
epsilon:                   0.0500	grad_norm:               1832.4916	loss:                    130.3289	mean_fire_level_mean:     21.0107
mi_loss:                   0.0184	q_taken_mean:             -8.7665	return_mean:             -771.8860	return_median:           -749.9000
return_std:              279.0521	target_mean:              -8.9977	td_error_abs:              4.1410	test_all_fires_out_mean:   0.0000
test_ep_length_mean:     100.0000	test_episode_limit_mean:   1.0000	test_mean_fire_level_mean: 21.8966	test_return_mean:        -104.8563
test_return_median:      -99.4000	test_return_std:          44.3061	
[INFO 05:16:07] my_main Recent Stats | t_env:     492286 | Episode:     4926
all_fires_out_mean:        0.0000	entropy_loss:              0.0120	ep_length_mean:          100.0000	episode_limit_mean:        1.0000
epsilon:                   0.0500	grad_norm:               1832.4916	loss:                    130.3289	mean_fire_level_mean:     21.0107
mi_loss:                   0.0184	q_taken_mean:             -8.7665	return_mean:             -771.8860	return_median:           -749.9000
return_std:              279.0521	target_mean:              -8.9977	td_error_abs:              4.1410	test_all_fires_out_mean:   0.0000
test_ep_length_mean:     100.0000	test_episode_limit_mean:   1.0000	test_mean_fire_level_mean: 21.8966	test_return_mean:        -104.8563
test_return_median:      -99.4000	test_return_std:          44.3061	
[INFO 05:16:49] my_main Recent Stats | t_env:     494286 | Episode:     4946
all_fires_out_mean:        0.0000	entropy_loss:              0.0120	ep_length_mean:          100.0000	episode_limit_mean:        1.0000
epsilon:                   0.0500	grad_norm:               1767.1820	loss:                    133.5002	mean_fire_level_mean:     21.0107
mi_loss:                   0.0186	q_taken_mean:             -9.1487	return_mean:             -771.8860	return_median:           -749.9000
return_std:              279.0521	target_mean:              -9.3668	td_error_abs:              3.9780	test_all_fires_out_mean:   0.0000
test_ep_length_mean:     100.0000	test_episode_limit_mean:   1.0000	test_mean_fire_level_mean: 21.8966	test_return_mean:        -104.8563
test_return_median:      -99.4000	test_return_std:          44.3061	
[INFO 05:17:32] my_main Recent Stats | t_env:     496286 | Episode:     4966
all_fires_out_mean:        0.0000	entropy_loss:              0.0120	ep_length_mean:          100.0000	episode_limit_mean:        1.0000
epsilon:                   0.0500	grad_norm:               1767.1820	loss:                    133.5002	mean_fire_level_mean:     21.0107
mi_loss:                   0.0186	q_taken_mean:             -9.1487	return_mean:             -771.8860	return_median:           -749.9000
return_std:              279.0521	target_mean:              -9.3668	td_error_abs:              3.9780	test_all_fires_out_mean:   0.0000
test_ep_length_mean:     100.0000	test_episode_limit_mean:   1.0000	test_mean_fire_level_mean: 21.8966	test_return_mean:        -104.8563
test_return_median:      -99.4000	test_return_std:          44.3061	
[INFO 05:18:14] my_main Recent Stats | t_env:     498286 | Episode:     4986
all_fires_out_mean:        0.0000	entropy_loss:              0.0120	ep_length_mean:          100.0000	episode_limit_mean:        1.0000
epsilon:                   0.0500	grad_norm:               1767.1820	loss:                    133.5002	mean_fire_level_mean:     21.0107
mi_loss:                   0.0186	q_taken_mean:             -9.1487	return_mean:             -771.8860	return_median:           -749.9000
return_std:              279.0521	target_mean:              -9.3668	td_error_abs:              3.9780	test_all_fires_out_mean:   0.0000
test_ep_length_mean:     100.0000	test_episode_limit_mean:   1.0000	test_mean_fire_level_mean: 21.8966	test_return_mean:        -104.8563
test_return_median:      -99.4000	test_return_std:          44.3061	
[INFO 05:18:46] my_main Updated target network
[INFO 05:18:56] my_main t_env: 500286 / 2050000
[INFO 05:18:56] my_main Estimated time left: 10 hours, 6 minutes, 42 seconds. Time passed: 3 hours, 14 minutes, 22 seconds
[INFO 05:19:20] my_main Recent Stats | t_env:     500286 | Episode:     5006
all_fires_out_mean:        0.0000	entropy_loss:              0.0120	ep_length_mean:          100.0000	episode_limit_mean:        1.0000
epsilon:                   0.0500	grad_norm:               1767.1820	loss:                    133.5002	mean_fire_level_mean:     21.0920
mi_loss:                   0.0186	q_taken_mean:             -9.1487	return_mean:             -770.9720	return_median:           -737.8000
return_std:              280.0224	target_mean:              -9.3668	td_error_abs:              3.9780	test_all_fires_out_mean:   0.0000
test_ep_length_mean:     100.0000	test_episode_limit_mean:   1.0000	test_mean_fire_level_mean: 21.9989	test_return_mean:        -104.9562
test_return_median:      -98.3000	test_return_std:          46.7945	
[INFO 05:20:03] my_main Recent Stats | t_env:     502286 | Episode:     5026
all_fires_out_mean:        0.0000	entropy_loss:              0.0120	ep_length_mean:          100.0000	episode_limit_mean:        1.0000
epsilon:                   0.0500	grad_norm:               1767.1820	loss:                    133.5002	mean_fire_level_mean:     21.0920
mi_loss:                   0.0186	q_taken_mean:             -9.1487	return_mean:             -770.9720	return_median:           -737.8000
return_std:              280.0224	target_mean:              -9.3668	td_error_abs:              3.9780	test_all_fires_out_mean:   0.0000
test_ep_length_mean:     100.0000	test_episode_limit_mean:   1.0000	test_mean_fire_level_mean: 21.9989	test_return_mean:        -104.9562
test_return_median:      -98.3000	test_return_std:          46.7945	
[INFO 05:20:45] my_main Recent Stats | t_env:     504286 | Episode:     5046
all_fires_out_mean:        0.0000	entropy_loss:              0.0121	ep_length_mean:          100.0000	episode_limit_mean:        1.0000
epsilon:                   0.0500	grad_norm:               1845.0299	loss:                    132.4879	mean_fire_level_mean:     21.0920
mi_loss:                   0.0188	q_taken_mean:             -9.3318	return_mean:             -770.9720	return_median:           -737.8000
return_std:              280.0224	target_mean:              -9.5639	td_error_abs:              4.1076	test_all_fires_out_mean:   0.0000
test_ep_length_mean:     100.0000	test_episode_limit_mean:   1.0000	test_mean_fire_level_mean: 21.9989	test_return_mean:        -104.9562
test_return_median:      -98.3000	test_return_std:          46.7945	
[INFO 05:21:26] my_main Recent Stats | t_env:     506286 | Episode:     5066
all_fires_out_mean:        0.0000	entropy_loss:              0.0121	ep_length_mean:          100.0000	episode_limit_mean:        1.0000
epsilon:                   0.0500	grad_norm:               1845.0299	loss:                    132.4879	mean_fire_level_mean:     21.0920
mi_loss:                   0.0188	q_taken_mean:             -9.3318	return_mean:             -770.9720	return_median:           -737.8000
return_std:              280.0224	target_mean:              -9.5639	td_error_abs:              4.1076	test_all_fires_out_mean:   0.0000
test_ep_length_mean:     100.0000	test_episode_limit_mean:   1.0000	test_mean_fire_level_mean: 21.9989	test_return_mean:        -104.9562
test_return_median:      -98.3000	test_return_std:          46.7945	
[INFO 05:22:09] my_main Recent Stats | t_env:     508286 | Episode:     5086
all_fires_out_mean:        0.0000	entropy_loss:              0.0121	ep_length_mean:          100.0000	episode_limit_mean:        1.0000
epsilon:                   0.0500	grad_norm:               1845.0299	loss:                    132.4879	mean_fire_level_mean:     21.0920
mi_loss:                   0.0188	q_taken_mean:             -9.3318	return_mean:             -770.9720	return_median:           -737.8000
return_std:              280.0224	target_mean:              -9.5639	td_error_abs:              4.1076	test_all_fires_out_mean:   0.0000
test_ep_length_mean:     100.0000	test_episode_limit_mean:   1.0000	test_mean_fire_level_mean: 21.9989	test_return_mean:        -104.9562
test_return_median:      -98.3000	test_return_std:          46.7945	
[INFO 05:22:52] my_main t_env: 510286 / 2050000
[INFO 05:22:52] my_main Estimated time left: 10 hours, 4 minutes, 25 seconds. Time passed: 3 hours, 18 minutes, 17 seconds
[INFO 05:23:16] my_main Recent Stats | t_env:     510286 | Episode:     5106
all_fires_out_mean:        0.0000	entropy_loss:              0.0121	ep_length_mean:          100.0000	episode_limit_mean:        1.0000
epsilon:                   0.0500	grad_norm:               1845.0299	loss:                    132.4879	mean_fire_level_mean:     21.1138
mi_loss:                   0.0188	q_taken_mean:             -9.3318	return_mean:             -773.9720	return_median:           -744.8000
return_std:              286.6557	target_mean:              -9.5639	td_error_abs:              4.1076	test_all_fires_out_mean:   0.0000
test_ep_length_mean:     100.0000	test_episode_limit_mean:   1.0000	test_mean_fire_level_mean: 21.8170	test_return_mean:        -104.2375
test_return_median:      -99.7000	test_return_std:          45.9106	
[INFO 05:23:58] my_main Recent Stats | t_env:     512286 | Episode:     5126
all_fires_out_mean:        0.0000	entropy_loss:              0.0121	ep_length_mean:          100.0000	episode_limit_mean:        1.0000
epsilon:                   0.0500	grad_norm:               1845.0299	loss:                    132.4879	mean_fire_level_mean:     21.1138
mi_loss:                   0.0188	q_taken_mean:             -9.3318	return_mean:             -773.9720	return_median:           -744.8000
return_std:              286.6557	target_mean:              -9.5639	td_error_abs:              4.1076	test_all_fires_out_mean:   0.0000
test_ep_length_mean:     100.0000	test_episode_limit_mean:   1.0000	test_mean_fire_level_mean: 21.8170	test_return_mean:        -104.2375
test_return_median:      -99.7000	test_return_std:          45.9106	
[INFO 05:24:41] my_main Recent Stats | t_env:     514286 | Episode:     5146
all_fires_out_mean:        0.0000	entropy_loss:              0.0122	ep_length_mean:          100.0000	episode_limit_mean:        1.0000
epsilon:                   0.0500	grad_norm:               1993.2115	loss:                    120.7942	mean_fire_level_mean:     21.1138
mi_loss:                   0.0190	q_taken_mean:             -9.6001	return_mean:             -773.9720	return_median:           -744.8000
return_std:              286.6557	target_mean:              -9.8443	td_error_abs:              4.0487	test_all_fires_out_mean:   0.0000
test_ep_length_mean:     100.0000	test_episode_limit_mean:   1.0000	test_mean_fire_level_mean: 21.8170	test_return_mean:        -104.2375
test_return_median:      -99.7000	test_return_std:          45.9106	
[INFO 05:25:24] my_main Recent Stats | t_env:     516286 | Episode:     5166
all_fires_out_mean:        0.0000	entropy_loss:              0.0122	ep_length_mean:          100.0000	episode_limit_mean:        1.0000
epsilon:                   0.0500	grad_norm:               1993.2115	loss:                    120.7942	mean_fire_level_mean:     21.1138
mi_loss:                   0.0190	q_taken_mean:             -9.6001	return_mean:             -773.9720	return_median:           -744.8000
return_std:              286.6557	target_mean:              -9.8443	td_error_abs:              4.0487	test_all_fires_out_mean:   0.0000
test_ep_length_mean:     100.0000	test_episode_limit_mean:   1.0000	test_mean_fire_level_mean: 21.8170	test_return_mean:        -104.2375
test_return_median:      -99.7000	test_return_std:          45.9106	
[INFO 05:26:06] my_main Recent Stats | t_env:     518286 | Episode:     5186
all_fires_out_mean:        0.0000	entropy_loss:              0.0122	ep_length_mean:          100.0000	episode_limit_mean:        1.0000
epsilon:                   0.0500	grad_norm:               1993.2115	loss:                    120.7942	mean_fire_level_mean:     21.1138
mi_loss:                   0.0190	q_taken_mean:             -9.6001	return_mean:             -773.9720	return_median:           -744.8000
return_std:              286.6557	target_mean:              -9.8443	td_error_abs:              4.0487	test_all_fires_out_mean:   0.0000
test_ep_length_mean:     100.0000	test_episode_limit_mean:   1.0000	test_mean_fire_level_mean: 21.8170	test_return_mean:        -104.2375
test_return_median:      -99.7000	test_return_std:          45.9106	
[INFO 05:26:38] my_main Updated target network
[INFO 05:26:48] my_main t_env: 520286 / 2050000
[INFO 05:26:48] my_main Estimated time left: 10 hours, 2 minutes, 32 seconds. Time passed: 3 hours, 22 minutes, 13 seconds
[INFO 05:27:12] my_main Recent Stats | t_env:     520286 | Episode:     5206
all_fires_out_mean:        0.0000	entropy_loss:              0.0122	ep_length_mean:          100.0000	episode_limit_mean:        1.0000
epsilon:                   0.0500	grad_norm:               1993.2115	loss:                    120.7942	mean_fire_level_mean:     20.9422
mi_loss:                   0.0190	q_taken_mean:             -9.6001	return_mean:             -764.3240	return_median:           -732.5000
return_std:              296.3461	target_mean:              -9.8443	td_error_abs:              4.0487	test_all_fires_out_mean:   0.0000
test_ep_length_mean:     100.0000	test_episode_limit_mean:   1.0000	test_mean_fire_level_mean: 21.7017	test_return_mean:        -105.2875
test_return_median:      -99.7000	test_return_std:          46.8288	
[INFO 05:27:55] my_main Recent Stats | t_env:     522286 | Episode:     5226
all_fires_out_mean:        0.0000	entropy_loss:              0.0122	ep_length_mean:          100.0000	episode_limit_mean:        1.0000
epsilon:                   0.0500	grad_norm:               1993.2115	loss:                    120.7942	mean_fire_level_mean:     20.9422
mi_loss:                   0.0190	q_taken_mean:             -9.6001	return_mean:             -764.3240	return_median:           -732.5000
return_std:              296.3461	target_mean:              -9.8443	td_error_abs:              4.0487	test_all_fires_out_mean:   0.0000
test_ep_length_mean:     100.0000	test_episode_limit_mean:   1.0000	test_mean_fire_level_mean: 21.7017	test_return_mean:        -105.2875
test_return_median:      -99.7000	test_return_std:          46.8288	
[INFO 05:28:37] my_main Recent Stats | t_env:     524286 | Episode:     5246
all_fires_out_mean:        0.0000	entropy_loss:              0.0120	ep_length_mean:          100.0000	episode_limit_mean:        1.0000
epsilon:                   0.0500	grad_norm:               1971.1172	loss:                    112.0438	mean_fire_level_mean:     20.9422
mi_loss:                   0.0192	q_taken_mean:             -9.7568	return_mean:             -764.3240	return_median:           -732.5000
return_std:              296.3461	target_mean:             -10.0021	td_error_abs:              3.9562	test_all_fires_out_mean:   0.0000
test_ep_length_mean:     100.0000	test_episode_limit_mean:   1.0000	test_mean_fire_level_mean: 21.7017	test_return_mean:        -105.2875
test_return_median:      -99.7000	test_return_std:          46.8288	
[INFO 05:29:20] my_main Recent Stats | t_env:     526286 | Episode:     5266
all_fires_out_mean:        0.0000	entropy_loss:              0.0120	ep_length_mean:          100.0000	episode_limit_mean:        1.0000
epsilon:                   0.0500	grad_norm:               1971.1172	loss:                    112.0438	mean_fire_level_mean:     20.9422
mi_loss:                   0.0192	q_taken_mean:             -9.7568	return_mean:             -764.3240	return_median:           -732.5000
return_std:              296.3461	target_mean:             -10.0021	td_error_abs:              3.9562	test_all_fires_out_mean:   0.0000
test_ep_length_mean:     100.0000	test_episode_limit_mean:   1.0000	test_mean_fire_level_mean: 21.7017	test_return_mean:        -105.2875
test_return_median:      -99.7000	test_return_std:          46.8288	
[INFO 05:30:03] my_main Recent Stats | t_env:     528286 | Episode:     5286
all_fires_out_mean:        0.0000	entropy_loss:              0.0120	ep_length_mean:          100.0000	episode_limit_mean:        1.0000
epsilon:                   0.0500	grad_norm:               1971.1172	loss:                    112.0438	mean_fire_level_mean:     20.9422
mi_loss:                   0.0192	q_taken_mean:             -9.7568	return_mean:             -764.3240	return_median:           -732.5000
return_std:              296.3461	target_mean:             -10.0021	td_error_abs:              3.9562	test_all_fires_out_mean:   0.0000
test_ep_length_mean:     100.0000	test_episode_limit_mean:   1.0000	test_mean_fire_level_mean: 21.7017	test_return_mean:        -105.2875
test_return_median:      -99.7000	test_return_std:          46.8288	
[INFO 05:30:45] my_main t_env: 530286 / 2050000
[INFO 05:30:45] my_main Estimated time left: 10 hours, 7 seconds. Time passed: 3 hours, 26 minutes, 10 seconds
[INFO 05:31:09] my_main Recent Stats | t_env:     530286 | Episode:     5306
all_fires_out_mean:        0.0000	entropy_loss:              0.0120	ep_length_mean:          100.0000	episode_limit_mean:        1.0000
epsilon:                   0.0500	grad_norm:               1971.1172	loss:                    112.0438	mean_fire_level_mean:     21.0202
mi_loss:                   0.0192	q_taken_mean:             -9.7568	return_mean:             -758.9200	return_median:           -726.1000
return_std:              299.2050	target_mean:             -10.0021	td_error_abs:              3.9562	test_all_fires_out_mean:   0.0000
test_ep_length_mean:     100.0000	test_episode_limit_mean:   1.0000	test_mean_fire_level_mean: 21.8153	test_return_mean:        -104.7562
test_return_median:      -101.2000	test_return_std:          46.9320	
[INFO 05:31:52] my_main Recent Stats | t_env:     532286 | Episode:     5326
all_fires_out_mean:        0.0000	entropy_loss:              0.0120	ep_length_mean:          100.0000	episode_limit_mean:        1.0000
epsilon:                   0.0500	grad_norm:               1971.1172	loss:                    112.0438	mean_fire_level_mean:     21.0202
mi_loss:                   0.0192	q_taken_mean:             -9.7568	return_mean:             -758.9200	return_median:           -726.1000
return_std:              299.2050	target_mean:             -10.0021	td_error_abs:              3.9562	test_all_fires_out_mean:   0.0000
test_ep_length_mean:     100.0000	test_episode_limit_mean:   1.0000	test_mean_fire_level_mean: 21.8153	test_return_mean:        -104.7562
test_return_median:      -101.2000	test_return_std:          46.9320	
[INFO 05:32:35] my_main Recent Stats | t_env:     534286 | Episode:     5346
all_fires_out_mean:        0.0000	entropy_loss:              0.0118	ep_length_mean:          100.0000	episode_limit_mean:        1.0000
epsilon:                   0.0500	grad_norm:               2072.5386	loss:                    107.0406	mean_fire_level_mean:     21.0202
mi_loss:                   0.0193	q_taken_mean:            -10.0781	return_mean:             -758.9200	return_median:           -726.1000
return_std:              299.2050	target_mean:             -10.3371	td_error_abs:              3.9988	test_all_fires_out_mean:   0.0000
test_ep_length_mean:     100.0000	test_episode_limit_mean:   1.0000	test_mean_fire_level_mean: 21.8153	test_return_mean:        -104.7562
test_return_median:      -101.2000	test_return_std:          46.9320	
[INFO 05:33:16] my_main Recent Stats | t_env:     536286 | Episode:     5366
all_fires_out_mean:        0.0000	entropy_loss:              0.0118	ep_length_mean:          100.0000	episode_limit_mean:        1.0000
epsilon:                   0.0500	grad_norm:               2072.5386	loss:                    107.0406	mean_fire_level_mean:     21.0202
mi_loss:                   0.0193	q_taken_mean:            -10.0781	return_mean:             -758.9200	return_median:           -726.1000
return_std:              299.2050	target_mean:             -10.3371	td_error_abs:              3.9988	test_all_fires_out_mean:   0.0000
test_ep_length_mean:     100.0000	test_episode_limit_mean:   1.0000	test_mean_fire_level_mean: 21.8153	test_return_mean:        -104.7562
test_return_median:      -101.2000	test_return_std:          46.9320	
[INFO 05:33:58] my_main Recent Stats | t_env:     538286 | Episode:     5386
all_fires_out_mean:        0.0000	entropy_loss:              0.0118	ep_length_mean:          100.0000	episode_limit_mean:        1.0000
epsilon:                   0.0500	grad_norm:               2072.5386	loss:                    107.0406	mean_fire_level_mean:     21.0202
mi_loss:                   0.0193	q_taken_mean:            -10.0781	return_mean:             -758.9200	return_median:           -726.1000
return_std:              299.2050	target_mean:             -10.3371	td_error_abs:              3.9988	test_all_fires_out_mean:   0.0000
test_ep_length_mean:     100.0000	test_episode_limit_mean:   1.0000	test_mean_fire_level_mean: 21.8153	test_return_mean:        -104.7562
test_return_median:      -101.2000	test_return_std:          46.9320	
[INFO 05:34:30] my_main Updated target network
[INFO 05:34:41] my_main t_env: 540286 / 2050000
[INFO 05:34:41] my_main Estimated time left: 9 hours, 54 minutes, 29 seconds. Time passed: 3 hours, 30 minutes, 7 seconds
[INFO 05:35:06] my_main Recent Stats | t_env:     540286 | Episode:     5406
all_fires_out_mean:        0.0000	entropy_loss:              0.0118	ep_length_mean:          100.0000	episode_limit_mean:        1.0000
epsilon:                   0.0500	grad_norm:               2072.5386	loss:                    107.0406	mean_fire_level_mean:     21.1578
mi_loss:                   0.0193	q_taken_mean:            -10.0781	return_mean:             -761.2340	return_median:           -720.2000
return_std:              295.6677	target_mean:             -10.3371	td_error_abs:              3.9988	test_all_fires_out_mean:   0.0000
test_ep_length_mean:     100.0000	test_episode_limit_mean:   1.0000	test_mean_fire_level_mean: 22.1653	test_return_mean:        -105.3312
test_return_median:      -103.6000	test_return_std:          45.1120	
[INFO 05:35:48] my_main Recent Stats | t_env:     542286 | Episode:     5426
all_fires_out_mean:        0.0000	entropy_loss:              0.0118	ep_length_mean:          100.0000	episode_limit_mean:        1.0000
epsilon:                   0.0500	grad_norm:               2072.5386	loss:                    107.0406	mean_fire_level_mean:     21.1578
mi_loss:                   0.0193	q_taken_mean:            -10.0781	return_mean:             -761.2340	return_median:           -720.2000
return_std:              295.6677	target_mean:             -10.3371	td_error_abs:              3.9988	test_all_fires_out_mean:   0.0000
test_ep_length_mean:     100.0000	test_episode_limit_mean:   1.0000	test_mean_fire_level_mean: 22.1653	test_return_mean:        -105.3312
test_return_median:      -103.6000	test_return_std:          45.1120	
[INFO 05:36:28] my_main Recent Stats | t_env:     544286 | Episode:     5446
all_fires_out_mean:        0.0000	entropy_loss:              0.0117	ep_length_mean:          100.0000	episode_limit_mean:        1.0000
epsilon:                   0.0500	grad_norm:               1968.6898	loss:                    101.3370	mean_fire_level_mean:     21.1578
mi_loss:                   0.0195	q_taken_mean:             -9.9480	return_mean:             -761.2340	return_median:           -720.2000
return_std:              295.6677	target_mean:             -10.1989	td_error_abs:              3.9352	test_all_fires_out_mean:   0.0000
test_ep_length_mean:     100.0000	test_episode_limit_mean:   1.0000	test_mean_fire_level_mean: 22.1653	test_return_mean:        -105.3312
test_return_median:      -103.6000	test_return_std:          45.1120	
[INFO 05:37:10] my_main Recent Stats | t_env:     546286 | Episode:     5466
all_fires_out_mean:        0.0000	entropy_loss:              0.0117	ep_length_mean:          100.0000	episode_limit_mean:        1.0000
epsilon:                   0.0500	grad_norm:               1968.6898	loss:                    101.3370	mean_fire_level_mean:     21.1578
mi_loss:                   0.0195	q_taken_mean:             -9.9480	return_mean:             -761.2340	return_median:           -720.2000
return_std:              295.6677	target_mean:             -10.1989	td_error_abs:              3.9352	test_all_fires_out_mean:   0.0000
test_ep_length_mean:     100.0000	test_episode_limit_mean:   1.0000	test_mean_fire_level_mean: 22.1653	test_return_mean:        -105.3312
test_return_median:      -103.6000	test_return_std:          45.1120	
[INFO 05:37:52] my_main Recent Stats | t_env:     548286 | Episode:     5486
all_fires_out_mean:        0.0000	entropy_loss:              0.0117	ep_length_mean:          100.0000	episode_limit_mean:        1.0000
epsilon:                   0.0500	grad_norm:               1968.6898	loss:                    101.3370	mean_fire_level_mean:     21.1578
mi_loss:                   0.0195	q_taken_mean:             -9.9480	return_mean:             -761.2340	return_median:           -720.2000
return_std:              295.6677	target_mean:             -10.1989	td_error_abs:              3.9352	test_all_fires_out_mean:   0.0000
test_ep_length_mean:     100.0000	test_episode_limit_mean:   1.0000	test_mean_fire_level_mean: 22.1653	test_return_mean:        -105.3312
test_return_median:      -103.6000	test_return_std:          45.1120	
[INFO 05:38:34] my_main t_env: 550286 / 2050000
[INFO 05:38:34] my_main Estimated time left: 9 hours, 42 minutes, 49 seconds. Time passed: 3 hours, 34 minutes, 0 seconds
[INFO 05:38:59] my_main Recent Stats | t_env:     550286 | Episode:     5506
all_fires_out_mean:        0.0000	entropy_loss:              0.0117	ep_length_mean:          100.0000	episode_limit_mean:        1.0000
epsilon:                   0.0500	grad_norm:               1968.6898	loss:                    101.3370	mean_fire_level_mean:     21.0480
mi_loss:                   0.0195	q_taken_mean:             -9.9480	return_mean:             -761.4940	return_median:           -726.9000
return_std:              295.0378	target_mean:             -10.1989	td_error_abs:              3.9352	test_all_fires_out_mean:   0.0000
test_ep_length_mean:     100.0000	test_episode_limit_mean:   1.0000	test_mean_fire_level_mean: 21.9858	test_return_mean:        -103.7313
test_return_median:      -106.4000	test_return_std:          42.6493	
[INFO 05:39:41] my_main Recent Stats | t_env:     552286 | Episode:     5526
all_fires_out_mean:        0.0000	entropy_loss:              0.0117	ep_length_mean:          100.0000	episode_limit_mean:        1.0000
epsilon:                   0.0500	grad_norm:               1968.6898	loss:                    101.3370	mean_fire_level_mean:     21.0480
mi_loss:                   0.0195	q_taken_mean:             -9.9480	return_mean:             -761.4940	return_median:           -726.9000
return_std:              295.0378	target_mean:             -10.1989	td_error_abs:              3.9352	test_all_fires_out_mean:   0.0000
test_ep_length_mean:     100.0000	test_episode_limit_mean:   1.0000	test_mean_fire_level_mean: 21.9858	test_return_mean:        -103.7313
test_return_median:      -106.4000	test_return_std:          42.6493	
[INFO 05:40:23] my_main Recent Stats | t_env:     554286 | Episode:     5546
all_fires_out_mean:        0.0000	entropy_loss:              0.0114	ep_length_mean:          100.0000	episode_limit_mean:        1.0000
epsilon:                   0.0500	grad_norm:               1993.4713	loss:                     85.1634	mean_fire_level_mean:     21.0480
mi_loss:                   0.0198	q_taken_mean:             -9.8546	return_mean:             -761.4940	return_median:           -726.9000
return_std:              295.0378	target_mean:             -10.1085	td_error_abs:              3.6880	test_all_fires_out_mean:   0.0000
test_ep_length_mean:     100.0000	test_episode_limit_mean:   1.0000	test_mean_fire_level_mean: 21.9858	test_return_mean:        -103.7313
test_return_median:      -106.4000	test_return_std:          42.6493	
[INFO 05:41:06] my_main Recent Stats | t_env:     556286 | Episode:     5566
all_fires_out_mean:        0.0000	entropy_loss:              0.0114	ep_length_mean:          100.0000	episode_limit_mean:        1.0000
epsilon:                   0.0500	grad_norm:               1993.4713	loss:                     85.1634	mean_fire_level_mean:     21.0480
mi_loss:                   0.0198	q_taken_mean:             -9.8546	return_mean:             -761.4940	return_median:           -726.9000
return_std:              295.0378	target_mean:             -10.1085	td_error_abs:              3.6880	test_all_fires_out_mean:   0.0000
test_ep_length_mean:     100.0000	test_episode_limit_mean:   1.0000	test_mean_fire_level_mean: 21.9858	test_return_mean:        -103.7313
test_return_median:      -106.4000	test_return_std:          42.6493	
[INFO 05:41:48] my_main Recent Stats | t_env:     558286 | Episode:     5586
all_fires_out_mean:        0.0000	entropy_loss:              0.0114	ep_length_mean:          100.0000	episode_limit_mean:        1.0000
epsilon:                   0.0500	grad_norm:               1993.4713	loss:                     85.1634	mean_fire_level_mean:     21.0480
mi_loss:                   0.0198	q_taken_mean:             -9.8546	return_mean:             -761.4940	return_median:           -726.9000
return_std:              295.0378	target_mean:             -10.1085	td_error_abs:              3.6880	test_all_fires_out_mean:   0.0000
test_ep_length_mean:     100.0000	test_episode_limit_mean:   1.0000	test_mean_fire_level_mean: 21.9858	test_return_mean:        -103.7313
test_return_median:      -106.4000	test_return_std:          42.6493	
[INFO 05:42:20] my_main Updated target network
[INFO 05:42:31] my_main t_env: 560286 / 2050000
[INFO 05:42:31] my_main Estimated time left: 9 hours, 46 minutes, 54 seconds. Time passed: 3 hours, 37 minutes, 56 seconds
[INFO 05:42:56] my_main Recent Stats | t_env:     560286 | Episode:     5606
all_fires_out_mean:        0.0000	entropy_loss:              0.0114	ep_length_mean:          100.0000	episode_limit_mean:        1.0000
epsilon:                   0.0500	grad_norm:               1993.4713	loss:                     85.1634	mean_fire_level_mean:     21.1282
mi_loss:                   0.0198	q_taken_mean:             -9.8546	return_mean:             -769.2780	return_median:           -744.2000
return_std:              284.3882	target_mean:             -10.1085	td_error_abs:              3.6880	test_all_fires_out_mean:   0.0000
test_ep_length_mean:     100.0000	test_episode_limit_mean:   1.0000	test_mean_fire_level_mean: 22.0494	test_return_mean:        -102.5000
test_return_median:      -106.5000	test_return_std:          41.9589	
[INFO 05:43:37] my_main Recent Stats | t_env:     562286 | Episode:     5626
all_fires_out_mean:        0.0000	entropy_loss:              0.0114	ep_length_mean:          100.0000	episode_limit_mean:        1.0000
epsilon:                   0.0500	grad_norm:               1993.4713	loss:                     85.1634	mean_fire_level_mean:     21.1282
mi_loss:                   0.0198	q_taken_mean:             -9.8546	return_mean:             -769.2780	return_median:           -744.2000
return_std:              284.3882	target_mean:             -10.1085	td_error_abs:              3.6880	test_all_fires_out_mean:   0.0000
test_ep_length_mean:     100.0000	test_episode_limit_mean:   1.0000	test_mean_fire_level_mean: 22.0494	test_return_mean:        -102.5000
test_return_median:      -106.5000	test_return_std:          41.9589	
[INFO 05:44:20] my_main Recent Stats | t_env:     564286 | Episode:     5646
all_fires_out_mean:        0.0000	entropy_loss:              0.0112	ep_length_mean:          100.0000	episode_limit_mean:        1.0000
epsilon:                   0.0500	grad_norm:               1991.7754	loss:                     81.5506	mean_fire_level_mean:     21.1282
mi_loss:                   0.0199	q_taken_mean:            -10.1112	return_mean:             -769.2780	return_median:           -744.2000
return_std:              284.3882	target_mean:             -10.3695	td_error_abs:              3.6463	test_all_fires_out_mean:   0.0000
test_ep_length_mean:     100.0000	test_episode_limit_mean:   1.0000	test_mean_fire_level_mean: 22.0494	test_return_mean:        -102.5000
test_return_median:      -106.5000	test_return_std:          41.9589	
[INFO 05:45:02] my_main Recent Stats | t_env:     566286 | Episode:     5666
all_fires_out_mean:        0.0000	entropy_loss:              0.0112	ep_length_mean:          100.0000	episode_limit_mean:        1.0000
epsilon:                   0.0500	grad_norm:               1991.7754	loss:                     81.5506	mean_fire_level_mean:     21.1282
mi_loss:                   0.0199	q_taken_mean:            -10.1112	return_mean:             -769.2780	return_median:           -744.2000
return_std:              284.3882	target_mean:             -10.3695	td_error_abs:              3.6463	test_all_fires_out_mean:   0.0000
test_ep_length_mean:     100.0000	test_episode_limit_mean:   1.0000	test_mean_fire_level_mean: 22.0494	test_return_mean:        -102.5000
test_return_median:      -106.5000	test_return_std:          41.9589	
[INFO 05:45:44] my_main Recent Stats | t_env:     568286 | Episode:     5686
all_fires_out_mean:        0.0000	entropy_loss:              0.0112	ep_length_mean:          100.0000	episode_limit_mean:        1.0000
epsilon:                   0.0500	grad_norm:               1991.7754	loss:                     81.5506	mean_fire_level_mean:     21.1282
mi_loss:                   0.0199	q_taken_mean:            -10.1112	return_mean:             -769.2780	return_median:           -744.2000
return_std:              284.3882	target_mean:             -10.3695	td_error_abs:              3.6463	test_all_fires_out_mean:   0.0000
test_ep_length_mean:     100.0000	test_episode_limit_mean:   1.0000	test_mean_fire_level_mean: 22.0494	test_return_mean:        -102.5000
test_return_median:      -106.5000	test_return_std:          41.9589	
[INFO 05:46:27] my_main t_env: 570286 / 2050000
[INFO 05:46:27] my_main Estimated time left: 9 hours, 43 minutes, 18 seconds. Time passed: 3 hours, 41 minutes, 53 seconds
[INFO 05:46:52] my_main Recent Stats | t_env:     570286 | Episode:     5706
all_fires_out_mean:        0.0000	entropy_loss:              0.0112	ep_length_mean:          100.0000	episode_limit_mean:        1.0000
epsilon:                   0.0500	grad_norm:               1991.7754	loss:                     81.5506	mean_fire_level_mean:     21.2833
mi_loss:                   0.0199	q_taken_mean:            -10.1112	return_mean:             -773.0440	return_median:           -752.6000
return_std:              283.7554	target_mean:             -10.3695	td_error_abs:              3.6463	test_all_fires_out_mean:   0.0000
test_ep_length_mean:     100.0000	test_episode_limit_mean:   1.0000	test_mean_fire_level_mean: 22.0102	test_return_mean:        -100.8063
test_return_median:      -106.7000	test_return_std:          40.0135	
[INFO 05:47:34] my_main Recent Stats | t_env:     572286 | Episode:     5726
all_fires_out_mean:        0.0000	entropy_loss:              0.0112	ep_length_mean:          100.0000	episode_limit_mean:        1.0000
epsilon:                   0.0500	grad_norm:               1991.7754	loss:                     81.5506	mean_fire_level_mean:     21.2833
mi_loss:                   0.0199	q_taken_mean:            -10.1112	return_mean:             -773.0440	return_median:           -752.6000
return_std:              283.7554	target_mean:             -10.3695	td_error_abs:              3.6463	test_all_fires_out_mean:   0.0000
test_ep_length_mean:     100.0000	test_episode_limit_mean:   1.0000	test_mean_fire_level_mean: 22.0102	test_return_mean:        -100.8063
test_return_median:      -106.7000	test_return_std:          40.0135	
[INFO 05:48:17] my_main Recent Stats | t_env:     574286 | Episode:     5746
all_fires_out_mean:        0.0000	entropy_loss:              0.0109	ep_length_mean:          100.0000	episode_limit_mean:        1.0000
epsilon:                   0.0500	grad_norm:               1951.7084	loss:                     64.8606	mean_fire_level_mean:     21.2833
mi_loss:                   0.0200	q_taken_mean:            -10.0531	return_mean:             -773.0440	return_median:           -752.6000
return_std:              283.7554	target_mean:             -10.3132	td_error_abs:              3.4578	test_all_fires_out_mean:   0.0000
test_ep_length_mean:     100.0000	test_episode_limit_mean:   1.0000	test_mean_fire_level_mean: 22.0102	test_return_mean:        -100.8063
test_return_median:      -106.7000	test_return_std:          40.0135	
[INFO 05:48:59] my_main Recent Stats | t_env:     576286 | Episode:     5766
all_fires_out_mean:        0.0000	entropy_loss:              0.0109	ep_length_mean:          100.0000	episode_limit_mean:        1.0000
epsilon:                   0.0500	grad_norm:               1951.7084	loss:                     64.8606	mean_fire_level_mean:     21.2833
mi_loss:                   0.0200	q_taken_mean:            -10.0531	return_mean:             -773.0440	return_median:           -752.6000
return_std:              283.7554	target_mean:             -10.3132	td_error_abs:              3.4578	test_all_fires_out_mean:   0.0000
test_ep_length_mean:     100.0000	test_episode_limit_mean:   1.0000	test_mean_fire_level_mean: 22.0102	test_return_mean:        -100.8063
test_return_median:      -106.7000	test_return_std:          40.0135	
[INFO 05:49:42] my_main Recent Stats | t_env:     578286 | Episode:     5786
all_fires_out_mean:        0.0000	entropy_loss:              0.0109	ep_length_mean:          100.0000	episode_limit_mean:        1.0000
epsilon:                   0.0500	grad_norm:               1951.7084	loss:                     64.8606	mean_fire_level_mean:     21.2833
mi_loss:                   0.0200	q_taken_mean:            -10.0531	return_mean:             -773.0440	return_median:           -752.6000
return_std:              283.7554	target_mean:             -10.3132	td_error_abs:              3.4578	test_all_fires_out_mean:   0.0000
test_ep_length_mean:     100.0000	test_episode_limit_mean:   1.0000	test_mean_fire_level_mean: 22.0102	test_return_mean:        -100.8063
test_return_median:      -106.7000	test_return_std:          40.0135	
[INFO 05:50:13] my_main Updated target network
[INFO 05:50:24] my_main t_env: 580286 / 2050000
[INFO 05:50:24] my_main Estimated time left: 9 hours, 39 minutes, 23 seconds. Time passed: 3 hours, 45 minutes, 49 seconds
[INFO 05:50:49] my_main Recent Stats | t_env:     580286 | Episode:     5806
all_fires_out_mean:        0.0000	entropy_loss:              0.0109	ep_length_mean:          100.0000	episode_limit_mean:        1.0000
epsilon:                   0.0500	grad_norm:               1951.7084	loss:                     64.8606	mean_fire_level_mean:     21.2427
mi_loss:                   0.0200	q_taken_mean:            -10.0531	return_mean:             -778.6780	return_median:           -755.1000
return_std:              283.9432	target_mean:             -10.3132	td_error_abs:              3.4578	test_all_fires_out_mean:   0.0000
test_ep_length_mean:     100.0000	test_episode_limit_mean:   1.0000	test_mean_fire_level_mean: 21.9318	test_return_mean:        -97.8937
test_return_median:      -104.1000	test_return_std:          38.5644	
[INFO 05:51:31] my_main Recent Stats | t_env:     582286 | Episode:     5826
all_fires_out_mean:        0.0000	entropy_loss:              0.0109	ep_length_mean:          100.0000	episode_limit_mean:        1.0000
epsilon:                   0.0500	grad_norm:               1951.7084	loss:                     64.8606	mean_fire_level_mean:     21.2427
mi_loss:                   0.0200	q_taken_mean:            -10.0531	return_mean:             -778.6780	return_median:           -755.1000
return_std:              283.9432	target_mean:             -10.3132	td_error_abs:              3.4578	test_all_fires_out_mean:   0.0000
test_ep_length_mean:     100.0000	test_episode_limit_mean:   1.0000	test_mean_fire_level_mean: 21.9318	test_return_mean:        -97.8937
test_return_median:      -104.1000	test_return_std:          38.5644	
[INFO 05:52:13] my_main Recent Stats | t_env:     584286 | Episode:     5846
all_fires_out_mean:        0.0000	entropy_loss:              0.0108	ep_length_mean:          100.0000	episode_limit_mean:        1.0000
epsilon:                   0.0500	grad_norm:               1875.1355	loss:                     66.2140	mean_fire_level_mean:     21.2427
mi_loss:                   0.0202	q_taken_mean:             -9.9357	return_mean:             -778.6780	return_median:           -755.1000
return_std:              283.9432	target_mean:             -10.1997	td_error_abs:              3.5068	test_all_fires_out_mean:   0.0000
test_ep_length_mean:     100.0000	test_episode_limit_mean:   1.0000	test_mean_fire_level_mean: 21.9318	test_return_mean:        -97.8937
test_return_median:      -104.1000	test_return_std:          38.5644	
[INFO 05:52:55] my_main Recent Stats | t_env:     586286 | Episode:     5866
all_fires_out_mean:        0.0000	entropy_loss:              0.0108	ep_length_mean:          100.0000	episode_limit_mean:        1.0000
epsilon:                   0.0500	grad_norm:               1875.1355	loss:                     66.2140	mean_fire_level_mean:     21.2427
mi_loss:                   0.0202	q_taken_mean:             -9.9357	return_mean:             -778.6780	return_median:           -755.1000
return_std:              283.9432	target_mean:             -10.1997	td_error_abs:              3.5068	test_all_fires_out_mean:   0.0000
test_ep_length_mean:     100.0000	test_episode_limit_mean:   1.0000	test_mean_fire_level_mean: 21.9318	test_return_mean:        -97.8937
test_return_median:      -104.1000	test_return_std:          38.5644	
[INFO 05:53:38] my_main Recent Stats | t_env:     588286 | Episode:     5886
all_fires_out_mean:        0.0000	entropy_loss:              0.0108	ep_length_mean:          100.0000	episode_limit_mean:        1.0000
epsilon:                   0.0500	grad_norm:               1875.1355	loss:                     66.2140	mean_fire_level_mean:     21.2427
mi_loss:                   0.0202	q_taken_mean:             -9.9357	return_mean:             -778.6780	return_median:           -755.1000
return_std:              283.9432	target_mean:             -10.1997	td_error_abs:              3.5068	test_all_fires_out_mean:   0.0000
test_ep_length_mean:     100.0000	test_episode_limit_mean:   1.0000	test_mean_fire_level_mean: 21.9318	test_return_mean:        -97.8937
test_return_median:      -104.1000	test_return_std:          38.5644	
[INFO 05:54:20] my_main t_env: 590286 / 2050000
[INFO 05:54:20] my_main Estimated time left: 9 hours, 34 minutes, 17 seconds. Time passed: 3 hours, 49 minutes, 45 seconds
[INFO 05:54:45] my_main Recent Stats | t_env:     590286 | Episode:     5906
all_fires_out_mean:        0.0000	entropy_loss:              0.0108	ep_length_mean:          100.0000	episode_limit_mean:        1.0000
epsilon:                   0.0500	grad_norm:               1875.1355	loss:                     66.2140	mean_fire_level_mean:     21.1811
mi_loss:                   0.0202	q_taken_mean:             -9.9357	return_mean:             -779.1080	return_median:           -757.1000
return_std:              285.0124	target_mean:             -10.1997	td_error_abs:              3.5068	test_all_fires_out_mean:   0.0000
test_ep_length_mean:     100.0000	test_episode_limit_mean:   1.0000	test_mean_fire_level_mean: 21.8830	test_return_mean:        -94.9875
test_return_median:      -99.8000	test_return_std:          38.8360	
[INFO 05:55:26] my_main Recent Stats | t_env:     592286 | Episode:     5926
all_fires_out_mean:        0.0000	entropy_loss:              0.0108	ep_length_mean:          100.0000	episode_limit_mean:        1.0000
epsilon:                   0.0500	grad_norm:               1875.1355	loss:                     66.2140	mean_fire_level_mean:     21.1811
mi_loss:                   0.0202	q_taken_mean:             -9.9357	return_mean:             -779.1080	return_median:           -757.1000
return_std:              285.0124	target_mean:             -10.1997	td_error_abs:              3.5068	test_all_fires_out_mean:   0.0000
test_ep_length_mean:     100.0000	test_episode_limit_mean:   1.0000	test_mean_fire_level_mean: 21.8830	test_return_mean:        -94.9875
test_return_median:      -99.8000	test_return_std:          38.8360	
[INFO 05:56:10] my_main Recent Stats | t_env:     594286 | Episode:     5946
all_fires_out_mean:        0.0000	entropy_loss:              0.0106	ep_length_mean:          100.0000	episode_limit_mean:        1.0000
epsilon:                   0.0500	grad_norm:               1736.5358	loss:                     61.9272	mean_fire_level_mean:     21.1811
mi_loss:                   0.0203	q_taken_mean:            -10.1018	return_mean:             -779.1080	return_median:           -757.1000
return_std:              285.0124	target_mean:             -10.3463	td_error_abs:              3.2827	test_all_fires_out_mean:   0.0000
test_ep_length_mean:     100.0000	test_episode_limit_mean:   1.0000	test_mean_fire_level_mean: 21.8830	test_return_mean:        -94.9875
test_return_median:      -99.8000	test_return_std:          38.8360	
[INFO 05:56:52] my_main Recent Stats | t_env:     596286 | Episode:     5966
all_fires_out_mean:        0.0000	entropy_loss:              0.0106	ep_length_mean:          100.0000	episode_limit_mean:        1.0000
epsilon:                   0.0500	grad_norm:               1736.5358	loss:                     61.9272	mean_fire_level_mean:     21.1811
mi_loss:                   0.0203	q_taken_mean:            -10.1018	return_mean:             -779.1080	return_median:           -757.1000
return_std:              285.0124	target_mean:             -10.3463	td_error_abs:              3.2827	test_all_fires_out_mean:   0.0000
test_ep_length_mean:     100.0000	test_episode_limit_mean:   1.0000	test_mean_fire_level_mean: 21.8830	test_return_mean:        -94.9875
test_return_median:      -99.8000	test_return_std:          38.8360	
[INFO 05:57:35] my_main Recent Stats | t_env:     598286 | Episode:     5986
all_fires_out_mean:        0.0000	entropy_loss:              0.0106	ep_length_mean:          100.0000	episode_limit_mean:        1.0000
epsilon:                   0.0500	grad_norm:               1736.5358	loss:                     61.9272	mean_fire_level_mean:     21.1811
mi_loss:                   0.0203	q_taken_mean:            -10.1018	return_mean:             -779.1080	return_median:           -757.1000
return_std:              285.0124	target_mean:             -10.3463	td_error_abs:              3.2827	test_all_fires_out_mean:   0.0000
test_ep_length_mean:     100.0000	test_episode_limit_mean:   1.0000	test_mean_fire_level_mean: 21.8830	test_return_mean:        -94.9875
test_return_median:      -99.8000	test_return_std:          38.8360	
[INFO 05:58:06] my_main Updated target network
[INFO 05:58:16] my_main t_env: 600286 / 2050000
[INFO 05:58:16] my_main Estimated time left: 9 hours, 31 minutes, 33 seconds. Time passed: 3 hours, 53 minutes, 42 seconds
[INFO 05:58:42] my_main Recent Stats | t_env:     600286 | Episode:     6006
all_fires_out_mean:        0.0000	entropy_loss:              0.0106	ep_length_mean:          100.0000	episode_limit_mean:        1.0000
epsilon:                   0.0500	grad_norm:               1736.5358	loss:                     61.9272	mean_fire_level_mean:     21.1671
mi_loss:                   0.0203	q_taken_mean:            -10.1018	return_mean:             -781.0980	return_median:           -758.2000
return_std:              289.8972	target_mean:             -10.3463	td_error_abs:              3.2827	test_all_fires_out_mean:   0.0000
test_ep_length_mean:     100.0000	test_episode_limit_mean:   1.0000	test_mean_fire_level_mean: 22.1244	test_return_mean:        -98.6125
test_return_median:      -101.3000	test_return_std:          38.6615	
[INFO 05:59:24] my_main Recent Stats | t_env:     602286 | Episode:     6026
all_fires_out_mean:        0.0000	entropy_loss:              0.0106	ep_length_mean:          100.0000	episode_limit_mean:        1.0000
epsilon:                   0.0500	grad_norm:               1736.5358	loss:                     61.9272	mean_fire_level_mean:     21.1671
mi_loss:                   0.0203	q_taken_mean:            -10.1018	return_mean:             -781.0980	return_median:           -758.2000
return_std:              289.8972	target_mean:             -10.3463	td_error_abs:              3.2827	test_all_fires_out_mean:   0.0000
test_ep_length_mean:     100.0000	test_episode_limit_mean:   1.0000	test_mean_fire_level_mean: 22.1244	test_return_mean:        -98.6125
test_return_median:      -101.3000	test_return_std:          38.6615	
[INFO 06:00:06] my_main Recent Stats | t_env:     604286 | Episode:     6046
all_fires_out_mean:        0.0000	entropy_loss:              0.0106	ep_length_mean:          100.0000	episode_limit_mean:        1.0000
epsilon:                   0.0500	grad_norm:               1912.5867	loss:                     56.2931	mean_fire_level_mean:     21.1671
mi_loss:                   0.0204	q_taken_mean:            -10.5236	return_mean:             -781.0980	return_median:           -758.2000
return_std:              289.8972	target_mean:             -10.7913	td_error_abs:              3.4020	test_all_fires_out_mean:   0.0000
test_ep_length_mean:     100.0000	test_episode_limit_mean:   1.0000	test_mean_fire_level_mean: 22.1244	test_return_mean:        -98.6125
test_return_median:      -101.3000	test_return_std:          38.6615	
[INFO 06:00:49] my_main Recent Stats | t_env:     606286 | Episode:     6066
all_fires_out_mean:        0.0000	entropy_loss:              0.0106	ep_length_mean:          100.0000	episode_limit_mean:        1.0000
epsilon:                   0.0500	grad_norm:               1912.5867	loss:                     56.2931	mean_fire_level_mean:     21.1671
mi_loss:                   0.0204	q_taken_mean:            -10.5236	return_mean:             -781.0980	return_median:           -758.2000
return_std:              289.8972	target_mean:             -10.7913	td_error_abs:              3.4020	test_all_fires_out_mean:   0.0000
test_ep_length_mean:     100.0000	test_episode_limit_mean:   1.0000	test_mean_fire_level_mean: 22.1244	test_return_mean:        -98.6125
test_return_median:      -101.3000	test_return_std:          38.6615	
[INFO 06:01:32] my_main Recent Stats | t_env:     608286 | Episode:     6086
all_fires_out_mean:        0.0000	entropy_loss:              0.0106	ep_length_mean:          100.0000	episode_limit_mean:        1.0000
epsilon:                   0.0500	grad_norm:               1912.5867	loss:                     56.2931	mean_fire_level_mean:     21.1671
mi_loss:                   0.0204	q_taken_mean:            -10.5236	return_mean:             -781.0980	return_median:           -758.2000
return_std:              289.8972	target_mean:             -10.7913	td_error_abs:              3.4020	test_all_fires_out_mean:   0.0000
test_ep_length_mean:     100.0000	test_episode_limit_mean:   1.0000	test_mean_fire_level_mean: 22.1244	test_return_mean:        -98.6125
test_return_median:      -101.3000	test_return_std:          38.6615	
[INFO 06:02:13] my_main t_env: 610286 / 2050000
[INFO 06:02:13] my_main Estimated time left: 9 hours, 27 minutes, 58 seconds. Time passed: 3 hours, 57 minutes, 39 seconds
[INFO 06:02:39] my_main Recent Stats | t_env:     610286 | Episode:     6106
all_fires_out_mean:        0.0000	entropy_loss:              0.0106	ep_length_mean:          100.0000	episode_limit_mean:        1.0000
epsilon:                   0.0500	grad_norm:               1912.5867	loss:                     56.2931	mean_fire_level_mean:     21.2231
mi_loss:                   0.0204	q_taken_mean:            -10.5236	return_mean:             -772.2440	return_median:           -741.7000
return_std:              293.0653	target_mean:             -10.7913	td_error_abs:              3.4020	test_all_fires_out_mean:   0.0000
test_ep_length_mean:     100.0000	test_episode_limit_mean:   1.0000	test_mean_fire_level_mean: 22.1301	test_return_mean:        -98.6562
test_return_median:      -98.6000	test_return_std:          36.7913	
[INFO 06:03:20] my_main Recent Stats | t_env:     612286 | Episode:     6126
all_fires_out_mean:        0.0000	entropy_loss:              0.0106	ep_length_mean:          100.0000	episode_limit_mean:        1.0000
epsilon:                   0.0500	grad_norm:               1912.5867	loss:                     56.2931	mean_fire_level_mean:     21.2231
mi_loss:                   0.0204	q_taken_mean:            -10.5236	return_mean:             -772.2440	return_median:           -741.7000
return_std:              293.0653	target_mean:             -10.7913	td_error_abs:              3.4020	test_all_fires_out_mean:   0.0000
test_ep_length_mean:     100.0000	test_episode_limit_mean:   1.0000	test_mean_fire_level_mean: 22.1301	test_return_mean:        -98.6562
test_return_median:      -98.6000	test_return_std:          36.7913	
[INFO 06:04:01] my_main Recent Stats | t_env:     614286 | Episode:     6146
all_fires_out_mean:        0.0000	entropy_loss:              0.0105	ep_length_mean:          100.0000	episode_limit_mean:        1.0000
epsilon:                   0.0500	grad_norm:               1794.5266	loss:                     60.5417	mean_fire_level_mean:     21.2231
mi_loss:                   0.0205	q_taken_mean:            -10.4113	return_mean:             -772.2440	return_median:           -741.7000
return_std:              293.0653	target_mean:             -10.6610	td_error_abs:              3.1993	test_all_fires_out_mean:   0.0000
test_ep_length_mean:     100.0000	test_episode_limit_mean:   1.0000	test_mean_fire_level_mean: 22.1301	test_return_mean:        -98.6562
test_return_median:      -98.6000	test_return_std:          36.7913	
[INFO 06:04:43] my_main Recent Stats | t_env:     616286 | Episode:     6166
all_fires_out_mean:        0.0000	entropy_loss:              0.0105	ep_length_mean:          100.0000	episode_limit_mean:        1.0000
epsilon:                   0.0500	grad_norm:               1794.5266	loss:                     60.5417	mean_fire_level_mean:     21.2231
mi_loss:                   0.0205	q_taken_mean:            -10.4113	return_mean:             -772.2440	return_median:           -741.7000
return_std:              293.0653	target_mean:             -10.6610	td_error_abs:              3.1993	test_all_fires_out_mean:   0.0000
test_ep_length_mean:     100.0000	test_episode_limit_mean:   1.0000	test_mean_fire_level_mean: 22.1301	test_return_mean:        -98.6562
test_return_median:      -98.6000	test_return_std:          36.7913	
[INFO 06:05:27] my_main Recent Stats | t_env:     618286 | Episode:     6186
all_fires_out_mean:        0.0000	entropy_loss:              0.0105	ep_length_mean:          100.0000	episode_limit_mean:        1.0000
epsilon:                   0.0500	grad_norm:               1794.5266	loss:                     60.5417	mean_fire_level_mean:     21.2231
mi_loss:                   0.0205	q_taken_mean:            -10.4113	return_mean:             -772.2440	return_median:           -741.7000
return_std:              293.0653	target_mean:             -10.6610	td_error_abs:              3.1993	test_all_fires_out_mean:   0.0000
test_ep_length_mean:     100.0000	test_episode_limit_mean:   1.0000	test_mean_fire_level_mean: 22.1301	test_return_mean:        -98.6562
test_return_median:      -98.6000	test_return_std:          36.7913	
[INFO 06:05:58] my_main Updated target network
[INFO 06:06:07] my_main t_env: 620286 / 2050000
[INFO 06:06:07] my_main Estimated time left: 9 hours, 17 minutes, 8 seconds. Time passed: 4 hours, 1 minutes, 32 seconds
[INFO 06:06:30] my_main Recent Stats | t_env:     620286 | Episode:     6206
all_fires_out_mean:        0.0000	entropy_loss:              0.0105	ep_length_mean:          100.0000	episode_limit_mean:        1.0000
epsilon:                   0.0500	grad_norm:               1794.5266	loss:                     60.5417	mean_fire_level_mean:     21.1005
mi_loss:                   0.0205	q_taken_mean:            -10.4113	return_mean:             -766.2360	return_median:           -736.5000
return_std:              282.2915	target_mean:             -10.6610	td_error_abs:              3.1993	test_all_fires_out_mean:   0.0000
test_ep_length_mean:     100.0000	test_episode_limit_mean:   1.0000	test_mean_fire_level_mean: 22.0977	test_return_mean:        -96.7062
test_return_median:      -95.4000	test_return_std:          38.9346	
[INFO 06:07:12] my_main Recent Stats | t_env:     622286 | Episode:     6226
all_fires_out_mean:        0.0000	entropy_loss:              0.0105	ep_length_mean:          100.0000	episode_limit_mean:        1.0000
epsilon:                   0.0500	grad_norm:               1794.5266	loss:                     60.5417	mean_fire_level_mean:     21.1005
mi_loss:                   0.0205	q_taken_mean:            -10.4113	return_mean:             -766.2360	return_median:           -736.5000
return_std:              282.2915	target_mean:             -10.6610	td_error_abs:              3.1993	test_all_fires_out_mean:   0.0000
test_ep_length_mean:     100.0000	test_episode_limit_mean:   1.0000	test_mean_fire_level_mean: 22.0977	test_return_mean:        -96.7062
test_return_median:      -95.4000	test_return_std:          38.9346	
[INFO 06:07:54] my_main Recent Stats | t_env:     624286 | Episode:     6246
all_fires_out_mean:        0.0000	entropy_loss:              0.0105	ep_length_mean:          100.0000	episode_limit_mean:        1.0000
epsilon:                   0.0500	grad_norm:               1821.0857	loss:                     57.1646	mean_fire_level_mean:     21.1005
mi_loss:                   0.0207	q_taken_mean:            -10.5658	return_mean:             -766.2360	return_median:           -736.5000
return_std:              282.2915	target_mean:             -10.8192	td_error_abs:              3.2255	test_all_fires_out_mean:   0.0000
test_ep_length_mean:     100.0000	test_episode_limit_mean:   1.0000	test_mean_fire_level_mean: 22.0977	test_return_mean:        -96.7062
test_return_median:      -95.4000	test_return_std:          38.9346	
[INFO 06:08:36] my_main Recent Stats | t_env:     626286 | Episode:     6266
all_fires_out_mean:        0.0000	entropy_loss:              0.0105	ep_length_mean:          100.0000	episode_limit_mean:        1.0000
epsilon:                   0.0500	grad_norm:               1821.0857	loss:                     57.1646	mean_fire_level_mean:     21.1005
mi_loss:                   0.0207	q_taken_mean:            -10.5658	return_mean:             -766.2360	return_median:           -736.5000
return_std:              282.2915	target_mean:             -10.8192	td_error_abs:              3.2255	test_all_fires_out_mean:   0.0000
test_ep_length_mean:     100.0000	test_episode_limit_mean:   1.0000	test_mean_fire_level_mean: 22.0977	test_return_mean:        -96.7062
test_return_median:      -95.4000	test_return_std:          38.9346	
[INFO 06:09:19] my_main Recent Stats | t_env:     628286 | Episode:     6286
all_fires_out_mean:        0.0000	entropy_loss:              0.0105	ep_length_mean:          100.0000	episode_limit_mean:        1.0000
epsilon:                   0.0500	grad_norm:               1821.0857	loss:                     57.1646	mean_fire_level_mean:     21.1005
mi_loss:                   0.0207	q_taken_mean:            -10.5658	return_mean:             -766.2360	return_median:           -736.5000
return_std:              282.2915	target_mean:             -10.8192	td_error_abs:              3.2255	test_all_fires_out_mean:   0.0000
test_ep_length_mean:     100.0000	test_episode_limit_mean:   1.0000	test_mean_fire_level_mean: 22.0977	test_return_mean:        -96.7062
test_return_median:      -95.4000	test_return_std:          38.9346	
[INFO 06:10:01] my_main t_env: 630286 / 2050000
[INFO 06:10:01] my_main Estimated time left: 9 hours, 14 minutes, 51 seconds. Time passed: 4 hours, 5 minutes, 27 seconds
[INFO 06:10:27] my_main Recent Stats | t_env:     630286 | Episode:     6306
all_fires_out_mean:        0.0000	entropy_loss:              0.0105	ep_length_mean:          100.0000	episode_limit_mean:        1.0000
epsilon:                   0.0500	grad_norm:               1821.0857	loss:                     57.1646	mean_fire_level_mean:     21.0545
mi_loss:                   0.0207	q_taken_mean:            -10.5658	return_mean:             -765.9760	return_median:           -741.1000
return_std:              289.4194	target_mean:             -10.8192	td_error_abs:              3.2255	test_all_fires_out_mean:   0.0000
test_ep_length_mean:     100.0000	test_episode_limit_mean:   1.0000	test_mean_fire_level_mean: 22.1955	test_return_mean:        -97.8500
test_return_median:      -94.7000	test_return_std:          38.4197	
[INFO 06:11:08] my_main Recent Stats | t_env:     632286 | Episode:     6326
all_fires_out_mean:        0.0000	entropy_loss:              0.0105	ep_length_mean:          100.0000	episode_limit_mean:        1.0000
epsilon:                   0.0500	grad_norm:               1821.0857	loss:                     57.1646	mean_fire_level_mean:     21.0545
mi_loss:                   0.0207	q_taken_mean:            -10.5658	return_mean:             -765.9760	return_median:           -741.1000
return_std:              289.4194	target_mean:             -10.8192	td_error_abs:              3.2255	test_all_fires_out_mean:   0.0000
test_ep_length_mean:     100.0000	test_episode_limit_mean:   1.0000	test_mean_fire_level_mean: 22.1955	test_return_mean:        -97.8500
test_return_median:      -94.7000	test_return_std:          38.4197	
[INFO 06:11:51] my_main Recent Stats | t_env:     634286 | Episode:     6346
all_fires_out_mean:        0.0000	entropy_loss:              0.0104	ep_length_mean:          100.0000	episode_limit_mean:        1.0000
epsilon:                   0.0500	grad_norm:               1756.3743	loss:                     45.4550	mean_fire_level_mean:     21.0545
mi_loss:                   0.0209	q_taken_mean:            -10.4748	return_mean:             -765.9760	return_median:           -741.1000
return_std:              289.4194	target_mean:             -10.7138	td_error_abs:              2.9948	test_all_fires_out_mean:   0.0000
test_ep_length_mean:     100.0000	test_episode_limit_mean:   1.0000	test_mean_fire_level_mean: 22.1955	test_return_mean:        -97.8500
test_return_median:      -94.7000	test_return_std:          38.4197	
[INFO 06:12:33] my_main Recent Stats | t_env:     636286 | Episode:     6366
all_fires_out_mean:        0.0000	entropy_loss:              0.0104	ep_length_mean:          100.0000	episode_limit_mean:        1.0000
epsilon:                   0.0500	grad_norm:               1756.3743	loss:                     45.4550	mean_fire_level_mean:     21.0545
mi_loss:                   0.0209	q_taken_mean:            -10.4748	return_mean:             -765.9760	return_median:           -741.1000
return_std:              289.4194	target_mean:             -10.7138	td_error_abs:              2.9948	test_all_fires_out_mean:   0.0000
test_ep_length_mean:     100.0000	test_episode_limit_mean:   1.0000	test_mean_fire_level_mean: 22.1955	test_return_mean:        -97.8500
test_return_median:      -94.7000	test_return_std:          38.4197	
[INFO 06:13:16] my_main Recent Stats | t_env:     638286 | Episode:     6386
all_fires_out_mean:        0.0000	entropy_loss:              0.0104	ep_length_mean:          100.0000	episode_limit_mean:        1.0000
epsilon:                   0.0500	grad_norm:               1756.3743	loss:                     45.4550	mean_fire_level_mean:     21.0545
mi_loss:                   0.0209	q_taken_mean:            -10.4748	return_mean:             -765.9760	return_median:           -741.1000
return_std:              289.4194	target_mean:             -10.7138	td_error_abs:              2.9948	test_all_fires_out_mean:   0.0000
test_ep_length_mean:     100.0000	test_episode_limit_mean:   1.0000	test_mean_fire_level_mean: 22.1955	test_return_mean:        -97.8500
test_return_median:      -94.7000	test_return_std:          38.4197	
[INFO 06:13:47] my_main Updated target network
[INFO 06:13:58] my_main t_env: 640286 / 2050000
[INFO 06:13:58] my_main Estimated time left: 9 hours, 15 minutes, 1 seconds. Time passed: 4 hours, 9 minutes, 23 seconds
[INFO 06:14:23] my_main Recent Stats | t_env:     640286 | Episode:     6406
all_fires_out_mean:        0.0000	entropy_loss:              0.0104	ep_length_mean:          100.0000	episode_limit_mean:        1.0000
epsilon:                   0.0500	grad_norm:               1756.3743	loss:                     45.4550	mean_fire_level_mean:     20.9447
mi_loss:                   0.0209	q_taken_mean:            -10.4748	return_mean:             -753.2800	return_median:           -730.6000
return_std:              283.8200	target_mean:             -10.7138	td_error_abs:              2.9948	test_all_fires_out_mean:   0.0000
test_ep_length_mean:     100.0000	test_episode_limit_mean:   1.0000	test_mean_fire_level_mean: 22.2784	test_return_mean:        -99.8438
test_return_median:      -96.1000	test_return_std:          39.7075	
[INFO 06:15:05] my_main Recent Stats | t_env:     642286 | Episode:     6426
all_fires_out_mean:        0.0000	entropy_loss:              0.0104	ep_length_mean:          100.0000	episode_limit_mean:        1.0000
epsilon:                   0.0500	grad_norm:               1756.3743	loss:                     45.4550	mean_fire_level_mean:     20.9447
mi_loss:                   0.0209	q_taken_mean:            -10.4748	return_mean:             -753.2800	return_median:           -730.6000
return_std:              283.8200	target_mean:             -10.7138	td_error_abs:              2.9948	test_all_fires_out_mean:   0.0000
test_ep_length_mean:     100.0000	test_episode_limit_mean:   1.0000	test_mean_fire_level_mean: 22.2784	test_return_mean:        -99.8438
test_return_median:      -96.1000	test_return_std:          39.7075	
[INFO 06:15:47] my_main Recent Stats | t_env:     644286 | Episode:     6446
all_fires_out_mean:        0.0000	entropy_loss:              0.0103	ep_length_mean:          100.0000	episode_limit_mean:        1.0000
epsilon:                   0.0500	grad_norm:               1818.7926	loss:                     44.6179	mean_fire_level_mean:     20.9447
mi_loss:                   0.0210	q_taken_mean:            -10.4132	return_mean:             -753.2800	return_median:           -730.6000
return_std:              283.8200	target_mean:             -10.6604	td_error_abs:              3.0448	test_all_fires_out_mean:   0.0000
test_ep_length_mean:     100.0000	test_episode_limit_mean:   1.0000	test_mean_fire_level_mean: 22.2784	test_return_mean:        -99.8438
test_return_median:      -96.1000	test_return_std:          39.7075	
[INFO 06:16:30] my_main Recent Stats | t_env:     646286 | Episode:     6466
all_fires_out_mean:        0.0000	entropy_loss:              0.0103	ep_length_mean:          100.0000	episode_limit_mean:        1.0000
epsilon:                   0.0500	grad_norm:               1818.7926	loss:                     44.6179	mean_fire_level_mean:     20.9447
mi_loss:                   0.0210	q_taken_mean:            -10.4132	return_mean:             -753.2800	return_median:           -730.6000
return_std:              283.8200	target_mean:             -10.6604	td_error_abs:              3.0448	test_all_fires_out_mean:   0.0000
test_ep_length_mean:     100.0000	test_episode_limit_mean:   1.0000	test_mean_fire_level_mean: 22.2784	test_return_mean:        -99.8438
test_return_median:      -96.1000	test_return_std:          39.7075	
[INFO 06:17:11] my_main Recent Stats | t_env:     648286 | Episode:     6486
all_fires_out_mean:        0.0000	entropy_loss:              0.0103	ep_length_mean:          100.0000	episode_limit_mean:        1.0000
epsilon:                   0.0500	grad_norm:               1818.7926	loss:                     44.6179	mean_fire_level_mean:     20.9447
mi_loss:                   0.0210	q_taken_mean:            -10.4132	return_mean:             -753.2800	return_median:           -730.6000
return_std:              283.8200	target_mean:             -10.6604	td_error_abs:              3.0448	test_all_fires_out_mean:   0.0000
test_ep_length_mean:     100.0000	test_episode_limit_mean:   1.0000	test_mean_fire_level_mean: 22.2784	test_return_mean:        -99.8438
test_return_median:      -96.1000	test_return_std:          39.7075	
[INFO 06:17:53] my_main t_env: 650286 / 2050000
[INFO 06:17:53] my_main Estimated time left: 9 hours, 9 minutes, 42 seconds. Time passed: 4 hours, 13 minutes, 19 seconds
[INFO 06:18:19] my_main Recent Stats | t_env:     650286 | Episode:     6506
all_fires_out_mean:        0.0000	entropy_loss:              0.0103	ep_length_mean:          100.0000	episode_limit_mean:        1.0000
epsilon:                   0.0500	grad_norm:               1818.7926	loss:                     44.6179	mean_fire_level_mean:     21.0775
mi_loss:                   0.0210	q_taken_mean:            -10.4132	return_mean:             -763.2060	return_median:           -738.1000
return_std:              278.4423	target_mean:             -10.6604	td_error_abs:              3.0448	test_all_fires_out_mean:   0.0000
test_ep_length_mean:     100.0000	test_episode_limit_mean:   1.0000	test_mean_fire_level_mean: 22.2858	test_return_mean:        -97.9938
test_return_median:      -94.6000	test_return_std:          38.8071	
[INFO 06:19:00] my_main Recent Stats | t_env:     652286 | Episode:     6526
all_fires_out_mean:        0.0000	entropy_loss:              0.0103	ep_length_mean:          100.0000	episode_limit_mean:        1.0000
epsilon:                   0.0500	grad_norm:               1818.7926	loss:                     44.6179	mean_fire_level_mean:     21.0775
mi_loss:                   0.0210	q_taken_mean:            -10.4132	return_mean:             -763.2060	return_median:           -738.1000
return_std:              278.4423	target_mean:             -10.6604	td_error_abs:              3.0448	test_all_fires_out_mean:   0.0000
test_ep_length_mean:     100.0000	test_episode_limit_mean:   1.0000	test_mean_fire_level_mean: 22.2858	test_return_mean:        -97.9938
test_return_median:      -94.6000	test_return_std:          38.8071	
[INFO 06:19:43] my_main Recent Stats | t_env:     654286 | Episode:     6546
all_fires_out_mean:        0.0000	entropy_loss:              0.0103	ep_length_mean:          100.0000	episode_limit_mean:        1.0000
epsilon:                   0.0500	grad_norm:               1537.6481	loss:                     51.6262	mean_fire_level_mean:     21.0775
mi_loss:                   0.0211	q_taken_mean:            -10.3508	return_mean:             -763.2060	return_median:           -738.1000
return_std:              278.4423	target_mean:             -10.5641	td_error_abs:              2.8084	test_all_fires_out_mean:   0.0000
test_ep_length_mean:     100.0000	test_episode_limit_mean:   1.0000	test_mean_fire_level_mean: 22.2858	test_return_mean:        -97.9938
test_return_median:      -94.6000	test_return_std:          38.8071	
[INFO 06:20:25] my_main Recent Stats | t_env:     656286 | Episode:     6566
all_fires_out_mean:        0.0000	entropy_loss:              0.0103	ep_length_mean:          100.0000	episode_limit_mean:        1.0000
epsilon:                   0.0500	grad_norm:               1537.6481	loss:                     51.6262	mean_fire_level_mean:     21.0775
mi_loss:                   0.0211	q_taken_mean:            -10.3508	return_mean:             -763.2060	return_median:           -738.1000
return_std:              278.4423	target_mean:             -10.5641	td_error_abs:              2.8084	test_all_fires_out_mean:   0.0000
test_ep_length_mean:     100.0000	test_episode_limit_mean:   1.0000	test_mean_fire_level_mean: 22.2858	test_return_mean:        -97.9938
test_return_median:      -94.6000	test_return_std:          38.8071	
[INFO 06:21:07] my_main Recent Stats | t_env:     658286 | Episode:     6586
all_fires_out_mean:        0.0000	entropy_loss:              0.0103	ep_length_mean:          100.0000	episode_limit_mean:        1.0000
epsilon:                   0.0500	grad_norm:               1537.6481	loss:                     51.6262	mean_fire_level_mean:     21.0775
mi_loss:                   0.0211	q_taken_mean:            -10.3508	return_mean:             -763.2060	return_median:           -738.1000
return_std:              278.4423	target_mean:             -10.5641	td_error_abs:              2.8084	test_all_fires_out_mean:   0.0000
test_ep_length_mean:     100.0000	test_episode_limit_mean:   1.0000	test_mean_fire_level_mean: 22.2858	test_return_mean:        -97.9938
test_return_median:      -94.6000	test_return_std:          38.8071	
[INFO 06:21:39] my_main Updated target network
[INFO 06:21:49] my_main t_env: 660286 / 2050000
[INFO 06:21:49] my_main Estimated time left: 9 hours, 6 minutes, 7 seconds. Time passed: 4 hours, 17 minutes, 14 seconds
[INFO 06:22:14] my_main Recent Stats | t_env:     660286 | Episode:     6606
all_fires_out_mean:        0.0000	entropy_loss:              0.0103	ep_length_mean:          100.0000	episode_limit_mean:        1.0000
epsilon:                   0.0500	grad_norm:               1537.6481	loss:                     51.6262	mean_fire_level_mean:     21.1016
mi_loss:                   0.0211	q_taken_mean:            -10.3508	return_mean:             -766.1300	return_median:           -734.9000
return_std:              280.1488	target_mean:             -10.5641	td_error_abs:              2.8084	test_all_fires_out_mean:   0.0000
test_ep_length_mean:     100.0000	test_episode_limit_mean:   1.0000	test_mean_fire_level_mean: 22.4045	test_return_mean:        -98.2687
test_return_median:      -94.6000	test_return_std:          41.0140	
[INFO 06:22:55] my_main Recent Stats | t_env:     662286 | Episode:     6626
all_fires_out_mean:        0.0000	entropy_loss:              0.0103	ep_length_mean:          100.0000	episode_limit_mean:        1.0000
epsilon:                   0.0500	grad_norm:               1537.6481	loss:                     51.6262	mean_fire_level_mean:     21.1016
mi_loss:                   0.0211	q_taken_mean:            -10.3508	return_mean:             -766.1300	return_median:           -734.9000
return_std:              280.1488	target_mean:             -10.5641	td_error_abs:              2.8084	test_all_fires_out_mean:   0.0000
test_ep_length_mean:     100.0000	test_episode_limit_mean:   1.0000	test_mean_fire_level_mean: 22.4045	test_return_mean:        -98.2687
test_return_median:      -94.6000	test_return_std:          41.0140	
[INFO 06:23:38] my_main Recent Stats | t_env:     664286 | Episode:     6646
all_fires_out_mean:        0.0000	entropy_loss:              0.0101	ep_length_mean:          100.0000	episode_limit_mean:        1.0000
epsilon:                   0.0500	grad_norm:               1573.6858	loss:                     44.7202	mean_fire_level_mean:     21.1016
mi_loss:                   0.0213	q_taken_mean:            -10.5299	return_mean:             -766.1300	return_median:           -734.9000
return_std:              280.1488	target_mean:             -10.7546	td_error_abs:              2.8954	test_all_fires_out_mean:   0.0000
test_ep_length_mean:     100.0000	test_episode_limit_mean:   1.0000	test_mean_fire_level_mean: 22.4045	test_return_mean:        -98.2687
test_return_median:      -94.6000	test_return_std:          41.0140	
[INFO 06:24:20] my_main Recent Stats | t_env:     666286 | Episode:     6666
all_fires_out_mean:        0.0000	entropy_loss:              0.0101	ep_length_mean:          100.0000	episode_limit_mean:        1.0000
epsilon:                   0.0500	grad_norm:               1573.6858	loss:                     44.7202	mean_fire_level_mean:     21.1016
mi_loss:                   0.0213	q_taken_mean:            -10.5299	return_mean:             -766.1300	return_median:           -734.9000
return_std:              280.1488	target_mean:             -10.7546	td_error_abs:              2.8954	test_all_fires_out_mean:   0.0000
test_ep_length_mean:     100.0000	test_episode_limit_mean:   1.0000	test_mean_fire_level_mean: 22.4045	test_return_mean:        -98.2687
test_return_median:      -94.6000	test_return_std:          41.0140	
[INFO 06:25:03] my_main Recent Stats | t_env:     668286 | Episode:     6686
all_fires_out_mean:        0.0000	entropy_loss:              0.0101	ep_length_mean:          100.0000	episode_limit_mean:        1.0000
epsilon:                   0.0500	grad_norm:               1573.6858	loss:                     44.7202	mean_fire_level_mean:     21.1016
mi_loss:                   0.0213	q_taken_mean:            -10.5299	return_mean:             -766.1300	return_median:           -734.9000
return_std:              280.1488	target_mean:             -10.7546	td_error_abs:              2.8954	test_all_fires_out_mean:   0.0000
test_ep_length_mean:     100.0000	test_episode_limit_mean:   1.0000	test_mean_fire_level_mean: 22.4045	test_return_mean:        -98.2687
test_return_median:      -94.6000	test_return_std:          41.0140	
[INFO 06:25:45] my_main t_env: 670286 / 2050000
[INFO 06:25:45] my_main Estimated time left: 9 hours, 2 minutes, 44 seconds. Time passed: 4 hours, 21 minutes, 11 seconds
[INFO 06:26:10] my_main Recent Stats | t_env:     670286 | Episode:     6706
all_fires_out_mean:        0.0000	entropy_loss:              0.0101	ep_length_mean:          100.0000	episode_limit_mean:        1.0000
epsilon:                   0.0500	grad_norm:               1573.6858	loss:                     44.7202	mean_fire_level_mean:     21.1778
mi_loss:                   0.0213	q_taken_mean:            -10.5299	return_mean:             -770.3980	return_median:           -744.5000
return_std:              283.4543	target_mean:             -10.7546	td_error_abs:              2.8954	test_all_fires_out_mean:   0.0000
test_ep_length_mean:     100.0000	test_episode_limit_mean:   1.0000	test_mean_fire_level_mean: 22.4955	test_return_mean:        -101.8375
test_return_median:      -98.6000	test_return_std:          37.8187	
[INFO 06:26:51] my_main Recent Stats | t_env:     672286 | Episode:     6726
all_fires_out_mean:        0.0000	entropy_loss:              0.0101	ep_length_mean:          100.0000	episode_limit_mean:        1.0000
epsilon:                   0.0500	grad_norm:               1573.6858	loss:                     44.7202	mean_fire_level_mean:     21.1778
mi_loss:                   0.0213	q_taken_mean:            -10.5299	return_mean:             -770.3980	return_median:           -744.5000
return_std:              283.4543	target_mean:             -10.7546	td_error_abs:              2.8954	test_all_fires_out_mean:   0.0000
test_ep_length_mean:     100.0000	test_episode_limit_mean:   1.0000	test_mean_fire_level_mean: 22.4955	test_return_mean:        -101.8375
test_return_median:      -98.6000	test_return_std:          37.8187	
[INFO 06:27:34] my_main Recent Stats | t_env:     674286 | Episode:     6746
all_fires_out_mean:        0.0000	entropy_loss:              0.0102	ep_length_mean:          100.0000	episode_limit_mean:        1.0000
epsilon:                   0.0500	grad_norm:               1437.0734	loss:                     45.2662	mean_fire_level_mean:     21.1778
mi_loss:                   0.0213	q_taken_mean:            -10.6144	return_mean:             -770.3980	return_median:           -744.5000
return_std:              283.4543	target_mean:             -10.8251	td_error_abs:              2.7552	test_all_fires_out_mean:   0.0000
test_ep_length_mean:     100.0000	test_episode_limit_mean:   1.0000	test_mean_fire_level_mean: 22.4955	test_return_mean:        -101.8375
test_return_median:      -98.6000	test_return_std:          37.8187	
[INFO 06:28:17] my_main Recent Stats | t_env:     676286 | Episode:     6766
all_fires_out_mean:        0.0000	entropy_loss:              0.0102	ep_length_mean:          100.0000	episode_limit_mean:        1.0000
epsilon:                   0.0500	grad_norm:               1437.0734	loss:                     45.2662	mean_fire_level_mean:     21.1778
mi_loss:                   0.0213	q_taken_mean:            -10.6144	return_mean:             -770.3980	return_median:           -744.5000
return_std:              283.4543	target_mean:             -10.8251	td_error_abs:              2.7552	test_all_fires_out_mean:   0.0000
test_ep_length_mean:     100.0000	test_episode_limit_mean:   1.0000	test_mean_fire_level_mean: 22.4955	test_return_mean:        -101.8375
test_return_median:      -98.6000	test_return_std:          37.8187	
[INFO 06:29:00] my_main Recent Stats | t_env:     678286 | Episode:     6786
all_fires_out_mean:        0.0000	entropy_loss:              0.0102	ep_length_mean:          100.0000	episode_limit_mean:        1.0000
epsilon:                   0.0500	grad_norm:               1437.0734	loss:                     45.2662	mean_fire_level_mean:     21.1778
mi_loss:                   0.0213	q_taken_mean:            -10.6144	return_mean:             -770.3980	return_median:           -744.5000
return_std:              283.4543	target_mean:             -10.8251	td_error_abs:              2.7552	test_all_fires_out_mean:   0.0000
test_ep_length_mean:     100.0000	test_episode_limit_mean:   1.0000	test_mean_fire_level_mean: 22.4955	test_return_mean:        -101.8375
test_return_median:      -98.6000	test_return_std:          37.8187	
[INFO 06:29:31] my_main Updated target network
[INFO 06:29:41] my_main t_env: 680286 / 2050000
[INFO 06:29:41] my_main Estimated time left: 8 hours, 59 minutes, 10 seconds. Time passed: 4 hours, 25 minutes, 7 seconds
[INFO 06:30:07] my_main Recent Stats | t_env:     680286 | Episode:     6806
all_fires_out_mean:        0.0000	entropy_loss:              0.0102	ep_length_mean:          100.0000	episode_limit_mean:        1.0000
epsilon:                   0.0500	grad_norm:               1437.0734	loss:                     45.2662	mean_fire_level_mean:     21.1858
mi_loss:                   0.0213	q_taken_mean:            -10.6144	return_mean:             -771.5240	return_median:           -743.5000
return_std:              275.7491	target_mean:             -10.8251	td_error_abs:              2.7552	test_all_fires_out_mean:   0.0000
test_ep_length_mean:     100.0000	test_episode_limit_mean:   1.0000	test_mean_fire_level_mean: 22.5466	test_return_mean:        -104.1312
test_return_median:      -101.2000	test_return_std:          37.9066	
[INFO 06:30:48] my_main Recent Stats | t_env:     682286 | Episode:     6826
all_fires_out_mean:        0.0000	entropy_loss:              0.0102	ep_length_mean:          100.0000	episode_limit_mean:        1.0000
epsilon:                   0.0500	grad_norm:               1437.0734	loss:                     45.2662	mean_fire_level_mean:     21.1858
mi_loss:                   0.0213	q_taken_mean:            -10.6144	return_mean:             -771.5240	return_median:           -743.5000
return_std:              275.7491	target_mean:             -10.8251	td_error_abs:              2.7552	test_all_fires_out_mean:   0.0000
test_ep_length_mean:     100.0000	test_episode_limit_mean:   1.0000	test_mean_fire_level_mean: 22.5466	test_return_mean:        -104.1312
test_return_median:      -101.2000	test_return_std:          37.9066	
[INFO 06:31:31] my_main Recent Stats | t_env:     684286 | Episode:     6846
all_fires_out_mean:        0.0000	entropy_loss:              0.0103	ep_length_mean:          100.0000	episode_limit_mean:        1.0000
epsilon:                   0.0500	grad_norm:               1444.0131	loss:                     46.7608	mean_fire_level_mean:     21.1858
mi_loss:                   0.0213	q_taken_mean:            -10.7199	return_mean:             -771.5240	return_median:           -743.5000
return_std:              275.7491	target_mean:             -10.9382	td_error_abs:              2.8249	test_all_fires_out_mean:   0.0000
test_ep_length_mean:     100.0000	test_episode_limit_mean:   1.0000	test_mean_fire_level_mean: 22.5466	test_return_mean:        -104.1312
test_return_median:      -101.2000	test_return_std:          37.9066	
[INFO 06:32:13] my_main Recent Stats | t_env:     686286 | Episode:     6866
all_fires_out_mean:        0.0000	entropy_loss:              0.0103	ep_length_mean:          100.0000	episode_limit_mean:        1.0000
epsilon:                   0.0500	grad_norm:               1444.0131	loss:                     46.7608	mean_fire_level_mean:     21.1858
mi_loss:                   0.0213	q_taken_mean:            -10.7199	return_mean:             -771.5240	return_median:           -743.5000
return_std:              275.7491	target_mean:             -10.9382	td_error_abs:              2.8249	test_all_fires_out_mean:   0.0000
test_ep_length_mean:     100.0000	test_episode_limit_mean:   1.0000	test_mean_fire_level_mean: 22.5466	test_return_mean:        -104.1312
test_return_median:      -101.2000	test_return_std:          37.9066	
[INFO 06:32:56] my_main Recent Stats | t_env:     688286 | Episode:     6886
all_fires_out_mean:        0.0000	entropy_loss:              0.0103	ep_length_mean:          100.0000	episode_limit_mean:        1.0000
epsilon:                   0.0500	grad_norm:               1444.0131	loss:                     46.7608	mean_fire_level_mean:     21.1858
mi_loss:                   0.0213	q_taken_mean:            -10.7199	return_mean:             -771.5240	return_median:           -743.5000
return_std:              275.7491	target_mean:             -10.9382	td_error_abs:              2.8249	test_all_fires_out_mean:   0.0000
test_ep_length_mean:     100.0000	test_episode_limit_mean:   1.0000	test_mean_fire_level_mean: 22.5466	test_return_mean:        -104.1312
test_return_median:      -101.2000	test_return_std:          37.9066	
[INFO 06:33:38] my_main t_env: 690286 / 2050000
[INFO 06:33:38] my_main Estimated time left: 8 hours, 56 minutes, 51 seconds. Time passed: 4 hours, 29 minutes, 4 seconds
[INFO 06:34:04] my_main Recent Stats | t_env:     690286 | Episode:     6906
all_fires_out_mean:        0.0000	entropy_loss:              0.0103	ep_length_mean:          100.0000	episode_limit_mean:        1.0000
epsilon:                   0.0500	grad_norm:               1444.0131	loss:                     46.7608	mean_fire_level_mean:     21.2976
mi_loss:                   0.0213	q_taken_mean:            -10.7199	return_mean:             -781.7520	return_median:           -757.9000
return_std:              276.2445	target_mean:             -10.9382	td_error_abs:              2.8249	test_all_fires_out_mean:   0.0000
test_ep_length_mean:     100.0000	test_episode_limit_mean:   1.0000	test_mean_fire_level_mean: 22.2938	test_return_mean:        -103.6125
test_return_median:      -101.6000	test_return_std:          37.0338	
[INFO 06:34:46] my_main Recent Stats | t_env:     692286 | Episode:     6926
all_fires_out_mean:        0.0000	entropy_loss:              0.0103	ep_length_mean:          100.0000	episode_limit_mean:        1.0000
epsilon:                   0.0500	grad_norm:               1444.0131	loss:                     46.7608	mean_fire_level_mean:     21.2976
mi_loss:                   0.0213	q_taken_mean:            -10.7199	return_mean:             -781.7520	return_median:           -757.9000
return_std:              276.2445	target_mean:             -10.9382	td_error_abs:              2.8249	test_all_fires_out_mean:   0.0000
test_ep_length_mean:     100.0000	test_episode_limit_mean:   1.0000	test_mean_fire_level_mean: 22.2938	test_return_mean:        -103.6125
test_return_median:      -101.6000	test_return_std:          37.0338	
[INFO 06:35:28] my_main Recent Stats | t_env:     694286 | Episode:     6946
all_fires_out_mean:        0.0000	entropy_loss:              0.0103	ep_length_mean:          100.0000	episode_limit_mean:        1.0000
epsilon:                   0.0500	grad_norm:               1372.2628	loss:                     46.6409	mean_fire_level_mean:     21.2976
mi_loss:                   0.0215	q_taken_mean:            -11.0000	return_mean:             -781.7520	return_median:           -757.9000
return_std:              276.2445	target_mean:             -11.2044	td_error_abs:              2.6902	test_all_fires_out_mean:   0.0000
test_ep_length_mean:     100.0000	test_episode_limit_mean:   1.0000	test_mean_fire_level_mean: 22.2938	test_return_mean:        -103.6125
test_return_median:      -101.6000	test_return_std:          37.0338	
[INFO 06:36:09] my_main Recent Stats | t_env:     696286 | Episode:     6966
all_fires_out_mean:        0.0000	entropy_loss:              0.0103	ep_length_mean:          100.0000	episode_limit_mean:        1.0000
epsilon:                   0.0500	grad_norm:               1372.2628	loss:                     46.6409	mean_fire_level_mean:     21.2976
mi_loss:                   0.0215	q_taken_mean:            -11.0000	return_mean:             -781.7520	return_median:           -757.9000
return_std:              276.2445	target_mean:             -11.2044	td_error_abs:              2.6902	test_all_fires_out_mean:   0.0000
test_ep_length_mean:     100.0000	test_episode_limit_mean:   1.0000	test_mean_fire_level_mean: 22.2938	test_return_mean:        -103.6125
test_return_median:      -101.6000	test_return_std:          37.0338	
[INFO 06:36:50] my_main Recent Stats | t_env:     698286 | Episode:     6986
all_fires_out_mean:        0.0000	entropy_loss:              0.0103	ep_length_mean:          100.0000	episode_limit_mean:        1.0000
epsilon:                   0.0500	grad_norm:               1372.2628	loss:                     46.6409	mean_fire_level_mean:     21.2976
mi_loss:                   0.0215	q_taken_mean:            -11.0000	return_mean:             -781.7520	return_median:           -757.9000
return_std:              276.2445	target_mean:             -11.2044	td_error_abs:              2.6902	test_all_fires_out_mean:   0.0000
test_ep_length_mean:     100.0000	test_episode_limit_mean:   1.0000	test_mean_fire_level_mean: 22.2938	test_return_mean:        -103.6125
test_return_median:      -101.6000	test_return_std:          37.0338	
[INFO 06:37:22] my_main Updated target network
[INFO 06:37:31] my_main t_env: 700286 / 2050000
[INFO 06:37:31] my_main Estimated time left: 8 hours, 44 minutes, 41 seconds. Time passed: 4 hours, 32 minutes, 57 seconds
[INFO 06:37:57] my_main Recent Stats | t_env:     700286 | Episode:     7006
all_fires_out_mean:        0.0000	entropy_loss:              0.0103	ep_length_mean:          100.0000	episode_limit_mean:        1.0000
epsilon:                   0.0500	grad_norm:               1372.2628	loss:                     46.6409	mean_fire_level_mean:     21.4084
mi_loss:                   0.0215	q_taken_mean:            -11.0000	return_mean:             -773.6100	return_median:           -751.3000
return_std:              280.2489	target_mean:             -11.2044	td_error_abs:              2.6902	test_all_fires_out_mean:   0.0000
test_ep_length_mean:     100.0000	test_episode_limit_mean:   1.0000	test_mean_fire_level_mean: 21.9960	test_return_mean:        -103.5250
test_return_median:      -100.9000	test_return_std:          38.2351	
[INFO 06:38:39] my_main Recent Stats | t_env:     702286 | Episode:     7026
all_fires_out_mean:        0.0000	entropy_loss:              0.0103	ep_length_mean:          100.0000	episode_limit_mean:        1.0000
epsilon:                   0.0500	grad_norm:               1372.2628	loss:                     46.6409	mean_fire_level_mean:     21.4084
mi_loss:                   0.0215	q_taken_mean:            -11.0000	return_mean:             -773.6100	return_median:           -751.3000
return_std:              280.2489	target_mean:             -11.2044	td_error_abs:              2.6902	test_all_fires_out_mean:   0.0000
test_ep_length_mean:     100.0000	test_episode_limit_mean:   1.0000	test_mean_fire_level_mean: 21.9960	test_return_mean:        -103.5250
test_return_median:      -100.9000	test_return_std:          38.2351	
[INFO 06:39:22] my_main Recent Stats | t_env:     704286 | Episode:     7046
all_fires_out_mean:        0.0000	entropy_loss:              0.0103	ep_length_mean:          100.0000	episode_limit_mean:        1.0000
epsilon:                   0.0500	grad_norm:               1338.5076	loss:                     42.6563	mean_fire_level_mean:     21.4084
mi_loss:                   0.0217	q_taken_mean:            -10.8373	return_mean:             -773.6100	return_median:           -751.3000
return_std:              280.2489	target_mean:             -11.0436	td_error_abs:              2.7123	test_all_fires_out_mean:   0.0000
test_ep_length_mean:     100.0000	test_episode_limit_mean:   1.0000	test_mean_fire_level_mean: 21.9960	test_return_mean:        -103.5250
test_return_median:      -100.9000	test_return_std:          38.2351	
[INFO 06:40:03] my_main Recent Stats | t_env:     706286 | Episode:     7066
all_fires_out_mean:        0.0000	entropy_loss:              0.0103	ep_length_mean:          100.0000	episode_limit_mean:        1.0000
epsilon:                   0.0500	grad_norm:               1338.5076	loss:                     42.6563	mean_fire_level_mean:     21.4084
mi_loss:                   0.0217	q_taken_mean:            -10.8373	return_mean:             -773.6100	return_median:           -751.3000
return_std:              280.2489	target_mean:             -11.0436	td_error_abs:              2.7123	test_all_fires_out_mean:   0.0000
test_ep_length_mean:     100.0000	test_episode_limit_mean:   1.0000	test_mean_fire_level_mean: 21.9960	test_return_mean:        -103.5250
test_return_median:      -100.9000	test_return_std:          38.2351	
[INFO 06:40:46] my_main Recent Stats | t_env:     708286 | Episode:     7086
all_fires_out_mean:        0.0000	entropy_loss:              0.0103	ep_length_mean:          100.0000	episode_limit_mean:        1.0000
epsilon:                   0.0500	grad_norm:               1338.5076	loss:                     42.6563	mean_fire_level_mean:     21.4084
mi_loss:                   0.0217	q_taken_mean:            -10.8373	return_mean:             -773.6100	return_median:           -751.3000
return_std:              280.2489	target_mean:             -11.0436	td_error_abs:              2.7123	test_all_fires_out_mean:   0.0000
test_ep_length_mean:     100.0000	test_episode_limit_mean:   1.0000	test_mean_fire_level_mean: 21.9960	test_return_mean:        -103.5250
test_return_median:      -100.9000	test_return_std:          38.2351	
[INFO 06:41:28] my_main t_env: 710286 / 2050000
[INFO 06:41:28] my_main Estimated time left: 8 hours, 47 minutes, 45 seconds. Time passed: 4 hours, 36 minutes, 53 seconds
[INFO 06:41:53] my_main Recent Stats | t_env:     710286 | Episode:     7106
all_fires_out_mean:        0.0000	entropy_loss:              0.0103	ep_length_mean:          100.0000	episode_limit_mean:        1.0000
epsilon:                   0.0500	grad_norm:               1338.5076	loss:                     42.6563	mean_fire_level_mean:     21.2715
mi_loss:                   0.0217	q_taken_mean:            -10.8373	return_mean:             -764.4560	return_median:           -745.7000
return_std:              278.7848	target_mean:             -11.0436	td_error_abs:              2.7123	test_all_fires_out_mean:   0.0000
test_ep_length_mean:     100.0000	test_episode_limit_mean:   1.0000	test_mean_fire_level_mean: 21.8551	test_return_mean:        -102.5438
test_return_median:      -100.5000	test_return_std:          38.5511	
[INFO 06:42:35] my_main Recent Stats | t_env:     712286 | Episode:     7126
all_fires_out_mean:        0.0000	entropy_loss:              0.0103	ep_length_mean:          100.0000	episode_limit_mean:        1.0000
epsilon:                   0.0500	grad_norm:               1338.5076	loss:                     42.6563	mean_fire_level_mean:     21.2715
mi_loss:                   0.0217	q_taken_mean:            -10.8373	return_mean:             -764.4560	return_median:           -745.7000
return_std:              278.7848	target_mean:             -11.0436	td_error_abs:              2.7123	test_all_fires_out_mean:   0.0000
test_ep_length_mean:     100.0000	test_episode_limit_mean:   1.0000	test_mean_fire_level_mean: 21.8551	test_return_mean:        -102.5438
test_return_median:      -100.5000	test_return_std:          38.5511	
[INFO 06:43:18] my_main Recent Stats | t_env:     714286 | Episode:     7146
all_fires_out_mean:        0.0000	entropy_loss:              0.0104	ep_length_mean:          100.0000	episode_limit_mean:        1.0000
epsilon:                   0.0500	grad_norm:               1234.4995	loss:                     41.7689	mean_fire_level_mean:     21.2715
mi_loss:                   0.0217	q_taken_mean:            -11.0170	return_mean:             -764.4560	return_median:           -745.7000
return_std:              278.7848	target_mean:             -11.2062	td_error_abs:              2.5821	test_all_fires_out_mean:   0.0000
test_ep_length_mean:     100.0000	test_episode_limit_mean:   1.0000	test_mean_fire_level_mean: 21.8551	test_return_mean:        -102.5438
test_return_median:      -100.5000	test_return_std:          38.5511	
[INFO 06:44:00] my_main Recent Stats | t_env:     716286 | Episode:     7166
all_fires_out_mean:        0.0000	entropy_loss:              0.0104	ep_length_mean:          100.0000	episode_limit_mean:        1.0000
epsilon:                   0.0500	grad_norm:               1234.4995	loss:                     41.7689	mean_fire_level_mean:     21.2715
mi_loss:                   0.0217	q_taken_mean:            -11.0170	return_mean:             -764.4560	return_median:           -745.7000
return_std:              278.7848	target_mean:             -11.2062	td_error_abs:              2.5821	test_all_fires_out_mean:   0.0000
test_ep_length_mean:     100.0000	test_episode_limit_mean:   1.0000	test_mean_fire_level_mean: 21.8551	test_return_mean:        -102.5438
test_return_median:      -100.5000	test_return_std:          38.5511	
[INFO 06:44:43] my_main Recent Stats | t_env:     718286 | Episode:     7186
all_fires_out_mean:        0.0000	entropy_loss:              0.0104	ep_length_mean:          100.0000	episode_limit_mean:        1.0000
epsilon:                   0.0500	grad_norm:               1234.4995	loss:                     41.7689	mean_fire_level_mean:     21.2715
mi_loss:                   0.0217	q_taken_mean:            -11.0170	return_mean:             -764.4560	return_median:           -745.7000
return_std:              278.7848	target_mean:             -11.2062	td_error_abs:              2.5821	test_all_fires_out_mean:   0.0000
test_ep_length_mean:     100.0000	test_episode_limit_mean:   1.0000	test_mean_fire_level_mean: 21.8551	test_return_mean:        -102.5438
test_return_median:      -100.5000	test_return_std:          38.5511	
[INFO 06:45:15] my_main Updated target network
[INFO 06:45:25] my_main t_env: 720286 / 2050000
[INFO 06:45:25] my_main Estimated time left: 8 hours, 45 minutes, 33 seconds. Time passed: 4 hours, 40 minutes, 50 seconds
[INFO 06:45:50] my_main Recent Stats | t_env:     720286 | Episode:     7206
all_fires_out_mean:        0.0000	entropy_loss:              0.0104	ep_length_mean:          100.0000	episode_limit_mean:        1.0000
epsilon:                   0.0500	grad_norm:               1234.4995	loss:                     41.7689	mean_fire_level_mean:     21.0302
mi_loss:                   0.0217	q_taken_mean:            -11.0170	return_mean:             -750.9760	return_median:           -720.3000
return_std:              277.2883	target_mean:             -11.2062	td_error_abs:              2.5821	test_all_fires_out_mean:   0.0000
test_ep_length_mean:     100.0000	test_episode_limit_mean:   1.0000	test_mean_fire_level_mean: 21.6199	test_return_mean:        -104.3750
test_return_median:      -104.6000	test_return_std:          39.9025	
[INFO 06:46:32] my_main Recent Stats | t_env:     722286 | Episode:     7226
all_fires_out_mean:        0.0000	entropy_loss:              0.0104	ep_length_mean:          100.0000	episode_limit_mean:        1.0000
epsilon:                   0.0500	grad_norm:               1234.4995	loss:                     41.7689	mean_fire_level_mean:     21.0302
mi_loss:                   0.0217	q_taken_mean:            -11.0170	return_mean:             -750.9760	return_median:           -720.3000
return_std:              277.2883	target_mean:             -11.2062	td_error_abs:              2.5821	test_all_fires_out_mean:   0.0000
test_ep_length_mean:     100.0000	test_episode_limit_mean:   1.0000	test_mean_fire_level_mean: 21.6199	test_return_mean:        -104.3750
test_return_median:      -104.6000	test_return_std:          39.9025	
[INFO 06:47:13] my_main Recent Stats | t_env:     724286 | Episode:     7246
all_fires_out_mean:        0.0000	entropy_loss:              0.0104	ep_length_mean:          100.0000	episode_limit_mean:        1.0000
epsilon:                   0.0500	grad_norm:               1387.1389	loss:                     46.5720	mean_fire_level_mean:     21.0302
mi_loss:                   0.0218	q_taken_mean:            -11.2242	return_mean:             -750.9760	return_median:           -720.3000
return_std:              277.2883	target_mean:             -11.4386	td_error_abs:              2.8540	test_all_fires_out_mean:   0.0000
test_ep_length_mean:     100.0000	test_episode_limit_mean:   1.0000	test_mean_fire_level_mean: 21.6199	test_return_mean:        -104.3750
test_return_median:      -104.6000	test_return_std:          39.9025	
[INFO 06:47:56] my_main Recent Stats | t_env:     726286 | Episode:     7266
all_fires_out_mean:        0.0000	entropy_loss:              0.0104	ep_length_mean:          100.0000	episode_limit_mean:        1.0000
epsilon:                   0.0500	grad_norm:               1387.1389	loss:                     46.5720	mean_fire_level_mean:     21.0302
mi_loss:                   0.0218	q_taken_mean:            -11.2242	return_mean:             -750.9760	return_median:           -720.3000
return_std:              277.2883	target_mean:             -11.4386	td_error_abs:              2.8540	test_all_fires_out_mean:   0.0000
test_ep_length_mean:     100.0000	test_episode_limit_mean:   1.0000	test_mean_fire_level_mean: 21.6199	test_return_mean:        -104.3750
test_return_median:      -104.6000	test_return_std:          39.9025	
[INFO 06:48:39] my_main Recent Stats | t_env:     728286 | Episode:     7286
all_fires_out_mean:        0.0000	entropy_loss:              0.0104	ep_length_mean:          100.0000	episode_limit_mean:        1.0000
epsilon:                   0.0500	grad_norm:               1387.1389	loss:                     46.5720	mean_fire_level_mean:     21.0302
mi_loss:                   0.0218	q_taken_mean:            -11.2242	return_mean:             -750.9760	return_median:           -720.3000
return_std:              277.2883	target_mean:             -11.4386	td_error_abs:              2.8540	test_all_fires_out_mean:   0.0000
test_ep_length_mean:     100.0000	test_episode_limit_mean:   1.0000	test_mean_fire_level_mean: 21.6199	test_return_mean:        -104.3750
test_return_median:      -104.6000	test_return_std:          39.9025	
[INFO 06:49:21] my_main t_env: 730286 / 2050000
[INFO 06:49:21] my_main Estimated time left: 8 hours, 39 minutes, 13 seconds. Time passed: 4 hours, 44 minutes, 46 seconds
[INFO 06:49:47] my_main Recent Stats | t_env:     730286 | Episode:     7306
all_fires_out_mean:        0.0000	entropy_loss:              0.0104	ep_length_mean:          100.0000	episode_limit_mean:        1.0000
epsilon:                   0.0500	grad_norm:               1387.1389	loss:                     46.5720	mean_fire_level_mean:     20.9804
mi_loss:                   0.0218	q_taken_mean:            -11.2242	return_mean:             -752.5240	return_median:           -726.7000
return_std:              278.9321	target_mean:             -11.4386	td_error_abs:              2.8540	test_all_fires_out_mean:   0.0000
test_ep_length_mean:     100.0000	test_episode_limit_mean:   1.0000	test_mean_fire_level_mean: 21.7085	test_return_mean:        -105.0250
test_return_median:      -105.4000	test_return_std:          41.0871	
[INFO 06:50:29] my_main Recent Stats | t_env:     732286 | Episode:     7326
all_fires_out_mean:        0.0000	entropy_loss:              0.0104	ep_length_mean:          100.0000	episode_limit_mean:        1.0000
epsilon:                   0.0500	grad_norm:               1387.1389	loss:                     46.5720	mean_fire_level_mean:     20.9804
mi_loss:                   0.0218	q_taken_mean:            -11.2242	return_mean:             -752.5240	return_median:           -726.7000
return_std:              278.9321	target_mean:             -11.4386	td_error_abs:              2.8540	test_all_fires_out_mean:   0.0000
test_ep_length_mean:     100.0000	test_episode_limit_mean:   1.0000	test_mean_fire_level_mean: 21.7085	test_return_mean:        -105.0250
test_return_median:      -105.4000	test_return_std:          41.0871	
[INFO 06:51:12] my_main Recent Stats | t_env:     734286 | Episode:     7346
all_fires_out_mean:        0.0000	entropy_loss:              0.0103	ep_length_mean:          100.0000	episode_limit_mean:        1.0000
epsilon:                   0.0500	grad_norm:               1280.4358	loss:                     44.2542	mean_fire_level_mean:     20.9804
mi_loss:                   0.0219	q_taken_mean:            -11.5669	return_mean:             -752.5240	return_median:           -726.7000
return_std:              278.9321	target_mean:             -11.7652	td_error_abs:              2.7110	test_all_fires_out_mean:   0.0000
test_ep_length_mean:     100.0000	test_episode_limit_mean:   1.0000	test_mean_fire_level_mean: 21.7085	test_return_mean:        -105.0250
test_return_median:      -105.4000	test_return_std:          41.0871	
[INFO 06:51:55] my_main Recent Stats | t_env:     736286 | Episode:     7366
all_fires_out_mean:        0.0000	entropy_loss:              0.0103	ep_length_mean:          100.0000	episode_limit_mean:        1.0000
epsilon:                   0.0500	grad_norm:               1280.4358	loss:                     44.2542	mean_fire_level_mean:     20.9804
mi_loss:                   0.0219	q_taken_mean:            -11.5669	return_mean:             -752.5240	return_median:           -726.7000
return_std:              278.9321	target_mean:             -11.7652	td_error_abs:              2.7110	test_all_fires_out_mean:   0.0000
test_ep_length_mean:     100.0000	test_episode_limit_mean:   1.0000	test_mean_fire_level_mean: 21.7085	test_return_mean:        -105.0250
test_return_median:      -105.4000	test_return_std:          41.0871	
[INFO 06:52:37] my_main Recent Stats | t_env:     738286 | Episode:     7386
all_fires_out_mean:        0.0000	entropy_loss:              0.0103	ep_length_mean:          100.0000	episode_limit_mean:        1.0000
epsilon:                   0.0500	grad_norm:               1280.4358	loss:                     44.2542	mean_fire_level_mean:     20.9804
mi_loss:                   0.0219	q_taken_mean:            -11.5669	return_mean:             -752.5240	return_median:           -726.7000
return_std:              278.9321	target_mean:             -11.7652	td_error_abs:              2.7110	test_all_fires_out_mean:   0.0000
test_ep_length_mean:     100.0000	test_episode_limit_mean:   1.0000	test_mean_fire_level_mean: 21.7085	test_return_mean:        -105.0250
test_return_median:      -105.4000	test_return_std:          41.0871	
[INFO 06:53:09] my_main Updated target network
[INFO 06:53:19] my_main t_env: 740286 / 2050000
[INFO 06:53:19] my_main Estimated time left: 8 hours, 39 minutes, 52 seconds. Time passed: 4 hours, 48 minutes, 45 seconds
[INFO 06:53:45] my_main Recent Stats | t_env:     740286 | Episode:     7406
all_fires_out_mean:        0.0000	entropy_loss:              0.0103	ep_length_mean:          100.0000	episode_limit_mean:        1.0000
epsilon:                   0.0500	grad_norm:               1280.4358	loss:                     44.2542	mean_fire_level_mean:     20.8518
mi_loss:                   0.0219	q_taken_mean:            -11.5669	return_mean:             -740.7240	return_median:           -708.2000
return_std:              279.9638	target_mean:             -11.7652	td_error_abs:              2.7110	test_all_fires_out_mean:   0.0000
test_ep_length_mean:     100.0000	test_episode_limit_mean:   1.0000	test_mean_fire_level_mean: 21.8659	test_return_mean:        -104.4062
test_return_median:      -104.3000	test_return_std:          42.8139	
[INFO 06:54:27] my_main Recent Stats | t_env:     742286 | Episode:     7426
all_fires_out_mean:        0.0000	entropy_loss:              0.0103	ep_length_mean:          100.0000	episode_limit_mean:        1.0000
epsilon:                   0.0500	grad_norm:               1280.4358	loss:                     44.2542	mean_fire_level_mean:     20.8518
mi_loss:                   0.0219	q_taken_mean:            -11.5669	return_mean:             -740.7240	return_median:           -708.2000
return_std:              279.9638	target_mean:             -11.7652	td_error_abs:              2.7110	test_all_fires_out_mean:   0.0000
test_ep_length_mean:     100.0000	test_episode_limit_mean:   1.0000	test_mean_fire_level_mean: 21.8659	test_return_mean:        -104.4062
test_return_median:      -104.3000	test_return_std:          42.8139	
[INFO 06:55:09] my_main Recent Stats | t_env:     744286 | Episode:     7446
all_fires_out_mean:        0.0000	entropy_loss:              0.0104	ep_length_mean:          100.0000	episode_limit_mean:        1.0000
epsilon:                   0.0500	grad_norm:               1273.0261	loss:                     40.8831	mean_fire_level_mean:     20.8518
mi_loss:                   0.0219	q_taken_mean:            -11.3450	return_mean:             -740.7240	return_median:           -708.2000
return_std:              279.9638	target_mean:             -11.5508	td_error_abs:              2.7428	test_all_fires_out_mean:   0.0000
test_ep_length_mean:     100.0000	test_episode_limit_mean:   1.0000	test_mean_fire_level_mean: 21.8659	test_return_mean:        -104.4062
test_return_median:      -104.3000	test_return_std:          42.8139	
[INFO 06:55:52] my_main Recent Stats | t_env:     746286 | Episode:     7466
all_fires_out_mean:        0.0000	entropy_loss:              0.0104	ep_length_mean:          100.0000	episode_limit_mean:        1.0000
epsilon:                   0.0500	grad_norm:               1273.0261	loss:                     40.8831	mean_fire_level_mean:     20.8518
mi_loss:                   0.0219	q_taken_mean:            -11.3450	return_mean:             -740.7240	return_median:           -708.2000
return_std:              279.9638	target_mean:             -11.5508	td_error_abs:              2.7428	test_all_fires_out_mean:   0.0000
test_ep_length_mean:     100.0000	test_episode_limit_mean:   1.0000	test_mean_fire_level_mean: 21.8659	test_return_mean:        -104.4062
test_return_median:      -104.3000	test_return_std:          42.8139	
[INFO 06:56:35] my_main Recent Stats | t_env:     748286 | Episode:     7486
all_fires_out_mean:        0.0000	entropy_loss:              0.0104	ep_length_mean:          100.0000	episode_limit_mean:        1.0000
epsilon:                   0.0500	grad_norm:               1273.0261	loss:                     40.8831	mean_fire_level_mean:     20.8518
mi_loss:                   0.0219	q_taken_mean:            -11.3450	return_mean:             -740.7240	return_median:           -708.2000
return_std:              279.9638	target_mean:             -11.5508	td_error_abs:              2.7428	test_all_fires_out_mean:   0.0000
test_ep_length_mean:     100.0000	test_episode_limit_mean:   1.0000	test_mean_fire_level_mean: 21.8659	test_return_mean:        -104.4062
test_return_median:      -104.3000	test_return_std:          42.8139	
[INFO 06:57:16] my_main t_env: 750286 / 2050000
[INFO 06:57:16] my_main Estimated time left: 8 hours, 34 minutes, 17 seconds. Time passed: 4 hours, 52 minutes, 42 seconds
[INFO 06:57:42] my_main Recent Stats | t_env:     750286 | Episode:     7506
all_fires_out_mean:        0.0000	entropy_loss:              0.0104	ep_length_mean:          100.0000	episode_limit_mean:        1.0000
epsilon:                   0.0500	grad_norm:               1273.0261	loss:                     40.8831	mean_fire_level_mean:     20.7967
mi_loss:                   0.0219	q_taken_mean:            -11.3450	return_mean:             -746.6480	return_median:           -723.2000
return_std:              281.8961	target_mean:             -11.5508	td_error_abs:              2.7428	test_all_fires_out_mean:   0.0000
test_ep_length_mean:     100.0000	test_episode_limit_mean:   1.0000	test_mean_fire_level_mean: 22.0614	test_return_mean:        -104.7625
test_return_median:      -104.4000	test_return_std:          43.1093	
[INFO 06:58:24] my_main Recent Stats | t_env:     752286 | Episode:     7526
all_fires_out_mean:        0.0000	entropy_loss:              0.0104	ep_length_mean:          100.0000	episode_limit_mean:        1.0000
epsilon:                   0.0500	grad_norm:               1273.0261	loss:                     40.8831	mean_fire_level_mean:     20.7967
mi_loss:                   0.0219	q_taken_mean:            -11.3450	return_mean:             -746.6480	return_median:           -723.2000
return_std:              281.8961	target_mean:             -11.5508	td_error_abs:              2.7428	test_all_fires_out_mean:   0.0000
test_ep_length_mean:     100.0000	test_episode_limit_mean:   1.0000	test_mean_fire_level_mean: 22.0614	test_return_mean:        -104.7625
test_return_median:      -104.4000	test_return_std:          43.1093	
[INFO 06:59:07] my_main Recent Stats | t_env:     754286 | Episode:     7546
all_fires_out_mean:        0.0000	entropy_loss:              0.0104	ep_length_mean:          100.0000	episode_limit_mean:        1.0000
epsilon:                   0.0500	grad_norm:               1289.8470	loss:                     39.7098	mean_fire_level_mean:     20.7967
mi_loss:                   0.0219	q_taken_mean:            -11.7746	return_mean:             -746.6480	return_median:           -723.2000
return_std:              281.8961	target_mean:             -11.9778	td_error_abs:              2.6716	test_all_fires_out_mean:   0.0000
test_ep_length_mean:     100.0000	test_episode_limit_mean:   1.0000	test_mean_fire_level_mean: 22.0614	test_return_mean:        -104.7625
test_return_median:      -104.4000	test_return_std:          43.1093	
[INFO 06:59:50] my_main Recent Stats | t_env:     756286 | Episode:     7566
all_fires_out_mean:        0.0000	entropy_loss:              0.0104	ep_length_mean:          100.0000	episode_limit_mean:        1.0000
epsilon:                   0.0500	grad_norm:               1289.8470	loss:                     39.7098	mean_fire_level_mean:     20.7967
mi_loss:                   0.0219	q_taken_mean:            -11.7746	return_mean:             -746.6480	return_median:           -723.2000
return_std:              281.8961	target_mean:             -11.9778	td_error_abs:              2.6716	test_all_fires_out_mean:   0.0000
test_ep_length_mean:     100.0000	test_episode_limit_mean:   1.0000	test_mean_fire_level_mean: 22.0614	test_return_mean:        -104.7625
test_return_median:      -104.4000	test_return_std:          43.1093	
[INFO 07:00:32] my_main Recent Stats | t_env:     758286 | Episode:     7586
all_fires_out_mean:        0.0000	entropy_loss:              0.0104	ep_length_mean:          100.0000	episode_limit_mean:        1.0000
epsilon:                   0.0500	grad_norm:               1289.8470	loss:                     39.7098	mean_fire_level_mean:     20.7967
mi_loss:                   0.0219	q_taken_mean:            -11.7746	return_mean:             -746.6480	return_median:           -723.2000
return_std:              281.8961	target_mean:             -11.9778	td_error_abs:              2.6716	test_all_fires_out_mean:   0.0000
test_ep_length_mean:     100.0000	test_episode_limit_mean:   1.0000	test_mean_fire_level_mean: 22.0614	test_return_mean:        -104.7625
test_return_median:      -104.4000	test_return_std:          43.1093	
[INFO 07:01:04] my_main Updated target network
[INFO 07:01:14] my_main t_env: 760286 / 2050000
[INFO 07:01:14] my_main Estimated time left: 8 hours, 30 minutes, 26 seconds. Time passed: 4 hours, 56 minutes, 39 seconds
[INFO 07:01:40] my_main Recent Stats | t_env:     760286 | Episode:     7606
all_fires_out_mean:        0.0000	entropy_loss:              0.0104	ep_length_mean:          100.0000	episode_limit_mean:        1.0000
epsilon:                   0.0500	grad_norm:               1289.8470	loss:                     39.7098	mean_fire_level_mean:     20.7220
mi_loss:                   0.0219	q_taken_mean:            -11.7746	return_mean:             -755.8720	return_median:           -744.6000
return_std:              281.2349	target_mean:             -11.9778	td_error_abs:              2.6716	test_all_fires_out_mean:   0.0000
test_ep_length_mean:     100.0000	test_episode_limit_mean:   1.0000	test_mean_fire_level_mean: 21.9773	test_return_mean:        -103.1937
test_return_median:      -103.0000	test_return_std:          43.7714	
[INFO 07:02:21] my_main Recent Stats | t_env:     762286 | Episode:     7626
all_fires_out_mean:        0.0000	entropy_loss:              0.0104	ep_length_mean:          100.0000	episode_limit_mean:        1.0000
epsilon:                   0.0500	grad_norm:               1289.8470	loss:                     39.7098	mean_fire_level_mean:     20.7220
mi_loss:                   0.0219	q_taken_mean:            -11.7746	return_mean:             -755.8720	return_median:           -744.6000
return_std:              281.2349	target_mean:             -11.9778	td_error_abs:              2.6716	test_all_fires_out_mean:   0.0000
test_ep_length_mean:     100.0000	test_episode_limit_mean:   1.0000	test_mean_fire_level_mean: 21.9773	test_return_mean:        -103.1937
test_return_median:      -103.0000	test_return_std:          43.7714	
[INFO 07:03:04] my_main Recent Stats | t_env:     764286 | Episode:     7646
all_fires_out_mean:        0.0000	entropy_loss:              0.0103	ep_length_mean:          100.0000	episode_limit_mean:        1.0000
epsilon:                   0.0500	grad_norm:               1308.0797	loss:                     34.9828	mean_fire_level_mean:     20.7220
mi_loss:                   0.0220	q_taken_mean:            -11.7522	return_mean:             -755.8720	return_median:           -744.6000
return_std:              281.2349	target_mean:             -11.9633	td_error_abs:              2.6592	test_all_fires_out_mean:   0.0000
test_ep_length_mean:     100.0000	test_episode_limit_mean:   1.0000	test_mean_fire_level_mean: 21.9773	test_return_mean:        -103.1937
test_return_median:      -103.0000	test_return_std:          43.7714	
[INFO 07:03:46] my_main Recent Stats | t_env:     766286 | Episode:     7666
all_fires_out_mean:        0.0000	entropy_loss:              0.0103	ep_length_mean:          100.0000	episode_limit_mean:        1.0000
epsilon:                   0.0500	grad_norm:               1308.0797	loss:                     34.9828	mean_fire_level_mean:     20.7220
mi_loss:                   0.0220	q_taken_mean:            -11.7522	return_mean:             -755.8720	return_median:           -744.6000
return_std:              281.2349	target_mean:             -11.9633	td_error_abs:              2.6592	test_all_fires_out_mean:   0.0000
test_ep_length_mean:     100.0000	test_episode_limit_mean:   1.0000	test_mean_fire_level_mean: 21.9773	test_return_mean:        -103.1937
test_return_median:      -103.0000	test_return_std:          43.7714	
[INFO 07:04:29] my_main Recent Stats | t_env:     768286 | Episode:     7686
all_fires_out_mean:        0.0000	entropy_loss:              0.0103	ep_length_mean:          100.0000	episode_limit_mean:        1.0000
epsilon:                   0.0500	grad_norm:               1308.0797	loss:                     34.9828	mean_fire_level_mean:     20.7220
mi_loss:                   0.0220	q_taken_mean:            -11.7522	return_mean:             -755.8720	return_median:           -744.6000
return_std:              281.2349	target_mean:             -11.9633	td_error_abs:              2.6592	test_all_fires_out_mean:   0.0000
test_ep_length_mean:     100.0000	test_episode_limit_mean:   1.0000	test_mean_fire_level_mean: 21.9773	test_return_mean:        -103.1937
test_return_median:      -103.0000	test_return_std:          43.7714	
[INFO 07:05:10] my_main t_env: 770286 / 2050000
[INFO 07:05:10] my_main Estimated time left: 8 hours, 23 minutes, 46 seconds. Time passed: 5 hours, 36 seconds
[INFO 07:05:36] my_main Recent Stats | t_env:     770286 | Episode:     7706
all_fires_out_mean:        0.0000	entropy_loss:              0.0103	ep_length_mean:          100.0000	episode_limit_mean:        1.0000
epsilon:                   0.0500	grad_norm:               1308.0797	loss:                     34.9828	mean_fire_level_mean:     20.9149
mi_loss:                   0.0220	q_taken_mean:            -11.7522	return_mean:             -772.5620	return_median:           -766.5000
return_std:              291.5423	target_mean:             -11.9633	td_error_abs:              2.6592	test_all_fires_out_mean:   0.0000
test_ep_length_mean:     100.0000	test_episode_limit_mean:   1.0000	test_mean_fire_level_mean: 22.2994	test_return_mean:        -98.9938
test_return_median:      -97.9000	test_return_std:          42.3972	
[INFO 07:06:16] my_main Recent Stats | t_env:     772286 | Episode:     7726
all_fires_out_mean:        0.0000	entropy_loss:              0.0103	ep_length_mean:          100.0000	episode_limit_mean:        1.0000
epsilon:                   0.0500	grad_norm:               1308.0797	loss:                     34.9828	mean_fire_level_mean:     20.9149
mi_loss:                   0.0220	q_taken_mean:            -11.7522	return_mean:             -772.5620	return_median:           -766.5000
return_std:              291.5423	target_mean:             -11.9633	td_error_abs:              2.6592	test_all_fires_out_mean:   0.0000
test_ep_length_mean:     100.0000	test_episode_limit_mean:   1.0000	test_mean_fire_level_mean: 22.2994	test_return_mean:        -98.9938
test_return_median:      -97.9000	test_return_std:          42.3972	
[INFO 07:06:58] my_main Recent Stats | t_env:     774286 | Episode:     7746
all_fires_out_mean:        0.0000	entropy_loss:              0.0103	ep_length_mean:          100.0000	episode_limit_mean:        1.0000
epsilon:                   0.0500	grad_norm:               1164.4167	loss:                     28.3443	mean_fire_level_mean:     20.9149
mi_loss:                   0.0220	q_taken_mean:            -11.8545	return_mean:             -772.5620	return_median:           -766.5000
return_std:              291.5423	target_mean:             -12.0401	td_error_abs:              2.3622	test_all_fires_out_mean:   0.0000
test_ep_length_mean:     100.0000	test_episode_limit_mean:   1.0000	test_mean_fire_level_mean: 22.2994	test_return_mean:        -98.9938
test_return_median:      -97.9000	test_return_std:          42.3972	
[INFO 07:07:40] my_main Recent Stats | t_env:     776286 | Episode:     7766
all_fires_out_mean:        0.0000	entropy_loss:              0.0103	ep_length_mean:          100.0000	episode_limit_mean:        1.0000
epsilon:                   0.0500	grad_norm:               1164.4167	loss:                     28.3443	mean_fire_level_mean:     20.9149
mi_loss:                   0.0220	q_taken_mean:            -11.8545	return_mean:             -772.5620	return_median:           -766.5000
return_std:              291.5423	target_mean:             -12.0401	td_error_abs:              2.3622	test_all_fires_out_mean:   0.0000
test_ep_length_mean:     100.0000	test_episode_limit_mean:   1.0000	test_mean_fire_level_mean: 22.2994	test_return_mean:        -98.9938
test_return_median:      -97.9000	test_return_std:          42.3972	
[INFO 07:08:23] my_main Recent Stats | t_env:     778286 | Episode:     7786
all_fires_out_mean:        0.0000	entropy_loss:              0.0103	ep_length_mean:          100.0000	episode_limit_mean:        1.0000
epsilon:                   0.0500	grad_norm:               1164.4167	loss:                     28.3443	mean_fire_level_mean:     20.9149
mi_loss:                   0.0220	q_taken_mean:            -11.8545	return_mean:             -772.5620	return_median:           -766.5000
return_std:              291.5423	target_mean:             -12.0401	td_error_abs:              2.3622	test_all_fires_out_mean:   0.0000
test_ep_length_mean:     100.0000	test_episode_limit_mean:   1.0000	test_mean_fire_level_mean: 22.2994	test_return_mean:        -98.9938
test_return_median:      -97.9000	test_return_std:          42.3972	
[INFO 07:08:55] my_main Updated target network
[INFO 07:09:05] my_main t_env: 780286 / 2050000
[INFO 07:09:05] my_main Estimated time left: 8 hours, 18 minutes, 3 seconds. Time passed: 5 hours, 4 minutes, 31 seconds
[INFO 07:09:32] my_main Recent Stats | t_env:     780286 | Episode:     7806
all_fires_out_mean:        0.0000	entropy_loss:              0.0103	ep_length_mean:          100.0000	episode_limit_mean:        1.0000
epsilon:                   0.0500	grad_norm:               1164.4167	loss:                     28.3443	mean_fire_level_mean:     20.8875
mi_loss:                   0.0220	q_taken_mean:            -11.8545	return_mean:             -765.4900	return_median:           -745.5000
return_std:              296.5026	target_mean:             -12.0401	td_error_abs:              2.3622	test_all_fires_out_mean:   0.0000
test_ep_length_mean:     100.0000	test_episode_limit_mean:   1.0000	test_mean_fire_level_mean: 22.1278	test_return_mean:        -97.1937
test_return_median:      -96.1000	test_return_std:          44.0065	
[INFO 07:10:14] my_main Recent Stats | t_env:     782286 | Episode:     7826
all_fires_out_mean:        0.0000	entropy_loss:              0.0103	ep_length_mean:          100.0000	episode_limit_mean:        1.0000
epsilon:                   0.0500	grad_norm:               1164.4167	loss:                     28.3443	mean_fire_level_mean:     20.8875
mi_loss:                   0.0220	q_taken_mean:            -11.8545	return_mean:             -765.4900	return_median:           -745.5000
return_std:              296.5026	target_mean:             -12.0401	td_error_abs:              2.3622	test_all_fires_out_mean:   0.0000
test_ep_length_mean:     100.0000	test_episode_limit_mean:   1.0000	test_mean_fire_level_mean: 22.1278	test_return_mean:        -97.1937
test_return_median:      -96.1000	test_return_std:          44.0065	
[INFO 07:10:55] my_main Recent Stats | t_env:     784286 | Episode:     7846
all_fires_out_mean:        0.0000	entropy_loss:              0.0102	ep_length_mean:          100.0000	episode_limit_mean:        1.0000
epsilon:                   0.0500	grad_norm:               1281.4924	loss:                     35.8360	mean_fire_level_mean:     20.8875
mi_loss:                   0.0221	q_taken_mean:            -12.0915	return_mean:             -765.4900	return_median:           -745.5000
return_std:              296.5026	target_mean:             -12.2921	td_error_abs:              2.5428	test_all_fires_out_mean:   0.0000
test_ep_length_mean:     100.0000	test_episode_limit_mean:   1.0000	test_mean_fire_level_mean: 22.1278	test_return_mean:        -97.1937
test_return_median:      -96.1000	test_return_std:          44.0065	
[INFO 07:11:38] my_main Recent Stats | t_env:     786286 | Episode:     7866
all_fires_out_mean:        0.0000	entropy_loss:              0.0102	ep_length_mean:          100.0000	episode_limit_mean:        1.0000
epsilon:                   0.0500	grad_norm:               1281.4924	loss:                     35.8360	mean_fire_level_mean:     20.8875
mi_loss:                   0.0221	q_taken_mean:            -12.0915	return_mean:             -765.4900	return_median:           -745.5000
return_std:              296.5026	target_mean:             -12.2921	td_error_abs:              2.5428	test_all_fires_out_mean:   0.0000
test_ep_length_mean:     100.0000	test_episode_limit_mean:   1.0000	test_mean_fire_level_mean: 22.1278	test_return_mean:        -97.1937
test_return_median:      -96.1000	test_return_std:          44.0065	
[INFO 07:12:20] my_main Recent Stats | t_env:     788286 | Episode:     7886
all_fires_out_mean:        0.0000	entropy_loss:              0.0102	ep_length_mean:          100.0000	episode_limit_mean:        1.0000
epsilon:                   0.0500	grad_norm:               1281.4924	loss:                     35.8360	mean_fire_level_mean:     20.8875
mi_loss:                   0.0221	q_taken_mean:            -12.0915	return_mean:             -765.4900	return_median:           -745.5000
return_std:              296.5026	target_mean:             -12.2921	td_error_abs:              2.5428	test_all_fires_out_mean:   0.0000
test_ep_length_mean:     100.0000	test_episode_limit_mean:   1.0000	test_mean_fire_level_mean: 22.1278	test_return_mean:        -97.1937
test_return_median:      -96.1000	test_return_std:          44.0065	
[INFO 07:13:02] my_main t_env: 790286 / 2050000
[INFO 07:13:02] my_main Estimated time left: 8 hours, 16 minutes, 26 seconds. Time passed: 5 hours, 8 minutes, 27 seconds
[INFO 07:13:28] my_main Recent Stats | t_env:     790286 | Episode:     7906
all_fires_out_mean:        0.0000	entropy_loss:              0.0102	ep_length_mean:          100.0000	episode_limit_mean:        1.0000
epsilon:                   0.0500	grad_norm:               1281.4924	loss:                     35.8360	mean_fire_level_mean:     20.9451
mi_loss:                   0.0221	q_taken_mean:            -12.0915	return_mean:             -775.6060	return_median:           -758.6000
return_std:              295.5628	target_mean:             -12.2921	td_error_abs:              2.5428	test_all_fires_out_mean:   0.0000
test_ep_length_mean:     100.0000	test_episode_limit_mean:   1.0000	test_mean_fire_level_mean: 22.1727	test_return_mean:        -96.6437
test_return_median:      -95.3000	test_return_std:          43.9980	
[INFO 07:14:10] my_main Recent Stats | t_env:     792286 | Episode:     7926
all_fires_out_mean:        0.0000	entropy_loss:              0.0102	ep_length_mean:          100.0000	episode_limit_mean:        1.0000
epsilon:                   0.0500	grad_norm:               1281.4924	loss:                     35.8360	mean_fire_level_mean:     20.9451
mi_loss:                   0.0221	q_taken_mean:            -12.0915	return_mean:             -775.6060	return_median:           -758.6000
return_std:              295.5628	target_mean:             -12.2921	td_error_abs:              2.5428	test_all_fires_out_mean:   0.0000
test_ep_length_mean:     100.0000	test_episode_limit_mean:   1.0000	test_mean_fire_level_mean: 22.1727	test_return_mean:        -96.6437
test_return_median:      -95.3000	test_return_std:          43.9980	
[INFO 07:14:53] my_main Recent Stats | t_env:     794286 | Episode:     7946
all_fires_out_mean:        0.0000	entropy_loss:              0.0102	ep_length_mean:          100.0000	episode_limit_mean:        1.0000
epsilon:                   0.0500	grad_norm:               1234.0524	loss:                     35.2807	mean_fire_level_mean:     20.9451
mi_loss:                   0.0221	q_taken_mean:            -12.3202	return_mean:             -775.6060	return_median:           -758.6000
return_std:              295.5628	target_mean:             -12.5156	td_error_abs:              2.4990	test_all_fires_out_mean:   0.0000
test_ep_length_mean:     100.0000	test_episode_limit_mean:   1.0000	test_mean_fire_level_mean: 22.1727	test_return_mean:        -96.6437
test_return_median:      -95.3000	test_return_std:          43.9980	
[INFO 07:15:36] my_main Recent Stats | t_env:     796286 | Episode:     7966
all_fires_out_mean:        0.0000	entropy_loss:              0.0102	ep_length_mean:          100.0000	episode_limit_mean:        1.0000
epsilon:                   0.0500	grad_norm:               1234.0524	loss:                     35.2807	mean_fire_level_mean:     20.9451
mi_loss:                   0.0221	q_taken_mean:            -12.3202	return_mean:             -775.6060	return_median:           -758.6000
return_std:              295.5628	target_mean:             -12.5156	td_error_abs:              2.4990	test_all_fires_out_mean:   0.0000
test_ep_length_mean:     100.0000	test_episode_limit_mean:   1.0000	test_mean_fire_level_mean: 22.1727	test_return_mean:        -96.6437
test_return_median:      -95.3000	test_return_std:          43.9980	
[INFO 07:16:18] my_main Recent Stats | t_env:     798286 | Episode:     7986
all_fires_out_mean:        0.0000	entropy_loss:              0.0102	ep_length_mean:          100.0000	episode_limit_mean:        1.0000
epsilon:                   0.0500	grad_norm:               1234.0524	loss:                     35.2807	mean_fire_level_mean:     20.9451
mi_loss:                   0.0221	q_taken_mean:            -12.3202	return_mean:             -775.6060	return_median:           -758.6000
return_std:              295.5628	target_mean:             -12.5156	td_error_abs:              2.4990	test_all_fires_out_mean:   0.0000
test_ep_length_mean:     100.0000	test_episode_limit_mean:   1.0000	test_mean_fire_level_mean: 22.1727	test_return_mean:        -96.6437
test_return_median:      -95.3000	test_return_std:          43.9980	
[INFO 07:16:50] my_main Updated target network
[INFO 07:17:00] my_main t_env: 800286 / 2050000
[INFO 07:17:00] my_main Estimated time left: 8 hours, 16 minutes, 42 seconds. Time passed: 5 hours, 12 minutes, 26 seconds
[INFO 07:17:27] my_main Recent Stats | t_env:     800286 | Episode:     8006
all_fires_out_mean:        0.0000	entropy_loss:              0.0102	ep_length_mean:          100.0000	episode_limit_mean:        1.0000
epsilon:                   0.0500	grad_norm:               1234.0524	loss:                     35.2807	mean_fire_level_mean:     20.7531
mi_loss:                   0.0221	q_taken_mean:            -12.3202	return_mean:             -767.1720	return_median:           -743.8000
return_std:              285.9521	target_mean:             -12.5156	td_error_abs:              2.4990	test_all_fires_out_mean:   0.0000
test_ep_length_mean:     100.0000	test_episode_limit_mean:   1.0000	test_mean_fire_level_mean: 22.1790	test_return_mean:        -97.5938
test_return_median:      -96.4000	test_return_std:          42.2108	
[INFO 07:18:08] my_main Recent Stats | t_env:     802286 | Episode:     8026
all_fires_out_mean:        0.0000	entropy_loss:              0.0102	ep_length_mean:          100.0000	episode_limit_mean:        1.0000
epsilon:                   0.0500	grad_norm:               1234.0524	loss:                     35.2807	mean_fire_level_mean:     20.7531
mi_loss:                   0.0221	q_taken_mean:            -12.3202	return_mean:             -767.1720	return_median:           -743.8000
return_std:              285.9521	target_mean:             -12.5156	td_error_abs:              2.4990	test_all_fires_out_mean:   0.0000
test_ep_length_mean:     100.0000	test_episode_limit_mean:   1.0000	test_mean_fire_level_mean: 22.1790	test_return_mean:        -97.5938
test_return_median:      -96.4000	test_return_std:          42.2108	
[INFO 07:18:51] my_main Recent Stats | t_env:     804286 | Episode:     8046
all_fires_out_mean:        0.0000	entropy_loss:              0.0101	ep_length_mean:          100.0000	episode_limit_mean:        1.0000
epsilon:                   0.0500	grad_norm:               1302.0627	loss:                     36.2309	mean_fire_level_mean:     20.7531
mi_loss:                   0.0222	q_taken_mean:            -12.2275	return_mean:             -767.1720	return_median:           -743.8000
return_std:              285.9521	target_mean:             -12.4304	td_error_abs:              2.5837	test_all_fires_out_mean:   0.0000
test_ep_length_mean:     100.0000	test_episode_limit_mean:   1.0000	test_mean_fire_level_mean: 22.1790	test_return_mean:        -97.5938
test_return_median:      -96.4000	test_return_std:          42.2108	
[INFO 07:19:34] my_main Recent Stats | t_env:     806286 | Episode:     8066
all_fires_out_mean:        0.0000	entropy_loss:              0.0101	ep_length_mean:          100.0000	episode_limit_mean:        1.0000
epsilon:                   0.0500	grad_norm:               1302.0627	loss:                     36.2309	mean_fire_level_mean:     20.7531
mi_loss:                   0.0222	q_taken_mean:            -12.2275	return_mean:             -767.1720	return_median:           -743.8000
return_std:              285.9521	target_mean:             -12.4304	td_error_abs:              2.5837	test_all_fires_out_mean:   0.0000
test_ep_length_mean:     100.0000	test_episode_limit_mean:   1.0000	test_mean_fire_level_mean: 22.1790	test_return_mean:        -97.5938
test_return_median:      -96.4000	test_return_std:          42.2108	
[INFO 07:20:17] my_main Recent Stats | t_env:     808286 | Episode:     8086
all_fires_out_mean:        0.0000	entropy_loss:              0.0101	ep_length_mean:          100.0000	episode_limit_mean:        1.0000
epsilon:                   0.0500	grad_norm:               1302.0627	loss:                     36.2309	mean_fire_level_mean:     20.7531
mi_loss:                   0.0222	q_taken_mean:            -12.2275	return_mean:             -767.1720	return_median:           -743.8000
return_std:              285.9521	target_mean:             -12.4304	td_error_abs:              2.5837	test_all_fires_out_mean:   0.0000
test_ep_length_mean:     100.0000	test_episode_limit_mean:   1.0000	test_mean_fire_level_mean: 22.1790	test_return_mean:        -97.5938
test_return_median:      -96.4000	test_return_std:          42.2108	
[INFO 07:20:59] my_main t_env: 810286 / 2050000
[INFO 07:20:59] my_main Estimated time left: 8 hours, 12 minutes, 29 seconds. Time passed: 5 hours, 16 minutes, 24 seconds
[INFO 07:21:25] my_main Recent Stats | t_env:     810286 | Episode:     8106
all_fires_out_mean:        0.0000	entropy_loss:              0.0101	ep_length_mean:          100.0000	episode_limit_mean:        1.0000
epsilon:                   0.0500	grad_norm:               1302.0627	loss:                     36.2309	mean_fire_level_mean:     20.8320
mi_loss:                   0.0222	q_taken_mean:            -12.2275	return_mean:             -762.5800	return_median:           -731.1000
return_std:              277.1802	target_mean:             -12.4304	td_error_abs:              2.5837	test_all_fires_out_mean:   0.0000
test_ep_length_mean:     100.0000	test_episode_limit_mean:   1.0000	test_mean_fire_level_mean: 22.4023	test_return_mean:        -101.5750
test_return_median:      -101.3000	test_return_std:          41.2963	
[INFO 07:22:08] my_main Recent Stats | t_env:     812286 | Episode:     8126
all_fires_out_mean:        0.0000	entropy_loss:              0.0101	ep_length_mean:          100.0000	episode_limit_mean:        1.0000
epsilon:                   0.0500	grad_norm:               1302.0627	loss:                     36.2309	mean_fire_level_mean:     20.8320
mi_loss:                   0.0222	q_taken_mean:            -12.2275	return_mean:             -762.5800	return_median:           -731.1000
return_std:              277.1802	target_mean:             -12.4304	td_error_abs:              2.5837	test_all_fires_out_mean:   0.0000
test_ep_length_mean:     100.0000	test_episode_limit_mean:   1.0000	test_mean_fire_level_mean: 22.4023	test_return_mean:        -101.5750
test_return_median:      -101.3000	test_return_std:          41.2963	
[INFO 07:22:51] my_main Recent Stats | t_env:     814286 | Episode:     8146
all_fires_out_mean:        0.0000	entropy_loss:              0.0103	ep_length_mean:          100.0000	episode_limit_mean:        1.0000
epsilon:                   0.0500	grad_norm:               1245.1428	loss:                     43.5703	mean_fire_level_mean:     20.8320
mi_loss:                   0.0222	q_taken_mean:            -12.3131	return_mean:             -762.5800	return_median:           -731.1000
return_std:              277.1802	target_mean:             -12.5026	td_error_abs:              2.5824	test_all_fires_out_mean:   0.0000
test_ep_length_mean:     100.0000	test_episode_limit_mean:   1.0000	test_mean_fire_level_mean: 22.4023	test_return_mean:        -101.5750
test_return_median:      -101.3000	test_return_std:          41.2963	
[INFO 07:23:32] my_main Recent Stats | t_env:     816286 | Episode:     8166
all_fires_out_mean:        0.0000	entropy_loss:              0.0103	ep_length_mean:          100.0000	episode_limit_mean:        1.0000
epsilon:                   0.0500	grad_norm:               1245.1428	loss:                     43.5703	mean_fire_level_mean:     20.8320
mi_loss:                   0.0222	q_taken_mean:            -12.3131	return_mean:             -762.5800	return_median:           -731.1000
return_std:              277.1802	target_mean:             -12.5026	td_error_abs:              2.5824	test_all_fires_out_mean:   0.0000
test_ep_length_mean:     100.0000	test_episode_limit_mean:   1.0000	test_mean_fire_level_mean: 22.4023	test_return_mean:        -101.5750
test_return_median:      -101.3000	test_return_std:          41.2963	
[INFO 07:24:16] my_main Recent Stats | t_env:     818286 | Episode:     8186
all_fires_out_mean:        0.0000	entropy_loss:              0.0103	ep_length_mean:          100.0000	episode_limit_mean:        1.0000
epsilon:                   0.0500	grad_norm:               1245.1428	loss:                     43.5703	mean_fire_level_mean:     20.8320
mi_loss:                   0.0222	q_taken_mean:            -12.3131	return_mean:             -762.5800	return_median:           -731.1000
return_std:              277.1802	target_mean:             -12.5026	td_error_abs:              2.5824	test_all_fires_out_mean:   0.0000
test_ep_length_mean:     100.0000	test_episode_limit_mean:   1.0000	test_mean_fire_level_mean: 22.4023	test_return_mean:        -101.5750
test_return_median:      -101.3000	test_return_std:          41.2963	
[INFO 07:24:47] my_main Updated target network
[INFO 07:24:57] my_main t_env: 820286 / 2050000
[INFO 07:24:57] my_main Estimated time left: 8 hours, 8 minutes, 23 seconds. Time passed: 5 hours, 20 minutes, 23 seconds
[INFO 07:25:24] my_main Recent Stats | t_env:     820286 | Episode:     8206
all_fires_out_mean:        0.0000	entropy_loss:              0.0103	ep_length_mean:          100.0000	episode_limit_mean:        1.0000
epsilon:                   0.0500	grad_norm:               1245.1428	loss:                     43.5703	mean_fire_level_mean:     20.7971
mi_loss:                   0.0222	q_taken_mean:            -12.3131	return_mean:             -755.8560	return_median:           -720.6000
return_std:              263.9491	target_mean:             -12.5026	td_error_abs:              2.5824	test_all_fires_out_mean:   0.0000
test_ep_length_mean:     100.0000	test_episode_limit_mean:   1.0000	test_mean_fire_level_mean: 22.2932	test_return_mean:        -102.6688
test_return_median:      -102.8000	test_return_std:          41.9021	
[INFO 07:26:06] my_main Recent Stats | t_env:     822286 | Episode:     8226
all_fires_out_mean:        0.0000	entropy_loss:              0.0103	ep_length_mean:          100.0000	episode_limit_mean:        1.0000
epsilon:                   0.0500	grad_norm:               1245.1428	loss:                     43.5703	mean_fire_level_mean:     20.7971
mi_loss:                   0.0222	q_taken_mean:            -12.3131	return_mean:             -755.8560	return_median:           -720.6000
return_std:              263.9491	target_mean:             -12.5026	td_error_abs:              2.5824	test_all_fires_out_mean:   0.0000
test_ep_length_mean:     100.0000	test_episode_limit_mean:   1.0000	test_mean_fire_level_mean: 22.2932	test_return_mean:        -102.6688
test_return_median:      -102.8000	test_return_std:          41.9021	
[INFO 07:26:49] my_main Recent Stats | t_env:     824286 | Episode:     8246
all_fires_out_mean:        0.0000	entropy_loss:              0.0103	ep_length_mean:          100.0000	episode_limit_mean:        1.0000
epsilon:                   0.0500	grad_norm:               1257.3591	loss:                     43.8497	mean_fire_level_mean:     20.7971
mi_loss:                   0.0223	q_taken_mean:            -12.2183	return_mean:             -755.8560	return_median:           -720.6000
return_std:              263.9491	target_mean:             -12.4130	td_error_abs:              2.6436	test_all_fires_out_mean:   0.0000
test_ep_length_mean:     100.0000	test_episode_limit_mean:   1.0000	test_mean_fire_level_mean: 22.2932	test_return_mean:        -102.6688
test_return_median:      -102.8000	test_return_std:          41.9021	
[INFO 07:27:32] my_main Recent Stats | t_env:     826286 | Episode:     8266
all_fires_out_mean:        0.0000	entropy_loss:              0.0103	ep_length_mean:          100.0000	episode_limit_mean:        1.0000
epsilon:                   0.0500	grad_norm:               1257.3591	loss:                     43.8497	mean_fire_level_mean:     20.7971
mi_loss:                   0.0223	q_taken_mean:            -12.2183	return_mean:             -755.8560	return_median:           -720.6000
return_std:              263.9491	target_mean:             -12.4130	td_error_abs:              2.6436	test_all_fires_out_mean:   0.0000
test_ep_length_mean:     100.0000	test_episode_limit_mean:   1.0000	test_mean_fire_level_mean: 22.2932	test_return_mean:        -102.6688
test_return_median:      -102.8000	test_return_std:          41.9021	
[INFO 07:28:14] my_main Recent Stats | t_env:     828286 | Episode:     8286
all_fires_out_mean:        0.0000	entropy_loss:              0.0103	ep_length_mean:          100.0000	episode_limit_mean:        1.0000
epsilon:                   0.0500	grad_norm:               1257.3591	loss:                     43.8497	mean_fire_level_mean:     20.7971
mi_loss:                   0.0223	q_taken_mean:            -12.2183	return_mean:             -755.8560	return_median:           -720.6000
return_std:              263.9491	target_mean:             -12.4130	td_error_abs:              2.6436	test_all_fires_out_mean:   0.0000
test_ep_length_mean:     100.0000	test_episode_limit_mean:   1.0000	test_mean_fire_level_mean: 22.2932	test_return_mean:        -102.6688
test_return_median:      -102.8000	test_return_std:          41.9021	
[INFO 07:28:56] my_main t_env: 830286 / 2050000
[INFO 07:28:56] my_main Estimated time left: 8 hours, 5 minutes, 2 seconds. Time passed: 5 hours, 24 minutes, 21 seconds
[INFO 07:29:22] my_main Recent Stats | t_env:     830286 | Episode:     8306
all_fires_out_mean:        0.0000	entropy_loss:              0.0103	ep_length_mean:          100.0000	episode_limit_mean:        1.0000
epsilon:                   0.0500	grad_norm:               1257.3591	loss:                     43.8497	mean_fire_level_mean:     20.9242
mi_loss:                   0.0223	q_taken_mean:            -12.2183	return_mean:             -762.2400	return_median:           -739.6000
return_std:              259.5793	target_mean:             -12.4130	td_error_abs:              2.6436	test_all_fires_out_mean:   0.0000
test_ep_length_mean:     100.0000	test_episode_limit_mean:   1.0000	test_mean_fire_level_mean: 22.3210	test_return_mean:        -103.0000
test_return_median:      -102.3000	test_return_std:          40.9485	
[INFO 07:30:03] my_main Recent Stats | t_env:     832286 | Episode:     8326
all_fires_out_mean:        0.0000	entropy_loss:              0.0103	ep_length_mean:          100.0000	episode_limit_mean:        1.0000
epsilon:                   0.0500	grad_norm:               1257.3591	loss:                     43.8497	mean_fire_level_mean:     20.9242
mi_loss:                   0.0223	q_taken_mean:            -12.2183	return_mean:             -762.2400	return_median:           -739.6000
return_std:              259.5793	target_mean:             -12.4130	td_error_abs:              2.6436	test_all_fires_out_mean:   0.0000
test_ep_length_mean:     100.0000	test_episode_limit_mean:   1.0000	test_mean_fire_level_mean: 22.3210	test_return_mean:        -103.0000
test_return_median:      -102.3000	test_return_std:          40.9485	
[INFO 07:30:45] my_main Recent Stats | t_env:     834286 | Episode:     8346
all_fires_out_mean:        0.0000	entropy_loss:              0.0105	ep_length_mean:          100.0000	episode_limit_mean:        1.0000
epsilon:                   0.0500	grad_norm:               1135.3473	loss:                     36.6124	mean_fire_level_mean:     20.9242
mi_loss:                   0.0223	q_taken_mean:            -12.1526	return_mean:             -762.2400	return_median:           -739.6000
return_std:              259.5793	target_mean:             -12.3282	td_error_abs:              2.4159	test_all_fires_out_mean:   0.0000
test_ep_length_mean:     100.0000	test_episode_limit_mean:   1.0000	test_mean_fire_level_mean: 22.3210	test_return_mean:        -103.0000
test_return_median:      -102.3000	test_return_std:          40.9485	
[INFO 07:31:29] my_main Recent Stats | t_env:     836286 | Episode:     8366
all_fires_out_mean:        0.0000	entropy_loss:              0.0105	ep_length_mean:          100.0000	episode_limit_mean:        1.0000
epsilon:                   0.0500	grad_norm:               1135.3473	loss:                     36.6124	mean_fire_level_mean:     20.9242
mi_loss:                   0.0223	q_taken_mean:            -12.1526	return_mean:             -762.2400	return_median:           -739.6000
return_std:              259.5793	target_mean:             -12.3282	td_error_abs:              2.4159	test_all_fires_out_mean:   0.0000
test_ep_length_mean:     100.0000	test_episode_limit_mean:   1.0000	test_mean_fire_level_mean: 22.3210	test_return_mean:        -103.0000
test_return_median:      -102.3000	test_return_std:          40.9485	
[INFO 07:32:10] my_main Recent Stats | t_env:     838286 | Episode:     8386
all_fires_out_mean:        0.0000	entropy_loss:              0.0105	ep_length_mean:          100.0000	episode_limit_mean:        1.0000
epsilon:                   0.0500	grad_norm:               1135.3473	loss:                     36.6124	mean_fire_level_mean:     20.9242
mi_loss:                   0.0223	q_taken_mean:            -12.1526	return_mean:             -762.2400	return_median:           -739.6000
return_std:              259.5793	target_mean:             -12.3282	td_error_abs:              2.4159	test_all_fires_out_mean:   0.0000
test_ep_length_mean:     100.0000	test_episode_limit_mean:   1.0000	test_mean_fire_level_mean: 22.3210	test_return_mean:        -103.0000
test_return_median:      -102.3000	test_return_std:          40.9485	
[INFO 07:32:41] my_main Updated target network
[INFO 07:32:51] my_main t_env: 840286 / 2050000
[INFO 07:32:51] my_main Estimated time left: 7 hours, 54 minutes, 47 seconds. Time passed: 5 hours, 28 minutes, 17 seconds
[INFO 07:33:18] my_main Recent Stats | t_env:     840286 | Episode:     8406
all_fires_out_mean:        0.0000	entropy_loss:              0.0105	ep_length_mean:          100.0000	episode_limit_mean:        1.0000
epsilon:                   0.0500	grad_norm:               1135.3473	loss:                     36.6124	mean_fire_level_mean:     20.9173
mi_loss:                   0.0223	q_taken_mean:            -12.1526	return_mean:             -749.2660	return_median:           -717.6000
return_std:              262.0658	target_mean:             -12.3282	td_error_abs:              2.4159	test_all_fires_out_mean:   0.0000
test_ep_length_mean:     100.0000	test_episode_limit_mean:   1.0000	test_mean_fire_level_mean: 22.2068	test_return_mean:        -104.7812
test_return_median:      -105.9000	test_return_std:          41.2054	
[INFO 07:34:01] my_main Recent Stats | t_env:     842286 | Episode:     8426
all_fires_out_mean:        0.0000	entropy_loss:              0.0105	ep_length_mean:          100.0000	episode_limit_mean:        1.0000
epsilon:                   0.0500	grad_norm:               1135.3473	loss:                     36.6124	mean_fire_level_mean:     20.9173
mi_loss:                   0.0223	q_taken_mean:            -12.1526	return_mean:             -749.2660	return_median:           -717.6000
return_std:              262.0658	target_mean:             -12.3282	td_error_abs:              2.4159	test_all_fires_out_mean:   0.0000
test_ep_length_mean:     100.0000	test_episode_limit_mean:   1.0000	test_mean_fire_level_mean: 22.2068	test_return_mean:        -104.7812
test_return_median:      -105.9000	test_return_std:          41.2054	
[INFO 07:34:42] my_main Recent Stats | t_env:     844286 | Episode:     8446
all_fires_out_mean:        0.0000	entropy_loss:              0.0104	ep_length_mean:          100.0000	episode_limit_mean:        1.0000
epsilon:                   0.0500	grad_norm:               1135.5786	loss:                     42.5720	mean_fire_level_mean:     20.9173
mi_loss:                   0.0225	q_taken_mean:            -12.1706	return_mean:             -749.2660	return_median:           -717.6000
return_std:              262.0658	target_mean:             -12.3420	td_error_abs:              2.4460	test_all_fires_out_mean:   0.0000
test_ep_length_mean:     100.0000	test_episode_limit_mean:   1.0000	test_mean_fire_level_mean: 22.2068	test_return_mean:        -104.7812
test_return_median:      -105.9000	test_return_std:          41.2054	
[INFO 07:35:24] my_main Recent Stats | t_env:     846286 | Episode:     8466
all_fires_out_mean:        0.0000	entropy_loss:              0.0104	ep_length_mean:          100.0000	episode_limit_mean:        1.0000
epsilon:                   0.0500	grad_norm:               1135.5786	loss:                     42.5720	mean_fire_level_mean:     20.9173
mi_loss:                   0.0225	q_taken_mean:            -12.1706	return_mean:             -749.2660	return_median:           -717.6000
return_std:              262.0658	target_mean:             -12.3420	td_error_abs:              2.4460	test_all_fires_out_mean:   0.0000
test_ep_length_mean:     100.0000	test_episode_limit_mean:   1.0000	test_mean_fire_level_mean: 22.2068	test_return_mean:        -104.7812
test_return_median:      -105.9000	test_return_std:          41.2054	
[INFO 07:36:05] my_main Recent Stats | t_env:     848286 | Episode:     8486
all_fires_out_mean:        0.0000	entropy_loss:              0.0104	ep_length_mean:          100.0000	episode_limit_mean:        1.0000
epsilon:                   0.0500	grad_norm:               1135.5786	loss:                     42.5720	mean_fire_level_mean:     20.9173
mi_loss:                   0.0225	q_taken_mean:            -12.1706	return_mean:             -749.2660	return_median:           -717.6000
return_std:              262.0658	target_mean:             -12.3420	td_error_abs:              2.4460	test_all_fires_out_mean:   0.0000
test_ep_length_mean:     100.0000	test_episode_limit_mean:   1.0000	test_mean_fire_level_mean: 22.2068	test_return_mean:        -104.7812
test_return_median:      -105.9000	test_return_std:          41.2054	
[INFO 07:36:45] my_main t_env: 850286 / 2050000
[INFO 07:36:45] my_main Estimated time left: 7 hours, 48 minutes, 31 seconds. Time passed: 5 hours, 32 minutes, 11 seconds
[INFO 07:37:12] my_main Recent Stats | t_env:     850286 | Episode:     8506
all_fires_out_mean:        0.0000	entropy_loss:              0.0104	ep_length_mean:          100.0000	episode_limit_mean:        1.0000
epsilon:                   0.0500	grad_norm:               1135.5786	loss:                     42.5720	mean_fire_level_mean:     20.8564
mi_loss:                   0.0225	q_taken_mean:            -12.1706	return_mean:             -743.4900	return_median:           -710.1000
return_std:              272.7189	target_mean:             -12.3420	td_error_abs:              2.4460	test_all_fires_out_mean:   0.0000
test_ep_length_mean:     100.0000	test_episode_limit_mean:   1.0000	test_mean_fire_level_mean: 22.1415	test_return_mean:        -102.2562
test_return_median:      -104.0000	test_return_std:          44.3102	
[INFO 07:37:53] my_main Recent Stats | t_env:     852286 | Episode:     8526
all_fires_out_mean:        0.0000	entropy_loss:              0.0104	ep_length_mean:          100.0000	episode_limit_mean:        1.0000
epsilon:                   0.0500	grad_norm:               1135.5786	loss:                     42.5720	mean_fire_level_mean:     20.8564
mi_loss:                   0.0225	q_taken_mean:            -12.1706	return_mean:             -743.4900	return_median:           -710.1000
return_std:              272.7189	target_mean:             -12.3420	td_error_abs:              2.4460	test_all_fires_out_mean:   0.0000
test_ep_length_mean:     100.0000	test_episode_limit_mean:   1.0000	test_mean_fire_level_mean: 22.1415	test_return_mean:        -102.2562
test_return_median:      -104.0000	test_return_std:          44.3102	
[INFO 07:38:35] my_main Recent Stats | t_env:     854286 | Episode:     8546
all_fires_out_mean:        0.0000	entropy_loss:              0.0104	ep_length_mean:          100.0000	episode_limit_mean:        1.0000
epsilon:                   0.0500	grad_norm:               1049.7670	loss:                     43.6381	mean_fire_level_mean:     20.8564
mi_loss:                   0.0225	q_taken_mean:            -12.3659	return_mean:             -743.4900	return_median:           -710.1000
return_std:              272.7189	target_mean:             -12.5282	td_error_abs:              2.3409	test_all_fires_out_mean:   0.0000
test_ep_length_mean:     100.0000	test_episode_limit_mean:   1.0000	test_mean_fire_level_mean: 22.1415	test_return_mean:        -102.2562
test_return_median:      -104.0000	test_return_std:          44.3102	
[INFO 07:39:18] my_main Recent Stats | t_env:     856286 | Episode:     8566
all_fires_out_mean:        0.0000	entropy_loss:              0.0104	ep_length_mean:          100.0000	episode_limit_mean:        1.0000
epsilon:                   0.0500	grad_norm:               1049.7670	loss:                     43.6381	mean_fire_level_mean:     20.8564
mi_loss:                   0.0225	q_taken_mean:            -12.3659	return_mean:             -743.4900	return_median:           -710.1000
return_std:              272.7189	target_mean:             -12.5282	td_error_abs:              2.3409	test_all_fires_out_mean:   0.0000
test_ep_length_mean:     100.0000	test_episode_limit_mean:   1.0000	test_mean_fire_level_mean: 22.1415	test_return_mean:        -102.2562
test_return_median:      -104.0000	test_return_std:          44.3102	
[INFO 07:40:01] my_main Recent Stats | t_env:     858286 | Episode:     8586
all_fires_out_mean:        0.0000	entropy_loss:              0.0104	ep_length_mean:          100.0000	episode_limit_mean:        1.0000
epsilon:                   0.0500	grad_norm:               1049.7670	loss:                     43.6381	mean_fire_level_mean:     20.8564
mi_loss:                   0.0225	q_taken_mean:            -12.3659	return_mean:             -743.4900	return_median:           -710.1000
return_std:              272.7189	target_mean:             -12.5282	td_error_abs:              2.3409	test_all_fires_out_mean:   0.0000
test_ep_length_mean:     100.0000	test_episode_limit_mean:   1.0000	test_mean_fire_level_mean: 22.1415	test_return_mean:        -102.2562
test_return_median:      -104.0000	test_return_std:          44.3102	
[INFO 07:40:32] my_main Updated target network
[INFO 07:40:42] my_main t_env: 860286 / 2050000
[INFO 07:40:42] my_main Estimated time left: 7 hours, 48 minutes, 19 seconds. Time passed: 5 hours, 36 minutes, 7 seconds
[INFO 07:41:08] my_main Recent Stats | t_env:     860286 | Episode:     8606
all_fires_out_mean:        0.0000	entropy_loss:              0.0104	ep_length_mean:          100.0000	episode_limit_mean:        1.0000
epsilon:                   0.0500	grad_norm:               1049.7670	loss:                     43.6381	mean_fire_level_mean:     20.9009
mi_loss:                   0.0225	q_taken_mean:            -12.3659	return_mean:             -755.9280	return_median:           -714.7000
return_std:              295.8399	target_mean:             -12.5282	td_error_abs:              2.3409	test_all_fires_out_mean:   0.0000
test_ep_length_mean:     100.0000	test_episode_limit_mean:   1.0000	test_mean_fire_level_mean: 22.2165	test_return_mean:        -101.1000
test_return_median:      -104.5000	test_return_std:          45.3131	
[INFO 07:41:51] my_main Recent Stats | t_env:     862286 | Episode:     8626
all_fires_out_mean:        0.0000	entropy_loss:              0.0104	ep_length_mean:          100.0000	episode_limit_mean:        1.0000
epsilon:                   0.0500	grad_norm:               1049.7670	loss:                     43.6381	mean_fire_level_mean:     20.9009
mi_loss:                   0.0225	q_taken_mean:            -12.3659	return_mean:             -755.9280	return_median:           -714.7000
return_std:              295.8399	target_mean:             -12.5282	td_error_abs:              2.3409	test_all_fires_out_mean:   0.0000
test_ep_length_mean:     100.0000	test_episode_limit_mean:   1.0000	test_mean_fire_level_mean: 22.2165	test_return_mean:        -101.1000
test_return_median:      -104.5000	test_return_std:          45.3131	
[INFO 07:42:33] my_main Recent Stats | t_env:     864286 | Episode:     8646
all_fires_out_mean:        0.0000	entropy_loss:              0.0104	ep_length_mean:          100.0000	episode_limit_mean:        1.0000
epsilon:                   0.0500	grad_norm:               1035.2020	loss:                     37.1649	mean_fire_level_mean:     20.9009
mi_loss:                   0.0224	q_taken_mean:            -12.2311	return_mean:             -755.9280	return_median:           -714.7000
return_std:              295.8399	target_mean:             -12.3978	td_error_abs:              2.2924	test_all_fires_out_mean:   0.0000
test_ep_length_mean:     100.0000	test_episode_limit_mean:   1.0000	test_mean_fire_level_mean: 22.2165	test_return_mean:        -101.1000
test_return_median:      -104.5000	test_return_std:          45.3131	
[INFO 07:43:15] my_main Recent Stats | t_env:     866286 | Episode:     8666
all_fires_out_mean:        0.0000	entropy_loss:              0.0104	ep_length_mean:          100.0000	episode_limit_mean:        1.0000
epsilon:                   0.0500	grad_norm:               1035.2020	loss:                     37.1649	mean_fire_level_mean:     20.9009
mi_loss:                   0.0224	q_taken_mean:            -12.2311	return_mean:             -755.9280	return_median:           -714.7000
return_std:              295.8399	target_mean:             -12.3978	td_error_abs:              2.2924	test_all_fires_out_mean:   0.0000
test_ep_length_mean:     100.0000	test_episode_limit_mean:   1.0000	test_mean_fire_level_mean: 22.2165	test_return_mean:        -101.1000
test_return_median:      -104.5000	test_return_std:          45.3131	
[INFO 07:43:58] my_main Recent Stats | t_env:     868286 | Episode:     8686
all_fires_out_mean:        0.0000	entropy_loss:              0.0104	ep_length_mean:          100.0000	episode_limit_mean:        1.0000
epsilon:                   0.0500	grad_norm:               1035.2020	loss:                     37.1649	mean_fire_level_mean:     20.9009
mi_loss:                   0.0224	q_taken_mean:            -12.2311	return_mean:             -755.9280	return_median:           -714.7000
return_std:              295.8399	target_mean:             -12.3978	td_error_abs:              2.2924	test_all_fires_out_mean:   0.0000
test_ep_length_mean:     100.0000	test_episode_limit_mean:   1.0000	test_mean_fire_level_mean: 22.2165	test_return_mean:        -101.1000
test_return_median:      -104.5000	test_return_std:          45.3131	
[INFO 07:44:40] my_main t_env: 870286 / 2050000
[INFO 07:44:40] my_main Estimated time left: 7 hours, 49 minutes, 11 seconds. Time passed: 5 hours, 40 minutes, 6 seconds
[INFO 07:45:07] my_main Recent Stats | t_env:     870286 | Episode:     8706
all_fires_out_mean:        0.0000	entropy_loss:              0.0104	ep_length_mean:          100.0000	episode_limit_mean:        1.0000
epsilon:                   0.0500	grad_norm:               1035.2020	loss:                     37.1649	mean_fire_level_mean:     20.8327
mi_loss:                   0.0224	q_taken_mean:            -12.2311	return_mean:             -751.7020	return_median:           -708.7000
return_std:              298.2270	target_mean:             -12.3978	td_error_abs:              2.2924	test_all_fires_out_mean:   0.0000
test_ep_length_mean:     100.0000	test_episode_limit_mean:   1.0000	test_mean_fire_level_mean: 22.2568	test_return_mean:        -99.9250
test_return_median:      -102.0000	test_return_std:          46.6542	
[INFO 07:45:49] my_main Recent Stats | t_env:     872286 | Episode:     8726
all_fires_out_mean:        0.0000	entropy_loss:              0.0104	ep_length_mean:          100.0000	episode_limit_mean:        1.0000
epsilon:                   0.0500	grad_norm:               1035.2020	loss:                     37.1649	mean_fire_level_mean:     20.8327
mi_loss:                   0.0224	q_taken_mean:            -12.2311	return_mean:             -751.7020	return_median:           -708.7000
return_std:              298.2270	target_mean:             -12.3978	td_error_abs:              2.2924	test_all_fires_out_mean:   0.0000
test_ep_length_mean:     100.0000	test_episode_limit_mean:   1.0000	test_mean_fire_level_mean: 22.2568	test_return_mean:        -99.9250
test_return_median:      -102.0000	test_return_std:          46.6542	
[INFO 07:46:32] my_main Recent Stats | t_env:     874286 | Episode:     8746
all_fires_out_mean:        0.0000	entropy_loss:              0.0106	ep_length_mean:          100.0000	episode_limit_mean:        1.0000
epsilon:                   0.0500	grad_norm:               1033.0509	loss:                     36.7418	mean_fire_level_mean:     20.8327
mi_loss:                   0.0224	q_taken_mean:            -12.2916	return_mean:             -751.7020	return_median:           -708.7000
return_std:              298.2270	target_mean:             -12.4623	td_error_abs:              2.3012	test_all_fires_out_mean:   0.0000
test_ep_length_mean:     100.0000	test_episode_limit_mean:   1.0000	test_mean_fire_level_mean: 22.2568	test_return_mean:        -99.9250
test_return_median:      -102.0000	test_return_std:          46.6542	
[INFO 07:47:15] my_main Recent Stats | t_env:     876286 | Episode:     8766
all_fires_out_mean:        0.0000	entropy_loss:              0.0106	ep_length_mean:          100.0000	episode_limit_mean:        1.0000
epsilon:                   0.0500	grad_norm:               1033.0509	loss:                     36.7418	mean_fire_level_mean:     20.8327
mi_loss:                   0.0224	q_taken_mean:            -12.2916	return_mean:             -751.7020	return_median:           -708.7000
return_std:              298.2270	target_mean:             -12.4623	td_error_abs:              2.3012	test_all_fires_out_mean:   0.0000
test_ep_length_mean:     100.0000	test_episode_limit_mean:   1.0000	test_mean_fire_level_mean: 22.2568	test_return_mean:        -99.9250
test_return_median:      -102.0000	test_return_std:          46.6542	
[INFO 07:47:57] my_main Recent Stats | t_env:     878286 | Episode:     8786
all_fires_out_mean:        0.0000	entropy_loss:              0.0106	ep_length_mean:          100.0000	episode_limit_mean:        1.0000
epsilon:                   0.0500	grad_norm:               1033.0509	loss:                     36.7418	mean_fire_level_mean:     20.8327
mi_loss:                   0.0224	q_taken_mean:            -12.2916	return_mean:             -751.7020	return_median:           -708.7000
return_std:              298.2270	target_mean:             -12.4623	td_error_abs:              2.3012	test_all_fires_out_mean:   0.0000
test_ep_length_mean:     100.0000	test_episode_limit_mean:   1.0000	test_mean_fire_level_mean: 22.2568	test_return_mean:        -99.9250
test_return_median:      -102.0000	test_return_std:          46.6542	
[INFO 07:48:28] my_main Updated target network
[INFO 07:48:39] my_main t_env: 880286 / 2050000
[INFO 07:48:39] my_main Estimated time left: 7 hours, 44 minutes, 25 seconds. Time passed: 5 hours, 44 minutes, 4 seconds
[INFO 07:49:05] my_main Recent Stats | t_env:     880286 | Episode:     8806
all_fires_out_mean:        0.0000	entropy_loss:              0.0106	ep_length_mean:          100.0000	episode_limit_mean:        1.0000
epsilon:                   0.0500	grad_norm:               1033.0509	loss:                     36.7418	mean_fire_level_mean:     20.8384
mi_loss:                   0.0224	q_taken_mean:            -12.2916	return_mean:             -746.7320	return_median:           -700.6000
return_std:              296.5313	target_mean:             -12.4623	td_error_abs:              2.3012	test_all_fires_out_mean:   0.0000
test_ep_length_mean:     100.0000	test_episode_limit_mean:   1.0000	test_mean_fire_level_mean: 22.1261	test_return_mean:        -101.0875
test_return_median:      -106.8000	test_return_std:          47.0451	
[INFO 07:49:47] my_main Recent Stats | t_env:     882286 | Episode:     8826
all_fires_out_mean:        0.0000	entropy_loss:              0.0106	ep_length_mean:          100.0000	episode_limit_mean:        1.0000
epsilon:                   0.0500	grad_norm:               1033.0509	loss:                     36.7418	mean_fire_level_mean:     20.8384
mi_loss:                   0.0224	q_taken_mean:            -12.2916	return_mean:             -746.7320	return_median:           -700.6000
return_std:              296.5313	target_mean:             -12.4623	td_error_abs:              2.3012	test_all_fires_out_mean:   0.0000
test_ep_length_mean:     100.0000	test_episode_limit_mean:   1.0000	test_mean_fire_level_mean: 22.1261	test_return_mean:        -101.0875
test_return_median:      -106.8000	test_return_std:          47.0451	
[INFO 07:50:29] my_main Recent Stats | t_env:     884286 | Episode:     8846
all_fires_out_mean:        0.0000	entropy_loss:              0.0105	ep_length_mean:          100.0000	episode_limit_mean:        1.0000
epsilon:                   0.0500	grad_norm:               1095.4769	loss:                     34.2390	mean_fire_level_mean:     20.8384
mi_loss:                   0.0224	q_taken_mean:            -12.3458	return_mean:             -746.7320	return_median:           -700.6000
return_std:              296.5313	target_mean:             -12.5312	td_error_abs:              2.4236	test_all_fires_out_mean:   0.0000
test_ep_length_mean:     100.0000	test_episode_limit_mean:   1.0000	test_mean_fire_level_mean: 22.1261	test_return_mean:        -101.0875
test_return_median:      -106.8000	test_return_std:          47.0451	
[INFO 07:51:13] my_main Recent Stats | t_env:     886286 | Episode:     8866
all_fires_out_mean:        0.0000	entropy_loss:              0.0105	ep_length_mean:          100.0000	episode_limit_mean:        1.0000
epsilon:                   0.0500	grad_norm:               1095.4769	loss:                     34.2390	mean_fire_level_mean:     20.8384
mi_loss:                   0.0224	q_taken_mean:            -12.3458	return_mean:             -746.7320	return_median:           -700.6000
return_std:              296.5313	target_mean:             -12.5312	td_error_abs:              2.4236	test_all_fires_out_mean:   0.0000
test_ep_length_mean:     100.0000	test_episode_limit_mean:   1.0000	test_mean_fire_level_mean: 22.1261	test_return_mean:        -101.0875
test_return_median:      -106.8000	test_return_std:          47.0451	
[INFO 07:51:55] my_main Recent Stats | t_env:     888286 | Episode:     8886
all_fires_out_mean:        0.0000	entropy_loss:              0.0105	ep_length_mean:          100.0000	episode_limit_mean:        1.0000
epsilon:                   0.0500	grad_norm:               1095.4769	loss:                     34.2390	mean_fire_level_mean:     20.8384
mi_loss:                   0.0224	q_taken_mean:            -12.3458	return_mean:             -746.7320	return_median:           -700.6000
return_std:              296.5313	target_mean:             -12.5312	td_error_abs:              2.4236	test_all_fires_out_mean:   0.0000
test_ep_length_mean:     100.0000	test_episode_limit_mean:   1.0000	test_mean_fire_level_mean: 22.1261	test_return_mean:        -101.0875
test_return_median:      -106.8000	test_return_std:          47.0451	
[INFO 07:52:37] my_main t_env: 890286 / 2050000
[INFO 07:52:37] my_main Estimated time left: 7 hours, 40 minutes, 43 seconds. Time passed: 5 hours, 48 minutes, 2 seconds
[INFO 07:53:03] my_main Recent Stats | t_env:     890286 | Episode:     8906
all_fires_out_mean:        0.0000	entropy_loss:              0.0105	ep_length_mean:          100.0000	episode_limit_mean:        1.0000
epsilon:                   0.0500	grad_norm:               1095.4769	loss:                     34.2390	mean_fire_level_mean:     21.0764
mi_loss:                   0.0224	q_taken_mean:            -12.3458	return_mean:             -761.3740	return_median:           -714.5000
return_std:              323.7692	target_mean:             -12.5312	td_error_abs:              2.4236	test_all_fires_out_mean:   0.0000
test_ep_length_mean:     100.0000	test_episode_limit_mean:   1.0000	test_mean_fire_level_mean: 22.3574	test_return_mean:        -100.4500
test_return_median:      -104.0000	test_return_std:          45.7964	
[INFO 07:53:45] my_main Recent Stats | t_env:     892286 | Episode:     8926
all_fires_out_mean:        0.0000	entropy_loss:              0.0105	ep_length_mean:          100.0000	episode_limit_mean:        1.0000
epsilon:                   0.0500	grad_norm:               1095.4769	loss:                     34.2390	mean_fire_level_mean:     21.0764
mi_loss:                   0.0224	q_taken_mean:            -12.3458	return_mean:             -761.3740	return_median:           -714.5000
return_std:              323.7692	target_mean:             -12.5312	td_error_abs:              2.4236	test_all_fires_out_mean:   0.0000
test_ep_length_mean:     100.0000	test_episode_limit_mean:   1.0000	test_mean_fire_level_mean: 22.3574	test_return_mean:        -100.4500
test_return_median:      -104.0000	test_return_std:          45.7964	
[INFO 07:54:26] my_main Recent Stats | t_env:     894286 | Episode:     8946
all_fires_out_mean:        0.0000	entropy_loss:              0.0106	ep_length_mean:          100.0000	episode_limit_mean:        1.0000
epsilon:                   0.0500	grad_norm:               1038.2330	loss:                     28.8557	mean_fire_level_mean:     21.0764
mi_loss:                   0.0224	q_taken_mean:            -12.5046	return_mean:             -761.3740	return_median:           -714.5000
return_std:              323.7692	target_mean:             -12.6836	td_error_abs:              2.3014	test_all_fires_out_mean:   0.0000
test_ep_length_mean:     100.0000	test_episode_limit_mean:   1.0000	test_mean_fire_level_mean: 22.3574	test_return_mean:        -100.4500
test_return_median:      -104.0000	test_return_std:          45.7964	
[INFO 07:55:09] my_main Recent Stats | t_env:     896286 | Episode:     8966
all_fires_out_mean:        0.0000	entropy_loss:              0.0106	ep_length_mean:          100.0000	episode_limit_mean:        1.0000
epsilon:                   0.0500	grad_norm:               1038.2330	loss:                     28.8557	mean_fire_level_mean:     21.0764
mi_loss:                   0.0224	q_taken_mean:            -12.5046	return_mean:             -761.3740	return_median:           -714.5000
return_std:              323.7692	target_mean:             -12.6836	td_error_abs:              2.3014	test_all_fires_out_mean:   0.0000
test_ep_length_mean:     100.0000	test_episode_limit_mean:   1.0000	test_mean_fire_level_mean: 22.3574	test_return_mean:        -100.4500
test_return_median:      -104.0000	test_return_std:          45.7964	
[INFO 07:55:52] my_main Recent Stats | t_env:     898286 | Episode:     8986
all_fires_out_mean:        0.0000	entropy_loss:              0.0106	ep_length_mean:          100.0000	episode_limit_mean:        1.0000
epsilon:                   0.0500	grad_norm:               1038.2330	loss:                     28.8557	mean_fire_level_mean:     21.0764
mi_loss:                   0.0224	q_taken_mean:            -12.5046	return_mean:             -761.3740	return_median:           -714.5000
return_std:              323.7692	target_mean:             -12.6836	td_error_abs:              2.3014	test_all_fires_out_mean:   0.0000
test_ep_length_mean:     100.0000	test_episode_limit_mean:   1.0000	test_mean_fire_level_mean: 22.3574	test_return_mean:        -100.4500
test_return_median:      -104.0000	test_return_std:          45.7964	
[INFO 07:56:23] my_main Updated target network
[INFO 07:56:33] my_main t_env: 900286 / 2050000
[INFO 07:56:33] my_main Estimated time left: 7 hours, 32 minutes, 1 seconds. Time passed: 5 hours, 51 minutes, 58 seconds
[INFO 07:56:59] my_main Recent Stats | t_env:     900286 | Episode:     9006
all_fires_out_mean:        0.0000	entropy_loss:              0.0106	ep_length_mean:          100.0000	episode_limit_mean:        1.0000
epsilon:                   0.0500	grad_norm:               1038.2330	loss:                     28.8557	mean_fire_level_mean:     21.2080
mi_loss:                   0.0224	q_taken_mean:            -12.5046	return_mean:             -762.6520	return_median:           -718.5000
return_std:              317.6196	target_mean:             -12.6836	td_error_abs:              2.3014	test_all_fires_out_mean:   0.0000
test_ep_length_mean:     100.0000	test_episode_limit_mean:   1.0000	test_mean_fire_level_mean: 22.3597	test_return_mean:        -103.8750
test_return_median:      -108.0000	test_return_std:          43.8508	
[INFO 07:57:42] my_main Recent Stats | t_env:     902286 | Episode:     9026
all_fires_out_mean:        0.0000	entropy_loss:              0.0106	ep_length_mean:          100.0000	episode_limit_mean:        1.0000
epsilon:                   0.0500	grad_norm:               1038.2330	loss:                     28.8557	mean_fire_level_mean:     21.2080
mi_loss:                   0.0224	q_taken_mean:            -12.5046	return_mean:             -762.6520	return_median:           -718.5000
return_std:              317.6196	target_mean:             -12.6836	td_error_abs:              2.3014	test_all_fires_out_mean:   0.0000
test_ep_length_mean:     100.0000	test_episode_limit_mean:   1.0000	test_mean_fire_level_mean: 22.3597	test_return_mean:        -103.8750
test_return_median:      -108.0000	test_return_std:          43.8508	
[INFO 07:58:24] my_main Recent Stats | t_env:     904286 | Episode:     9046
all_fires_out_mean:        0.0000	entropy_loss:              0.0108	ep_length_mean:          100.0000	episode_limit_mean:        1.0000
epsilon:                   0.0500	grad_norm:               980.5239	loss:                     25.2347	mean_fire_level_mean:     21.2080
mi_loss:                   0.0225	q_taken_mean:            -12.6287	return_mean:             -762.6520	return_median:           -718.5000
return_std:              317.6196	target_mean:             -12.8004	td_error_abs:              2.2385	test_all_fires_out_mean:   0.0000
test_ep_length_mean:     100.0000	test_episode_limit_mean:   1.0000	test_mean_fire_level_mean: 22.3597	test_return_mean:        -103.8750
test_return_median:      -108.0000	test_return_std:          43.8508	
[INFO 07:59:05] my_main Recent Stats | t_env:     906286 | Episode:     9066
all_fires_out_mean:        0.0000	entropy_loss:              0.0108	ep_length_mean:          100.0000	episode_limit_mean:        1.0000
epsilon:                   0.0500	grad_norm:               980.5239	loss:                     25.2347	mean_fire_level_mean:     21.2080
mi_loss:                   0.0225	q_taken_mean:            -12.6287	return_mean:             -762.6520	return_median:           -718.5000
return_std:              317.6196	target_mean:             -12.8004	td_error_abs:              2.2385	test_all_fires_out_mean:   0.0000
test_ep_length_mean:     100.0000	test_episode_limit_mean:   1.0000	test_mean_fire_level_mean: 22.3597	test_return_mean:        -103.8750
test_return_median:      -108.0000	test_return_std:          43.8508	
[INFO 07:59:48] my_main Recent Stats | t_env:     908286 | Episode:     9086
all_fires_out_mean:        0.0000	entropy_loss:              0.0108	ep_length_mean:          100.0000	episode_limit_mean:        1.0000
epsilon:                   0.0500	grad_norm:               980.5239	loss:                     25.2347	mean_fire_level_mean:     21.2080
mi_loss:                   0.0225	q_taken_mean:            -12.6287	return_mean:             -762.6520	return_median:           -718.5000
return_std:              317.6196	target_mean:             -12.8004	td_error_abs:              2.2385	test_all_fires_out_mean:   0.0000
test_ep_length_mean:     100.0000	test_episode_limit_mean:   1.0000	test_mean_fire_level_mean: 22.3597	test_return_mean:        -103.8750
test_return_median:      -108.0000	test_return_std:          43.8508	
[INFO 08:00:29] my_main t_env: 910286 / 2050000
[INFO 08:00:29] my_main Estimated time left: 7 hours, 29 minutes, 13 seconds. Time passed: 5 hours, 55 minutes, 55 seconds
[INFO 08:00:56] my_main Recent Stats | t_env:     910286 | Episode:     9106
all_fires_out_mean:        0.0000	entropy_loss:              0.0108	ep_length_mean:          100.0000	episode_limit_mean:        1.0000
epsilon:                   0.0500	grad_norm:               980.5239	loss:                     25.2347	mean_fire_level_mean:     21.2302
mi_loss:                   0.0225	q_taken_mean:            -12.6287	return_mean:             -748.5680	return_median:           -712.3000
return_std:              298.5512	target_mean:             -12.8004	td_error_abs:              2.2385	test_all_fires_out_mean:   0.0000
test_ep_length_mean:     100.0000	test_episode_limit_mean:   1.0000	test_mean_fire_level_mean: 22.3284	test_return_mean:        -101.7562
test_return_median:      -103.6000	test_return_std:          41.9179	
[INFO 08:01:38] my_main Recent Stats | t_env:     912286 | Episode:     9126
all_fires_out_mean:        0.0000	entropy_loss:              0.0108	ep_length_mean:          100.0000	episode_limit_mean:        1.0000
epsilon:                   0.0500	grad_norm:               980.5239	loss:                     25.2347	mean_fire_level_mean:     21.2302
mi_loss:                   0.0225	q_taken_mean:            -12.6287	return_mean:             -748.5680	return_median:           -712.3000
return_std:              298.5512	target_mean:             -12.8004	td_error_abs:              2.2385	test_all_fires_out_mean:   0.0000
test_ep_length_mean:     100.0000	test_episode_limit_mean:   1.0000	test_mean_fire_level_mean: 22.3284	test_return_mean:        -101.7562
test_return_median:      -103.6000	test_return_std:          41.9179	
[INFO 08:02:20] my_main Recent Stats | t_env:     914286 | Episode:     9146
all_fires_out_mean:        0.0000	entropy_loss:              0.0110	ep_length_mean:          100.0000	episode_limit_mean:        1.0000
epsilon:                   0.0500	grad_norm:               1014.5594	loss:                     31.7517	mean_fire_level_mean:     21.2302
mi_loss:                   0.0225	q_taken_mean:            -12.9219	return_mean:             -748.5680	return_median:           -712.3000
return_std:              298.5512	target_mean:             -13.0946	td_error_abs:              2.2755	test_all_fires_out_mean:   0.0000
test_ep_length_mean:     100.0000	test_episode_limit_mean:   1.0000	test_mean_fire_level_mean: 22.3284	test_return_mean:        -101.7562
test_return_median:      -103.6000	test_return_std:          41.9179	
[INFO 08:03:02] my_main Recent Stats | t_env:     916286 | Episode:     9166
all_fires_out_mean:        0.0000	entropy_loss:              0.0110	ep_length_mean:          100.0000	episode_limit_mean:        1.0000
epsilon:                   0.0500	grad_norm:               1014.5594	loss:                     31.7517	mean_fire_level_mean:     21.2302
mi_loss:                   0.0225	q_taken_mean:            -12.9219	return_mean:             -748.5680	return_median:           -712.3000
return_std:              298.5512	target_mean:             -13.0946	td_error_abs:              2.2755	test_all_fires_out_mean:   0.0000
test_ep_length_mean:     100.0000	test_episode_limit_mean:   1.0000	test_mean_fire_level_mean: 22.3284	test_return_mean:        -101.7562
test_return_median:      -103.6000	test_return_std:          41.9179	
[INFO 08:03:45] my_main Recent Stats | t_env:     918286 | Episode:     9186
all_fires_out_mean:        0.0000	entropy_loss:              0.0110	ep_length_mean:          100.0000	episode_limit_mean:        1.0000
epsilon:                   0.0500	grad_norm:               1014.5594	loss:                     31.7517	mean_fire_level_mean:     21.2302
mi_loss:                   0.0225	q_taken_mean:            -12.9219	return_mean:             -748.5680	return_median:           -712.3000
return_std:              298.5512	target_mean:             -13.0946	td_error_abs:              2.2755	test_all_fires_out_mean:   0.0000
test_ep_length_mean:     100.0000	test_episode_limit_mean:   1.0000	test_mean_fire_level_mean: 22.3284	test_return_mean:        -101.7562
test_return_median:      -103.6000	test_return_std:          41.9179	
[INFO 08:04:17] my_main Updated target network
[INFO 08:04:27] my_main t_env: 920286 / 2050000
[INFO 08:04:27] my_main Estimated time left: 7 hours, 27 minutes, 17 seconds. Time passed: 5 hours, 59 minutes, 52 seconds
[INFO 08:04:53] my_main Recent Stats | t_env:     920286 | Episode:     9206
all_fires_out_mean:        0.0000	entropy_loss:              0.0110	ep_length_mean:          100.0000	episode_limit_mean:        1.0000
epsilon:                   0.0500	grad_norm:               1014.5594	loss:                     31.7517	mean_fire_level_mean:     21.2209
mi_loss:                   0.0225	q_taken_mean:            -12.9219	return_mean:             -743.8500	return_median:           -707.1000
return_std:              296.3462	target_mean:             -13.0946	td_error_abs:              2.2755	test_all_fires_out_mean:   0.0000
test_ep_length_mean:     100.0000	test_episode_limit_mean:   1.0000	test_mean_fire_level_mean: 22.1398	test_return_mean:        -101.5500
test_return_median:      -103.8000	test_return_std:          40.1427	
[INFO 08:05:35] my_main Recent Stats | t_env:     922286 | Episode:     9226
all_fires_out_mean:        0.0000	entropy_loss:              0.0110	ep_length_mean:          100.0000	episode_limit_mean:        1.0000
epsilon:                   0.0500	grad_norm:               1014.5594	loss:                     31.7517	mean_fire_level_mean:     21.2209
mi_loss:                   0.0225	q_taken_mean:            -12.9219	return_mean:             -743.8500	return_median:           -707.1000
return_std:              296.3462	target_mean:             -13.0946	td_error_abs:              2.2755	test_all_fires_out_mean:   0.0000
test_ep_length_mean:     100.0000	test_episode_limit_mean:   1.0000	test_mean_fire_level_mean: 22.1398	test_return_mean:        -101.5500
test_return_median:      -103.8000	test_return_std:          40.1427	
[INFO 08:06:15] my_main Recent Stats | t_env:     924286 | Episode:     9246
all_fires_out_mean:        0.0000	entropy_loss:              0.0112	ep_length_mean:          100.0000	episode_limit_mean:        1.0000
epsilon:                   0.0500	grad_norm:               998.7592	loss:                     35.3248	mean_fire_level_mean:     21.2209
mi_loss:                   0.0226	q_taken_mean:            -13.0483	return_mean:             -743.8500	return_median:           -707.1000
return_std:              296.3462	target_mean:             -13.2142	td_error_abs:              2.2661	test_all_fires_out_mean:   0.0000
test_ep_length_mean:     100.0000	test_episode_limit_mean:   1.0000	test_mean_fire_level_mean: 22.1398	test_return_mean:        -101.5500
test_return_median:      -103.8000	test_return_std:          40.1427	
[INFO 08:06:56] my_main Recent Stats | t_env:     926286 | Episode:     9266
all_fires_out_mean:        0.0000	entropy_loss:              0.0112	ep_length_mean:          100.0000	episode_limit_mean:        1.0000
epsilon:                   0.0500	grad_norm:               998.7592	loss:                     35.3248	mean_fire_level_mean:     21.2209
mi_loss:                   0.0226	q_taken_mean:            -13.0483	return_mean:             -743.8500	return_median:           -707.1000
return_std:              296.3462	target_mean:             -13.2142	td_error_abs:              2.2661	test_all_fires_out_mean:   0.0000
test_ep_length_mean:     100.0000	test_episode_limit_mean:   1.0000	test_mean_fire_level_mean: 22.1398	test_return_mean:        -101.5500
test_return_median:      -103.8000	test_return_std:          40.1427	
[INFO 08:07:38] my_main Recent Stats | t_env:     928286 | Episode:     9286
all_fires_out_mean:        0.0000	entropy_loss:              0.0112	ep_length_mean:          100.0000	episode_limit_mean:        1.0000
epsilon:                   0.0500	grad_norm:               998.7592	loss:                     35.3248	mean_fire_level_mean:     21.2209
mi_loss:                   0.0226	q_taken_mean:            -13.0483	return_mean:             -743.8500	return_median:           -707.1000
return_std:              296.3462	target_mean:             -13.2142	td_error_abs:              2.2661	test_all_fires_out_mean:   0.0000
test_ep_length_mean:     100.0000	test_episode_limit_mean:   1.0000	test_mean_fire_level_mean: 22.1398	test_return_mean:        -101.5500
test_return_median:      -103.8000	test_return_std:          40.1427	
[INFO 08:08:20] my_main t_env: 930286 / 2050000
[INFO 08:08:20] my_main Estimated time left: 7 hours, 14 minutes, 27 seconds. Time passed: 6 hours, 3 minutes, 45 seconds
[INFO 08:08:46] my_main Recent Stats | t_env:     930286 | Episode:     9306
all_fires_out_mean:        0.0000	entropy_loss:              0.0112	ep_length_mean:          100.0000	episode_limit_mean:        1.0000
epsilon:                   0.0500	grad_norm:               998.7592	loss:                     35.3248	mean_fire_level_mean:     21.2245
mi_loss:                   0.0226	q_taken_mean:            -13.0483	return_mean:             -742.0940	return_median:           -709.4000
return_std:              288.3036	target_mean:             -13.2142	td_error_abs:              2.2661	test_all_fires_out_mean:   0.0000
test_ep_length_mean:     100.0000	test_episode_limit_mean:   1.0000	test_mean_fire_level_mean: 22.3165	test_return_mean:        -97.7313
test_return_median:      -97.9000	test_return_std:          40.1461	
[INFO 08:09:28] my_main Recent Stats | t_env:     932286 | Episode:     9326
all_fires_out_mean:        0.0000	entropy_loss:              0.0112	ep_length_mean:          100.0000	episode_limit_mean:        1.0000
epsilon:                   0.0500	grad_norm:               998.7592	loss:                     35.3248	mean_fire_level_mean:     21.2245
mi_loss:                   0.0226	q_taken_mean:            -13.0483	return_mean:             -742.0940	return_median:           -709.4000
return_std:              288.3036	target_mean:             -13.2142	td_error_abs:              2.2661	test_all_fires_out_mean:   0.0000
test_ep_length_mean:     100.0000	test_episode_limit_mean:   1.0000	test_mean_fire_level_mean: 22.3165	test_return_mean:        -97.7313
test_return_median:      -97.9000	test_return_std:          40.1461	
[INFO 08:10:10] my_main Recent Stats | t_env:     934286 | Episode:     9346
all_fires_out_mean:        0.0000	entropy_loss:              0.0112	ep_length_mean:          100.0000	episode_limit_mean:        1.0000
epsilon:                   0.0500	grad_norm:               951.1318	loss:                     34.8397	mean_fire_level_mean:     21.2245
mi_loss:                   0.0227	q_taken_mean:            -13.0867	return_mean:             -742.0940	return_median:           -709.4000
return_std:              288.3036	target_mean:             -13.2389	td_error_abs:              2.1109	test_all_fires_out_mean:   0.0000
test_ep_length_mean:     100.0000	test_episode_limit_mean:   1.0000	test_mean_fire_level_mean: 22.3165	test_return_mean:        -97.7313
test_return_median:      -97.9000	test_return_std:          40.1461	
[INFO 08:10:53] my_main Recent Stats | t_env:     936286 | Episode:     9366
all_fires_out_mean:        0.0000	entropy_loss:              0.0112	ep_length_mean:          100.0000	episode_limit_mean:        1.0000
epsilon:                   0.0500	grad_norm:               951.1318	loss:                     34.8397	mean_fire_level_mean:     21.2245
mi_loss:                   0.0227	q_taken_mean:            -13.0867	return_mean:             -742.0940	return_median:           -709.4000
return_std:              288.3036	target_mean:             -13.2389	td_error_abs:              2.1109	test_all_fires_out_mean:   0.0000
test_ep_length_mean:     100.0000	test_episode_limit_mean:   1.0000	test_mean_fire_level_mean: 22.3165	test_return_mean:        -97.7313
test_return_median:      -97.9000	test_return_std:          40.1461	
[INFO 08:11:35] my_main Recent Stats | t_env:     938286 | Episode:     9386
all_fires_out_mean:        0.0000	entropy_loss:              0.0112	ep_length_mean:          100.0000	episode_limit_mean:        1.0000
epsilon:                   0.0500	grad_norm:               951.1318	loss:                     34.8397	mean_fire_level_mean:     21.2245
mi_loss:                   0.0227	q_taken_mean:            -13.0867	return_mean:             -742.0940	return_median:           -709.4000
return_std:              288.3036	target_mean:             -13.2389	td_error_abs:              2.1109	test_all_fires_out_mean:   0.0000
test_ep_length_mean:     100.0000	test_episode_limit_mean:   1.0000	test_mean_fire_level_mean: 22.3165	test_return_mean:        -97.7313
test_return_median:      -97.9000	test_return_std:          40.1461	
[INFO 08:12:07] my_main Updated target network
[INFO 08:12:17] my_main t_env: 940286 / 2050000
[INFO 08:12:17] my_main Estimated time left: 7 hours, 18 minutes, 53 seconds. Time passed: 6 hours, 7 minutes, 42 seconds
[INFO 08:12:44] my_main Recent Stats | t_env:     940286 | Episode:     9406
all_fires_out_mean:        0.0000	entropy_loss:              0.0112	ep_length_mean:          100.0000	episode_limit_mean:        1.0000
epsilon:                   0.0500	grad_norm:               951.1318	loss:                     34.8397	mean_fire_level_mean:     20.9640
mi_loss:                   0.0227	q_taken_mean:            -13.0867	return_mean:             -737.9460	return_median:           -718.0000
return_std:              260.9964	target_mean:             -13.2389	td_error_abs:              2.1109	test_all_fires_out_mean:   0.0000
test_ep_length_mean:     100.0000	test_episode_limit_mean:   1.0000	test_mean_fire_level_mean: 22.0619	test_return_mean:        -99.0687
test_return_median:      -98.8000	test_return_std:          40.4156	
[INFO 08:13:25] my_main Recent Stats | t_env:     942286 | Episode:     9426
all_fires_out_mean:        0.0000	entropy_loss:              0.0112	ep_length_mean:          100.0000	episode_limit_mean:        1.0000
epsilon:                   0.0500	grad_norm:               951.1318	loss:                     34.8397	mean_fire_level_mean:     20.9640
mi_loss:                   0.0227	q_taken_mean:            -13.0867	return_mean:             -737.9460	return_median:           -718.0000
return_std:              260.9964	target_mean:             -13.2389	td_error_abs:              2.1109	test_all_fires_out_mean:   0.0000
test_ep_length_mean:     100.0000	test_episode_limit_mean:   1.0000	test_mean_fire_level_mean: 22.0619	test_return_mean:        -99.0687
test_return_median:      -98.8000	test_return_std:          40.4156	
[INFO 08:14:07] my_main Recent Stats | t_env:     944286 | Episode:     9446
all_fires_out_mean:        0.0000	entropy_loss:              0.0114	ep_length_mean:          100.0000	episode_limit_mean:        1.0000
epsilon:                   0.0500	grad_norm:               995.2669	loss:                     32.1170	mean_fire_level_mean:     20.9640
mi_loss:                   0.0226	q_taken_mean:            -13.1555	return_mean:             -737.9460	return_median:           -718.0000
return_std:              260.9964	target_mean:             -13.3140	td_error_abs:              2.1441	test_all_fires_out_mean:   0.0000
test_ep_length_mean:     100.0000	test_episode_limit_mean:   1.0000	test_mean_fire_level_mean: 22.0619	test_return_mean:        -99.0687
test_return_median:      -98.8000	test_return_std:          40.4156	
[INFO 08:14:50] my_main Recent Stats | t_env:     946286 | Episode:     9466
all_fires_out_mean:        0.0000	entropy_loss:              0.0114	ep_length_mean:          100.0000	episode_limit_mean:        1.0000
epsilon:                   0.0500	grad_norm:               995.2669	loss:                     32.1170	mean_fire_level_mean:     20.9640
mi_loss:                   0.0226	q_taken_mean:            -13.1555	return_mean:             -737.9460	return_median:           -718.0000
return_std:              260.9964	target_mean:             -13.3140	td_error_abs:              2.1441	test_all_fires_out_mean:   0.0000
test_ep_length_mean:     100.0000	test_episode_limit_mean:   1.0000	test_mean_fire_level_mean: 22.0619	test_return_mean:        -99.0687
test_return_median:      -98.8000	test_return_std:          40.4156	
[INFO 08:15:33] my_main Recent Stats | t_env:     948286 | Episode:     9486
all_fires_out_mean:        0.0000	entropy_loss:              0.0114	ep_length_mean:          100.0000	episode_limit_mean:        1.0000
epsilon:                   0.0500	grad_norm:               995.2669	loss:                     32.1170	mean_fire_level_mean:     20.9640
mi_loss:                   0.0226	q_taken_mean:            -13.1555	return_mean:             -737.9460	return_median:           -718.0000
return_std:              260.9964	target_mean:             -13.3140	td_error_abs:              2.1441	test_all_fires_out_mean:   0.0000
test_ep_length_mean:     100.0000	test_episode_limit_mean:   1.0000	test_mean_fire_level_mean: 22.0619	test_return_mean:        -99.0687
test_return_median:      -98.8000	test_return_std:          40.4156	
[INFO 08:16:14] my_main t_env: 950286 / 2050000
[INFO 08:16:14] my_main Estimated time left: 7 hours, 14 minutes, 38 seconds. Time passed: 6 hours, 11 minutes, 40 seconds
[INFO 08:16:41] my_main Recent Stats | t_env:     950286 | Episode:     9506
all_fires_out_mean:        0.0000	entropy_loss:              0.0114	ep_length_mean:          100.0000	episode_limit_mean:        1.0000
epsilon:                   0.0500	grad_norm:               995.2669	loss:                     32.1170	mean_fire_level_mean:     21.1169
mi_loss:                   0.0226	q_taken_mean:            -13.1555	return_mean:             -751.4240	return_median:           -725.9000
return_std:              264.1327	target_mean:             -13.3140	td_error_abs:              2.1441	test_all_fires_out_mean:   0.0000
test_ep_length_mean:     100.0000	test_episode_limit_mean:   1.0000	test_mean_fire_level_mean: 22.3239	test_return_mean:        -97.2250
test_return_median:      -97.2000	test_return_std:          40.6700	
[INFO 08:17:24] my_main Recent Stats | t_env:     952286 | Episode:     9526
all_fires_out_mean:        0.0000	entropy_loss:              0.0114	ep_length_mean:          100.0000	episode_limit_mean:        1.0000
epsilon:                   0.0500	grad_norm:               995.2669	loss:                     32.1170	mean_fire_level_mean:     21.1169
mi_loss:                   0.0226	q_taken_mean:            -13.1555	return_mean:             -751.4240	return_median:           -725.9000
return_std:              264.1327	target_mean:             -13.3140	td_error_abs:              2.1441	test_all_fires_out_mean:   0.0000
test_ep_length_mean:     100.0000	test_episode_limit_mean:   1.0000	test_mean_fire_level_mean: 22.3239	test_return_mean:        -97.2250
test_return_median:      -97.2000	test_return_std:          40.6700	
[INFO 08:18:06] my_main Recent Stats | t_env:     954286 | Episode:     9546
all_fires_out_mean:        0.0000	entropy_loss:              0.0116	ep_length_mean:          100.0000	episode_limit_mean:        1.0000
epsilon:                   0.0500	grad_norm:               1065.0811	loss:                     31.8944	mean_fire_level_mean:     21.1169
mi_loss:                   0.0226	q_taken_mean:            -13.0987	return_mean:             -751.4240	return_median:           -725.9000
return_std:              264.1327	target_mean:             -13.2663	td_error_abs:              2.1908	test_all_fires_out_mean:   0.0000
test_ep_length_mean:     100.0000	test_episode_limit_mean:   1.0000	test_mean_fire_level_mean: 22.3239	test_return_mean:        -97.2250
test_return_median:      -97.2000	test_return_std:          40.6700	
[INFO 08:18:49] my_main Recent Stats | t_env:     956286 | Episode:     9566
all_fires_out_mean:        0.0000	entropy_loss:              0.0116	ep_length_mean:          100.0000	episode_limit_mean:        1.0000
epsilon:                   0.0500	grad_norm:               1065.0811	loss:                     31.8944	mean_fire_level_mean:     21.1169
mi_loss:                   0.0226	q_taken_mean:            -13.0987	return_mean:             -751.4240	return_median:           -725.9000
return_std:              264.1327	target_mean:             -13.2663	td_error_abs:              2.1908	test_all_fires_out_mean:   0.0000
test_ep_length_mean:     100.0000	test_episode_limit_mean:   1.0000	test_mean_fire_level_mean: 22.3239	test_return_mean:        -97.2250
test_return_median:      -97.2000	test_return_std:          40.6700	
[INFO 08:19:32] my_main Recent Stats | t_env:     958286 | Episode:     9586
all_fires_out_mean:        0.0000	entropy_loss:              0.0116	ep_length_mean:          100.0000	episode_limit_mean:        1.0000
epsilon:                   0.0500	grad_norm:               1065.0811	loss:                     31.8944	mean_fire_level_mean:     21.1169
mi_loss:                   0.0226	q_taken_mean:            -13.0987	return_mean:             -751.4240	return_median:           -725.9000
return_std:              264.1327	target_mean:             -13.2663	td_error_abs:              2.1908	test_all_fires_out_mean:   0.0000
test_ep_length_mean:     100.0000	test_episode_limit_mean:   1.0000	test_mean_fire_level_mean: 22.3239	test_return_mean:        -97.2250
test_return_median:      -97.2000	test_return_std:          40.6700	
[INFO 08:20:02] my_main Updated target network
[INFO 08:20:13] my_main t_env: 960286 / 2050000
[INFO 08:20:13] my_main Estimated time left: 7 hours, 13 minutes, 16 seconds. Time passed: 6 hours, 15 minutes, 38 seconds
[INFO 08:20:39] my_main Recent Stats | t_env:     960286 | Episode:     9606
all_fires_out_mean:        0.0000	entropy_loss:              0.0116	ep_length_mean:          100.0000	episode_limit_mean:        1.0000
epsilon:                   0.0500	grad_norm:               1065.0811	loss:                     31.8944	mean_fire_level_mean:     21.0522
mi_loss:                   0.0226	q_taken_mean:            -13.0987	return_mean:             -764.1300	return_median:           -734.6000
return_std:              275.6725	target_mean:             -13.2663	td_error_abs:              2.1908	test_all_fires_out_mean:   0.0000
test_ep_length_mean:     100.0000	test_episode_limit_mean:   1.0000	test_mean_fire_level_mean: 22.3477	test_return_mean:        -97.9500
test_return_median:      -99.2000	test_return_std:          41.4966	
[INFO 08:21:22] my_main Recent Stats | t_env:     962286 | Episode:     9626
all_fires_out_mean:        0.0000	entropy_loss:              0.0116	ep_length_mean:          100.0000	episode_limit_mean:        1.0000
epsilon:                   0.0500	grad_norm:               1065.0811	loss:                     31.8944	mean_fire_level_mean:     21.0522
mi_loss:                   0.0226	q_taken_mean:            -13.0987	return_mean:             -764.1300	return_median:           -734.6000
return_std:              275.6725	target_mean:             -13.2663	td_error_abs:              2.1908	test_all_fires_out_mean:   0.0000
test_ep_length_mean:     100.0000	test_episode_limit_mean:   1.0000	test_mean_fire_level_mean: 22.3477	test_return_mean:        -97.9500
test_return_median:      -99.2000	test_return_std:          41.4966	
[INFO 08:22:04] my_main Recent Stats | t_env:     964286 | Episode:     9646
all_fires_out_mean:        0.0000	entropy_loss:              0.0117	ep_length_mean:          100.0000	episode_limit_mean:        1.0000
epsilon:                   0.0500	grad_norm:               997.2441	loss:                     23.8702	mean_fire_level_mean:     21.0522
mi_loss:                   0.0227	q_taken_mean:            -13.1068	return_mean:             -764.1300	return_median:           -734.6000
return_std:              275.6725	target_mean:             -13.2686	td_error_abs:              2.0812	test_all_fires_out_mean:   0.0000
test_ep_length_mean:     100.0000	test_episode_limit_mean:   1.0000	test_mean_fire_level_mean: 22.3477	test_return_mean:        -97.9500
test_return_median:      -99.2000	test_return_std:          41.4966	
[INFO 08:22:47] my_main Recent Stats | t_env:     966286 | Episode:     9666
all_fires_out_mean:        0.0000	entropy_loss:              0.0117	ep_length_mean:          100.0000	episode_limit_mean:        1.0000
epsilon:                   0.0500	grad_norm:               997.2441	loss:                     23.8702	mean_fire_level_mean:     21.0522
mi_loss:                   0.0227	q_taken_mean:            -13.1068	return_mean:             -764.1300	return_median:           -734.6000
return_std:              275.6725	target_mean:             -13.2686	td_error_abs:              2.0812	test_all_fires_out_mean:   0.0000
test_ep_length_mean:     100.0000	test_episode_limit_mean:   1.0000	test_mean_fire_level_mean: 22.3477	test_return_mean:        -97.9500
test_return_median:      -99.2000	test_return_std:          41.4966	
[INFO 08:23:30] my_main Recent Stats | t_env:     968286 | Episode:     9686
all_fires_out_mean:        0.0000	entropy_loss:              0.0117	ep_length_mean:          100.0000	episode_limit_mean:        1.0000
epsilon:                   0.0500	grad_norm:               997.2441	loss:                     23.8702	mean_fire_level_mean:     21.0522
mi_loss:                   0.0227	q_taken_mean:            -13.1068	return_mean:             -764.1300	return_median:           -734.6000
return_std:              275.6725	target_mean:             -13.2686	td_error_abs:              2.0812	test_all_fires_out_mean:   0.0000
test_ep_length_mean:     100.0000	test_episode_limit_mean:   1.0000	test_mean_fire_level_mean: 22.3477	test_return_mean:        -97.9500
test_return_median:      -99.2000	test_return_std:          41.4966	
[INFO 08:24:12] my_main t_env: 970286 / 2050000
[INFO 08:24:12] my_main Estimated time left: 7 hours, 10 minutes, 5 seconds. Time passed: 6 hours, 19 minutes, 37 seconds
[INFO 08:24:38] my_main Recent Stats | t_env:     970286 | Episode:     9706
all_fires_out_mean:        0.0000	entropy_loss:              0.0117	ep_length_mean:          100.0000	episode_limit_mean:        1.0000
epsilon:                   0.0500	grad_norm:               997.2441	loss:                     23.8702	mean_fire_level_mean:     21.2800
mi_loss:                   0.0227	q_taken_mean:            -13.1068	return_mean:             -773.8660	return_median:           -750.3000
return_std:              278.0293	target_mean:             -13.2686	td_error_abs:              2.0812	test_all_fires_out_mean:   0.0000
test_ep_length_mean:     100.0000	test_episode_limit_mean:   1.0000	test_mean_fire_level_mean: 22.6614	test_return_mean:        -101.8063
test_return_median:      -103.8000	test_return_std:          42.3966	
[INFO 08:25:21] my_main Recent Stats | t_env:     972286 | Episode:     9726
all_fires_out_mean:        0.0000	entropy_loss:              0.0117	ep_length_mean:          100.0000	episode_limit_mean:        1.0000
epsilon:                   0.0500	grad_norm:               997.2441	loss:                     23.8702	mean_fire_level_mean:     21.2800
mi_loss:                   0.0227	q_taken_mean:            -13.1068	return_mean:             -773.8660	return_median:           -750.3000
return_std:              278.0293	target_mean:             -13.2686	td_error_abs:              2.0812	test_all_fires_out_mean:   0.0000
test_ep_length_mean:     100.0000	test_episode_limit_mean:   1.0000	test_mean_fire_level_mean: 22.6614	test_return_mean:        -101.8063
test_return_median:      -103.8000	test_return_std:          42.3966	
[INFO 08:26:03] my_main Recent Stats | t_env:     974286 | Episode:     9746
all_fires_out_mean:        0.0000	entropy_loss:              0.0119	ep_length_mean:          100.0000	episode_limit_mean:        1.0000
epsilon:                   0.0500	grad_norm:               973.1324	loss:                     23.6031	mean_fire_level_mean:     21.2800
mi_loss:                   0.0227	q_taken_mean:            -12.9425	return_mean:             -773.8660	return_median:           -750.3000
return_std:              278.0293	target_mean:             -13.1083	td_error_abs:              2.0914	test_all_fires_out_mean:   0.0000
test_ep_length_mean:     100.0000	test_episode_limit_mean:   1.0000	test_mean_fire_level_mean: 22.6614	test_return_mean:        -101.8063
test_return_median:      -103.8000	test_return_std:          42.3966	
[INFO 08:26:45] my_main Recent Stats | t_env:     976286 | Episode:     9766
all_fires_out_mean:        0.0000	entropy_loss:              0.0119	ep_length_mean:          100.0000	episode_limit_mean:        1.0000
epsilon:                   0.0500	grad_norm:               973.1324	loss:                     23.6031	mean_fire_level_mean:     21.2800
mi_loss:                   0.0227	q_taken_mean:            -12.9425	return_mean:             -773.8660	return_median:           -750.3000
return_std:              278.0293	target_mean:             -13.1083	td_error_abs:              2.0914	test_all_fires_out_mean:   0.0000
test_ep_length_mean:     100.0000	test_episode_limit_mean:   1.0000	test_mean_fire_level_mean: 22.6614	test_return_mean:        -101.8063
test_return_median:      -103.8000	test_return_std:          42.3966	
[INFO 08:27:28] my_main Recent Stats | t_env:     978286 | Episode:     9786
all_fires_out_mean:        0.0000	entropy_loss:              0.0119	ep_length_mean:          100.0000	episode_limit_mean:        1.0000
epsilon:                   0.0500	grad_norm:               973.1324	loss:                     23.6031	mean_fire_level_mean:     21.2800
mi_loss:                   0.0227	q_taken_mean:            -12.9425	return_mean:             -773.8660	return_median:           -750.3000
return_std:              278.0293	target_mean:             -13.1083	td_error_abs:              2.0914	test_all_fires_out_mean:   0.0000
test_ep_length_mean:     100.0000	test_episode_limit_mean:   1.0000	test_mean_fire_level_mean: 22.6614	test_return_mean:        -101.8063
test_return_median:      -103.8000	test_return_std:          42.3966	
[INFO 08:27:58] my_main Updated target network
[INFO 08:28:09] my_main t_env: 980286 / 2050000
[INFO 08:28:09] my_main Estimated time left: 7 hours, 2 minutes, 18 seconds. Time passed: 6 hours, 23 minutes, 34 seconds
[INFO 08:28:36] my_main Recent Stats | t_env:     980286 | Episode:     9806
all_fires_out_mean:        0.0000	entropy_loss:              0.0119	ep_length_mean:          100.0000	episode_limit_mean:        1.0000
epsilon:                   0.0500	grad_norm:               973.1324	loss:                     23.6031	mean_fire_level_mean:     21.1236
mi_loss:                   0.0227	q_taken_mean:            -12.9425	return_mean:             -767.2520	return_median:           -740.5000
return_std:              277.7142	target_mean:             -13.1083	td_error_abs:              2.0914	test_all_fires_out_mean:   0.0000
test_ep_length_mean:     100.0000	test_episode_limit_mean:   1.0000	test_mean_fire_level_mean: 22.6114	test_return_mean:        -103.7313
test_return_median:      -104.3000	test_return_std:          41.5865	
[INFO 08:29:18] my_main Recent Stats | t_env:     982286 | Episode:     9826
all_fires_out_mean:        0.0000	entropy_loss:              0.0119	ep_length_mean:          100.0000	episode_limit_mean:        1.0000
epsilon:                   0.0500	grad_norm:               973.1324	loss:                     23.6031	mean_fire_level_mean:     21.1236
mi_loss:                   0.0227	q_taken_mean:            -12.9425	return_mean:             -767.2520	return_median:           -740.5000
return_std:              277.7142	target_mean:             -13.1083	td_error_abs:              2.0914	test_all_fires_out_mean:   0.0000
test_ep_length_mean:     100.0000	test_episode_limit_mean:   1.0000	test_mean_fire_level_mean: 22.6114	test_return_mean:        -103.7313
test_return_median:      -104.3000	test_return_std:          41.5865	
[INFO 08:30:00] my_main Recent Stats | t_env:     984286 | Episode:     9846
all_fires_out_mean:        0.0000	entropy_loss:              0.0121	ep_length_mean:          100.0000	episode_limit_mean:        1.0000
epsilon:                   0.0500	grad_norm:               946.0389	loss:                     26.2319	mean_fire_level_mean:     21.1236
mi_loss:                   0.0226	q_taken_mean:            -12.8442	return_mean:             -767.2520	return_median:           -740.5000
return_std:              277.7142	target_mean:             -13.0102	td_error_abs:              2.0989	test_all_fires_out_mean:   0.0000
test_ep_length_mean:     100.0000	test_episode_limit_mean:   1.0000	test_mean_fire_level_mean: 22.6114	test_return_mean:        -103.7313
test_return_median:      -104.3000	test_return_std:          41.5865	
[INFO 08:30:43] my_main Recent Stats | t_env:     986286 | Episode:     9866
all_fires_out_mean:        0.0000	entropy_loss:              0.0121	ep_length_mean:          100.0000	episode_limit_mean:        1.0000
epsilon:                   0.0500	grad_norm:               946.0389	loss:                     26.2319	mean_fire_level_mean:     21.1236
mi_loss:                   0.0226	q_taken_mean:            -12.8442	return_mean:             -767.2520	return_median:           -740.5000
return_std:              277.7142	target_mean:             -13.0102	td_error_abs:              2.0989	test_all_fires_out_mean:   0.0000
test_ep_length_mean:     100.0000	test_episode_limit_mean:   1.0000	test_mean_fire_level_mean: 22.6114	test_return_mean:        -103.7313
test_return_median:      -104.3000	test_return_std:          41.5865	
[INFO 08:31:26] my_main Recent Stats | t_env:     988286 | Episode:     9886
all_fires_out_mean:        0.0000	entropy_loss:              0.0121	ep_length_mean:          100.0000	episode_limit_mean:        1.0000
epsilon:                   0.0500	grad_norm:               946.0389	loss:                     26.2319	mean_fire_level_mean:     21.1236
mi_loss:                   0.0226	q_taken_mean:            -12.8442	return_mean:             -767.2520	return_median:           -740.5000
return_std:              277.7142	target_mean:             -13.0102	td_error_abs:              2.0989	test_all_fires_out_mean:   0.0000
test_ep_length_mean:     100.0000	test_episode_limit_mean:   1.0000	test_mean_fire_level_mean: 22.6114	test_return_mean:        -103.7313
test_return_median:      -104.3000	test_return_std:          41.5865	
[INFO 08:32:07] my_main t_env: 990286 / 2050000
[INFO 08:32:07] my_main Estimated time left: 7 hours, 1 minutes, 29 seconds. Time passed: 6 hours, 27 minutes, 33 seconds
[INFO 08:32:34] my_main Recent Stats | t_env:     990286 | Episode:     9906
all_fires_out_mean:        0.0000	entropy_loss:              0.0121	ep_length_mean:          100.0000	episode_limit_mean:        1.0000
epsilon:                   0.0500	grad_norm:               946.0389	loss:                     26.2319	mean_fire_level_mean:     21.2524
mi_loss:                   0.0226	q_taken_mean:            -12.8442	return_mean:             -776.6280	return_median:           -747.5000
return_std:              280.6741	target_mean:             -13.0102	td_error_abs:              2.0989	test_all_fires_out_mean:   0.0000
test_ep_length_mean:     100.0000	test_episode_limit_mean:   1.0000	test_mean_fire_level_mean: 22.7165	test_return_mean:        -101.1500
test_return_median:      -103.7000	test_return_std:          39.7367	
[INFO 08:33:16] my_main Recent Stats | t_env:     992286 | Episode:     9926
all_fires_out_mean:        0.0000	entropy_loss:              0.0121	ep_length_mean:          100.0000	episode_limit_mean:        1.0000
epsilon:                   0.0500	grad_norm:               946.0389	loss:                     26.2319	mean_fire_level_mean:     21.2524
mi_loss:                   0.0226	q_taken_mean:            -12.8442	return_mean:             -776.6280	return_median:           -747.5000
return_std:              280.6741	target_mean:             -13.0102	td_error_abs:              2.0989	test_all_fires_out_mean:   0.0000
test_ep_length_mean:     100.0000	test_episode_limit_mean:   1.0000	test_mean_fire_level_mean: 22.7165	test_return_mean:        -101.1500
test_return_median:      -103.7000	test_return_std:          39.7367	
[INFO 08:34:00] my_main Recent Stats | t_env:     994286 | Episode:     9946
all_fires_out_mean:        0.0000	entropy_loss:              0.0122	ep_length_mean:          100.0000	episode_limit_mean:        1.0000
epsilon:                   0.0500	grad_norm:               946.2635	loss:                     31.9854	mean_fire_level_mean:     21.2524
mi_loss:                   0.0226	q_taken_mean:            -12.7882	return_mean:             -776.6280	return_median:           -747.5000
return_std:              280.6741	target_mean:             -12.9530	td_error_abs:              2.0935	test_all_fires_out_mean:   0.0000
test_ep_length_mean:     100.0000	test_episode_limit_mean:   1.0000	test_mean_fire_level_mean: 22.7165	test_return_mean:        -101.1500
test_return_median:      -103.7000	test_return_std:          39.7367	
[INFO 08:34:43] my_main Recent Stats | t_env:     996286 | Episode:     9966
all_fires_out_mean:        0.0000	entropy_loss:              0.0122	ep_length_mean:          100.0000	episode_limit_mean:        1.0000
epsilon:                   0.0500	grad_norm:               946.2635	loss:                     31.9854	mean_fire_level_mean:     21.2524
mi_loss:                   0.0226	q_taken_mean:            -12.7882	return_mean:             -776.6280	return_median:           -747.5000
return_std:              280.6741	target_mean:             -12.9530	td_error_abs:              2.0935	test_all_fires_out_mean:   0.0000
test_ep_length_mean:     100.0000	test_episode_limit_mean:   1.0000	test_mean_fire_level_mean: 22.7165	test_return_mean:        -101.1500
test_return_median:      -103.7000	test_return_std:          39.7367	
[INFO 08:35:24] my_main Recent Stats | t_env:     998286 | Episode:     9986
all_fires_out_mean:        0.0000	entropy_loss:              0.0122	ep_length_mean:          100.0000	episode_limit_mean:        1.0000
epsilon:                   0.0500	grad_norm:               946.2635	loss:                     31.9854	mean_fire_level_mean:     21.2524
mi_loss:                   0.0226	q_taken_mean:            -12.7882	return_mean:             -776.6280	return_median:           -747.5000
return_std:              280.6741	target_mean:             -12.9530	td_error_abs:              2.0935	test_all_fires_out_mean:   0.0000
test_ep_length_mean:     100.0000	test_episode_limit_mean:   1.0000	test_mean_fire_level_mean: 22.7165	test_return_mean:        -101.1500
test_return_median:      -103.7000	test_return_std:          39.7367	
[INFO 08:35:54] my_main Updated target network
[INFO 08:36:04] my_main t_env: 1000286 / 2050000
[INFO 08:36:04] my_main Estimated time left: 6 hours, 55 minutes, 3 seconds. Time passed: 6 hours, 31 minutes, 30 seconds
[INFO 08:36:30] my_main Recent Stats | t_env:    1000286 | Episode:    10006
all_fires_out_mean:        0.0000	entropy_loss:              0.0122	ep_length_mean:          100.0000	episode_limit_mean:        1.0000
epsilon:                   0.0500	grad_norm:               946.2635	loss:                     31.9854	mean_fire_level_mean:     21.1591
mi_loss:                   0.0226	q_taken_mean:            -12.7882	return_mean:             -767.7980	return_median:           -739.2000
return_std:              279.4829	target_mean:             -12.9530	td_error_abs:              2.0935	test_all_fires_out_mean:   0.0000
test_ep_length_mean:     100.0000	test_episode_limit_mean:   1.0000	test_mean_fire_level_mean: 22.7375	test_return_mean:        -98.8375
test_return_median:      -100.2000	test_return_std:          38.8824	
[INFO 08:37:13] my_main Recent Stats | t_env:    1002286 | Episode:    10026
all_fires_out_mean:        0.0000	entropy_loss:              0.0122	ep_length_mean:          100.0000	episode_limit_mean:        1.0000
epsilon:                   0.0500	grad_norm:               946.2635	loss:                     31.9854	mean_fire_level_mean:     21.1591
mi_loss:                   0.0226	q_taken_mean:            -12.7882	return_mean:             -767.7980	return_median:           -739.2000
return_std:              279.4829	target_mean:             -12.9530	td_error_abs:              2.0935	test_all_fires_out_mean:   0.0000
test_ep_length_mean:     100.0000	test_episode_limit_mean:   1.0000	test_mean_fire_level_mean: 22.7375	test_return_mean:        -98.8375
test_return_median:      -100.2000	test_return_std:          38.8824	
[INFO 08:37:54] my_main Recent Stats | t_env:    1004286 | Episode:    10046
all_fires_out_mean:        0.0000	entropy_loss:              0.0123	ep_length_mean:          100.0000	episode_limit_mean:        1.0000
epsilon:                   0.0500	grad_norm:               860.2184	loss:                     29.2812	mean_fire_level_mean:     21.1591
mi_loss:                   0.0226	q_taken_mean:            -12.7164	return_mean:             -767.7980	return_median:           -739.2000
return_std:              279.4829	target_mean:             -12.8739	td_error_abs:              2.0335	test_all_fires_out_mean:   0.0000
test_ep_length_mean:     100.0000	test_episode_limit_mean:   1.0000	test_mean_fire_level_mean: 22.7375	test_return_mean:        -98.8375
test_return_median:      -100.2000	test_return_std:          38.8824	
[INFO 08:38:37] my_main Recent Stats | t_env:    1006286 | Episode:    10066
all_fires_out_mean:        0.0000	entropy_loss:              0.0123	ep_length_mean:          100.0000	episode_limit_mean:        1.0000
epsilon:                   0.0500	grad_norm:               860.2184	loss:                     29.2812	mean_fire_level_mean:     21.1591
mi_loss:                   0.0226	q_taken_mean:            -12.7164	return_mean:             -767.7980	return_median:           -739.2000
return_std:              279.4829	target_mean:             -12.8739	td_error_abs:              2.0335	test_all_fires_out_mean:   0.0000
test_ep_length_mean:     100.0000	test_episode_limit_mean:   1.0000	test_mean_fire_level_mean: 22.7375	test_return_mean:        -98.8375
test_return_median:      -100.2000	test_return_std:          38.8824	
[INFO 08:39:20] my_main Recent Stats | t_env:    1008286 | Episode:    10086
all_fires_out_mean:        0.0000	entropy_loss:              0.0123	ep_length_mean:          100.0000	episode_limit_mean:        1.0000
epsilon:                   0.0500	grad_norm:               860.2184	loss:                     29.2812	mean_fire_level_mean:     21.1591
mi_loss:                   0.0226	q_taken_mean:            -12.7164	return_mean:             -767.7980	return_median:           -739.2000
return_std:              279.4829	target_mean:             -12.8739	td_error_abs:              2.0335	test_all_fires_out_mean:   0.0000
test_ep_length_mean:     100.0000	test_episode_limit_mean:   1.0000	test_mean_fire_level_mean: 22.7375	test_return_mean:        -98.8375
test_return_median:      -100.2000	test_return_std:          38.8824	
[INFO 08:40:01] my_main t_env: 1010286 / 2050000
[INFO 08:40:01] my_main Estimated time left: 6 hours, 50 minutes, 5 seconds. Time passed: 6 hours, 35 minutes, 27 seconds
[INFO 08:40:28] my_main Recent Stats | t_env:    1010286 | Episode:    10106
all_fires_out_mean:        0.0000	entropy_loss:              0.0123	ep_length_mean:          100.0000	episode_limit_mean:        1.0000
epsilon:                   0.0500	grad_norm:               860.2184	loss:                     29.2812	mean_fire_level_mean:     21.1605
mi_loss:                   0.0226	q_taken_mean:            -12.7164	return_mean:             -753.4020	return_median:           -727.7000
return_std:              274.0517	target_mean:             -12.8739	td_error_abs:              2.0335	test_all_fires_out_mean:   0.0000
test_ep_length_mean:     100.0000	test_episode_limit_mean:   1.0000	test_mean_fire_level_mean: 22.8659	test_return_mean:        -101.0625
test_return_median:      -101.5000	test_return_std:          37.5069	
[INFO 08:41:11] my_main Recent Stats | t_env:    1012286 | Episode:    10126
all_fires_out_mean:        0.0000	entropy_loss:              0.0123	ep_length_mean:          100.0000	episode_limit_mean:        1.0000
epsilon:                   0.0500	grad_norm:               860.2184	loss:                     29.2812	mean_fire_level_mean:     21.1605
mi_loss:                   0.0226	q_taken_mean:            -12.7164	return_mean:             -753.4020	return_median:           -727.7000
return_std:              274.0517	target_mean:             -12.8739	td_error_abs:              2.0335	test_all_fires_out_mean:   0.0000
test_ep_length_mean:     100.0000	test_episode_limit_mean:   1.0000	test_mean_fire_level_mean: 22.8659	test_return_mean:        -101.0625
test_return_median:      -101.5000	test_return_std:          37.5069	
[INFO 08:41:54] my_main Recent Stats | t_env:    1014286 | Episode:    10146
all_fires_out_mean:        0.0000	entropy_loss:              0.0122	ep_length_mean:          100.0000	episode_limit_mean:        1.0000
epsilon:                   0.0500	grad_norm:               874.5153	loss:                     30.3286	mean_fire_level_mean:     21.1605
mi_loss:                   0.0225	q_taken_mean:            -12.8351	return_mean:             -753.4020	return_median:           -727.7000
return_std:              274.0517	target_mean:             -12.9920	td_error_abs:              2.0262	test_all_fires_out_mean:   0.0000
test_ep_length_mean:     100.0000	test_episode_limit_mean:   1.0000	test_mean_fire_level_mean: 22.8659	test_return_mean:        -101.0625
test_return_median:      -101.5000	test_return_std:          37.5069	
[INFO 08:42:37] my_main Recent Stats | t_env:    1016286 | Episode:    10166
all_fires_out_mean:        0.0000	entropy_loss:              0.0122	ep_length_mean:          100.0000	episode_limit_mean:        1.0000
epsilon:                   0.0500	grad_norm:               874.5153	loss:                     30.3286	mean_fire_level_mean:     21.1605
mi_loss:                   0.0225	q_taken_mean:            -12.8351	return_mean:             -753.4020	return_median:           -727.7000
return_std:              274.0517	target_mean:             -12.9920	td_error_abs:              2.0262	test_all_fires_out_mean:   0.0000
test_ep_length_mean:     100.0000	test_episode_limit_mean:   1.0000	test_mean_fire_level_mean: 22.8659	test_return_mean:        -101.0625
test_return_median:      -101.5000	test_return_std:          37.5069	
[INFO 08:43:19] my_main Recent Stats | t_env:    1018286 | Episode:    10186
all_fires_out_mean:        0.0000	entropy_loss:              0.0122	ep_length_mean:          100.0000	episode_limit_mean:        1.0000
epsilon:                   0.0500	grad_norm:               874.5153	loss:                     30.3286	mean_fire_level_mean:     21.1605
mi_loss:                   0.0225	q_taken_mean:            -12.8351	return_mean:             -753.4020	return_median:           -727.7000
return_std:              274.0517	target_mean:             -12.9920	td_error_abs:              2.0262	test_all_fires_out_mean:   0.0000
test_ep_length_mean:     100.0000	test_episode_limit_mean:   1.0000	test_mean_fire_level_mean: 22.8659	test_return_mean:        -101.0625
test_return_median:      -101.5000	test_return_std:          37.5069	
[INFO 08:43:50] my_main Updated target network
[INFO 08:44:00] my_main t_env: 1020286 / 2050000
[INFO 08:44:00] my_main Estimated time left: 6 hours, 50 minutes, 14 seconds. Time passed: 6 hours, 39 minutes, 26 seconds
[INFO 08:44:27] my_main Recent Stats | t_env:    1020286 | Episode:    10206
all_fires_out_mean:        0.0000	entropy_loss:              0.0122	ep_length_mean:          100.0000	episode_limit_mean:        1.0000
epsilon:                   0.0500	grad_norm:               874.5153	loss:                     30.3286	mean_fire_level_mean:     20.9931
mi_loss:                   0.0225	q_taken_mean:            -12.8351	return_mean:             -747.7060	return_median:           -729.1000
return_std:              272.4594	target_mean:             -12.9920	td_error_abs:              2.0262	test_all_fires_out_mean:   0.0000
test_ep_length_mean:     100.0000	test_episode_limit_mean:   1.0000	test_mean_fire_level_mean: 22.8761	test_return_mean:        -98.2687
test_return_median:      -100.4000	test_return_std:          37.8994	
[INFO 08:45:10] my_main Recent Stats | t_env:    1022286 | Episode:    10226
all_fires_out_mean:        0.0000	entropy_loss:              0.0122	ep_length_mean:          100.0000	episode_limit_mean:        1.0000
epsilon:                   0.0500	grad_norm:               874.5153	loss:                     30.3286	mean_fire_level_mean:     20.9931
mi_loss:                   0.0225	q_taken_mean:            -12.8351	return_mean:             -747.7060	return_median:           -729.1000
return_std:              272.4594	target_mean:             -12.9920	td_error_abs:              2.0262	test_all_fires_out_mean:   0.0000
test_ep_length_mean:     100.0000	test_episode_limit_mean:   1.0000	test_mean_fire_level_mean: 22.8761	test_return_mean:        -98.2687
test_return_median:      -100.4000	test_return_std:          37.8994	
[INFO 08:45:52] my_main Recent Stats | t_env:    1024286 | Episode:    10246
all_fires_out_mean:        0.0000	entropy_loss:              0.0121	ep_length_mean:          100.0000	episode_limit_mean:        1.0000
epsilon:                   0.0500	grad_norm:               867.2324	loss:                     33.4542	mean_fire_level_mean:     20.9931
mi_loss:                   0.0226	q_taken_mean:            -13.0117	return_mean:             -747.7060	return_median:           -729.1000
return_std:              272.4594	target_mean:             -13.1579	td_error_abs:              1.9936	test_all_fires_out_mean:   0.0000
test_ep_length_mean:     100.0000	test_episode_limit_mean:   1.0000	test_mean_fire_level_mean: 22.8761	test_return_mean:        -98.2687
test_return_median:      -100.4000	test_return_std:          37.8994	
[INFO 08:46:35] my_main Recent Stats | t_env:    1026286 | Episode:    10266
all_fires_out_mean:        0.0000	entropy_loss:              0.0121	ep_length_mean:          100.0000	episode_limit_mean:        1.0000
epsilon:                   0.0500	grad_norm:               867.2324	loss:                     33.4542	mean_fire_level_mean:     20.9931
mi_loss:                   0.0226	q_taken_mean:            -13.0117	return_mean:             -747.7060	return_median:           -729.1000
return_std:              272.4594	target_mean:             -13.1579	td_error_abs:              1.9936	test_all_fires_out_mean:   0.0000
test_ep_length_mean:     100.0000	test_episode_limit_mean:   1.0000	test_mean_fire_level_mean: 22.8761	test_return_mean:        -98.2687
test_return_median:      -100.4000	test_return_std:          37.8994	
[INFO 08:47:18] my_main Recent Stats | t_env:    1028286 | Episode:    10286
all_fires_out_mean:        0.0000	entropy_loss:              0.0121	ep_length_mean:          100.0000	episode_limit_mean:        1.0000
epsilon:                   0.0500	grad_norm:               867.2324	loss:                     33.4542	mean_fire_level_mean:     20.9931
mi_loss:                   0.0226	q_taken_mean:            -13.0117	return_mean:             -747.7060	return_median:           -729.1000
return_std:              272.4594	target_mean:             -13.1579	td_error_abs:              1.9936	test_all_fires_out_mean:   0.0000
test_ep_length_mean:     100.0000	test_episode_limit_mean:   1.0000	test_mean_fire_level_mean: 22.8761	test_return_mean:        -98.2687
test_return_median:      -100.4000	test_return_std:          37.8994	
[INFO 08:47:59] my_main t_env: 1030286 / 2050000
[INFO 08:47:59] my_main Estimated time left: 6 hours, 46 minutes, 37 seconds. Time passed: 6 hours, 43 minutes, 25 seconds
[INFO 08:48:26] my_main Recent Stats | t_env:    1030286 | Episode:    10306
all_fires_out_mean:        0.0000	entropy_loss:              0.0121	ep_length_mean:          100.0000	episode_limit_mean:        1.0000
epsilon:                   0.0500	grad_norm:               867.2324	loss:                     33.4542	mean_fire_level_mean:     21.0713
mi_loss:                   0.0226	q_taken_mean:            -13.0117	return_mean:             -751.4200	return_median:           -731.5000
return_std:              279.5774	target_mean:             -13.1579	td_error_abs:              1.9936	test_all_fires_out_mean:   0.0000
test_ep_length_mean:     100.0000	test_episode_limit_mean:   1.0000	test_mean_fire_level_mean: 22.9335	test_return_mean:        -98.7000
test_return_median:      -103.3000	test_return_std:          37.2317	
[INFO 08:49:08] my_main Recent Stats | t_env:    1032286 | Episode:    10326
all_fires_out_mean:        0.0000	entropy_loss:              0.0121	ep_length_mean:          100.0000	episode_limit_mean:        1.0000
epsilon:                   0.0500	grad_norm:               867.2324	loss:                     33.4542	mean_fire_level_mean:     21.0713
mi_loss:                   0.0226	q_taken_mean:            -13.0117	return_mean:             -751.4200	return_median:           -731.5000
return_std:              279.5774	target_mean:             -13.1579	td_error_abs:              1.9936	test_all_fires_out_mean:   0.0000
test_ep_length_mean:     100.0000	test_episode_limit_mean:   1.0000	test_mean_fire_level_mean: 22.9335	test_return_mean:        -98.7000
test_return_median:      -103.3000	test_return_std:          37.2317	
[INFO 08:49:50] my_main Recent Stats | t_env:    1034286 | Episode:    10346
all_fires_out_mean:        0.0000	entropy_loss:              0.0122	ep_length_mean:          100.0000	episode_limit_mean:        1.0000
epsilon:                   0.0500	grad_norm:               845.4183	loss:                     33.1749	mean_fire_level_mean:     21.0713
mi_loss:                   0.0226	q_taken_mean:            -13.5210	return_mean:             -751.4200	return_median:           -731.5000
return_std:              279.5774	target_mean:             -13.6624	td_error_abs:              1.9518	test_all_fires_out_mean:   0.0000
test_ep_length_mean:     100.0000	test_episode_limit_mean:   1.0000	test_mean_fire_level_mean: 22.9335	test_return_mean:        -98.7000
test_return_median:      -103.3000	test_return_std:          37.2317	
[INFO 08:50:34] my_main Recent Stats | t_env:    1036286 | Episode:    10366
all_fires_out_mean:        0.0000	entropy_loss:              0.0122	ep_length_mean:          100.0000	episode_limit_mean:        1.0000
epsilon:                   0.0500	grad_norm:               845.4183	loss:                     33.1749	mean_fire_level_mean:     21.0713
mi_loss:                   0.0226	q_taken_mean:            -13.5210	return_mean:             -751.4200	return_median:           -731.5000
return_std:              279.5774	target_mean:             -13.6624	td_error_abs:              1.9518	test_all_fires_out_mean:   0.0000
test_ep_length_mean:     100.0000	test_episode_limit_mean:   1.0000	test_mean_fire_level_mean: 22.9335	test_return_mean:        -98.7000
test_return_median:      -103.3000	test_return_std:          37.2317	
[INFO 08:51:16] my_main Recent Stats | t_env:    1038286 | Episode:    10386
all_fires_out_mean:        0.0000	entropy_loss:              0.0122	ep_length_mean:          100.0000	episode_limit_mean:        1.0000
epsilon:                   0.0500	grad_norm:               845.4183	loss:                     33.1749	mean_fire_level_mean:     21.0713
mi_loss:                   0.0226	q_taken_mean:            -13.5210	return_mean:             -751.4200	return_median:           -731.5000
return_std:              279.5774	target_mean:             -13.6624	td_error_abs:              1.9518	test_all_fires_out_mean:   0.0000
test_ep_length_mean:     100.0000	test_episode_limit_mean:   1.0000	test_mean_fire_level_mean: 22.9335	test_return_mean:        -98.7000
test_return_median:      -103.3000	test_return_std:          37.2317	
[INFO 08:51:47] my_main Updated target network
[INFO 08:51:58] my_main t_env: 1040286 / 2050000
[INFO 08:51:58] my_main Estimated time left: 6 hours, 40 minutes, 55 seconds. Time passed: 6 hours, 47 minutes, 23 seconds
[INFO 08:52:24] my_main Recent Stats | t_env:    1040286 | Episode:    10406
all_fires_out_mean:        0.0000	entropy_loss:              0.0122	ep_length_mean:          100.0000	episode_limit_mean:        1.0000
epsilon:                   0.0500	grad_norm:               845.4183	loss:                     33.1749	mean_fire_level_mean:     20.8665
mi_loss:                   0.0226	q_taken_mean:            -13.5210	return_mean:             -737.0460	return_median:           -721.6000
return_std:              279.2142	target_mean:             -13.6624	td_error_abs:              1.9518	test_all_fires_out_mean:   0.0000
test_ep_length_mean:     100.0000	test_episode_limit_mean:   1.0000	test_mean_fire_level_mean: 22.8909	test_return_mean:        -103.4250
test_return_median:      -108.6000	test_return_std:          36.5156	
[INFO 08:53:07] my_main Recent Stats | t_env:    1042286 | Episode:    10426
all_fires_out_mean:        0.0000	entropy_loss:              0.0122	ep_length_mean:          100.0000	episode_limit_mean:        1.0000
epsilon:                   0.0500	grad_norm:               845.4183	loss:                     33.1749	mean_fire_level_mean:     20.8665
mi_loss:                   0.0226	q_taken_mean:            -13.5210	return_mean:             -737.0460	return_median:           -721.6000
return_std:              279.2142	target_mean:             -13.6624	td_error_abs:              1.9518	test_all_fires_out_mean:   0.0000
test_ep_length_mean:     100.0000	test_episode_limit_mean:   1.0000	test_mean_fire_level_mean: 22.8909	test_return_mean:        -103.4250
test_return_median:      -108.6000	test_return_std:          36.5156	
[INFO 08:53:49] my_main Recent Stats | t_env:    1044286 | Episode:    10446
all_fires_out_mean:        0.0000	entropy_loss:              0.0124	ep_length_mean:          100.0000	episode_limit_mean:        1.0000
epsilon:                   0.0500	grad_norm:               772.7944	loss:                     38.4195	mean_fire_level_mean:     20.8665
mi_loss:                   0.0226	q_taken_mean:            -13.5433	return_mean:             -737.0460	return_median:           -721.6000
return_std:              279.2142	target_mean:             -13.6759	td_error_abs:              1.9744	test_all_fires_out_mean:   0.0000
test_ep_length_mean:     100.0000	test_episode_limit_mean:   1.0000	test_mean_fire_level_mean: 22.8909	test_return_mean:        -103.4250
test_return_median:      -108.6000	test_return_std:          36.5156	
[INFO 08:54:31] my_main Recent Stats | t_env:    1046286 | Episode:    10466
all_fires_out_mean:        0.0000	entropy_loss:              0.0124	ep_length_mean:          100.0000	episode_limit_mean:        1.0000
epsilon:                   0.0500	grad_norm:               772.7944	loss:                     38.4195	mean_fire_level_mean:     20.8665
mi_loss:                   0.0226	q_taken_mean:            -13.5433	return_mean:             -737.0460	return_median:           -721.6000
return_std:              279.2142	target_mean:             -13.6759	td_error_abs:              1.9744	test_all_fires_out_mean:   0.0000
test_ep_length_mean:     100.0000	test_episode_limit_mean:   1.0000	test_mean_fire_level_mean: 22.8909	test_return_mean:        -103.4250
test_return_median:      -108.6000	test_return_std:          36.5156	
[INFO 08:55:13] my_main Recent Stats | t_env:    1048286 | Episode:    10486
all_fires_out_mean:        0.0000	entropy_loss:              0.0124	ep_length_mean:          100.0000	episode_limit_mean:        1.0000
epsilon:                   0.0500	grad_norm:               772.7944	loss:                     38.4195	mean_fire_level_mean:     20.8665
mi_loss:                   0.0226	q_taken_mean:            -13.5433	return_mean:             -737.0460	return_median:           -721.6000
return_std:              279.2142	target_mean:             -13.6759	td_error_abs:              1.9744	test_all_fires_out_mean:   0.0000
test_ep_length_mean:     100.0000	test_episode_limit_mean:   1.0000	test_mean_fire_level_mean: 22.8909	test_return_mean:        -103.4250
test_return_median:      -108.6000	test_return_std:          36.5156	
[INFO 08:55:54] my_main t_env: 1050286 / 2050000
[INFO 08:55:54] my_main Estimated time left: 6 hours, 34 minutes, 39 seconds. Time passed: 6 hours, 51 minutes, 20 seconds
[INFO 08:56:21] my_main Recent Stats | t_env:    1050286 | Episode:    10506
all_fires_out_mean:        0.0000	entropy_loss:              0.0124	ep_length_mean:          100.0000	episode_limit_mean:        1.0000
epsilon:                   0.0500	grad_norm:               772.7944	loss:                     38.4195	mean_fire_level_mean:     20.8247
mi_loss:                   0.0226	q_taken_mean:            -13.5433	return_mean:             -730.3140	return_median:           -726.8000
return_std:              264.6718	target_mean:             -13.6759	td_error_abs:              1.9744	test_all_fires_out_mean:   0.0000
test_ep_length_mean:     100.0000	test_episode_limit_mean:   1.0000	test_mean_fire_level_mean: 22.7119	test_return_mean:        -103.0687
test_return_median:      -108.2000	test_return_std:          38.0126	
[INFO 08:57:04] my_main Recent Stats | t_env:    1052286 | Episode:    10526
all_fires_out_mean:        0.0000	entropy_loss:              0.0124	ep_length_mean:          100.0000	episode_limit_mean:        1.0000
epsilon:                   0.0500	grad_norm:               772.7944	loss:                     38.4195	mean_fire_level_mean:     20.8247
mi_loss:                   0.0226	q_taken_mean:            -13.5433	return_mean:             -730.3140	return_median:           -726.8000
return_std:              264.6718	target_mean:             -13.6759	td_error_abs:              1.9744	test_all_fires_out_mean:   0.0000
test_ep_length_mean:     100.0000	test_episode_limit_mean:   1.0000	test_mean_fire_level_mean: 22.7119	test_return_mean:        -103.0687
test_return_median:      -108.2000	test_return_std:          38.0126	
[INFO 08:57:47] my_main Recent Stats | t_env:    1054286 | Episode:    10546
all_fires_out_mean:        0.0000	entropy_loss:              0.0123	ep_length_mean:          100.0000	episode_limit_mean:        1.0000
epsilon:                   0.0500	grad_norm:               759.4758	loss:                     38.6537	mean_fire_level_mean:     20.8247
mi_loss:                   0.0227	q_taken_mean:            -13.5272	return_mean:             -730.3140	return_median:           -726.8000
return_std:              264.6718	target_mean:             -13.6553	td_error_abs:              1.9211	test_all_fires_out_mean:   0.0000
test_ep_length_mean:     100.0000	test_episode_limit_mean:   1.0000	test_mean_fire_level_mean: 22.7119	test_return_mean:        -103.0687
test_return_median:      -108.2000	test_return_std:          38.0126	
[INFO 08:58:29] my_main Recent Stats | t_env:    1056286 | Episode:    10566
all_fires_out_mean:        0.0000	entropy_loss:              0.0123	ep_length_mean:          100.0000	episode_limit_mean:        1.0000
epsilon:                   0.0500	grad_norm:               759.4758	loss:                     38.6537	mean_fire_level_mean:     20.8247
mi_loss:                   0.0227	q_taken_mean:            -13.5272	return_mean:             -730.3140	return_median:           -726.8000
return_std:              264.6718	target_mean:             -13.6553	td_error_abs:              1.9211	test_all_fires_out_mean:   0.0000
test_ep_length_mean:     100.0000	test_episode_limit_mean:   1.0000	test_mean_fire_level_mean: 22.7119	test_return_mean:        -103.0687
test_return_median:      -108.2000	test_return_std:          38.0126	
[INFO 08:59:13] my_main Recent Stats | t_env:    1058286 | Episode:    10586
all_fires_out_mean:        0.0000	entropy_loss:              0.0123	ep_length_mean:          100.0000	episode_limit_mean:        1.0000
epsilon:                   0.0500	grad_norm:               759.4758	loss:                     38.6537	mean_fire_level_mean:     20.8247
mi_loss:                   0.0227	q_taken_mean:            -13.5272	return_mean:             -730.3140	return_median:           -726.8000
return_std:              264.6718	target_mean:             -13.6553	td_error_abs:              1.9211	test_all_fires_out_mean:   0.0000
test_ep_length_mean:     100.0000	test_episode_limit_mean:   1.0000	test_mean_fire_level_mean: 22.7119	test_return_mean:        -103.0687
test_return_median:      -108.2000	test_return_std:          38.0126	
[INFO 08:59:44] my_main Updated target network
[INFO 08:59:54] my_main t_env: 1060286 / 2050000
[INFO 08:59:54] my_main Estimated time left: 6 hours, 35 minutes, 46 seconds. Time passed: 6 hours, 55 minutes, 20 seconds
[INFO 09:00:21] my_main Recent Stats | t_env:    1060286 | Episode:    10606
all_fires_out_mean:        0.0000	entropy_loss:              0.0123	ep_length_mean:          100.0000	episode_limit_mean:        1.0000
epsilon:                   0.0500	grad_norm:               759.4758	loss:                     38.6537	mean_fire_level_mean:     20.7940
mi_loss:                   0.0227	q_taken_mean:            -13.5272	return_mean:             -743.5520	return_median:           -740.4000
return_std:              264.2465	target_mean:             -13.6553	td_error_abs:              1.9211	test_all_fires_out_mean:   0.0000
test_ep_length_mean:     100.0000	test_episode_limit_mean:   1.0000	test_mean_fire_level_mean: 22.4438	test_return_mean:        -98.1688
test_return_median:      -103.2000	test_return_std:          41.4871	
[INFO 09:01:02] my_main Recent Stats | t_env:    1062286 | Episode:    10626
all_fires_out_mean:        0.0000	entropy_loss:              0.0123	ep_length_mean:          100.0000	episode_limit_mean:        1.0000
epsilon:                   0.0500	grad_norm:               759.4758	loss:                     38.6537	mean_fire_level_mean:     20.7940
mi_loss:                   0.0227	q_taken_mean:            -13.5272	return_mean:             -743.5520	return_median:           -740.4000
return_std:              264.2465	target_mean:             -13.6553	td_error_abs:              1.9211	test_all_fires_out_mean:   0.0000
test_ep_length_mean:     100.0000	test_episode_limit_mean:   1.0000	test_mean_fire_level_mean: 22.4438	test_return_mean:        -98.1688
test_return_median:      -103.2000	test_return_std:          41.4871	
[INFO 09:01:45] my_main Recent Stats | t_env:    1064286 | Episode:    10646
all_fires_out_mean:        0.0000	entropy_loss:              0.0125	ep_length_mean:          100.0000	episode_limit_mean:        1.0000
epsilon:                   0.0500	grad_norm:               787.0273	loss:                     43.8204	mean_fire_level_mean:     20.7940
mi_loss:                   0.0228	q_taken_mean:            -13.5319	return_mean:             -743.5520	return_median:           -740.4000
return_std:              264.2465	target_mean:             -13.6680	td_error_abs:              2.0494	test_all_fires_out_mean:   0.0000
test_ep_length_mean:     100.0000	test_episode_limit_mean:   1.0000	test_mean_fire_level_mean: 22.4438	test_return_mean:        -98.1688
test_return_median:      -103.2000	test_return_std:          41.4871	
[INFO 09:02:26] my_main Recent Stats | t_env:    1066286 | Episode:    10666
all_fires_out_mean:        0.0000	entropy_loss:              0.0125	ep_length_mean:          100.0000	episode_limit_mean:        1.0000
epsilon:                   0.0500	grad_norm:               787.0273	loss:                     43.8204	mean_fire_level_mean:     20.7940
mi_loss:                   0.0228	q_taken_mean:            -13.5319	return_mean:             -743.5520	return_median:           -740.4000
return_std:              264.2465	target_mean:             -13.6680	td_error_abs:              2.0494	test_all_fires_out_mean:   0.0000
test_ep_length_mean:     100.0000	test_episode_limit_mean:   1.0000	test_mean_fire_level_mean: 22.4438	test_return_mean:        -98.1688
test_return_median:      -103.2000	test_return_std:          41.4871	
[INFO 09:03:10] my_main Recent Stats | t_env:    1068286 | Episode:    10686
all_fires_out_mean:        0.0000	entropy_loss:              0.0125	ep_length_mean:          100.0000	episode_limit_mean:        1.0000
epsilon:                   0.0500	grad_norm:               787.0273	loss:                     43.8204	mean_fire_level_mean:     20.7940
mi_loss:                   0.0228	q_taken_mean:            -13.5319	return_mean:             -743.5520	return_median:           -740.4000
return_std:              264.2465	target_mean:             -13.6680	td_error_abs:              2.0494	test_all_fires_out_mean:   0.0000
test_ep_length_mean:     100.0000	test_episode_limit_mean:   1.0000	test_mean_fire_level_mean: 22.4438	test_return_mean:        -98.1688
test_return_median:      -103.2000	test_return_std:          41.4871	
[INFO 09:03:51] my_main t_env: 1070286 / 2050000
[INFO 09:03:51] my_main Estimated time left: 6 hours, 26 minutes, 12 seconds. Time passed: 6 hours, 59 minutes, 16 seconds
[INFO 09:04:18] my_main Recent Stats | t_env:    1070286 | Episode:    10706
all_fires_out_mean:        0.0000	entropy_loss:              0.0125	ep_length_mean:          100.0000	episode_limit_mean:        1.0000
epsilon:                   0.0500	grad_norm:               787.0273	loss:                     43.8204	mean_fire_level_mean:     20.8631
mi_loss:                   0.0228	q_taken_mean:            -13.5319	return_mean:             -749.7140	return_median:           -739.2000
return_std:              262.4325	target_mean:             -13.6680	td_error_abs:              2.0494	test_all_fires_out_mean:   0.0000
test_ep_length_mean:     100.0000	test_episode_limit_mean:   1.0000	test_mean_fire_level_mean: 21.9869	test_return_mean:        -98.9188
test_return_median:      -101.9000	test_return_std:          40.8406	
[INFO 09:05:00] my_main Recent Stats | t_env:    1072286 | Episode:    10726
all_fires_out_mean:        0.0000	entropy_loss:              0.0125	ep_length_mean:          100.0000	episode_limit_mean:        1.0000
epsilon:                   0.0500	grad_norm:               787.0273	loss:                     43.8204	mean_fire_level_mean:     20.8631
mi_loss:                   0.0228	q_taken_mean:            -13.5319	return_mean:             -749.7140	return_median:           -739.2000
return_std:              262.4325	target_mean:             -13.6680	td_error_abs:              2.0494	test_all_fires_out_mean:   0.0000
test_ep_length_mean:     100.0000	test_episode_limit_mean:   1.0000	test_mean_fire_level_mean: 21.9869	test_return_mean:        -98.9188
test_return_median:      -101.9000	test_return_std:          40.8406	
[INFO 09:05:40] my_main Recent Stats | t_env:    1074286 | Episode:    10746
all_fires_out_mean:        0.0000	entropy_loss:              0.0126	ep_length_mean:          100.0000	episode_limit_mean:        1.0000
epsilon:                   0.0500	grad_norm:               772.2733	loss:                     39.4920	mean_fire_level_mean:     20.8631
mi_loss:                   0.0228	q_taken_mean:            -13.9240	return_mean:             -749.7140	return_median:           -739.2000
return_std:              262.4325	target_mean:             -14.0605	td_error_abs:              1.9916	test_all_fires_out_mean:   0.0000
test_ep_length_mean:     100.0000	test_episode_limit_mean:   1.0000	test_mean_fire_level_mean: 21.9869	test_return_mean:        -98.9188
test_return_median:      -101.9000	test_return_std:          40.8406	
[INFO 09:06:22] my_main Recent Stats | t_env:    1076286 | Episode:    10766
all_fires_out_mean:        0.0000	entropy_loss:              0.0126	ep_length_mean:          100.0000	episode_limit_mean:        1.0000
epsilon:                   0.0500	grad_norm:               772.2733	loss:                     39.4920	mean_fire_level_mean:     20.8631
mi_loss:                   0.0228	q_taken_mean:            -13.9240	return_mean:             -749.7140	return_median:           -739.2000
return_std:              262.4325	target_mean:             -14.0605	td_error_abs:              1.9916	test_all_fires_out_mean:   0.0000
test_ep_length_mean:     100.0000	test_episode_limit_mean:   1.0000	test_mean_fire_level_mean: 21.9869	test_return_mean:        -98.9188
test_return_median:      -101.9000	test_return_std:          40.8406	
[INFO 09:07:05] my_main Recent Stats | t_env:    1078286 | Episode:    10786
all_fires_out_mean:        0.0000	entropy_loss:              0.0126	ep_length_mean:          100.0000	episode_limit_mean:        1.0000
epsilon:                   0.0500	grad_norm:               772.2733	loss:                     39.4920	mean_fire_level_mean:     20.8631
mi_loss:                   0.0228	q_taken_mean:            -13.9240	return_mean:             -749.7140	return_median:           -739.2000
return_std:              262.4325	target_mean:             -14.0605	td_error_abs:              1.9916	test_all_fires_out_mean:   0.0000
test_ep_length_mean:     100.0000	test_episode_limit_mean:   1.0000	test_mean_fire_level_mean: 21.9869	test_return_mean:        -98.9188
test_return_median:      -101.9000	test_return_std:          40.8406	
[INFO 09:07:34] my_main Updated target network
[INFO 09:07:45] my_main t_env: 1080286 / 2050000
[INFO 09:07:45] my_main Estimated time left: 6 hours, 18 minutes, 7 seconds. Time passed: 7 hours, 3 minutes, 10 seconds
[INFO 09:08:12] my_main Recent Stats | t_env:    1080286 | Episode:    10806
all_fires_out_mean:        0.0000	entropy_loss:              0.0126	ep_length_mean:          100.0000	episode_limit_mean:        1.0000
epsilon:                   0.0500	grad_norm:               772.2733	loss:                     39.4920	mean_fire_level_mean:     20.9736
mi_loss:                   0.0228	q_taken_mean:            -13.9240	return_mean:             -759.8200	return_median:           -744.4000
return_std:              260.9736	target_mean:             -14.0605	td_error_abs:              1.9916	test_all_fires_out_mean:   0.0000
test_ep_length_mean:     100.0000	test_episode_limit_mean:   1.0000	test_mean_fire_level_mean: 21.9847	test_return_mean:        -95.7687
test_return_median:      -96.9000	test_return_std:          41.8210	
[INFO 09:08:55] my_main Recent Stats | t_env:    1082286 | Episode:    10826
all_fires_out_mean:        0.0000	entropy_loss:              0.0126	ep_length_mean:          100.0000	episode_limit_mean:        1.0000
epsilon:                   0.0500	grad_norm:               772.2733	loss:                     39.4920	mean_fire_level_mean:     20.9736
mi_loss:                   0.0228	q_taken_mean:            -13.9240	return_mean:             -759.8200	return_median:           -744.4000
return_std:              260.9736	target_mean:             -14.0605	td_error_abs:              1.9916	test_all_fires_out_mean:   0.0000
test_ep_length_mean:     100.0000	test_episode_limit_mean:   1.0000	test_mean_fire_level_mean: 21.9847	test_return_mean:        -95.7687
test_return_median:      -96.9000	test_return_std:          41.8210	
[INFO 09:09:37] my_main Recent Stats | t_env:    1084286 | Episode:    10846
all_fires_out_mean:        0.0000	entropy_loss:              0.0127	ep_length_mean:          100.0000	episode_limit_mean:        1.0000
epsilon:                   0.0500	grad_norm:               735.7269	loss:                     35.7656	mean_fire_level_mean:     20.9736
mi_loss:                   0.0229	q_taken_mean:            -13.6442	return_mean:             -759.8200	return_median:           -744.4000
return_std:              260.9736	target_mean:             -13.7761	td_error_abs:              1.9379	test_all_fires_out_mean:   0.0000
test_ep_length_mean:     100.0000	test_episode_limit_mean:   1.0000	test_mean_fire_level_mean: 21.9847	test_return_mean:        -95.7687
test_return_median:      -96.9000	test_return_std:          41.8210	
[INFO 09:10:20] my_main Recent Stats | t_env:    1086286 | Episode:    10866
all_fires_out_mean:        0.0000	entropy_loss:              0.0127	ep_length_mean:          100.0000	episode_limit_mean:        1.0000
epsilon:                   0.0500	grad_norm:               735.7269	loss:                     35.7656	mean_fire_level_mean:     20.9736
mi_loss:                   0.0229	q_taken_mean:            -13.6442	return_mean:             -759.8200	return_median:           -744.4000
return_std:              260.9736	target_mean:             -13.7761	td_error_abs:              1.9379	test_all_fires_out_mean:   0.0000
test_ep_length_mean:     100.0000	test_episode_limit_mean:   1.0000	test_mean_fire_level_mean: 21.9847	test_return_mean:        -95.7687
test_return_median:      -96.9000	test_return_std:          41.8210	
[INFO 09:11:03] my_main Recent Stats | t_env:    1088286 | Episode:    10886
all_fires_out_mean:        0.0000	entropy_loss:              0.0127	ep_length_mean:          100.0000	episode_limit_mean:        1.0000
epsilon:                   0.0500	grad_norm:               735.7269	loss:                     35.7656	mean_fire_level_mean:     20.9736
mi_loss:                   0.0229	q_taken_mean:            -13.6442	return_mean:             -759.8200	return_median:           -744.4000
return_std:              260.9736	target_mean:             -13.7761	td_error_abs:              1.9379	test_all_fires_out_mean:   0.0000
test_ep_length_mean:     100.0000	test_episode_limit_mean:   1.0000	test_mean_fire_level_mean: 21.9847	test_return_mean:        -95.7687
test_return_median:      -96.9000	test_return_std:          41.8210	
[INFO 09:11:45] my_main t_env: 1090286 / 2050000
[INFO 09:11:45] my_main Estimated time left: 6 hours, 23 minutes, 43 seconds. Time passed: 7 hours, 7 minutes, 10 seconds
[INFO 09:12:11] my_main Recent Stats | t_env:    1090286 | Episode:    10906
all_fires_out_mean:        0.0000	entropy_loss:              0.0127	ep_length_mean:          100.0000	episode_limit_mean:        1.0000
epsilon:                   0.0500	grad_norm:               735.7269	loss:                     35.7656	mean_fire_level_mean:     21.2016
mi_loss:                   0.0229	q_taken_mean:            -13.6442	return_mean:             -770.7140	return_median:           -743.2000
return_std:              257.9896	target_mean:             -13.7761	td_error_abs:              1.9379	test_all_fires_out_mean:   0.0000
test_ep_length_mean:     100.0000	test_episode_limit_mean:   1.0000	test_mean_fire_level_mean: 21.8955	test_return_mean:        -93.5375
test_return_median:      -95.4000	test_return_std:          46.1856	
[INFO 09:12:54] my_main Recent Stats | t_env:    1092286 | Episode:    10926
all_fires_out_mean:        0.0000	entropy_loss:              0.0127	ep_length_mean:          100.0000	episode_limit_mean:        1.0000
epsilon:                   0.0500	grad_norm:               735.7269	loss:                     35.7656	mean_fire_level_mean:     21.2016
mi_loss:                   0.0229	q_taken_mean:            -13.6442	return_mean:             -770.7140	return_median:           -743.2000
return_std:              257.9896	target_mean:             -13.7761	td_error_abs:              1.9379	test_all_fires_out_mean:   0.0000
test_ep_length_mean:     100.0000	test_episode_limit_mean:   1.0000	test_mean_fire_level_mean: 21.8955	test_return_mean:        -93.5375
test_return_median:      -95.4000	test_return_std:          46.1856	
[INFO 09:13:36] my_main Recent Stats | t_env:    1094286 | Episode:    10946
all_fires_out_mean:        0.0000	entropy_loss:              0.0128	ep_length_mean:          100.0000	episode_limit_mean:        1.0000
epsilon:                   0.0500	grad_norm:               761.5482	loss:                     23.3710	mean_fire_level_mean:     21.2016
mi_loss:                   0.0229	q_taken_mean:            -13.8905	return_mean:             -770.7140	return_median:           -743.2000
return_std:              257.9896	target_mean:             -14.0288	td_error_abs:              1.8599	test_all_fires_out_mean:   0.0000
test_ep_length_mean:     100.0000	test_episode_limit_mean:   1.0000	test_mean_fire_level_mean: 21.8955	test_return_mean:        -93.5375
test_return_median:      -95.4000	test_return_std:          46.1856	
[INFO 09:14:18] my_main Recent Stats | t_env:    1096286 | Episode:    10966
all_fires_out_mean:        0.0000	entropy_loss:              0.0128	ep_length_mean:          100.0000	episode_limit_mean:        1.0000
epsilon:                   0.0500	grad_norm:               761.5482	loss:                     23.3710	mean_fire_level_mean:     21.2016
mi_loss:                   0.0229	q_taken_mean:            -13.8905	return_mean:             -770.7140	return_median:           -743.2000
return_std:              257.9896	target_mean:             -14.0288	td_error_abs:              1.8599	test_all_fires_out_mean:   0.0000
test_ep_length_mean:     100.0000	test_episode_limit_mean:   1.0000	test_mean_fire_level_mean: 21.8955	test_return_mean:        -93.5375
test_return_median:      -95.4000	test_return_std:          46.1856	
[INFO 09:15:01] my_main Recent Stats | t_env:    1098286 | Episode:    10986
all_fires_out_mean:        0.0000	entropy_loss:              0.0128	ep_length_mean:          100.0000	episode_limit_mean:        1.0000
epsilon:                   0.0500	grad_norm:               761.5482	loss:                     23.3710	mean_fire_level_mean:     21.2016
mi_loss:                   0.0229	q_taken_mean:            -13.8905	return_mean:             -770.7140	return_median:           -743.2000
return_std:              257.9896	target_mean:             -14.0288	td_error_abs:              1.8599	test_all_fires_out_mean:   0.0000
test_ep_length_mean:     100.0000	test_episode_limit_mean:   1.0000	test_mean_fire_level_mean: 21.8955	test_return_mean:        -93.5375
test_return_median:      -95.4000	test_return_std:          46.1856	
[INFO 09:15:33] my_main Updated target network
[INFO 09:15:43] my_main t_env: 1100286 / 2050000
[INFO 09:15:43] my_main Estimated time left: 6 hours, 17 minutes, 41 seconds. Time passed: 7 hours, 11 minutes, 9 seconds
[INFO 09:16:10] my_main Recent Stats | t_env:    1100286 | Episode:    11006
all_fires_out_mean:        0.0000	entropy_loss:              0.0128	ep_length_mean:          100.0000	episode_limit_mean:        1.0000
epsilon:                   0.0500	grad_norm:               761.5482	loss:                     23.3710	mean_fire_level_mean:     21.1411
mi_loss:                   0.0229	q_taken_mean:            -13.8905	return_mean:             -771.9240	return_median:           -730.6000
return_std:              292.5455	target_mean:             -14.0288	td_error_abs:              1.8599	test_all_fires_out_mean:   0.0000
test_ep_length_mean:     100.0000	test_episode_limit_mean:   1.0000	test_mean_fire_level_mean: 21.8619	test_return_mean:        -97.2375
test_return_median:      -98.1000	test_return_std:          44.8445	
[INFO 09:16:53] my_main Recent Stats | t_env:    1102286 | Episode:    11026
all_fires_out_mean:        0.0000	entropy_loss:              0.0128	ep_length_mean:          100.0000	episode_limit_mean:        1.0000
epsilon:                   0.0500	grad_norm:               761.5482	loss:                     23.3710	mean_fire_level_mean:     21.1411
mi_loss:                   0.0229	q_taken_mean:            -13.8905	return_mean:             -771.9240	return_median:           -730.6000
return_std:              292.5455	target_mean:             -14.0288	td_error_abs:              1.8599	test_all_fires_out_mean:   0.0000
test_ep_length_mean:     100.0000	test_episode_limit_mean:   1.0000	test_mean_fire_level_mean: 21.8619	test_return_mean:        -97.2375
test_return_median:      -98.1000	test_return_std:          44.8445	
[INFO 09:17:36] my_main Recent Stats | t_env:    1104286 | Episode:    11046
all_fires_out_mean:        0.0000	entropy_loss:              0.0130	ep_length_mean:          100.0000	episode_limit_mean:        1.0000
epsilon:                   0.0500	grad_norm:               748.5090	loss:                     26.4699	mean_fire_level_mean:     21.1411
mi_loss:                   0.0230	q_taken_mean:            -13.9497	return_mean:             -771.9240	return_median:           -730.6000
return_std:              292.5455	target_mean:             -14.0870	td_error_abs:              1.8971	test_all_fires_out_mean:   0.0000
test_ep_length_mean:     100.0000	test_episode_limit_mean:   1.0000	test_mean_fire_level_mean: 21.8619	test_return_mean:        -97.2375
test_return_median:      -98.1000	test_return_std:          44.8445	
[INFO 09:18:19] my_main Recent Stats | t_env:    1106286 | Episode:    11066
all_fires_out_mean:        0.0000	entropy_loss:              0.0130	ep_length_mean:          100.0000	episode_limit_mean:        1.0000
epsilon:                   0.0500	grad_norm:               748.5090	loss:                     26.4699	mean_fire_level_mean:     21.1411
mi_loss:                   0.0230	q_taken_mean:            -13.9497	return_mean:             -771.9240	return_median:           -730.6000
return_std:              292.5455	target_mean:             -14.0870	td_error_abs:              1.8971	test_all_fires_out_mean:   0.0000
test_ep_length_mean:     100.0000	test_episode_limit_mean:   1.0000	test_mean_fire_level_mean: 21.8619	test_return_mean:        -97.2375
test_return_median:      -98.1000	test_return_std:          44.8445	
[INFO 09:19:01] my_main Recent Stats | t_env:    1108286 | Episode:    11086
all_fires_out_mean:        0.0000	entropy_loss:              0.0130	ep_length_mean:          100.0000	episode_limit_mean:        1.0000
epsilon:                   0.0500	grad_norm:               748.5090	loss:                     26.4699	mean_fire_level_mean:     21.1411
mi_loss:                   0.0230	q_taken_mean:            -13.9497	return_mean:             -771.9240	return_median:           -730.6000
return_std:              292.5455	target_mean:             -14.0870	td_error_abs:              1.8971	test_all_fires_out_mean:   0.0000
test_ep_length_mean:     100.0000	test_episode_limit_mean:   1.0000	test_mean_fire_level_mean: 21.8619	test_return_mean:        -97.2375
test_return_median:      -98.1000	test_return_std:          44.8445	
[INFO 09:19:44] my_main t_env: 1110286 / 2050000
[INFO 09:19:44] my_main Estimated time left: 6 hours, 16 minutes, 20 seconds. Time passed: 7 hours, 15 minutes, 9 seconds
[INFO 09:20:10] my_main Recent Stats | t_env:    1110286 | Episode:    11106
all_fires_out_mean:        0.0000	entropy_loss:              0.0130	ep_length_mean:          100.0000	episode_limit_mean:        1.0000
epsilon:                   0.0500	grad_norm:               748.5090	loss:                     26.4699	mean_fire_level_mean:     21.3309
mi_loss:                   0.0230	q_taken_mean:            -13.9497	return_mean:             -766.1480	return_median:           -728.3000
return_std:              290.4113	target_mean:             -14.0870	td_error_abs:              1.8971	test_all_fires_out_mean:   0.0000
test_ep_length_mean:     100.0000	test_episode_limit_mean:   1.0000	test_mean_fire_level_mean: 21.7278	test_return_mean:        -101.1937
test_return_median:      -100.1000	test_return_std:          40.8922	
[INFO 09:20:52] my_main Recent Stats | t_env:    1112286 | Episode:    11126
all_fires_out_mean:        0.0000	entropy_loss:              0.0130	ep_length_mean:          100.0000	episode_limit_mean:        1.0000
epsilon:                   0.0500	grad_norm:               748.5090	loss:                     26.4699	mean_fire_level_mean:     21.3309
mi_loss:                   0.0230	q_taken_mean:            -13.9497	return_mean:             -766.1480	return_median:           -728.3000
return_std:              290.4113	target_mean:             -14.0870	td_error_abs:              1.8971	test_all_fires_out_mean:   0.0000
test_ep_length_mean:     100.0000	test_episode_limit_mean:   1.0000	test_mean_fire_level_mean: 21.7278	test_return_mean:        -101.1937
test_return_median:      -100.1000	test_return_std:          40.8922	
[INFO 09:21:35] my_main Recent Stats | t_env:    1114286 | Episode:    11146
all_fires_out_mean:        0.0000	entropy_loss:              0.0131	ep_length_mean:          100.0000	episode_limit_mean:        1.0000
epsilon:                   0.0500	grad_norm:               768.1105	loss:                     26.0647	mean_fire_level_mean:     21.3309
mi_loss:                   0.0230	q_taken_mean:            -14.0893	return_mean:             -766.1480	return_median:           -728.3000
return_std:              290.4113	target_mean:             -14.2236	td_error_abs:              1.9144	test_all_fires_out_mean:   0.0000
test_ep_length_mean:     100.0000	test_episode_limit_mean:   1.0000	test_mean_fire_level_mean: 21.7278	test_return_mean:        -101.1937
test_return_median:      -100.1000	test_return_std:          40.8922	
[INFO 09:22:18] my_main Recent Stats | t_env:    1116286 | Episode:    11166
all_fires_out_mean:        0.0000	entropy_loss:              0.0131	ep_length_mean:          100.0000	episode_limit_mean:        1.0000
epsilon:                   0.0500	grad_norm:               768.1105	loss:                     26.0647	mean_fire_level_mean:     21.3309
mi_loss:                   0.0230	q_taken_mean:            -14.0893	return_mean:             -766.1480	return_median:           -728.3000
return_std:              290.4113	target_mean:             -14.2236	td_error_abs:              1.9144	test_all_fires_out_mean:   0.0000
test_ep_length_mean:     100.0000	test_episode_limit_mean:   1.0000	test_mean_fire_level_mean: 21.7278	test_return_mean:        -101.1937
test_return_median:      -100.1000	test_return_std:          40.8922	
[INFO 09:23:00] my_main Recent Stats | t_env:    1118286 | Episode:    11186
all_fires_out_mean:        0.0000	entropy_loss:              0.0131	ep_length_mean:          100.0000	episode_limit_mean:        1.0000
epsilon:                   0.0500	grad_norm:               768.1105	loss:                     26.0647	mean_fire_level_mean:     21.3309
mi_loss:                   0.0230	q_taken_mean:            -14.0893	return_mean:             -766.1480	return_median:           -728.3000
return_std:              290.4113	target_mean:             -14.2236	td_error_abs:              1.9144	test_all_fires_out_mean:   0.0000
test_ep_length_mean:     100.0000	test_episode_limit_mean:   1.0000	test_mean_fire_level_mean: 21.7278	test_return_mean:        -101.1937
test_return_median:      -100.1000	test_return_std:          40.8922	
[INFO 09:23:31] my_main Updated target network
[INFO 09:23:42] my_main t_env: 1120286 / 2050000
[INFO 09:23:42] my_main Estimated time left: 6 hours, 8 minutes, 42 seconds. Time passed: 7 hours, 19 minutes, 7 seconds
[INFO 09:24:09] my_main Recent Stats | t_env:    1120286 | Episode:    11206
all_fires_out_mean:        0.0000	entropy_loss:              0.0131	ep_length_mean:          100.0000	episode_limit_mean:        1.0000
epsilon:                   0.0500	grad_norm:               768.1105	loss:                     26.0647	mean_fire_level_mean:     21.3840
mi_loss:                   0.0230	q_taken_mean:            -14.0893	return_mean:             -765.5100	return_median:           -727.4000
return_std:              286.5629	target_mean:             -14.2236	td_error_abs:              1.9144	test_all_fires_out_mean:   0.0000
test_ep_length_mean:     100.0000	test_episode_limit_mean:   1.0000	test_mean_fire_level_mean: 21.9307	test_return_mean:        -99.5938
test_return_median:      -97.5000	test_return_std:          41.4046	
[INFO 09:24:51] my_main Recent Stats | t_env:    1122286 | Episode:    11226
all_fires_out_mean:        0.0000	entropy_loss:              0.0131	ep_length_mean:          100.0000	episode_limit_mean:        1.0000
epsilon:                   0.0500	grad_norm:               768.1105	loss:                     26.0647	mean_fire_level_mean:     21.3840
mi_loss:                   0.0230	q_taken_mean:            -14.0893	return_mean:             -765.5100	return_median:           -727.4000
return_std:              286.5629	target_mean:             -14.2236	td_error_abs:              1.9144	test_all_fires_out_mean:   0.0000
test_ep_length_mean:     100.0000	test_episode_limit_mean:   1.0000	test_mean_fire_level_mean: 21.9307	test_return_mean:        -99.5938
test_return_median:      -97.5000	test_return_std:          41.4046	
[INFO 09:25:33] my_main Recent Stats | t_env:    1124286 | Episode:    11246
all_fires_out_mean:        0.0000	entropy_loss:              0.0133	ep_length_mean:          100.0000	episode_limit_mean:        1.0000
epsilon:                   0.0500	grad_norm:               792.1102	loss:                     24.1625	mean_fire_level_mean:     21.3840
mi_loss:                   0.0230	q_taken_mean:            -13.8470	return_mean:             -765.5100	return_median:           -727.4000
return_std:              286.5629	target_mean:             -13.9888	td_error_abs:              1.9613	test_all_fires_out_mean:   0.0000
test_ep_length_mean:     100.0000	test_episode_limit_mean:   1.0000	test_mean_fire_level_mean: 21.9307	test_return_mean:        -99.5938
test_return_median:      -97.5000	test_return_std:          41.4046	
[INFO 09:26:17] my_main Recent Stats | t_env:    1126286 | Episode:    11266
all_fires_out_mean:        0.0000	entropy_loss:              0.0133	ep_length_mean:          100.0000	episode_limit_mean:        1.0000
epsilon:                   0.0500	grad_norm:               792.1102	loss:                     24.1625	mean_fire_level_mean:     21.3840
mi_loss:                   0.0230	q_taken_mean:            -13.8470	return_mean:             -765.5100	return_median:           -727.4000
return_std:              286.5629	target_mean:             -13.9888	td_error_abs:              1.9613	test_all_fires_out_mean:   0.0000
test_ep_length_mean:     100.0000	test_episode_limit_mean:   1.0000	test_mean_fire_level_mean: 21.9307	test_return_mean:        -99.5938
test_return_median:      -97.5000	test_return_std:          41.4046	
[INFO 09:26:59] my_main Recent Stats | t_env:    1128286 | Episode:    11286
all_fires_out_mean:        0.0000	entropy_loss:              0.0133	ep_length_mean:          100.0000	episode_limit_mean:        1.0000
epsilon:                   0.0500	grad_norm:               792.1102	loss:                     24.1625	mean_fire_level_mean:     21.3840
mi_loss:                   0.0230	q_taken_mean:            -13.8470	return_mean:             -765.5100	return_median:           -727.4000
return_std:              286.5629	target_mean:             -13.9888	td_error_abs:              1.9613	test_all_fires_out_mean:   0.0000
test_ep_length_mean:     100.0000	test_episode_limit_mean:   1.0000	test_mean_fire_level_mean: 21.9307	test_return_mean:        -99.5938
test_return_median:      -97.5000	test_return_std:          41.4046	
[INFO 09:27:41] my_main t_env: 1130286 / 2050000
[INFO 09:27:41] my_main Estimated time left: 6 hours, 7 minutes, 26 seconds. Time passed: 7 hours, 23 minutes, 7 seconds
[INFO 09:28:08] my_main Recent Stats | t_env:    1130286 | Episode:    11306
all_fires_out_mean:        0.0000	entropy_loss:              0.0133	ep_length_mean:          100.0000	episode_limit_mean:        1.0000
epsilon:                   0.0500	grad_norm:               792.1102	loss:                     24.1625	mean_fire_level_mean:     21.1489
mi_loss:                   0.0230	q_taken_mean:            -13.8470	return_mean:             -762.3500	return_median:           -724.8000
return_std:              295.3497	target_mean:             -13.9888	td_error_abs:              1.9613	test_all_fires_out_mean:   0.0000
test_ep_length_mean:     100.0000	test_episode_limit_mean:   1.0000	test_mean_fire_level_mean: 21.9352	test_return_mean:        -101.1375
test_return_median:      -99.5000	test_return_std:          42.1470	
[INFO 09:28:50] my_main Recent Stats | t_env:    1132286 | Episode:    11326
all_fires_out_mean:        0.0000	entropy_loss:              0.0133	ep_length_mean:          100.0000	episode_limit_mean:        1.0000
epsilon:                   0.0500	grad_norm:               792.1102	loss:                     24.1625	mean_fire_level_mean:     21.1489
mi_loss:                   0.0230	q_taken_mean:            -13.8470	return_mean:             -762.3500	return_median:           -724.8000
return_std:              295.3497	target_mean:             -13.9888	td_error_abs:              1.9613	test_all_fires_out_mean:   0.0000
test_ep_length_mean:     100.0000	test_episode_limit_mean:   1.0000	test_mean_fire_level_mean: 21.9352	test_return_mean:        -101.1375
test_return_median:      -99.5000	test_return_std:          42.1470	
[INFO 09:29:33] my_main Recent Stats | t_env:    1134286 | Episode:    11346
all_fires_out_mean:        0.0000	entropy_loss:              0.0135	ep_length_mean:          100.0000	episode_limit_mean:        1.0000
epsilon:                   0.0500	grad_norm:               846.4129	loss:                     23.7922	mean_fire_level_mean:     21.1489
mi_loss:                   0.0230	q_taken_mean:            -14.0569	return_mean:             -762.3500	return_median:           -724.8000
return_std:              295.3497	target_mean:             -14.1499	td_error_abs:              2.0398	test_all_fires_out_mean:   0.0000
test_ep_length_mean:     100.0000	test_episode_limit_mean:   1.0000	test_mean_fire_level_mean: 21.9352	test_return_mean:        -101.1375
test_return_median:      -99.5000	test_return_std:          42.1470	
[INFO 09:30:16] my_main Recent Stats | t_env:    1136286 | Episode:    11366
all_fires_out_mean:        0.0000	entropy_loss:              0.0135	ep_length_mean:          100.0000	episode_limit_mean:        1.0000
epsilon:                   0.0500	grad_norm:               846.4129	loss:                     23.7922	mean_fire_level_mean:     21.1489
mi_loss:                   0.0230	q_taken_mean:            -14.0569	return_mean:             -762.3500	return_median:           -724.8000
return_std:              295.3497	target_mean:             -14.1499	td_error_abs:              2.0398	test_all_fires_out_mean:   0.0000
test_ep_length_mean:     100.0000	test_episode_limit_mean:   1.0000	test_mean_fire_level_mean: 21.9352	test_return_mean:        -101.1375
test_return_median:      -99.5000	test_return_std:          42.1470	
[INFO 09:30:59] my_main Recent Stats | t_env:    1138286 | Episode:    11386
all_fires_out_mean:        0.0000	entropy_loss:              0.0135	ep_length_mean:          100.0000	episode_limit_mean:        1.0000
epsilon:                   0.0500	grad_norm:               846.4129	loss:                     23.7922	mean_fire_level_mean:     21.1489
mi_loss:                   0.0230	q_taken_mean:            -14.0569	return_mean:             -762.3500	return_median:           -724.8000
return_std:              295.3497	target_mean:             -14.1499	td_error_abs:              2.0398	test_all_fires_out_mean:   0.0000
test_ep_length_mean:     100.0000	test_episode_limit_mean:   1.0000	test_mean_fire_level_mean: 21.9352	test_return_mean:        -101.1375
test_return_median:      -99.5000	test_return_std:          42.1470	
[INFO 09:31:30] my_main Updated target network
[INFO 09:31:41] my_main t_env: 1140286 / 2050000
[INFO 09:31:41] my_main Estimated time left: 6 hours, 3 minutes, 24 seconds. Time passed: 7 hours, 27 minutes, 7 seconds
[INFO 09:32:08] my_main Recent Stats | t_env:    1140286 | Episode:    11406
all_fires_out_mean:        0.0000	entropy_loss:              0.0135	ep_length_mean:          100.0000	episode_limit_mean:        1.0000
epsilon:                   0.0500	grad_norm:               846.4129	loss:                     23.7922	mean_fire_level_mean:     21.0191
mi_loss:                   0.0230	q_taken_mean:            -14.0569	return_mean:             -752.9560	return_median:           -727.3000
return_std:              292.9820	target_mean:             -14.1499	td_error_abs:              2.0398	test_all_fires_out_mean:   0.0000
test_ep_length_mean:     100.0000	test_episode_limit_mean:   1.0000	test_mean_fire_level_mean: 22.0523	test_return_mean:        -100.7938
test_return_median:      -97.4000	test_return_std:          40.4938	
[INFO 09:32:49] my_main Recent Stats | t_env:    1142286 | Episode:    11426
all_fires_out_mean:        0.0000	entropy_loss:              0.0135	ep_length_mean:          100.0000	episode_limit_mean:        1.0000
epsilon:                   0.0500	grad_norm:               846.4129	loss:                     23.7922	mean_fire_level_mean:     21.0191
mi_loss:                   0.0230	q_taken_mean:            -14.0569	return_mean:             -752.9560	return_median:           -727.3000
return_std:              292.9820	target_mean:             -14.1499	td_error_abs:              2.0398	test_all_fires_out_mean:   0.0000
test_ep_length_mean:     100.0000	test_episode_limit_mean:   1.0000	test_mean_fire_level_mean: 22.0523	test_return_mean:        -100.7938
test_return_median:      -97.4000	test_return_std:          40.4938	
[INFO 09:33:33] my_main Recent Stats | t_env:    1144286 | Episode:    11446
all_fires_out_mean:        0.0000	entropy_loss:              0.0137	ep_length_mean:          100.0000	episode_limit_mean:        1.0000
epsilon:                   0.0500	grad_norm:               871.7391	loss:                     30.7009	mean_fire_level_mean:     21.0191
mi_loss:                   0.0229	q_taken_mean:            -13.7490	return_mean:             -752.9560	return_median:           -727.3000
return_std:              292.9820	target_mean:             -13.8480	td_error_abs:              2.1517	test_all_fires_out_mean:   0.0000
test_ep_length_mean:     100.0000	test_episode_limit_mean:   1.0000	test_mean_fire_level_mean: 22.0523	test_return_mean:        -100.7938
test_return_median:      -97.4000	test_return_std:          40.4938	
[INFO 09:34:15] my_main Recent Stats | t_env:    1146286 | Episode:    11466
all_fires_out_mean:        0.0000	entropy_loss:              0.0137	ep_length_mean:          100.0000	episode_limit_mean:        1.0000
epsilon:                   0.0500	grad_norm:               871.7391	loss:                     30.7009	mean_fire_level_mean:     21.0191
mi_loss:                   0.0229	q_taken_mean:            -13.7490	return_mean:             -752.9560	return_median:           -727.3000
return_std:              292.9820	target_mean:             -13.8480	td_error_abs:              2.1517	test_all_fires_out_mean:   0.0000
test_ep_length_mean:     100.0000	test_episode_limit_mean:   1.0000	test_mean_fire_level_mean: 22.0523	test_return_mean:        -100.7938
test_return_median:      -97.4000	test_return_std:          40.4938	
[INFO 09:34:57] my_main Recent Stats | t_env:    1148286 | Episode:    11486
all_fires_out_mean:        0.0000	entropy_loss:              0.0137	ep_length_mean:          100.0000	episode_limit_mean:        1.0000
epsilon:                   0.0500	grad_norm:               871.7391	loss:                     30.7009	mean_fire_level_mean:     21.0191
mi_loss:                   0.0229	q_taken_mean:            -13.7490	return_mean:             -752.9560	return_median:           -727.3000
return_std:              292.9820	target_mean:             -13.8480	td_error_abs:              2.1517	test_all_fires_out_mean:   0.0000
test_ep_length_mean:     100.0000	test_episode_limit_mean:   1.0000	test_mean_fire_level_mean: 22.0523	test_return_mean:        -100.7938
test_return_median:      -97.4000	test_return_std:          40.4938	
[INFO 09:35:39] my_main t_env: 1150286 / 2050000
[INFO 09:35:39] my_main Estimated time left: 5 hours, 56 minutes, 43 seconds. Time passed: 7 hours, 31 minutes, 4 seconds
[INFO 09:36:05] my_main Recent Stats | t_env:    1150286 | Episode:    11506
all_fires_out_mean:        0.0000	entropy_loss:              0.0137	ep_length_mean:          100.0000	episode_limit_mean:        1.0000
epsilon:                   0.0500	grad_norm:               871.7391	loss:                     30.7009	mean_fire_level_mean:     21.0998
mi_loss:                   0.0229	q_taken_mean:            -13.7490	return_mean:             -758.5920	return_median:           -741.0000
return_std:              272.3826	target_mean:             -13.8480	td_error_abs:              2.1517	test_all_fires_out_mean:   0.0000
test_ep_length_mean:     100.0000	test_episode_limit_mean:   1.0000	test_mean_fire_level_mean: 22.0841	test_return_mean:        -98.7812
test_return_median:      -96.2000	test_return_std:          39.6215	
[INFO 09:36:47] my_main Recent Stats | t_env:    1152286 | Episode:    11526
all_fires_out_mean:        0.0000	entropy_loss:              0.0137	ep_length_mean:          100.0000	episode_limit_mean:        1.0000
epsilon:                   0.0500	grad_norm:               871.7391	loss:                     30.7009	mean_fire_level_mean:     21.0998
mi_loss:                   0.0229	q_taken_mean:            -13.7490	return_mean:             -758.5920	return_median:           -741.0000
return_std:              272.3826	target_mean:             -13.8480	td_error_abs:              2.1517	test_all_fires_out_mean:   0.0000
test_ep_length_mean:     100.0000	test_episode_limit_mean:   1.0000	test_mean_fire_level_mean: 22.0841	test_return_mean:        -98.7812
test_return_median:      -96.2000	test_return_std:          39.6215	
[INFO 09:37:30] my_main Recent Stats | t_env:    1154286 | Episode:    11546
all_fires_out_mean:        0.0000	entropy_loss:              0.0140	ep_length_mean:          100.0000	episode_limit_mean:        1.0000
epsilon:                   0.0500	grad_norm:               943.0316	loss:                     31.4971	mean_fire_level_mean:     21.0998
mi_loss:                   0.0230	q_taken_mean:            -13.8839	return_mean:             -758.5920	return_median:           -741.0000
return_std:              272.3826	target_mean:             -13.9254	td_error_abs:              2.2023	test_all_fires_out_mean:   0.0000
test_ep_length_mean:     100.0000	test_episode_limit_mean:   1.0000	test_mean_fire_level_mean: 22.0841	test_return_mean:        -98.7812
test_return_median:      -96.2000	test_return_std:          39.6215	
[INFO 09:38:11] my_main Recent Stats | t_env:    1156286 | Episode:    11566
all_fires_out_mean:        0.0000	entropy_loss:              0.0140	ep_length_mean:          100.0000	episode_limit_mean:        1.0000
epsilon:                   0.0500	grad_norm:               943.0316	loss:                     31.4971	mean_fire_level_mean:     21.0998
mi_loss:                   0.0230	q_taken_mean:            -13.8839	return_mean:             -758.5920	return_median:           -741.0000
return_std:              272.3826	target_mean:             -13.9254	td_error_abs:              2.2023	test_all_fires_out_mean:   0.0000
test_ep_length_mean:     100.0000	test_episode_limit_mean:   1.0000	test_mean_fire_level_mean: 22.0841	test_return_mean:        -98.7812
test_return_median:      -96.2000	test_return_std:          39.6215	
[INFO 09:38:53] my_main Recent Stats | t_env:    1158286 | Episode:    11586
all_fires_out_mean:        0.0000	entropy_loss:              0.0140	ep_length_mean:          100.0000	episode_limit_mean:        1.0000
epsilon:                   0.0500	grad_norm:               943.0316	loss:                     31.4971	mean_fire_level_mean:     21.0998
mi_loss:                   0.0230	q_taken_mean:            -13.8839	return_mean:             -758.5920	return_median:           -741.0000
return_std:              272.3826	target_mean:             -13.9254	td_error_abs:              2.2023	test_all_fires_out_mean:   0.0000
test_ep_length_mean:     100.0000	test_episode_limit_mean:   1.0000	test_mean_fire_level_mean: 22.0841	test_return_mean:        -98.7812
test_return_median:      -96.2000	test_return_std:          39.6215	
[INFO 09:39:23] my_main Updated target network
[INFO 09:39:34] my_main t_env: 1160286 / 2050000
[INFO 09:39:34] my_main Estimated time left: 5 hours, 48 minutes, 46 seconds. Time passed: 7 hours, 35 minutes, 0 seconds
[INFO 09:40:01] my_main Recent Stats | t_env:    1160286 | Episode:    11606
all_fires_out_mean:        0.0000	entropy_loss:              0.0140	ep_length_mean:          100.0000	episode_limit_mean:        1.0000
epsilon:                   0.0500	grad_norm:               943.0316	loss:                     31.4971	mean_fire_level_mean:     21.2215
mi_loss:                   0.0230	q_taken_mean:            -13.8839	return_mean:             -761.7780	return_median:           -743.5000
return_std:              277.8341	target_mean:             -13.9254	td_error_abs:              2.2023	test_all_fires_out_mean:   0.0000
test_ep_length_mean:     100.0000	test_episode_limit_mean:   1.0000	test_mean_fire_level_mean: 22.0955	test_return_mean:        -99.6750
test_return_median:      -100.1000	test_return_std:          41.6417	
[INFO 09:40:43] my_main Recent Stats | t_env:    1162286 | Episode:    11626
all_fires_out_mean:        0.0000	entropy_loss:              0.0140	ep_length_mean:          100.0000	episode_limit_mean:        1.0000
epsilon:                   0.0500	grad_norm:               943.0316	loss:                     31.4971	mean_fire_level_mean:     21.2215
mi_loss:                   0.0230	q_taken_mean:            -13.8839	return_mean:             -761.7780	return_median:           -743.5000
return_std:              277.8341	target_mean:             -13.9254	td_error_abs:              2.2023	test_all_fires_out_mean:   0.0000
test_ep_length_mean:     100.0000	test_episode_limit_mean:   1.0000	test_mean_fire_level_mean: 22.0955	test_return_mean:        -99.6750
test_return_median:      -100.1000	test_return_std:          41.6417	
[INFO 09:41:25] my_main Recent Stats | t_env:    1164286 | Episode:    11646
all_fires_out_mean:        0.0000	entropy_loss:              0.0142	ep_length_mean:          100.0000	episode_limit_mean:        1.0000
epsilon:                   0.0500	grad_norm:               954.0578	loss:                     27.5091	mean_fire_level_mean:     21.2215
mi_loss:                   0.0230	q_taken_mean:            -13.7086	return_mean:             -761.7780	return_median:           -743.5000
return_std:              277.8341	target_mean:             -13.7589	td_error_abs:              2.1824	test_all_fires_out_mean:   0.0000
test_ep_length_mean:     100.0000	test_episode_limit_mean:   1.0000	test_mean_fire_level_mean: 22.0955	test_return_mean:        -99.6750
test_return_median:      -100.1000	test_return_std:          41.6417	
[INFO 09:42:08] my_main Recent Stats | t_env:    1166286 | Episode:    11666
all_fires_out_mean:        0.0000	entropy_loss:              0.0142	ep_length_mean:          100.0000	episode_limit_mean:        1.0000
epsilon:                   0.0500	grad_norm:               954.0578	loss:                     27.5091	mean_fire_level_mean:     21.2215
mi_loss:                   0.0230	q_taken_mean:            -13.7086	return_mean:             -761.7780	return_median:           -743.5000
return_std:              277.8341	target_mean:             -13.7589	td_error_abs:              2.1824	test_all_fires_out_mean:   0.0000
test_ep_length_mean:     100.0000	test_episode_limit_mean:   1.0000	test_mean_fire_level_mean: 22.0955	test_return_mean:        -99.6750
test_return_median:      -100.1000	test_return_std:          41.6417	
[INFO 09:42:51] my_main Recent Stats | t_env:    1168286 | Episode:    11686
all_fires_out_mean:        0.0000	entropy_loss:              0.0142	ep_length_mean:          100.0000	episode_limit_mean:        1.0000
epsilon:                   0.0500	grad_norm:               954.0578	loss:                     27.5091	mean_fire_level_mean:     21.2215
mi_loss:                   0.0230	q_taken_mean:            -13.7086	return_mean:             -761.7780	return_median:           -743.5000
return_std:              277.8341	target_mean:             -13.7589	td_error_abs:              2.1824	test_all_fires_out_mean:   0.0000
test_ep_length_mean:     100.0000	test_episode_limit_mean:   1.0000	test_mean_fire_level_mean: 22.0955	test_return_mean:        -99.6750
test_return_median:      -100.1000	test_return_std:          41.6417	
[INFO 09:43:33] my_main t_env: 1170286 / 2050000
[INFO 09:43:33] my_main Estimated time left: 5 hours, 49 minutes, 49 seconds. Time passed: 7 hours, 38 minutes, 58 seconds
[INFO 09:43:59] my_main Recent Stats | t_env:    1170286 | Episode:    11706
all_fires_out_mean:        0.0000	entropy_loss:              0.0142	ep_length_mean:          100.0000	episode_limit_mean:        1.0000
epsilon:                   0.0500	grad_norm:               954.0578	loss:                     27.5091	mean_fire_level_mean:     21.1607
mi_loss:                   0.0230	q_taken_mean:            -13.7086	return_mean:             -768.4700	return_median:           -750.0000
return_std:              288.2039	target_mean:             -13.7589	td_error_abs:              2.1824	test_all_fires_out_mean:   0.0000
test_ep_length_mean:     100.0000	test_episode_limit_mean:   1.0000	test_mean_fire_level_mean: 22.1983	test_return_mean:        -100.9250
test_return_median:      -102.0000	test_return_std:          41.5414	
[INFO 09:44:41] my_main Recent Stats | t_env:    1172286 | Episode:    11726
all_fires_out_mean:        0.0000	entropy_loss:              0.0142	ep_length_mean:          100.0000	episode_limit_mean:        1.0000
epsilon:                   0.0500	grad_norm:               954.0578	loss:                     27.5091	mean_fire_level_mean:     21.1607
mi_loss:                   0.0230	q_taken_mean:            -13.7086	return_mean:             -768.4700	return_median:           -750.0000
return_std:              288.2039	target_mean:             -13.7589	td_error_abs:              2.1824	test_all_fires_out_mean:   0.0000
test_ep_length_mean:     100.0000	test_episode_limit_mean:   1.0000	test_mean_fire_level_mean: 22.1983	test_return_mean:        -100.9250
test_return_median:      -102.0000	test_return_std:          41.5414	
[INFO 09:45:23] my_main Recent Stats | t_env:    1174286 | Episode:    11746
all_fires_out_mean:        0.0000	entropy_loss:              0.0143	ep_length_mean:          100.0000	episode_limit_mean:        1.0000
epsilon:                   0.0500	grad_norm:               1004.5566	loss:                     30.4504	mean_fire_level_mean:     21.1607
mi_loss:                   0.0229	q_taken_mean:            -13.9009	return_mean:             -768.4700	return_median:           -750.0000
return_std:              288.2039	target_mean:             -13.8739	td_error_abs:              2.2548	test_all_fires_out_mean:   0.0000
test_ep_length_mean:     100.0000	test_episode_limit_mean:   1.0000	test_mean_fire_level_mean: 22.1983	test_return_mean:        -100.9250
test_return_median:      -102.0000	test_return_std:          41.5414	
[INFO 09:46:07] my_main Recent Stats | t_env:    1176286 | Episode:    11766
all_fires_out_mean:        0.0000	entropy_loss:              0.0143	ep_length_mean:          100.0000	episode_limit_mean:        1.0000
epsilon:                   0.0500	grad_norm:               1004.5566	loss:                     30.4504	mean_fire_level_mean:     21.1607
mi_loss:                   0.0229	q_taken_mean:            -13.9009	return_mean:             -768.4700	return_median:           -750.0000
return_std:              288.2039	target_mean:             -13.8739	td_error_abs:              2.2548	test_all_fires_out_mean:   0.0000
test_ep_length_mean:     100.0000	test_episode_limit_mean:   1.0000	test_mean_fire_level_mean: 22.1983	test_return_mean:        -100.9250
test_return_median:      -102.0000	test_return_std:          41.5414	
[INFO 09:46:49] my_main Recent Stats | t_env:    1178286 | Episode:    11786
all_fires_out_mean:        0.0000	entropy_loss:              0.0143	ep_length_mean:          100.0000	episode_limit_mean:        1.0000
epsilon:                   0.0500	grad_norm:               1004.5566	loss:                     30.4504	mean_fire_level_mean:     21.1607
mi_loss:                   0.0229	q_taken_mean:            -13.9009	return_mean:             -768.4700	return_median:           -750.0000
return_std:              288.2039	target_mean:             -13.8739	td_error_abs:              2.2548	test_all_fires_out_mean:   0.0000
test_ep_length_mean:     100.0000	test_episode_limit_mean:   1.0000	test_mean_fire_level_mean: 22.1983	test_return_mean:        -100.9250
test_return_median:      -102.0000	test_return_std:          41.5414	
[INFO 09:47:21] my_main Updated target network
[INFO 09:47:31] my_main t_env: 1180286 / 2050000
[INFO 09:47:31] my_main Estimated time left: 5 hours, 46 minutes, 2 seconds. Time passed: 7 hours, 42 minutes, 57 seconds
[INFO 09:47:58] my_main Recent Stats | t_env:    1180286 | Episode:    11806
all_fires_out_mean:        0.0000	entropy_loss:              0.0143	ep_length_mean:          100.0000	episode_limit_mean:        1.0000
epsilon:                   0.0500	grad_norm:               1004.5566	loss:                     30.4504	mean_fire_level_mean:     21.3145
mi_loss:                   0.0229	q_taken_mean:            -13.9009	return_mean:             -766.9500	return_median:           -760.3000
return_std:              285.4458	target_mean:             -13.8739	td_error_abs:              2.2548	test_all_fires_out_mean:   0.0000
test_ep_length_mean:     100.0000	test_episode_limit_mean:   1.0000	test_mean_fire_level_mean: 22.1824	test_return_mean:        -101.4625
test_return_median:      -101.6000	test_return_std:          39.6496	
[INFO 09:48:40] my_main Recent Stats | t_env:    1182286 | Episode:    11826
all_fires_out_mean:        0.0000	entropy_loss:              0.0143	ep_length_mean:          100.0000	episode_limit_mean:        1.0000
epsilon:                   0.0500	grad_norm:               1004.5566	loss:                     30.4504	mean_fire_level_mean:     21.3145
mi_loss:                   0.0229	q_taken_mean:            -13.9009	return_mean:             -766.9500	return_median:           -760.3000
return_std:              285.4458	target_mean:             -13.8739	td_error_abs:              2.2548	test_all_fires_out_mean:   0.0000
test_ep_length_mean:     100.0000	test_episode_limit_mean:   1.0000	test_mean_fire_level_mean: 22.1824	test_return_mean:        -101.4625
test_return_median:      -101.6000	test_return_std:          39.6496	
[INFO 09:49:23] my_main Recent Stats | t_env:    1184286 | Episode:    11846
all_fires_out_mean:        0.0000	entropy_loss:              0.0144	ep_length_mean:          100.0000	episode_limit_mean:        1.0000
epsilon:                   0.0500	grad_norm:               980.4221	loss:                     43.1169	mean_fire_level_mean:     21.3145
mi_loss:                   0.0229	q_taken_mean:            -13.5990	return_mean:             -766.9500	return_median:           -760.3000
return_std:              285.4458	target_mean:             -13.6227	td_error_abs:              2.3177	test_all_fires_out_mean:   0.0000
test_ep_length_mean:     100.0000	test_episode_limit_mean:   1.0000	test_mean_fire_level_mean: 22.1824	test_return_mean:        -101.4625
test_return_median:      -101.6000	test_return_std:          39.6496	
[INFO 09:50:06] my_main Recent Stats | t_env:    1186286 | Episode:    11866
all_fires_out_mean:        0.0000	entropy_loss:              0.0144	ep_length_mean:          100.0000	episode_limit_mean:        1.0000
epsilon:                   0.0500	grad_norm:               980.4221	loss:                     43.1169	mean_fire_level_mean:     21.3145
mi_loss:                   0.0229	q_taken_mean:            -13.5990	return_mean:             -766.9500	return_median:           -760.3000
return_std:              285.4458	target_mean:             -13.6227	td_error_abs:              2.3177	test_all_fires_out_mean:   0.0000
test_ep_length_mean:     100.0000	test_episode_limit_mean:   1.0000	test_mean_fire_level_mean: 22.1824	test_return_mean:        -101.4625
test_return_median:      -101.6000	test_return_std:          39.6496	
[INFO 09:50:48] my_main Recent Stats | t_env:    1188286 | Episode:    11886
all_fires_out_mean:        0.0000	entropy_loss:              0.0144	ep_length_mean:          100.0000	episode_limit_mean:        1.0000
epsilon:                   0.0500	grad_norm:               980.4221	loss:                     43.1169	mean_fire_level_mean:     21.3145
mi_loss:                   0.0229	q_taken_mean:            -13.5990	return_mean:             -766.9500	return_median:           -760.3000
return_std:              285.4458	target_mean:             -13.6227	td_error_abs:              2.3177	test_all_fires_out_mean:   0.0000
test_ep_length_mean:     100.0000	test_episode_limit_mean:   1.0000	test_mean_fire_level_mean: 22.1824	test_return_mean:        -101.4625
test_return_median:      -101.6000	test_return_std:          39.6496	
[INFO 09:51:30] my_main t_env: 1190286 / 2050000
[INFO 09:51:30] my_main Estimated time left: 5 hours, 41 minutes, 57 seconds. Time passed: 7 hours, 46 minutes, 56 seconds
[INFO 09:51:57] my_main Recent Stats | t_env:    1190286 | Episode:    11906
all_fires_out_mean:        0.0000	entropy_loss:              0.0144	ep_length_mean:          100.0000	episode_limit_mean:        1.0000
epsilon:                   0.0500	grad_norm:               980.4221	loss:                     43.1169	mean_fire_level_mean:     21.3587
mi_loss:                   0.0229	q_taken_mean:            -13.5990	return_mean:             -767.8080	return_median:           -752.4000
return_std:              285.9317	target_mean:             -13.6227	td_error_abs:              2.3177	test_all_fires_out_mean:   0.0000
test_ep_length_mean:     100.0000	test_episode_limit_mean:   1.0000	test_mean_fire_level_mean: 21.9477	test_return_mean:        -102.0375
test_return_median:      -102.2000	test_return_std:          39.9779	
[INFO 09:52:40] my_main Recent Stats | t_env:    1192286 | Episode:    11926
all_fires_out_mean:        0.0000	entropy_loss:              0.0144	ep_length_mean:          100.0000	episode_limit_mean:        1.0000
epsilon:                   0.0500	grad_norm:               980.4221	loss:                     43.1169	mean_fire_level_mean:     21.3587
mi_loss:                   0.0229	q_taken_mean:            -13.5990	return_mean:             -767.8080	return_median:           -752.4000
return_std:              285.9317	target_mean:             -13.6227	td_error_abs:              2.3177	test_all_fires_out_mean:   0.0000
test_ep_length_mean:     100.0000	test_episode_limit_mean:   1.0000	test_mean_fire_level_mean: 21.9477	test_return_mean:        -102.0375
test_return_median:      -102.2000	test_return_std:          39.9779	
[INFO 09:53:22] my_main Recent Stats | t_env:    1194286 | Episode:    11946
all_fires_out_mean:        0.0000	entropy_loss:              0.0145	ep_length_mean:          100.0000	episode_limit_mean:        1.0000
epsilon:                   0.0500	grad_norm:               984.2330	loss:                     42.6468	mean_fire_level_mean:     21.3587
mi_loss:                   0.0230	q_taken_mean:            -13.6818	return_mean:             -767.8080	return_median:           -752.4000
return_std:              285.9317	target_mean:             -13.7008	td_error_abs:              2.2849	test_all_fires_out_mean:   0.0000
test_ep_length_mean:     100.0000	test_episode_limit_mean:   1.0000	test_mean_fire_level_mean: 21.9477	test_return_mean:        -102.0375
test_return_median:      -102.2000	test_return_std:          39.9779	
[INFO 09:54:04] my_main Recent Stats | t_env:    1196286 | Episode:    11966
all_fires_out_mean:        0.0000	entropy_loss:              0.0145	ep_length_mean:          100.0000	episode_limit_mean:        1.0000
epsilon:                   0.0500	grad_norm:               984.2330	loss:                     42.6468	mean_fire_level_mean:     21.3587
mi_loss:                   0.0230	q_taken_mean:            -13.6818	return_mean:             -767.8080	return_median:           -752.4000
return_std:              285.9317	target_mean:             -13.7008	td_error_abs:              2.2849	test_all_fires_out_mean:   0.0000
test_ep_length_mean:     100.0000	test_episode_limit_mean:   1.0000	test_mean_fire_level_mean: 21.9477	test_return_mean:        -102.0375
test_return_median:      -102.2000	test_return_std:          39.9779	
[INFO 09:54:47] my_main Recent Stats | t_env:    1198286 | Episode:    11986
all_fires_out_mean:        0.0000	entropy_loss:              0.0145	ep_length_mean:          100.0000	episode_limit_mean:        1.0000
epsilon:                   0.0500	grad_norm:               984.2330	loss:                     42.6468	mean_fire_level_mean:     21.3587
mi_loss:                   0.0230	q_taken_mean:            -13.6818	return_mean:             -767.8080	return_median:           -752.4000
return_std:              285.9317	target_mean:             -13.7008	td_error_abs:              2.2849	test_all_fires_out_mean:   0.0000
test_ep_length_mean:     100.0000	test_episode_limit_mean:   1.0000	test_mean_fire_level_mean: 21.9477	test_return_mean:        -102.0375
test_return_median:      -102.2000	test_return_std:          39.9779	
[INFO 09:55:18] my_main Updated target network
[INFO 09:55:29] my_main t_env: 1200286 / 2050000
[INFO 09:55:29] my_main Estimated time left: 5 hours, 38 minutes, 46 seconds. Time passed: 7 hours, 50 minutes, 55 seconds
[INFO 09:55:56] my_main Recent Stats | t_env:    1200286 | Episode:    12006
all_fires_out_mean:        0.0000	entropy_loss:              0.0145	ep_length_mean:          100.0000	episode_limit_mean:        1.0000
epsilon:                   0.0500	grad_norm:               984.2330	loss:                     42.6468	mean_fire_level_mean:     21.3895
mi_loss:                   0.0230	q_taken_mean:            -13.6818	return_mean:             -773.4880	return_median:           -755.9000
return_std:              290.5758	target_mean:             -13.7008	td_error_abs:              2.2849	test_all_fires_out_mean:   0.0000
test_ep_length_mean:     100.0000	test_episode_limit_mean:   1.0000	test_mean_fire_level_mean: 21.9261	test_return_mean:        -100.9250
test_return_median:      -99.2000	test_return_std:          42.3298	
[INFO 09:56:39] my_main Recent Stats | t_env:    1202286 | Episode:    12026
all_fires_out_mean:        0.0000	entropy_loss:              0.0145	ep_length_mean:          100.0000	episode_limit_mean:        1.0000
epsilon:                   0.0500	grad_norm:               984.2330	loss:                     42.6468	mean_fire_level_mean:     21.3895
mi_loss:                   0.0230	q_taken_mean:            -13.6818	return_mean:             -773.4880	return_median:           -755.9000
return_std:              290.5758	target_mean:             -13.7008	td_error_abs:              2.2849	test_all_fires_out_mean:   0.0000
test_ep_length_mean:     100.0000	test_episode_limit_mean:   1.0000	test_mean_fire_level_mean: 21.9261	test_return_mean:        -100.9250
test_return_median:      -99.2000	test_return_std:          42.3298	
[INFO 09:57:21] my_main Recent Stats | t_env:    1204286 | Episode:    12046
all_fires_out_mean:        0.0000	entropy_loss:              0.0145	ep_length_mean:          100.0000	episode_limit_mean:        1.0000
epsilon:                   0.0500	grad_norm:               969.5907	loss:                     40.2585	mean_fire_level_mean:     21.3895
mi_loss:                   0.0230	q_taken_mean:            -13.5638	return_mean:             -773.4880	return_median:           -755.9000
return_std:              290.5758	target_mean:             -13.6519	td_error_abs:              2.3098	test_all_fires_out_mean:   0.0000
test_ep_length_mean:     100.0000	test_episode_limit_mean:   1.0000	test_mean_fire_level_mean: 21.9261	test_return_mean:        -100.9250
test_return_median:      -99.2000	test_return_std:          42.3298	
[INFO 09:58:04] my_main Recent Stats | t_env:    1206286 | Episode:    12066
all_fires_out_mean:        0.0000	entropy_loss:              0.0145	ep_length_mean:          100.0000	episode_limit_mean:        1.0000
epsilon:                   0.0500	grad_norm:               969.5907	loss:                     40.2585	mean_fire_level_mean:     21.3895
mi_loss:                   0.0230	q_taken_mean:            -13.5638	return_mean:             -773.4880	return_median:           -755.9000
return_std:              290.5758	target_mean:             -13.6519	td_error_abs:              2.3098	test_all_fires_out_mean:   0.0000
test_ep_length_mean:     100.0000	test_episode_limit_mean:   1.0000	test_mean_fire_level_mean: 21.9261	test_return_mean:        -100.9250
test_return_median:      -99.2000	test_return_std:          42.3298	
[INFO 09:58:46] my_main Recent Stats | t_env:    1208286 | Episode:    12086
all_fires_out_mean:        0.0000	entropy_loss:              0.0145	ep_length_mean:          100.0000	episode_limit_mean:        1.0000
epsilon:                   0.0500	grad_norm:               969.5907	loss:                     40.2585	mean_fire_level_mean:     21.3895
mi_loss:                   0.0230	q_taken_mean:            -13.5638	return_mean:             -773.4880	return_median:           -755.9000
return_std:              290.5758	target_mean:             -13.6519	td_error_abs:              2.3098	test_all_fires_out_mean:   0.0000
test_ep_length_mean:     100.0000	test_episode_limit_mean:   1.0000	test_mean_fire_level_mean: 21.9261	test_return_mean:        -100.9250
test_return_median:      -99.2000	test_return_std:          42.3298	
[INFO 09:59:28] my_main t_env: 1210286 / 2050000
[INFO 09:59:28] my_main Estimated time left: 5 hours, 34 minutes, 42 seconds. Time passed: 7 hours, 54 minutes, 54 seconds
[INFO 09:59:55] my_main Recent Stats | t_env:    1210286 | Episode:    12106
all_fires_out_mean:        0.0000	entropy_loss:              0.0145	ep_length_mean:          100.0000	episode_limit_mean:        1.0000
epsilon:                   0.0500	grad_norm:               969.5907	loss:                     40.2585	mean_fire_level_mean:     20.9629
mi_loss:                   0.0230	q_taken_mean:            -13.5638	return_mean:             -769.8360	return_median:           -749.9000
return_std:              291.1484	target_mean:             -13.6519	td_error_abs:              2.3098	test_all_fires_out_mean:   0.0000
test_ep_length_mean:     100.0000	test_episode_limit_mean:   1.0000	test_mean_fire_level_mean: 22.1784	test_return_mean:        -99.9375
test_return_median:      -99.3000	test_return_std:          43.1238	
[INFO 10:00:38] my_main Recent Stats | t_env:    1212286 | Episode:    12126
all_fires_out_mean:        0.0000	entropy_loss:              0.0145	ep_length_mean:          100.0000	episode_limit_mean:        1.0000
epsilon:                   0.0500	grad_norm:               969.5907	loss:                     40.2585	mean_fire_level_mean:     20.9629
mi_loss:                   0.0230	q_taken_mean:            -13.5638	return_mean:             -769.8360	return_median:           -749.9000
return_std:              291.1484	target_mean:             -13.6519	td_error_abs:              2.3098	test_all_fires_out_mean:   0.0000
test_ep_length_mean:     100.0000	test_episode_limit_mean:   1.0000	test_mean_fire_level_mean: 22.1784	test_return_mean:        -99.9375
test_return_median:      -99.3000	test_return_std:          43.1238	
[INFO 10:01:20] my_main Recent Stats | t_env:    1214286 | Episode:    12146
all_fires_out_mean:        0.0000	entropy_loss:              0.0146	ep_length_mean:          100.0000	episode_limit_mean:        1.0000
epsilon:                   0.0500	grad_norm:               914.8218	loss:                     41.4309	mean_fire_level_mean:     20.9629
mi_loss:                   0.0229	q_taken_mean:            -13.2389	return_mean:             -769.8360	return_median:           -749.9000
return_std:              291.1484	target_mean:             -13.2533	td_error_abs:              2.2331	test_all_fires_out_mean:   0.0000
test_ep_length_mean:     100.0000	test_episode_limit_mean:   1.0000	test_mean_fire_level_mean: 22.1784	test_return_mean:        -99.9375
test_return_median:      -99.3000	test_return_std:          43.1238	
[INFO 10:02:02] my_main Recent Stats | t_env:    1216286 | Episode:    12166
all_fires_out_mean:        0.0000	entropy_loss:              0.0146	ep_length_mean:          100.0000	episode_limit_mean:        1.0000
epsilon:                   0.0500	grad_norm:               914.8218	loss:                     41.4309	mean_fire_level_mean:     20.9629
mi_loss:                   0.0229	q_taken_mean:            -13.2389	return_mean:             -769.8360	return_median:           -749.9000
return_std:              291.1484	target_mean:             -13.2533	td_error_abs:              2.2331	test_all_fires_out_mean:   0.0000
test_ep_length_mean:     100.0000	test_episode_limit_mean:   1.0000	test_mean_fire_level_mean: 22.1784	test_return_mean:        -99.9375
test_return_median:      -99.3000	test_return_std:          43.1238	
[INFO 10:02:44] my_main Recent Stats | t_env:    1218286 | Episode:    12186
all_fires_out_mean:        0.0000	entropy_loss:              0.0146	ep_length_mean:          100.0000	episode_limit_mean:        1.0000
epsilon:                   0.0500	grad_norm:               914.8218	loss:                     41.4309	mean_fire_level_mean:     20.9629
mi_loss:                   0.0229	q_taken_mean:            -13.2389	return_mean:             -769.8360	return_median:           -749.9000
return_std:              291.1484	target_mean:             -13.2533	td_error_abs:              2.2331	test_all_fires_out_mean:   0.0000
test_ep_length_mean:     100.0000	test_episode_limit_mean:   1.0000	test_mean_fire_level_mean: 22.1784	test_return_mean:        -99.9375
test_return_median:      -99.3000	test_return_std:          43.1238	
[INFO 10:03:14] my_main Updated target network
[INFO 10:03:25] my_main t_env: 1220286 / 2050000
[INFO 10:03:25] my_main Estimated time left: 5 hours, 26 minutes, 44 seconds. Time passed: 7 hours, 58 minutes, 50 seconds
[INFO 10:03:52] my_main Recent Stats | t_env:    1220286 | Episode:    12206
all_fires_out_mean:        0.0000	entropy_loss:              0.0146	ep_length_mean:          100.0000	episode_limit_mean:        1.0000
epsilon:                   0.0500	grad_norm:               914.8218	loss:                     41.4309	mean_fire_level_mean:     20.9351
mi_loss:                   0.0229	q_taken_mean:            -13.2389	return_mean:             -767.2840	return_median:           -746.6000
return_std:              290.6330	target_mean:             -13.2533	td_error_abs:              2.2331	test_all_fires_out_mean:   0.0000
test_ep_length_mean:     100.0000	test_episode_limit_mean:   1.0000	test_mean_fire_level_mean: 22.0972	test_return_mean:        -99.1688
test_return_median:      -98.9000	test_return_std:          44.0457	
[INFO 10:04:33] my_main Recent Stats | t_env:    1222286 | Episode:    12226
all_fires_out_mean:        0.0000	entropy_loss:              0.0146	ep_length_mean:          100.0000	episode_limit_mean:        1.0000
epsilon:                   0.0500	grad_norm:               914.8218	loss:                     41.4309	mean_fire_level_mean:     20.9351
mi_loss:                   0.0229	q_taken_mean:            -13.2389	return_mean:             -767.2840	return_median:           -746.6000
return_std:              290.6330	target_mean:             -13.2533	td_error_abs:              2.2331	test_all_fires_out_mean:   0.0000
test_ep_length_mean:     100.0000	test_episode_limit_mean:   1.0000	test_mean_fire_level_mean: 22.0972	test_return_mean:        -99.1688
test_return_median:      -98.9000	test_return_std:          44.0457	
[INFO 10:05:14] my_main Recent Stats | t_env:    1224286 | Episode:    12246
all_fires_out_mean:        0.0000	entropy_loss:              0.0147	ep_length_mean:          100.0000	episode_limit_mean:        1.0000
epsilon:                   0.0500	grad_norm:               811.6205	loss:                     45.1535	mean_fire_level_mean:     20.9351
mi_loss:                   0.0230	q_taken_mean:            -12.7518	return_mean:             -767.2840	return_median:           -746.6000
return_std:              290.6330	target_mean:             -12.8316	td_error_abs:              2.1282	test_all_fires_out_mean:   0.0000
test_ep_length_mean:     100.0000	test_episode_limit_mean:   1.0000	test_mean_fire_level_mean: 22.0972	test_return_mean:        -99.1688
test_return_median:      -98.9000	test_return_std:          44.0457	
[INFO 10:05:57] my_main Recent Stats | t_env:    1226286 | Episode:    12266
all_fires_out_mean:        0.0000	entropy_loss:              0.0147	ep_length_mean:          100.0000	episode_limit_mean:        1.0000
epsilon:                   0.0500	grad_norm:               811.6205	loss:                     45.1535	mean_fire_level_mean:     20.9351
mi_loss:                   0.0230	q_taken_mean:            -12.7518	return_mean:             -767.2840	return_median:           -746.6000
return_std:              290.6330	target_mean:             -12.8316	td_error_abs:              2.1282	test_all_fires_out_mean:   0.0000
test_ep_length_mean:     100.0000	test_episode_limit_mean:   1.0000	test_mean_fire_level_mean: 22.0972	test_return_mean:        -99.1688
test_return_median:      -98.9000	test_return_std:          44.0457	
[INFO 10:06:39] my_main Recent Stats | t_env:    1228286 | Episode:    12286
all_fires_out_mean:        0.0000	entropy_loss:              0.0147	ep_length_mean:          100.0000	episode_limit_mean:        1.0000
epsilon:                   0.0500	grad_norm:               811.6205	loss:                     45.1535	mean_fire_level_mean:     20.9351
mi_loss:                   0.0230	q_taken_mean:            -12.7518	return_mean:             -767.2840	return_median:           -746.6000
return_std:              290.6330	target_mean:             -12.8316	td_error_abs:              2.1282	test_all_fires_out_mean:   0.0000
test_ep_length_mean:     100.0000	test_episode_limit_mean:   1.0000	test_mean_fire_level_mean: 22.0972	test_return_mean:        -99.1688
test_return_median:      -98.9000	test_return_std:          44.0457	
[INFO 10:07:21] my_main t_env: 1230286 / 2050000
[INFO 10:07:21] my_main Estimated time left: 5 hours, 22 minutes, 28 seconds. Time passed: 8 hours, 2 minutes, 46 seconds
[INFO 10:07:47] my_main Recent Stats | t_env:    1230286 | Episode:    12306
all_fires_out_mean:        0.0000	entropy_loss:              0.0147	ep_length_mean:          100.0000	episode_limit_mean:        1.0000
epsilon:                   0.0500	grad_norm:               811.6205	loss:                     45.1535	mean_fire_level_mean:     20.8236
mi_loss:                   0.0230	q_taken_mean:            -12.7518	return_mean:             -766.2980	return_median:           -738.3000
return_std:              286.5662	target_mean:             -12.8316	td_error_abs:              2.1282	test_all_fires_out_mean:   0.0000
test_ep_length_mean:     100.0000	test_episode_limit_mean:   1.0000	test_mean_fire_level_mean: 22.0398	test_return_mean:        -100.5563
test_return_median:      -103.1000	test_return_std:          45.7081	
[INFO 10:08:29] my_main Recent Stats | t_env:    1232286 | Episode:    12326
all_fires_out_mean:        0.0000	entropy_loss:              0.0147	ep_length_mean:          100.0000	episode_limit_mean:        1.0000
epsilon:                   0.0500	grad_norm:               811.6205	loss:                     45.1535	mean_fire_level_mean:     20.8236
mi_loss:                   0.0230	q_taken_mean:            -12.7518	return_mean:             -766.2980	return_median:           -738.3000
return_std:              286.5662	target_mean:             -12.8316	td_error_abs:              2.1282	test_all_fires_out_mean:   0.0000
test_ep_length_mean:     100.0000	test_episode_limit_mean:   1.0000	test_mean_fire_level_mean: 22.0398	test_return_mean:        -100.5563
test_return_median:      -103.1000	test_return_std:          45.7081	
[INFO 10:09:12] my_main Recent Stats | t_env:    1234286 | Episode:    12346
all_fires_out_mean:        0.0000	entropy_loss:              0.0149	ep_length_mean:          100.0000	episode_limit_mean:        1.0000
epsilon:                   0.0500	grad_norm:               829.5853	loss:                     39.8242	mean_fire_level_mean:     20.8236
mi_loss:                   0.0230	q_taken_mean:            -12.6763	return_mean:             -766.2980	return_median:           -738.3000
return_std:              286.5662	target_mean:             -12.7597	td_error_abs:              2.1129	test_all_fires_out_mean:   0.0000
test_ep_length_mean:     100.0000	test_episode_limit_mean:   1.0000	test_mean_fire_level_mean: 22.0398	test_return_mean:        -100.5563
test_return_median:      -103.1000	test_return_std:          45.7081	
[INFO 10:09:55] my_main Recent Stats | t_env:    1236286 | Episode:    12366
all_fires_out_mean:        0.0000	entropy_loss:              0.0149	ep_length_mean:          100.0000	episode_limit_mean:        1.0000
epsilon:                   0.0500	grad_norm:               829.5853	loss:                     39.8242	mean_fire_level_mean:     20.8236
mi_loss:                   0.0230	q_taken_mean:            -12.6763	return_mean:             -766.2980	return_median:           -738.3000
return_std:              286.5662	target_mean:             -12.7597	td_error_abs:              2.1129	test_all_fires_out_mean:   0.0000
test_ep_length_mean:     100.0000	test_episode_limit_mean:   1.0000	test_mean_fire_level_mean: 22.0398	test_return_mean:        -100.5563
test_return_median:      -103.1000	test_return_std:          45.7081	
[INFO 10:10:37] my_main Recent Stats | t_env:    1238286 | Episode:    12386
all_fires_out_mean:        0.0000	entropy_loss:              0.0149	ep_length_mean:          100.0000	episode_limit_mean:        1.0000
epsilon:                   0.0500	grad_norm:               829.5853	loss:                     39.8242	mean_fire_level_mean:     20.8236
mi_loss:                   0.0230	q_taken_mean:            -12.6763	return_mean:             -766.2980	return_median:           -738.3000
return_std:              286.5662	target_mean:             -12.7597	td_error_abs:              2.1129	test_all_fires_out_mean:   0.0000
test_ep_length_mean:     100.0000	test_episode_limit_mean:   1.0000	test_mean_fire_level_mean: 22.0398	test_return_mean:        -100.5563
test_return_median:      -103.1000	test_return_std:          45.7081	
[INFO 10:11:09] my_main Updated target network
[INFO 10:11:19] my_main t_env: 1240286 / 2050000
[INFO 10:11:19] my_main Estimated time left: 5 hours, 22 minutes, 8 seconds. Time passed: 8 hours, 6 minutes, 45 seconds
[INFO 10:11:46] my_main Recent Stats | t_env:    1240286 | Episode:    12406
all_fires_out_mean:        0.0000	entropy_loss:              0.0149	ep_length_mean:          100.0000	episode_limit_mean:        1.0000
epsilon:                   0.0500	grad_norm:               829.5853	loss:                     39.8242	mean_fire_level_mean:     20.8169
mi_loss:                   0.0230	q_taken_mean:            -12.6763	return_mean:             -764.3880	return_median:           -737.8000
return_std:              289.9254	target_mean:             -12.7597	td_error_abs:              2.1129	test_all_fires_out_mean:   0.0000
test_ep_length_mean:     100.0000	test_episode_limit_mean:   1.0000	test_mean_fire_level_mean: 22.3835	test_return_mean:        -99.6562
test_return_median:      -102.7000	test_return_std:          42.5537	
[INFO 10:12:29] my_main Recent Stats | t_env:    1242286 | Episode:    12426
all_fires_out_mean:        0.0000	entropy_loss:              0.0149	ep_length_mean:          100.0000	episode_limit_mean:        1.0000
epsilon:                   0.0500	grad_norm:               829.5853	loss:                     39.8242	mean_fire_level_mean:     20.8169
mi_loss:                   0.0230	q_taken_mean:            -12.6763	return_mean:             -764.3880	return_median:           -737.8000
return_std:              289.9254	target_mean:             -12.7597	td_error_abs:              2.1129	test_all_fires_out_mean:   0.0000
test_ep_length_mean:     100.0000	test_episode_limit_mean:   1.0000	test_mean_fire_level_mean: 22.3835	test_return_mean:        -99.6562
test_return_median:      -102.7000	test_return_std:          42.5537	
[INFO 10:13:12] my_main Recent Stats | t_env:    1244286 | Episode:    12446
all_fires_out_mean:        0.0000	entropy_loss:              0.0149	ep_length_mean:          100.0000	episode_limit_mean:        1.0000
epsilon:                   0.0500	grad_norm:               837.6291	loss:                     49.9780	mean_fire_level_mean:     20.8169
mi_loss:                   0.0229	q_taken_mean:            -12.6661	return_mean:             -764.3880	return_median:           -737.8000
return_std:              289.9254	target_mean:             -12.7463	td_error_abs:              2.1532	test_all_fires_out_mean:   0.0000
test_ep_length_mean:     100.0000	test_episode_limit_mean:   1.0000	test_mean_fire_level_mean: 22.3835	test_return_mean:        -99.6562
test_return_median:      -102.7000	test_return_std:          42.5537	
[INFO 10:13:55] my_main Recent Stats | t_env:    1246286 | Episode:    12466
all_fires_out_mean:        0.0000	entropy_loss:              0.0149	ep_length_mean:          100.0000	episode_limit_mean:        1.0000
epsilon:                   0.0500	grad_norm:               837.6291	loss:                     49.9780	mean_fire_level_mean:     20.8169
mi_loss:                   0.0229	q_taken_mean:            -12.6661	return_mean:             -764.3880	return_median:           -737.8000
return_std:              289.9254	target_mean:             -12.7463	td_error_abs:              2.1532	test_all_fires_out_mean:   0.0000
test_ep_length_mean:     100.0000	test_episode_limit_mean:   1.0000	test_mean_fire_level_mean: 22.3835	test_return_mean:        -99.6562
test_return_median:      -102.7000	test_return_std:          42.5537	
[INFO 10:14:37] my_main Recent Stats | t_env:    1248286 | Episode:    12486
all_fires_out_mean:        0.0000	entropy_loss:              0.0149	ep_length_mean:          100.0000	episode_limit_mean:        1.0000
epsilon:                   0.0500	grad_norm:               837.6291	loss:                     49.9780	mean_fire_level_mean:     20.8169
mi_loss:                   0.0229	q_taken_mean:            -12.6661	return_mean:             -764.3880	return_median:           -737.8000
return_std:              289.9254	target_mean:             -12.7463	td_error_abs:              2.1532	test_all_fires_out_mean:   0.0000
test_ep_length_mean:     100.0000	test_episode_limit_mean:   1.0000	test_mean_fire_level_mean: 22.3835	test_return_mean:        -99.6562
test_return_median:      -102.7000	test_return_std:          42.5537	
[INFO 10:15:19] my_main t_env: 1250286 / 2050000
[INFO 10:15:19] my_main Estimated time left: 5 hours, 19 minutes, 12 seconds. Time passed: 8 hours, 10 minutes, 45 seconds
[INFO 10:15:46] my_main Recent Stats | t_env:    1250286 | Episode:    12506
all_fires_out_mean:        0.0000	entropy_loss:              0.0149	ep_length_mean:          100.0000	episode_limit_mean:        1.0000
epsilon:                   0.0500	grad_norm:               837.6291	loss:                     49.9780	mean_fire_level_mean:     20.6969
mi_loss:                   0.0229	q_taken_mean:            -12.6661	return_mean:             -758.5080	return_median:           -736.6000
return_std:              281.3199	target_mean:             -12.7463	td_error_abs:              2.1532	test_all_fires_out_mean:   0.0000
test_ep_length_mean:     100.0000	test_episode_limit_mean:   1.0000	test_mean_fire_level_mean: 22.4511	test_return_mean:        -101.6000
test_return_median:      -106.0000	test_return_std:          44.3577	
[INFO 10:16:28] my_main Recent Stats | t_env:    1252286 | Episode:    12526
all_fires_out_mean:        0.0000	entropy_loss:              0.0149	ep_length_mean:          100.0000	episode_limit_mean:        1.0000
epsilon:                   0.0500	grad_norm:               837.6291	loss:                     49.9780	mean_fire_level_mean:     20.6969
mi_loss:                   0.0229	q_taken_mean:            -12.6661	return_mean:             -758.5080	return_median:           -736.6000
return_std:              281.3199	target_mean:             -12.7463	td_error_abs:              2.1532	test_all_fires_out_mean:   0.0000
test_ep_length_mean:     100.0000	test_episode_limit_mean:   1.0000	test_mean_fire_level_mean: 22.4511	test_return_mean:        -101.6000
test_return_median:      -106.0000	test_return_std:          44.3577	
[INFO 10:17:11] my_main Recent Stats | t_env:    1254286 | Episode:    12546
all_fires_out_mean:        0.0000	entropy_loss:              0.0150	ep_length_mean:          100.0000	episode_limit_mean:        1.0000
epsilon:                   0.0500	grad_norm:               815.4049	loss:                     51.2500	mean_fire_level_mean:     20.6969
mi_loss:                   0.0229	q_taken_mean:            -12.6892	return_mean:             -758.5080	return_median:           -736.6000
return_std:              281.3199	target_mean:             -12.7644	td_error_abs:              2.0941	test_all_fires_out_mean:   0.0000
test_ep_length_mean:     100.0000	test_episode_limit_mean:   1.0000	test_mean_fire_level_mean: 22.4511	test_return_mean:        -101.6000
test_return_median:      -106.0000	test_return_std:          44.3577	
[INFO 10:17:53] my_main Recent Stats | t_env:    1256286 | Episode:    12566
all_fires_out_mean:        0.0000	entropy_loss:              0.0150	ep_length_mean:          100.0000	episode_limit_mean:        1.0000
epsilon:                   0.0500	grad_norm:               815.4049	loss:                     51.2500	mean_fire_level_mean:     20.6969
mi_loss:                   0.0229	q_taken_mean:            -12.6892	return_mean:             -758.5080	return_median:           -736.6000
return_std:              281.3199	target_mean:             -12.7644	td_error_abs:              2.0941	test_all_fires_out_mean:   0.0000
test_ep_length_mean:     100.0000	test_episode_limit_mean:   1.0000	test_mean_fire_level_mean: 22.4511	test_return_mean:        -101.6000
test_return_median:      -106.0000	test_return_std:          44.3577	
[INFO 10:18:35] my_main Recent Stats | t_env:    1258286 | Episode:    12586
all_fires_out_mean:        0.0000	entropy_loss:              0.0150	ep_length_mean:          100.0000	episode_limit_mean:        1.0000
epsilon:                   0.0500	grad_norm:               815.4049	loss:                     51.2500	mean_fire_level_mean:     20.6969
mi_loss:                   0.0229	q_taken_mean:            -12.6892	return_mean:             -758.5080	return_median:           -736.6000
return_std:              281.3199	target_mean:             -12.7644	td_error_abs:              2.0941	test_all_fires_out_mean:   0.0000
test_ep_length_mean:     100.0000	test_episode_limit_mean:   1.0000	test_mean_fire_level_mean: 22.4511	test_return_mean:        -101.6000
test_return_median:      -106.0000	test_return_std:          44.3577	
[INFO 10:19:07] my_main Updated target network
[INFO 10:19:18] my_main t_env: 1260286 / 2050000
[INFO 10:19:18] my_main Estimated time left: 5 hours, 14 minutes, 34 seconds. Time passed: 8 hours, 14 minutes, 44 seconds
[INFO 10:19:45] my_main Recent Stats | t_env:    1260286 | Episode:    12606
all_fires_out_mean:        0.0000	entropy_loss:              0.0150	ep_length_mean:          100.0000	episode_limit_mean:        1.0000
epsilon:                   0.0500	grad_norm:               815.4049	loss:                     51.2500	mean_fire_level_mean:     20.7460
mi_loss:                   0.0229	q_taken_mean:            -12.6892	return_mean:             -745.1620	return_median:           -719.8000
return_std:              277.5951	target_mean:             -12.7644	td_error_abs:              2.0941	test_all_fires_out_mean:   0.0000
test_ep_length_mean:     100.0000	test_episode_limit_mean:   1.0000	test_mean_fire_level_mean: 22.3568	test_return_mean:        -102.1813
test_return_median:      -103.6000	test_return_std:          42.4346	
[INFO 10:20:27] my_main Recent Stats | t_env:    1262286 | Episode:    12626
all_fires_out_mean:        0.0000	entropy_loss:              0.0150	ep_length_mean:          100.0000	episode_limit_mean:        1.0000
epsilon:                   0.0500	grad_norm:               815.4049	loss:                     51.2500	mean_fire_level_mean:     20.7460
mi_loss:                   0.0229	q_taken_mean:            -12.6892	return_mean:             -745.1620	return_median:           -719.8000
return_std:              277.5951	target_mean:             -12.7644	td_error_abs:              2.0941	test_all_fires_out_mean:   0.0000
test_ep_length_mean:     100.0000	test_episode_limit_mean:   1.0000	test_mean_fire_level_mean: 22.3568	test_return_mean:        -102.1813
test_return_median:      -103.6000	test_return_std:          42.4346	
[INFO 10:21:09] my_main Recent Stats | t_env:    1264286 | Episode:    12646
all_fires_out_mean:        0.0000	entropy_loss:              0.0150	ep_length_mean:          100.0000	episode_limit_mean:        1.0000
epsilon:                   0.0500	grad_norm:               732.7261	loss:                     54.7360	mean_fire_level_mean:     20.7460
mi_loss:                   0.0229	q_taken_mean:            -12.8388	return_mean:             -745.1620	return_median:           -719.8000
return_std:              277.5951	target_mean:             -12.9603	td_error_abs:              2.0073	test_all_fires_out_mean:   0.0000
test_ep_length_mean:     100.0000	test_episode_limit_mean:   1.0000	test_mean_fire_level_mean: 22.3568	test_return_mean:        -102.1813
test_return_median:      -103.6000	test_return_std:          42.4346	
[INFO 10:21:52] my_main Recent Stats | t_env:    1266286 | Episode:    12666
all_fires_out_mean:        0.0000	entropy_loss:              0.0150	ep_length_mean:          100.0000	episode_limit_mean:        1.0000
epsilon:                   0.0500	grad_norm:               732.7261	loss:                     54.7360	mean_fire_level_mean:     20.7460
mi_loss:                   0.0229	q_taken_mean:            -12.8388	return_mean:             -745.1620	return_median:           -719.8000
return_std:              277.5951	target_mean:             -12.9603	td_error_abs:              2.0073	test_all_fires_out_mean:   0.0000
test_ep_length_mean:     100.0000	test_episode_limit_mean:   1.0000	test_mean_fire_level_mean: 22.3568	test_return_mean:        -102.1813
test_return_median:      -103.6000	test_return_std:          42.4346	
[INFO 10:22:35] my_main Recent Stats | t_env:    1268286 | Episode:    12686
all_fires_out_mean:        0.0000	entropy_loss:              0.0150	ep_length_mean:          100.0000	episode_limit_mean:        1.0000
epsilon:                   0.0500	grad_norm:               732.7261	loss:                     54.7360	mean_fire_level_mean:     20.7460
mi_loss:                   0.0229	q_taken_mean:            -12.8388	return_mean:             -745.1620	return_median:           -719.8000
return_std:              277.5951	target_mean:             -12.9603	td_error_abs:              2.0073	test_all_fires_out_mean:   0.0000
test_ep_length_mean:     100.0000	test_episode_limit_mean:   1.0000	test_mean_fire_level_mean: 22.3568	test_return_mean:        -102.1813
test_return_median:      -103.6000	test_return_std:          42.4346	
[INFO 10:23:18] my_main t_env: 1270286 / 2050000
[INFO 10:23:18] my_main Estimated time left: 5 hours, 11 minutes, 23 seconds. Time passed: 8 hours, 18 minutes, 43 seconds
[INFO 10:23:45] my_main Recent Stats | t_env:    1270286 | Episode:    12706
all_fires_out_mean:        0.0000	entropy_loss:              0.0150	ep_length_mean:          100.0000	episode_limit_mean:        1.0000
epsilon:                   0.0500	grad_norm:               732.7261	loss:                     54.7360	mean_fire_level_mean:     20.7618
mi_loss:                   0.0229	q_taken_mean:            -12.8388	return_mean:             -744.2160	return_median:           -722.6000
return_std:              277.0641	target_mean:             -12.9603	td_error_abs:              2.0073	test_all_fires_out_mean:   0.0000
test_ep_length_mean:     100.0000	test_episode_limit_mean:   1.0000	test_mean_fire_level_mean: 22.7108	test_return_mean:        -105.6625
test_return_median:      -107.3000	test_return_std:          47.1959	
[INFO 10:24:26] my_main Recent Stats | t_env:    1272286 | Episode:    12726
all_fires_out_mean:        0.0000	entropy_loss:              0.0150	ep_length_mean:          100.0000	episode_limit_mean:        1.0000
epsilon:                   0.0500	grad_norm:               732.7261	loss:                     54.7360	mean_fire_level_mean:     20.7618
mi_loss:                   0.0229	q_taken_mean:            -12.8388	return_mean:             -744.2160	return_median:           -722.6000
return_std:              277.0641	target_mean:             -12.9603	td_error_abs:              2.0073	test_all_fires_out_mean:   0.0000
test_ep_length_mean:     100.0000	test_episode_limit_mean:   1.0000	test_mean_fire_level_mean: 22.7108	test_return_mean:        -105.6625
test_return_median:      -107.3000	test_return_std:          47.1959	
[INFO 10:25:08] my_main Recent Stats | t_env:    1274286 | Episode:    12746
all_fires_out_mean:        0.0000	entropy_loss:              0.0151	ep_length_mean:          100.0000	episode_limit_mean:        1.0000
epsilon:                   0.0500	grad_norm:               747.1755	loss:                     52.0657	mean_fire_level_mean:     20.7618
mi_loss:                   0.0230	q_taken_mean:            -12.9935	return_mean:             -744.2160	return_median:           -722.6000
return_std:              277.0641	target_mean:             -13.1229	td_error_abs:              1.9954	test_all_fires_out_mean:   0.0000
test_ep_length_mean:     100.0000	test_episode_limit_mean:   1.0000	test_mean_fire_level_mean: 22.7108	test_return_mean:        -105.6625
test_return_median:      -107.3000	test_return_std:          47.1959	
[INFO 10:25:50] my_main Recent Stats | t_env:    1276286 | Episode:    12766
all_fires_out_mean:        0.0000	entropy_loss:              0.0151	ep_length_mean:          100.0000	episode_limit_mean:        1.0000
epsilon:                   0.0500	grad_norm:               747.1755	loss:                     52.0657	mean_fire_level_mean:     20.7618
mi_loss:                   0.0230	q_taken_mean:            -12.9935	return_mean:             -744.2160	return_median:           -722.6000
return_std:              277.0641	target_mean:             -13.1229	td_error_abs:              1.9954	test_all_fires_out_mean:   0.0000
test_ep_length_mean:     100.0000	test_episode_limit_mean:   1.0000	test_mean_fire_level_mean: 22.7108	test_return_mean:        -105.6625
test_return_median:      -107.3000	test_return_std:          47.1959	
[INFO 10:26:32] my_main Recent Stats | t_env:    1278286 | Episode:    12786
all_fires_out_mean:        0.0000	entropy_loss:              0.0151	ep_length_mean:          100.0000	episode_limit_mean:        1.0000
epsilon:                   0.0500	grad_norm:               747.1755	loss:                     52.0657	mean_fire_level_mean:     20.7618
mi_loss:                   0.0230	q_taken_mean:            -12.9935	return_mean:             -744.2160	return_median:           -722.6000
return_std:              277.0641	target_mean:             -13.1229	td_error_abs:              1.9954	test_all_fires_out_mean:   0.0000
test_ep_length_mean:     100.0000	test_episode_limit_mean:   1.0000	test_mean_fire_level_mean: 22.7108	test_return_mean:        -105.6625
test_return_median:      -107.3000	test_return_std:          47.1959	
[INFO 10:27:03] my_main Updated target network
[INFO 10:27:14] my_main t_env: 1280286 / 2050000
[INFO 10:27:14] my_main Estimated time left: 5 hours, 2 minutes, 50 seconds. Time passed: 8 hours, 22 minutes, 39 seconds
[INFO 10:27:40] my_main Recent Stats | t_env:    1280286 | Episode:    12806
all_fires_out_mean:        0.0000	entropy_loss:              0.0151	ep_length_mean:          100.0000	episode_limit_mean:        1.0000
epsilon:                   0.0500	grad_norm:               747.1755	loss:                     52.0657	mean_fire_level_mean:     20.9907
mi_loss:                   0.0230	q_taken_mean:            -12.9935	return_mean:             -749.5920	return_median:           -734.7000
return_std:              274.0923	target_mean:             -13.1229	td_error_abs:              1.9954	test_all_fires_out_mean:   0.0000
test_ep_length_mean:     100.0000	test_episode_limit_mean:   1.0000	test_mean_fire_level_mean: 22.6250	test_return_mean:        -103.8625
test_return_median:      -101.2000	test_return_std:          47.1307	
[INFO 10:28:23] my_main Recent Stats | t_env:    1282286 | Episode:    12826
all_fires_out_mean:        0.0000	entropy_loss:              0.0151	ep_length_mean:          100.0000	episode_limit_mean:        1.0000
epsilon:                   0.0500	grad_norm:               747.1755	loss:                     52.0657	mean_fire_level_mean:     20.9907
mi_loss:                   0.0230	q_taken_mean:            -12.9935	return_mean:             -749.5920	return_median:           -734.7000
return_std:              274.0923	target_mean:             -13.1229	td_error_abs:              1.9954	test_all_fires_out_mean:   0.0000
test_ep_length_mean:     100.0000	test_episode_limit_mean:   1.0000	test_mean_fire_level_mean: 22.6250	test_return_mean:        -103.8625
test_return_median:      -101.2000	test_return_std:          47.1307	
[INFO 10:29:06] my_main Recent Stats | t_env:    1284286 | Episode:    12846
all_fires_out_mean:        0.0000	entropy_loss:              0.0152	ep_length_mean:          100.0000	episode_limit_mean:        1.0000
epsilon:                   0.0500	grad_norm:               690.2846	loss:                     45.4324	mean_fire_level_mean:     20.9907
mi_loss:                   0.0231	q_taken_mean:            -12.9355	return_mean:             -749.5920	return_median:           -734.7000
return_std:              274.0923	target_mean:             -13.0612	td_error_abs:              1.8817	test_all_fires_out_mean:   0.0000
test_ep_length_mean:     100.0000	test_episode_limit_mean:   1.0000	test_mean_fire_level_mean: 22.6250	test_return_mean:        -103.8625
test_return_median:      -101.2000	test_return_std:          47.1307	
[INFO 10:29:48] my_main Recent Stats | t_env:    1286286 | Episode:    12866
all_fires_out_mean:        0.0000	entropy_loss:              0.0152	ep_length_mean:          100.0000	episode_limit_mean:        1.0000
epsilon:                   0.0500	grad_norm:               690.2846	loss:                     45.4324	mean_fire_level_mean:     20.9907
mi_loss:                   0.0231	q_taken_mean:            -12.9355	return_mean:             -749.5920	return_median:           -734.7000
return_std:              274.0923	target_mean:             -13.0612	td_error_abs:              1.8817	test_all_fires_out_mean:   0.0000
test_ep_length_mean:     100.0000	test_episode_limit_mean:   1.0000	test_mean_fire_level_mean: 22.6250	test_return_mean:        -103.8625
test_return_median:      -101.2000	test_return_std:          47.1307	
[INFO 10:30:31] my_main Recent Stats | t_env:    1288286 | Episode:    12886
all_fires_out_mean:        0.0000	entropy_loss:              0.0152	ep_length_mean:          100.0000	episode_limit_mean:        1.0000
epsilon:                   0.0500	grad_norm:               690.2846	loss:                     45.4324	mean_fire_level_mean:     20.9907
mi_loss:                   0.0231	q_taken_mean:            -12.9355	return_mean:             -749.5920	return_median:           -734.7000
return_std:              274.0923	target_mean:             -13.0612	td_error_abs:              1.8817	test_all_fires_out_mean:   0.0000
test_ep_length_mean:     100.0000	test_episode_limit_mean:   1.0000	test_mean_fire_level_mean: 22.6250	test_return_mean:        -103.8625
test_return_median:      -101.2000	test_return_std:          47.1307	
[INFO 10:31:13] my_main t_env: 1290286 / 2050000
[INFO 10:31:13] my_main Estimated time left: 5 hours, 3 minutes, 11 seconds. Time passed: 8 hours, 26 minutes, 39 seconds
[INFO 10:31:40] my_main Recent Stats | t_env:    1290286 | Episode:    12906
all_fires_out_mean:        0.0000	entropy_loss:              0.0152	ep_length_mean:          100.0000	episode_limit_mean:        1.0000
epsilon:                   0.0500	grad_norm:               690.2846	loss:                     45.4324	mean_fire_level_mean:     20.9820
mi_loss:                   0.0231	q_taken_mean:            -12.9355	return_mean:             -748.3920	return_median:           -735.2000
return_std:              273.8481	target_mean:             -13.0612	td_error_abs:              1.8817	test_all_fires_out_mean:   0.0000
test_ep_length_mean:     100.0000	test_episode_limit_mean:   1.0000	test_mean_fire_level_mean: 22.5631	test_return_mean:        -102.4938
test_return_median:      -100.7000	test_return_std:          50.8146	
[INFO 10:32:23] my_main Recent Stats | t_env:    1292286 | Episode:    12926
all_fires_out_mean:        0.0000	entropy_loss:              0.0152	ep_length_mean:          100.0000	episode_limit_mean:        1.0000
epsilon:                   0.0500	grad_norm:               690.2846	loss:                     45.4324	mean_fire_level_mean:     20.9820
mi_loss:                   0.0231	q_taken_mean:            -12.9355	return_mean:             -748.3920	return_median:           -735.2000
return_std:              273.8481	target_mean:             -13.0612	td_error_abs:              1.8817	test_all_fires_out_mean:   0.0000
test_ep_length_mean:     100.0000	test_episode_limit_mean:   1.0000	test_mean_fire_level_mean: 22.5631	test_return_mean:        -102.4938
test_return_median:      -100.7000	test_return_std:          50.8146	
[INFO 10:33:06] my_main Recent Stats | t_env:    1294286 | Episode:    12946
all_fires_out_mean:        0.0000	entropy_loss:              0.0153	ep_length_mean:          100.0000	episode_limit_mean:        1.0000
epsilon:                   0.0500	grad_norm:               633.3619	loss:                     32.0997	mean_fire_level_mean:     20.9820
mi_loss:                   0.0232	q_taken_mean:            -13.0046	return_mean:             -748.3920	return_median:           -735.2000
return_std:              273.8481	target_mean:             -13.1297	td_error_abs:              1.7611	test_all_fires_out_mean:   0.0000
test_ep_length_mean:     100.0000	test_episode_limit_mean:   1.0000	test_mean_fire_level_mean: 22.5631	test_return_mean:        -102.4938
test_return_median:      -100.7000	test_return_std:          50.8146	
[INFO 10:33:48] my_main Recent Stats | t_env:    1296286 | Episode:    12966
all_fires_out_mean:        0.0000	entropy_loss:              0.0153	ep_length_mean:          100.0000	episode_limit_mean:        1.0000
epsilon:                   0.0500	grad_norm:               633.3619	loss:                     32.0997	mean_fire_level_mean:     20.9820
mi_loss:                   0.0232	q_taken_mean:            -13.0046	return_mean:             -748.3920	return_median:           -735.2000
return_std:              273.8481	target_mean:             -13.1297	td_error_abs:              1.7611	test_all_fires_out_mean:   0.0000
test_ep_length_mean:     100.0000	test_episode_limit_mean:   1.0000	test_mean_fire_level_mean: 22.5631	test_return_mean:        -102.4938
test_return_median:      -100.7000	test_return_std:          50.8146	
[INFO 10:34:28] my_main Recent Stats | t_env:    1298286 | Episode:    12986
all_fires_out_mean:        0.0000	entropy_loss:              0.0153	ep_length_mean:          100.0000	episode_limit_mean:        1.0000
epsilon:                   0.0500	grad_norm:               633.3619	loss:                     32.0997	mean_fire_level_mean:     20.9820
mi_loss:                   0.0232	q_taken_mean:            -13.0046	return_mean:             -748.3920	return_median:           -735.2000
return_std:              273.8481	target_mean:             -13.1297	td_error_abs:              1.7611	test_all_fires_out_mean:   0.0000
test_ep_length_mean:     100.0000	test_episode_limit_mean:   1.0000	test_mean_fire_level_mean: 22.5631	test_return_mean:        -102.4938
test_return_median:      -100.7000	test_return_std:          50.8146	
[INFO 10:34:59] my_main Updated target network
[INFO 10:35:09] my_main t_env: 1300286 / 2050000
[INFO 10:35:09] my_main Estimated time left: 4 hours, 55 minutes, 9 seconds. Time passed: 8 hours, 30 minutes, 35 seconds
[INFO 10:35:37] my_main Recent Stats | t_env:    1300286 | Episode:    13006
all_fires_out_mean:        0.0000	entropy_loss:              0.0153	ep_length_mean:          100.0000	episode_limit_mean:        1.0000
epsilon:                   0.0500	grad_norm:               633.3619	loss:                     32.0997	mean_fire_level_mean:     21.0978
mi_loss:                   0.0232	q_taken_mean:            -13.0046	return_mean:             -753.0260	return_median:           -732.0000
return_std:              277.5013	target_mean:             -13.1297	td_error_abs:              1.7611	test_all_fires_out_mean:   0.0000
test_ep_length_mean:     100.0000	test_episode_limit_mean:   1.0000	test_mean_fire_level_mean: 22.3909	test_return_mean:        -100.1750
test_return_median:      -99.2000	test_return_std:          47.8400	
[INFO 10:36:18] my_main Recent Stats | t_env:    1302286 | Episode:    13026
all_fires_out_mean:        0.0000	entropy_loss:              0.0153	ep_length_mean:          100.0000	episode_limit_mean:        1.0000
epsilon:                   0.0500	grad_norm:               633.3619	loss:                     32.0997	mean_fire_level_mean:     21.0978
mi_loss:                   0.0232	q_taken_mean:            -13.0046	return_mean:             -753.0260	return_median:           -732.0000
return_std:              277.5013	target_mean:             -13.1297	td_error_abs:              1.7611	test_all_fires_out_mean:   0.0000
test_ep_length_mean:     100.0000	test_episode_limit_mean:   1.0000	test_mean_fire_level_mean: 22.3909	test_return_mean:        -100.1750
test_return_median:      -99.2000	test_return_std:          47.8400	
[INFO 10:37:02] my_main Recent Stats | t_env:    1304286 | Episode:    13046
all_fires_out_mean:        0.0000	entropy_loss:              0.0154	ep_length_mean:          100.0000	episode_limit_mean:        1.0000
epsilon:                   0.0500	grad_norm:               590.5773	loss:                     28.8213	mean_fire_level_mean:     21.0978
mi_loss:                   0.0232	q_taken_mean:            -12.6960	return_mean:             -753.0260	return_median:           -732.0000
return_std:              277.5013	target_mean:             -12.8189	td_error_abs:              1.7429	test_all_fires_out_mean:   0.0000
test_ep_length_mean:     100.0000	test_episode_limit_mean:   1.0000	test_mean_fire_level_mean: 22.3909	test_return_mean:        -100.1750
test_return_median:      -99.2000	test_return_std:          47.8400	
[INFO 10:37:44] my_main Recent Stats | t_env:    1306286 | Episode:    13066
all_fires_out_mean:        0.0000	entropy_loss:              0.0154	ep_length_mean:          100.0000	episode_limit_mean:        1.0000
epsilon:                   0.0500	grad_norm:               590.5773	loss:                     28.8213	mean_fire_level_mean:     21.0978
mi_loss:                   0.0232	q_taken_mean:            -12.6960	return_mean:             -753.0260	return_median:           -732.0000
return_std:              277.5013	target_mean:             -12.8189	td_error_abs:              1.7429	test_all_fires_out_mean:   0.0000
test_ep_length_mean:     100.0000	test_episode_limit_mean:   1.0000	test_mean_fire_level_mean: 22.3909	test_return_mean:        -100.1750
test_return_median:      -99.2000	test_return_std:          47.8400	
[INFO 10:38:27] my_main Recent Stats | t_env:    1308286 | Episode:    13086
all_fires_out_mean:        0.0000	entropy_loss:              0.0154	ep_length_mean:          100.0000	episode_limit_mean:        1.0000
epsilon:                   0.0500	grad_norm:               590.5773	loss:                     28.8213	mean_fire_level_mean:     21.0978
mi_loss:                   0.0232	q_taken_mean:            -12.6960	return_mean:             -753.0260	return_median:           -732.0000
return_std:              277.5013	target_mean:             -12.8189	td_error_abs:              1.7429	test_all_fires_out_mean:   0.0000
test_ep_length_mean:     100.0000	test_episode_limit_mean:   1.0000	test_mean_fire_level_mean: 22.3909	test_return_mean:        -100.1750
test_return_median:      -99.2000	test_return_std:          47.8400	
[INFO 10:39:09] my_main t_env: 1310286 / 2050000
[INFO 10:39:09] my_main Estimated time left: 4 hours, 55 minutes, 17 seconds. Time passed: 8 hours, 34 minutes, 34 seconds
[INFO 10:39:36] my_main Recent Stats | t_env:    1310286 | Episode:    13106
all_fires_out_mean:        0.0000	entropy_loss:              0.0154	ep_length_mean:          100.0000	episode_limit_mean:        1.0000
epsilon:                   0.0500	grad_norm:               590.5773	loss:                     28.8213	mean_fire_level_mean:     21.3182
mi_loss:                   0.0232	q_taken_mean:            -12.6960	return_mean:             -768.2120	return_median:           -748.4000
return_std:              304.4886	target_mean:             -12.8189	td_error_abs:              1.7429	test_all_fires_out_mean:   0.0000
test_ep_length_mean:     100.0000	test_episode_limit_mean:   1.0000	test_mean_fire_level_mean: 22.3369	test_return_mean:        -96.1312
test_return_median:      -94.0000	test_return_std:          48.7876	
[INFO 10:40:18] my_main Recent Stats | t_env:    1312286 | Episode:    13126
all_fires_out_mean:        0.0000	entropy_loss:              0.0154	ep_length_mean:          100.0000	episode_limit_mean:        1.0000
epsilon:                   0.0500	grad_norm:               590.5773	loss:                     28.8213	mean_fire_level_mean:     21.3182
mi_loss:                   0.0232	q_taken_mean:            -12.6960	return_mean:             -768.2120	return_median:           -748.4000
return_std:              304.4886	target_mean:             -12.8189	td_error_abs:              1.7429	test_all_fires_out_mean:   0.0000
test_ep_length_mean:     100.0000	test_episode_limit_mean:   1.0000	test_mean_fire_level_mean: 22.3369	test_return_mean:        -96.1312
test_return_median:      -94.0000	test_return_std:          48.7876	
[INFO 10:41:01] my_main Recent Stats | t_env:    1314286 | Episode:    13146
all_fires_out_mean:        0.0000	entropy_loss:              0.0154	ep_length_mean:          100.0000	episode_limit_mean:        1.0000
epsilon:                   0.0500	grad_norm:               618.0079	loss:                     21.4227	mean_fire_level_mean:     21.3182
mi_loss:                   0.0232	q_taken_mean:            -12.7712	return_mean:             -768.2120	return_median:           -748.4000
return_std:              304.4886	target_mean:             -12.8984	td_error_abs:              1.7755	test_all_fires_out_mean:   0.0000
test_ep_length_mean:     100.0000	test_episode_limit_mean:   1.0000	test_mean_fire_level_mean: 22.3369	test_return_mean:        -96.1312
test_return_median:      -94.0000	test_return_std:          48.7876	
[INFO 10:41:45] my_main Recent Stats | t_env:    1316286 | Episode:    13166
all_fires_out_mean:        0.0000	entropy_loss:              0.0154	ep_length_mean:          100.0000	episode_limit_mean:        1.0000
epsilon:                   0.0500	grad_norm:               618.0079	loss:                     21.4227	mean_fire_level_mean:     21.3182
mi_loss:                   0.0232	q_taken_mean:            -12.7712	return_mean:             -768.2120	return_median:           -748.4000
return_std:              304.4886	target_mean:             -12.8984	td_error_abs:              1.7755	test_all_fires_out_mean:   0.0000
test_ep_length_mean:     100.0000	test_episode_limit_mean:   1.0000	test_mean_fire_level_mean: 22.3369	test_return_mean:        -96.1312
test_return_median:      -94.0000	test_return_std:          48.7876	
[INFO 10:42:26] my_main Recent Stats | t_env:    1318286 | Episode:    13186
all_fires_out_mean:        0.0000	entropy_loss:              0.0154	ep_length_mean:          100.0000	episode_limit_mean:        1.0000
epsilon:                   0.0500	grad_norm:               618.0079	loss:                     21.4227	mean_fire_level_mean:     21.3182
mi_loss:                   0.0232	q_taken_mean:            -12.7712	return_mean:             -768.2120	return_median:           -748.4000
return_std:              304.4886	target_mean:             -12.8984	td_error_abs:              1.7755	test_all_fires_out_mean:   0.0000
test_ep_length_mean:     100.0000	test_episode_limit_mean:   1.0000	test_mean_fire_level_mean: 22.3369	test_return_mean:        -96.1312
test_return_median:      -94.0000	test_return_std:          48.7876	
[INFO 10:42:58] my_main Updated target network
[INFO 10:43:09] my_main t_env: 1320286 / 2050000
[INFO 10:43:09] my_main Estimated time left: 4 hours, 51 minutes, 55 seconds. Time passed: 8 hours, 38 minutes, 34 seconds
[INFO 10:43:36] my_main Recent Stats | t_env:    1320286 | Episode:    13206
all_fires_out_mean:        0.0000	entropy_loss:              0.0154	ep_length_mean:          100.0000	episode_limit_mean:        1.0000
epsilon:                   0.0500	grad_norm:               618.0079	loss:                     21.4227	mean_fire_level_mean:     21.3047
mi_loss:                   0.0232	q_taken_mean:            -12.7712	return_mean:             -768.2800	return_median:           -739.8000
return_std:              311.7343	target_mean:             -12.8984	td_error_abs:              1.7755	test_all_fires_out_mean:   0.0000
test_ep_length_mean:     100.0000	test_episode_limit_mean:   1.0000	test_mean_fire_level_mean: 22.0886	test_return_mean:        -90.2812
test_return_median:      -86.3000	test_return_std:          43.8214	
[INFO 10:44:19] my_main Recent Stats | t_env:    1322286 | Episode:    13226
all_fires_out_mean:        0.0000	entropy_loss:              0.0154	ep_length_mean:          100.0000	episode_limit_mean:        1.0000
epsilon:                   0.0500	grad_norm:               618.0079	loss:                     21.4227	mean_fire_level_mean:     21.3047
mi_loss:                   0.0232	q_taken_mean:            -12.7712	return_mean:             -768.2800	return_median:           -739.8000
return_std:              311.7343	target_mean:             -12.8984	td_error_abs:              1.7755	test_all_fires_out_mean:   0.0000
test_ep_length_mean:     100.0000	test_episode_limit_mean:   1.0000	test_mean_fire_level_mean: 22.0886	test_return_mean:        -90.2812
test_return_median:      -86.3000	test_return_std:          43.8214	
[INFO 10:45:01] my_main Recent Stats | t_env:    1324286 | Episode:    13246
all_fires_out_mean:        0.0000	entropy_loss:              0.0154	ep_length_mean:          100.0000	episode_limit_mean:        1.0000
epsilon:                   0.0500	grad_norm:               585.3945	loss:                     17.2779	mean_fire_level_mean:     21.3047
mi_loss:                   0.0232	q_taken_mean:            -12.5739	return_mean:             -768.2800	return_median:           -739.8000
return_std:              311.7343	target_mean:             -12.6908	td_error_abs:              1.7004	test_all_fires_out_mean:   0.0000
test_ep_length_mean:     100.0000	test_episode_limit_mean:   1.0000	test_mean_fire_level_mean: 22.0886	test_return_mean:        -90.2812
test_return_median:      -86.3000	test_return_std:          43.8214	
[INFO 10:45:44] my_main Recent Stats | t_env:    1326286 | Episode:    13266
all_fires_out_mean:        0.0000	entropy_loss:              0.0154	ep_length_mean:          100.0000	episode_limit_mean:        1.0000
epsilon:                   0.0500	grad_norm:               585.3945	loss:                     17.2779	mean_fire_level_mean:     21.3047
mi_loss:                   0.0232	q_taken_mean:            -12.5739	return_mean:             -768.2800	return_median:           -739.8000
return_std:              311.7343	target_mean:             -12.6908	td_error_abs:              1.7004	test_all_fires_out_mean:   0.0000
test_ep_length_mean:     100.0000	test_episode_limit_mean:   1.0000	test_mean_fire_level_mean: 22.0886	test_return_mean:        -90.2812
test_return_median:      -86.3000	test_return_std:          43.8214	
[INFO 10:46:26] my_main Recent Stats | t_env:    1328286 | Episode:    13286
all_fires_out_mean:        0.0000	entropy_loss:              0.0154	ep_length_mean:          100.0000	episode_limit_mean:        1.0000
epsilon:                   0.0500	grad_norm:               585.3945	loss:                     17.2779	mean_fire_level_mean:     21.3047
mi_loss:                   0.0232	q_taken_mean:            -12.5739	return_mean:             -768.2800	return_median:           -739.8000
return_std:              311.7343	target_mean:             -12.6908	td_error_abs:              1.7004	test_all_fires_out_mean:   0.0000
test_ep_length_mean:     100.0000	test_episode_limit_mean:   1.0000	test_mean_fire_level_mean: 22.0886	test_return_mean:        -90.2812
test_return_median:      -86.3000	test_return_std:          43.8214	
[INFO 10:47:10] my_main t_env: 1330286 / 2050000
[INFO 10:47:10] my_main Estimated time left: 4 hours, 48 minutes, 52 seconds. Time passed: 8 hours, 42 minutes, 35 seconds
[INFO 10:47:37] my_main Recent Stats | t_env:    1330286 | Episode:    13306
all_fires_out_mean:        0.0000	entropy_loss:              0.0154	ep_length_mean:          100.0000	episode_limit_mean:        1.0000
epsilon:                   0.0500	grad_norm:               585.3945	loss:                     17.2779	mean_fire_level_mean:     21.2345
mi_loss:                   0.0232	q_taken_mean:            -12.5739	return_mean:             -772.6720	return_median:           -733.2000
return_std:              316.6204	target_mean:             -12.6908	td_error_abs:              1.7004	test_all_fires_out_mean:   0.0000
test_ep_length_mean:     100.0000	test_episode_limit_mean:   1.0000	test_mean_fire_level_mean: 22.2824	test_return_mean:        -90.0938
test_return_median:      -89.4000	test_return_std:          42.1280	
[INFO 10:48:18] my_main Recent Stats | t_env:    1332286 | Episode:    13326
all_fires_out_mean:        0.0000	entropy_loss:              0.0154	ep_length_mean:          100.0000	episode_limit_mean:        1.0000
epsilon:                   0.0500	grad_norm:               585.3945	loss:                     17.2779	mean_fire_level_mean:     21.2345
mi_loss:                   0.0232	q_taken_mean:            -12.5739	return_mean:             -772.6720	return_median:           -733.2000
return_std:              316.6204	target_mean:             -12.6908	td_error_abs:              1.7004	test_all_fires_out_mean:   0.0000
test_ep_length_mean:     100.0000	test_episode_limit_mean:   1.0000	test_mean_fire_level_mean: 22.2824	test_return_mean:        -90.0938
test_return_median:      -89.4000	test_return_std:          42.1280	
[INFO 10:49:00] my_main Recent Stats | t_env:    1334286 | Episode:    13346
all_fires_out_mean:        0.0000	entropy_loss:              0.0155	ep_length_mean:          100.0000	episode_limit_mean:        1.0000
epsilon:                   0.0500	grad_norm:               633.6352	loss:                     19.8851	mean_fire_level_mean:     21.2345
mi_loss:                   0.0231	q_taken_mean:            -12.6518	return_mean:             -772.6720	return_median:           -733.2000
return_std:              316.6204	target_mean:             -12.7123	td_error_abs:              1.8192	test_all_fires_out_mean:   0.0000
test_ep_length_mean:     100.0000	test_episode_limit_mean:   1.0000	test_mean_fire_level_mean: 22.2824	test_return_mean:        -90.0938
test_return_median:      -89.4000	test_return_std:          42.1280	
[INFO 10:49:43] my_main Recent Stats | t_env:    1336286 | Episode:    13366
all_fires_out_mean:        0.0000	entropy_loss:              0.0155	ep_length_mean:          100.0000	episode_limit_mean:        1.0000
epsilon:                   0.0500	grad_norm:               633.6352	loss:                     19.8851	mean_fire_level_mean:     21.2345
mi_loss:                   0.0231	q_taken_mean:            -12.6518	return_mean:             -772.6720	return_median:           -733.2000
return_std:              316.6204	target_mean:             -12.7123	td_error_abs:              1.8192	test_all_fires_out_mean:   0.0000
test_ep_length_mean:     100.0000	test_episode_limit_mean:   1.0000	test_mean_fire_level_mean: 22.2824	test_return_mean:        -90.0938
test_return_median:      -89.4000	test_return_std:          42.1280	
[INFO 10:50:25] my_main Recent Stats | t_env:    1338286 | Episode:    13386
all_fires_out_mean:        0.0000	entropy_loss:              0.0155	ep_length_mean:          100.0000	episode_limit_mean:        1.0000
epsilon:                   0.0500	grad_norm:               633.6352	loss:                     19.8851	mean_fire_level_mean:     21.2345
mi_loss:                   0.0231	q_taken_mean:            -12.6518	return_mean:             -772.6720	return_median:           -733.2000
return_std:              316.6204	target_mean:             -12.7123	td_error_abs:              1.8192	test_all_fires_out_mean:   0.0000
test_ep_length_mean:     100.0000	test_episode_limit_mean:   1.0000	test_mean_fire_level_mean: 22.2824	test_return_mean:        -90.0938
test_return_median:      -89.4000	test_return_std:          42.1280	
[INFO 10:50:56] my_main Updated target network
[INFO 10:51:08] my_main t_env: 1340286 / 2050000
[INFO 10:51:08] my_main Estimated time left: 4 hours, 41 minutes, 15 seconds. Time passed: 8 hours, 46 minutes, 33 seconds
[INFO 10:51:34] my_main Recent Stats | t_env:    1340286 | Episode:    13406
all_fires_out_mean:        0.0000	entropy_loss:              0.0155	ep_length_mean:          100.0000	episode_limit_mean:        1.0000
epsilon:                   0.0500	grad_norm:               633.6352	loss:                     19.8851	mean_fire_level_mean:     21.3511
mi_loss:                   0.0231	q_taken_mean:            -12.6518	return_mean:             -789.5260	return_median:           -746.3000
return_std:              323.8289	target_mean:             -12.7123	td_error_abs:              1.8192	test_all_fires_out_mean:   0.0000
test_ep_length_mean:     100.0000	test_episode_limit_mean:   1.0000	test_mean_fire_level_mean: 22.3335	test_return_mean:        -89.9000
test_return_median:      -87.7000	test_return_std:          39.3300	
[INFO 10:52:18] my_main Recent Stats | t_env:    1342286 | Episode:    13426
all_fires_out_mean:        0.0000	entropy_loss:              0.0155	ep_length_mean:          100.0000	episode_limit_mean:        1.0000
epsilon:                   0.0500	grad_norm:               633.6352	loss:                     19.8851	mean_fire_level_mean:     21.3511
mi_loss:                   0.0231	q_taken_mean:            -12.6518	return_mean:             -789.5260	return_median:           -746.3000
return_std:              323.8289	target_mean:             -12.7123	td_error_abs:              1.8192	test_all_fires_out_mean:   0.0000
test_ep_length_mean:     100.0000	test_episode_limit_mean:   1.0000	test_mean_fire_level_mean: 22.3335	test_return_mean:        -89.9000
test_return_median:      -87.7000	test_return_std:          39.3300	
[INFO 10:53:00] my_main Recent Stats | t_env:    1344286 | Episode:    13446
all_fires_out_mean:        0.0000	entropy_loss:              0.0155	ep_length_mean:          100.0000	episode_limit_mean:        1.0000
epsilon:                   0.0500	grad_norm:               669.4924	loss:                     24.3022	mean_fire_level_mean:     21.3511
mi_loss:                   0.0231	q_taken_mean:            -12.6204	return_mean:             -789.5260	return_median:           -746.3000
return_std:              323.8289	target_mean:             -12.6883	td_error_abs:              1.9250	test_all_fires_out_mean:   0.0000
test_ep_length_mean:     100.0000	test_episode_limit_mean:   1.0000	test_mean_fire_level_mean: 22.3335	test_return_mean:        -89.9000
test_return_median:      -87.7000	test_return_std:          39.3300	
[INFO 10:53:44] my_main Recent Stats | t_env:    1346286 | Episode:    13466
all_fires_out_mean:        0.0000	entropy_loss:              0.0155	ep_length_mean:          100.0000	episode_limit_mean:        1.0000
epsilon:                   0.0500	grad_norm:               669.4924	loss:                     24.3022	mean_fire_level_mean:     21.3511
mi_loss:                   0.0231	q_taken_mean:            -12.6204	return_mean:             -789.5260	return_median:           -746.3000
return_std:              323.8289	target_mean:             -12.6883	td_error_abs:              1.9250	test_all_fires_out_mean:   0.0000
test_ep_length_mean:     100.0000	test_episode_limit_mean:   1.0000	test_mean_fire_level_mean: 22.3335	test_return_mean:        -89.9000
test_return_median:      -87.7000	test_return_std:          39.3300	
[INFO 10:54:26] my_main Recent Stats | t_env:    1348286 | Episode:    13486
all_fires_out_mean:        0.0000	entropy_loss:              0.0155	ep_length_mean:          100.0000	episode_limit_mean:        1.0000
epsilon:                   0.0500	grad_norm:               669.4924	loss:                     24.3022	mean_fire_level_mean:     21.3511
mi_loss:                   0.0231	q_taken_mean:            -12.6204	return_mean:             -789.5260	return_median:           -746.3000
return_std:              323.8289	target_mean:             -12.6883	td_error_abs:              1.9250	test_all_fires_out_mean:   0.0000
test_ep_length_mean:     100.0000	test_episode_limit_mean:   1.0000	test_mean_fire_level_mean: 22.3335	test_return_mean:        -89.9000
test_return_median:      -87.7000	test_return_std:          39.3300	
[INFO 10:55:09] my_main t_env: 1350286 / 2050000
[INFO 10:55:09] my_main Estimated time left: 4 hours, 41 minutes, 50 seconds. Time passed: 8 hours, 50 minutes, 35 seconds
[INFO 10:55:36] my_main Recent Stats | t_env:    1350286 | Episode:    13506
all_fires_out_mean:        0.0000	entropy_loss:              0.0155	ep_length_mean:          100.0000	episode_limit_mean:        1.0000
epsilon:                   0.0500	grad_norm:               669.4924	loss:                     24.3022	mean_fire_level_mean:     21.3438
mi_loss:                   0.0231	q_taken_mean:            -12.6204	return_mean:             -785.3300	return_median:           -745.8000
return_std:              317.8602	target_mean:             -12.6883	td_error_abs:              1.9250	test_all_fires_out_mean:   0.0000
test_ep_length_mean:     100.0000	test_episode_limit_mean:   1.0000	test_mean_fire_level_mean: 22.4307	test_return_mean:        -91.2313
test_return_median:      -88.4000	test_return_std:          38.6553	
[INFO 10:56:18] my_main Recent Stats | t_env:    1352286 | Episode:    13526
all_fires_out_mean:        0.0000	entropy_loss:              0.0155	ep_length_mean:          100.0000	episode_limit_mean:        1.0000
epsilon:                   0.0500	grad_norm:               669.4924	loss:                     24.3022	mean_fire_level_mean:     21.3438
mi_loss:                   0.0231	q_taken_mean:            -12.6204	return_mean:             -785.3300	return_median:           -745.8000
return_std:              317.8602	target_mean:             -12.6883	td_error_abs:              1.9250	test_all_fires_out_mean:   0.0000
test_ep_length_mean:     100.0000	test_episode_limit_mean:   1.0000	test_mean_fire_level_mean: 22.4307	test_return_mean:        -91.2313
test_return_median:      -88.4000	test_return_std:          38.6553	
[INFO 10:57:00] my_main Recent Stats | t_env:    1354286 | Episode:    13546
all_fires_out_mean:        0.0000	entropy_loss:              0.0154	ep_length_mean:          100.0000	episode_limit_mean:        1.0000
epsilon:                   0.0500	grad_norm:               667.3712	loss:                     31.7996	mean_fire_level_mean:     21.3438
mi_loss:                   0.0231	q_taken_mean:            -12.9266	return_mean:             -785.3300	return_median:           -745.8000
return_std:              317.8602	target_mean:             -12.9871	td_error_abs:              1.9361	test_all_fires_out_mean:   0.0000
test_ep_length_mean:     100.0000	test_episode_limit_mean:   1.0000	test_mean_fire_level_mean: 22.4307	test_return_mean:        -91.2313
test_return_median:      -88.4000	test_return_std:          38.6553	
[INFO 10:57:43] my_main Recent Stats | t_env:    1356286 | Episode:    13566
all_fires_out_mean:        0.0000	entropy_loss:              0.0154	ep_length_mean:          100.0000	episode_limit_mean:        1.0000
epsilon:                   0.0500	grad_norm:               667.3712	loss:                     31.7996	mean_fire_level_mean:     21.3438
mi_loss:                   0.0231	q_taken_mean:            -12.9266	return_mean:             -785.3300	return_median:           -745.8000
return_std:              317.8602	target_mean:             -12.9871	td_error_abs:              1.9361	test_all_fires_out_mean:   0.0000
test_ep_length_mean:     100.0000	test_episode_limit_mean:   1.0000	test_mean_fire_level_mean: 22.4307	test_return_mean:        -91.2313
test_return_median:      -88.4000	test_return_std:          38.6553	
[INFO 10:58:25] my_main Recent Stats | t_env:    1358286 | Episode:    13586
all_fires_out_mean:        0.0000	entropy_loss:              0.0154	ep_length_mean:          100.0000	episode_limit_mean:        1.0000
epsilon:                   0.0500	grad_norm:               667.3712	loss:                     31.7996	mean_fire_level_mean:     21.3438
mi_loss:                   0.0231	q_taken_mean:            -12.9266	return_mean:             -785.3300	return_median:           -745.8000
return_std:              317.8602	target_mean:             -12.9871	td_error_abs:              1.9361	test_all_fires_out_mean:   0.0000
test_ep_length_mean:     100.0000	test_episode_limit_mean:   1.0000	test_mean_fire_level_mean: 22.4307	test_return_mean:        -91.2313
test_return_median:      -88.4000	test_return_std:          38.6553	
[INFO 10:58:57] my_main Updated target network
[INFO 10:59:08] my_main t_env: 1360286 / 2050000
[INFO 10:59:08] my_main Estimated time left: 4 hours, 34 minutes, 40 seconds. Time passed: 8 hours, 54 minutes, 34 seconds
[INFO 10:59:35] my_main Recent Stats | t_env:    1360286 | Episode:    13606
all_fires_out_mean:        0.0000	entropy_loss:              0.0154	ep_length_mean:          100.0000	episode_limit_mean:        1.0000
epsilon:                   0.0500	grad_norm:               667.3712	loss:                     31.7996	mean_fire_level_mean:     21.1398
mi_loss:                   0.0231	q_taken_mean:            -12.9266	return_mean:             -782.6800	return_median:           -743.3000
return_std:              297.5516	target_mean:             -12.9871	td_error_abs:              1.9361	test_all_fires_out_mean:   0.0000
test_ep_length_mean:     100.0000	test_episode_limit_mean:   1.0000	test_mean_fire_level_mean: 22.3915	test_return_mean:        -94.3937
test_return_median:      -94.5000	test_return_std:          39.3070	
[INFO 11:00:18] my_main Recent Stats | t_env:    1362286 | Episode:    13626
all_fires_out_mean:        0.0000	entropy_loss:              0.0154	ep_length_mean:          100.0000	episode_limit_mean:        1.0000
epsilon:                   0.0500	grad_norm:               667.3712	loss:                     31.7996	mean_fire_level_mean:     21.1398
mi_loss:                   0.0231	q_taken_mean:            -12.9266	return_mean:             -782.6800	return_median:           -743.3000
return_std:              297.5516	target_mean:             -12.9871	td_error_abs:              1.9361	test_all_fires_out_mean:   0.0000
test_ep_length_mean:     100.0000	test_episode_limit_mean:   1.0000	test_mean_fire_level_mean: 22.3915	test_return_mean:        -94.3937
test_return_median:      -94.5000	test_return_std:          39.3070	
[INFO 11:01:01] my_main Recent Stats | t_env:    1364286 | Episode:    13646
all_fires_out_mean:        0.0000	entropy_loss:              0.0155	ep_length_mean:          100.0000	episode_limit_mean:        1.0000
epsilon:                   0.0500	grad_norm:               712.0629	loss:                     41.0683	mean_fire_level_mean:     21.1398
mi_loss:                   0.0231	q_taken_mean:            -12.9879	return_mean:             -782.6800	return_median:           -743.3000
return_std:              297.5516	target_mean:             -13.0568	td_error_abs:              1.9968	test_all_fires_out_mean:   0.0000
test_ep_length_mean:     100.0000	test_episode_limit_mean:   1.0000	test_mean_fire_level_mean: 22.3915	test_return_mean:        -94.3937
test_return_median:      -94.5000	test_return_std:          39.3070	
[INFO 11:01:45] my_main Recent Stats | t_env:    1366286 | Episode:    13666
all_fires_out_mean:        0.0000	entropy_loss:              0.0155	ep_length_mean:          100.0000	episode_limit_mean:        1.0000
epsilon:                   0.0500	grad_norm:               712.0629	loss:                     41.0683	mean_fire_level_mean:     21.1398
mi_loss:                   0.0231	q_taken_mean:            -12.9879	return_mean:             -782.6800	return_median:           -743.3000
return_std:              297.5516	target_mean:             -13.0568	td_error_abs:              1.9968	test_all_fires_out_mean:   0.0000
test_ep_length_mean:     100.0000	test_episode_limit_mean:   1.0000	test_mean_fire_level_mean: 22.3915	test_return_mean:        -94.3937
test_return_median:      -94.5000	test_return_std:          39.3070	
[INFO 11:02:27] my_main Recent Stats | t_env:    1368286 | Episode:    13686
all_fires_out_mean:        0.0000	entropy_loss:              0.0155	ep_length_mean:          100.0000	episode_limit_mean:        1.0000
epsilon:                   0.0500	grad_norm:               712.0629	loss:                     41.0683	mean_fire_level_mean:     21.1398
mi_loss:                   0.0231	q_taken_mean:            -12.9879	return_mean:             -782.6800	return_median:           -743.3000
return_std:              297.5516	target_mean:             -13.0568	td_error_abs:              1.9968	test_all_fires_out_mean:   0.0000
test_ep_length_mean:     100.0000	test_episode_limit_mean:   1.0000	test_mean_fire_level_mean: 22.3915	test_return_mean:        -94.3937
test_return_median:      -94.5000	test_return_std:          39.3070	
[INFO 11:03:09] my_main t_env: 1370286 / 2050000
[INFO 11:03:09] my_main Estimated time left: 4 hours, 32 minutes, 50 seconds. Time passed: 8 hours, 58 minutes, 34 seconds
[INFO 11:03:36] my_main Recent Stats | t_env:    1370286 | Episode:    13706
all_fires_out_mean:        0.0000	entropy_loss:              0.0155	ep_length_mean:          100.0000	episode_limit_mean:        1.0000
epsilon:                   0.0500	grad_norm:               712.0629	loss:                     41.0683	mean_fire_level_mean:     21.0095
mi_loss:                   0.0231	q_taken_mean:            -12.9879	return_mean:             -776.9540	return_median:           -740.3000
return_std:              292.7593	target_mean:             -13.0568	td_error_abs:              1.9968	test_all_fires_out_mean:   0.0000
test_ep_length_mean:     100.0000	test_episode_limit_mean:   1.0000	test_mean_fire_level_mean: 22.2614	test_return_mean:        -98.0250
test_return_median:      -100.7000	test_return_std:          37.7249	
[INFO 11:04:18] my_main Recent Stats | t_env:    1372286 | Episode:    13726
all_fires_out_mean:        0.0000	entropy_loss:              0.0155	ep_length_mean:          100.0000	episode_limit_mean:        1.0000
epsilon:                   0.0500	grad_norm:               712.0629	loss:                     41.0683	mean_fire_level_mean:     21.0095
mi_loss:                   0.0231	q_taken_mean:            -12.9879	return_mean:             -776.9540	return_median:           -740.3000
return_std:              292.7593	target_mean:             -13.0568	td_error_abs:              1.9968	test_all_fires_out_mean:   0.0000
test_ep_length_mean:     100.0000	test_episode_limit_mean:   1.0000	test_mean_fire_level_mean: 22.2614	test_return_mean:        -98.0250
test_return_median:      -100.7000	test_return_std:          37.7249	
[INFO 11:05:00] my_main Recent Stats | t_env:    1374286 | Episode:    13746
all_fires_out_mean:        0.0000	entropy_loss:              0.0154	ep_length_mean:          100.0000	episode_limit_mean:        1.0000
epsilon:                   0.0500	grad_norm:               711.3958	loss:                     40.5402	mean_fire_level_mean:     21.0095
mi_loss:                   0.0231	q_taken_mean:            -13.2098	return_mean:             -776.9540	return_median:           -740.3000
return_std:              292.7593	target_mean:             -13.2819	td_error_abs:              2.0471	test_all_fires_out_mean:   0.0000
test_ep_length_mean:     100.0000	test_episode_limit_mean:   1.0000	test_mean_fire_level_mean: 22.2614	test_return_mean:        -98.0250
test_return_median:      -100.7000	test_return_std:          37.7249	
[INFO 11:05:43] my_main Recent Stats | t_env:    1376286 | Episode:    13766
all_fires_out_mean:        0.0000	entropy_loss:              0.0154	ep_length_mean:          100.0000	episode_limit_mean:        1.0000
epsilon:                   0.0500	grad_norm:               711.3958	loss:                     40.5402	mean_fire_level_mean:     21.0095
mi_loss:                   0.0231	q_taken_mean:            -13.2098	return_mean:             -776.9540	return_median:           -740.3000
return_std:              292.7593	target_mean:             -13.2819	td_error_abs:              2.0471	test_all_fires_out_mean:   0.0000
test_ep_length_mean:     100.0000	test_episode_limit_mean:   1.0000	test_mean_fire_level_mean: 22.2614	test_return_mean:        -98.0250
test_return_median:      -100.7000	test_return_std:          37.7249	
[INFO 11:06:25] my_main Recent Stats | t_env:    1378286 | Episode:    13786
all_fires_out_mean:        0.0000	entropy_loss:              0.0154	ep_length_mean:          100.0000	episode_limit_mean:        1.0000
epsilon:                   0.0500	grad_norm:               711.3958	loss:                     40.5402	mean_fire_level_mean:     21.0095
mi_loss:                   0.0231	q_taken_mean:            -13.2098	return_mean:             -776.9540	return_median:           -740.3000
return_std:              292.7593	target_mean:             -13.2819	td_error_abs:              2.0471	test_all_fires_out_mean:   0.0000
test_ep_length_mean:     100.0000	test_episode_limit_mean:   1.0000	test_mean_fire_level_mean: 22.2614	test_return_mean:        -98.0250
test_return_median:      -100.7000	test_return_std:          37.7249	
[INFO 11:06:56] my_main Updated target network
[INFO 11:07:07] my_main t_env: 1380286 / 2050000
[INFO 11:07:07] my_main Estimated time left: 4 hours, 25 minutes, 37 seconds. Time passed: 9 hours, 2 minutes, 32 seconds
[INFO 11:07:33] my_main Recent Stats | t_env:    1380286 | Episode:    13806
all_fires_out_mean:        0.0000	entropy_loss:              0.0154	ep_length_mean:          100.0000	episode_limit_mean:        1.0000
epsilon:                   0.0500	grad_norm:               711.3958	loss:                     40.5402	mean_fire_level_mean:     20.9124
mi_loss:                   0.0231	q_taken_mean:            -13.2098	return_mean:             -768.2920	return_median:           -746.6000
return_std:              285.0943	target_mean:             -13.2819	td_error_abs:              2.0471	test_all_fires_out_mean:   0.0000
test_ep_length_mean:     100.0000	test_episode_limit_mean:   1.0000	test_mean_fire_level_mean: 22.3131	test_return_mean:        -99.1188
test_return_median:      -100.9000	test_return_std:          40.3780	
[INFO 11:08:16] my_main Recent Stats | t_env:    1382286 | Episode:    13826
all_fires_out_mean:        0.0000	entropy_loss:              0.0154	ep_length_mean:          100.0000	episode_limit_mean:        1.0000
epsilon:                   0.0500	grad_norm:               711.3958	loss:                     40.5402	mean_fire_level_mean:     20.9124
mi_loss:                   0.0231	q_taken_mean:            -13.2098	return_mean:             -768.2920	return_median:           -746.6000
return_std:              285.0943	target_mean:             -13.2819	td_error_abs:              2.0471	test_all_fires_out_mean:   0.0000
test_ep_length_mean:     100.0000	test_episode_limit_mean:   1.0000	test_mean_fire_level_mean: 22.3131	test_return_mean:        -99.1188
test_return_median:      -100.9000	test_return_std:          40.3780	
[INFO 11:08:59] my_main Recent Stats | t_env:    1384286 | Episode:    13846
all_fires_out_mean:        0.0000	entropy_loss:              0.0152	ep_length_mean:          100.0000	episode_limit_mean:        1.0000
epsilon:                   0.0500	grad_norm:               702.7313	loss:                     41.9448	mean_fire_level_mean:     20.9124
mi_loss:                   0.0231	q_taken_mean:            -13.2057	return_mean:             -768.2920	return_median:           -746.6000
return_std:              285.0943	target_mean:             -13.2821	td_error_abs:              1.9853	test_all_fires_out_mean:   0.0000
test_ep_length_mean:     100.0000	test_episode_limit_mean:   1.0000	test_mean_fire_level_mean: 22.3131	test_return_mean:        -99.1188
test_return_median:      -100.9000	test_return_std:          40.3780	
[INFO 11:09:41] my_main Recent Stats | t_env:    1386286 | Episode:    13866
all_fires_out_mean:        0.0000	entropy_loss:              0.0152	ep_length_mean:          100.0000	episode_limit_mean:        1.0000
epsilon:                   0.0500	grad_norm:               702.7313	loss:                     41.9448	mean_fire_level_mean:     20.9124
mi_loss:                   0.0231	q_taken_mean:            -13.2057	return_mean:             -768.2920	return_median:           -746.6000
return_std:              285.0943	target_mean:             -13.2821	td_error_abs:              1.9853	test_all_fires_out_mean:   0.0000
test_ep_length_mean:     100.0000	test_episode_limit_mean:   1.0000	test_mean_fire_level_mean: 22.3131	test_return_mean:        -99.1188
test_return_median:      -100.9000	test_return_std:          40.3780	
[INFO 11:10:24] my_main Recent Stats | t_env:    1388286 | Episode:    13886
all_fires_out_mean:        0.0000	entropy_loss:              0.0152	ep_length_mean:          100.0000	episode_limit_mean:        1.0000
epsilon:                   0.0500	grad_norm:               702.7313	loss:                     41.9448	mean_fire_level_mean:     20.9124
mi_loss:                   0.0231	q_taken_mean:            -13.2057	return_mean:             -768.2920	return_median:           -746.6000
return_std:              285.0943	target_mean:             -13.2821	td_error_abs:              1.9853	test_all_fires_out_mean:   0.0000
test_ep_length_mean:     100.0000	test_episode_limit_mean:   1.0000	test_mean_fire_level_mean: 22.3131	test_return_mean:        -99.1188
test_return_median:      -100.9000	test_return_std:          40.3780	
[INFO 11:11:07] my_main t_env: 1390286 / 2050000
[INFO 11:11:07] my_main Estimated time left: 4 hours, 23 minutes, 38 seconds. Time passed: 9 hours, 6 minutes, 32 seconds
[INFO 11:11:34] my_main Recent Stats | t_env:    1390286 | Episode:    13906
all_fires_out_mean:        0.0000	entropy_loss:              0.0152	ep_length_mean:          100.0000	episode_limit_mean:        1.0000
epsilon:                   0.0500	grad_norm:               702.7313	loss:                     41.9448	mean_fire_level_mean:     20.8805
mi_loss:                   0.0231	q_taken_mean:            -13.2057	return_mean:             -752.1020	return_median:           -724.2000
return_std:              274.8274	target_mean:             -13.2821	td_error_abs:              1.9853	test_all_fires_out_mean:   0.0000
test_ep_length_mean:     100.0000	test_episode_limit_mean:   1.0000	test_mean_fire_level_mean: 22.3472	test_return_mean:        -100.2250
test_return_median:      -103.8000	test_return_std:          43.0618	
[INFO 11:12:17] my_main Recent Stats | t_env:    1392286 | Episode:    13926
all_fires_out_mean:        0.0000	entropy_loss:              0.0152	ep_length_mean:          100.0000	episode_limit_mean:        1.0000
epsilon:                   0.0500	grad_norm:               702.7313	loss:                     41.9448	mean_fire_level_mean:     20.8805
mi_loss:                   0.0231	q_taken_mean:            -13.2057	return_mean:             -752.1020	return_median:           -724.2000
return_std:              274.8274	target_mean:             -13.2821	td_error_abs:              1.9853	test_all_fires_out_mean:   0.0000
test_ep_length_mean:     100.0000	test_episode_limit_mean:   1.0000	test_mean_fire_level_mean: 22.3472	test_return_mean:        -100.2250
test_return_median:      -103.8000	test_return_std:          43.0618	
[INFO 11:13:00] my_main Recent Stats | t_env:    1394286 | Episode:    13946
all_fires_out_mean:        0.0000	entropy_loss:              0.0152	ep_length_mean:          100.0000	episode_limit_mean:        1.0000
epsilon:                   0.0500	grad_norm:               672.3739	loss:                     34.0563	mean_fire_level_mean:     20.8805
mi_loss:                   0.0230	q_taken_mean:            -13.0758	return_mean:             -752.1020	return_median:           -724.2000
return_std:              274.8274	target_mean:             -13.0955	td_error_abs:              1.8732	test_all_fires_out_mean:   0.0000
test_ep_length_mean:     100.0000	test_episode_limit_mean:   1.0000	test_mean_fire_level_mean: 22.3472	test_return_mean:        -100.2250
test_return_median:      -103.8000	test_return_std:          43.0618	
[INFO 11:13:44] my_main Recent Stats | t_env:    1396286 | Episode:    13966
all_fires_out_mean:        0.0000	entropy_loss:              0.0152	ep_length_mean:          100.0000	episode_limit_mean:        1.0000
epsilon:                   0.0500	grad_norm:               672.3739	loss:                     34.0563	mean_fire_level_mean:     20.8805
mi_loss:                   0.0230	q_taken_mean:            -13.0758	return_mean:             -752.1020	return_median:           -724.2000
return_std:              274.8274	target_mean:             -13.0955	td_error_abs:              1.8732	test_all_fires_out_mean:   0.0000
test_ep_length_mean:     100.0000	test_episode_limit_mean:   1.0000	test_mean_fire_level_mean: 22.3472	test_return_mean:        -100.2250
test_return_median:      -103.8000	test_return_std:          43.0618	
[INFO 11:14:25] my_main Recent Stats | t_env:    1398286 | Episode:    13986
all_fires_out_mean:        0.0000	entropy_loss:              0.0152	ep_length_mean:          100.0000	episode_limit_mean:        1.0000
epsilon:                   0.0500	grad_norm:               672.3739	loss:                     34.0563	mean_fire_level_mean:     20.8805
mi_loss:                   0.0230	q_taken_mean:            -13.0758	return_mean:             -752.1020	return_median:           -724.2000
return_std:              274.8274	target_mean:             -13.0955	td_error_abs:              1.8732	test_all_fires_out_mean:   0.0000
test_ep_length_mean:     100.0000	test_episode_limit_mean:   1.0000	test_mean_fire_level_mean: 22.3472	test_return_mean:        -100.2250
test_return_median:      -103.8000	test_return_std:          43.0618	
[INFO 11:14:58] my_main Updated target network
[INFO 11:15:09] my_main t_env: 1400286 / 2050000
[INFO 11:15:09] my_main Estimated time left: 4 hours, 21 minutes, 59 seconds. Time passed: 9 hours, 10 minutes, 34 seconds
[INFO 11:15:36] my_main Recent Stats | t_env:    1400286 | Episode:    14006
all_fires_out_mean:        0.0000	entropy_loss:              0.0152	ep_length_mean:          100.0000	episode_limit_mean:        1.0000
epsilon:                   0.0500	grad_norm:               672.3739	loss:                     34.0563	mean_fire_level_mean:     20.7800
mi_loss:                   0.0230	q_taken_mean:            -13.0758	return_mean:             -749.4140	return_median:           -720.7000
return_std:              282.5861	target_mean:             -13.0955	td_error_abs:              1.8732	test_all_fires_out_mean:   0.0000
test_ep_length_mean:     100.0000	test_episode_limit_mean:   1.0000	test_mean_fire_level_mean: 22.3381	test_return_mean:        -102.4938
test_return_median:      -107.5000	test_return_std:          43.8591	
[INFO 11:16:18] my_main Recent Stats | t_env:    1402286 | Episode:    14026
all_fires_out_mean:        0.0000	entropy_loss:              0.0152	ep_length_mean:          100.0000	episode_limit_mean:        1.0000
epsilon:                   0.0500	grad_norm:               672.3739	loss:                     34.0563	mean_fire_level_mean:     20.7800
mi_loss:                   0.0230	q_taken_mean:            -13.0758	return_mean:             -749.4140	return_median:           -720.7000
return_std:              282.5861	target_mean:             -13.0955	td_error_abs:              1.8732	test_all_fires_out_mean:   0.0000
test_ep_length_mean:     100.0000	test_episode_limit_mean:   1.0000	test_mean_fire_level_mean: 22.3381	test_return_mean:        -102.4938
test_return_median:      -107.5000	test_return_std:          43.8591	
[INFO 11:17:01] my_main Recent Stats | t_env:    1404286 | Episode:    14046
all_fires_out_mean:        0.0000	entropy_loss:              0.0149	ep_length_mean:          100.0000	episode_limit_mean:        1.0000
epsilon:                   0.0500	grad_norm:               691.0651	loss:                     38.8919	mean_fire_level_mean:     20.7800
mi_loss:                   0.0231	q_taken_mean:            -12.8293	return_mean:             -749.4140	return_median:           -720.7000
return_std:              282.5861	target_mean:             -12.8007	td_error_abs:              1.9174	test_all_fires_out_mean:   0.0000
test_ep_length_mean:     100.0000	test_episode_limit_mean:   1.0000	test_mean_fire_level_mean: 22.3381	test_return_mean:        -102.4938
test_return_median:      -107.5000	test_return_std:          43.8591	
[INFO 11:17:44] my_main Recent Stats | t_env:    1406286 | Episode:    14066
all_fires_out_mean:        0.0000	entropy_loss:              0.0149	ep_length_mean:          100.0000	episode_limit_mean:        1.0000
epsilon:                   0.0500	grad_norm:               691.0651	loss:                     38.8919	mean_fire_level_mean:     20.7800
mi_loss:                   0.0231	q_taken_mean:            -12.8293	return_mean:             -749.4140	return_median:           -720.7000
return_std:              282.5861	target_mean:             -12.8007	td_error_abs:              1.9174	test_all_fires_out_mean:   0.0000
test_ep_length_mean:     100.0000	test_episode_limit_mean:   1.0000	test_mean_fire_level_mean: 22.3381	test_return_mean:        -102.4938
test_return_median:      -107.5000	test_return_std:          43.8591	
[INFO 11:18:27] my_main Recent Stats | t_env:    1408286 | Episode:    14086
all_fires_out_mean:        0.0000	entropy_loss:              0.0149	ep_length_mean:          100.0000	episode_limit_mean:        1.0000
epsilon:                   0.0500	grad_norm:               691.0651	loss:                     38.8919	mean_fire_level_mean:     20.7800
mi_loss:                   0.0231	q_taken_mean:            -12.8293	return_mean:             -749.4140	return_median:           -720.7000
return_std:              282.5861	target_mean:             -12.8007	td_error_abs:              1.9174	test_all_fires_out_mean:   0.0000
test_ep_length_mean:     100.0000	test_episode_limit_mean:   1.0000	test_mean_fire_level_mean: 22.3381	test_return_mean:        -102.4938
test_return_median:      -107.5000	test_return_std:          43.8591	
[INFO 11:19:09] my_main t_env: 1410286 / 2050000
[INFO 11:19:09] my_main Estimated time left: 4 hours, 16 minutes, 37 seconds. Time passed: 9 hours, 14 minutes, 35 seconds
[INFO 11:19:36] my_main Recent Stats | t_env:    1410286 | Episode:    14106
all_fires_out_mean:        0.0000	entropy_loss:              0.0149	ep_length_mean:          100.0000	episode_limit_mean:        1.0000
epsilon:                   0.0500	grad_norm:               691.0651	loss:                     38.8919	mean_fire_level_mean:     20.9462
mi_loss:                   0.0231	q_taken_mean:            -12.8293	return_mean:             -750.1560	return_median:           -727.4000
return_std:              268.4247	target_mean:             -12.8007	td_error_abs:              1.9174	test_all_fires_out_mean:   0.0000
test_ep_length_mean:     100.0000	test_episode_limit_mean:   1.0000	test_mean_fire_level_mean: 22.3136	test_return_mean:        -99.1375
test_return_median:      -103.4000	test_return_std:          42.2324	
[INFO 11:20:19] my_main Recent Stats | t_env:    1412286 | Episode:    14126
all_fires_out_mean:        0.0000	entropy_loss:              0.0149	ep_length_mean:          100.0000	episode_limit_mean:        1.0000
epsilon:                   0.0500	grad_norm:               691.0651	loss:                     38.8919	mean_fire_level_mean:     20.9462
mi_loss:                   0.0231	q_taken_mean:            -12.8293	return_mean:             -750.1560	return_median:           -727.4000
return_std:              268.4247	target_mean:             -12.8007	td_error_abs:              1.9174	test_all_fires_out_mean:   0.0000
test_ep_length_mean:     100.0000	test_episode_limit_mean:   1.0000	test_mean_fire_level_mean: 22.3136	test_return_mean:        -99.1375
test_return_median:      -103.4000	test_return_std:          42.2324	
[INFO 11:21:03] my_main Recent Stats | t_env:    1414286 | Episode:    14146
all_fires_out_mean:        0.0000	entropy_loss:              0.0150	ep_length_mean:          100.0000	episode_limit_mean:        1.0000
epsilon:                   0.0500	grad_norm:               632.1400	loss:                     38.7188	mean_fire_level_mean:     20.9462
mi_loss:                   0.0230	q_taken_mean:            -12.6289	return_mean:             -750.1560	return_median:           -727.4000
return_std:              268.4247	target_mean:             -12.5522	td_error_abs:              1.8359	test_all_fires_out_mean:   0.0000
test_ep_length_mean:     100.0000	test_episode_limit_mean:   1.0000	test_mean_fire_level_mean: 22.3136	test_return_mean:        -99.1375
test_return_median:      -103.4000	test_return_std:          42.2324	
[INFO 11:21:46] my_main Recent Stats | t_env:    1416286 | Episode:    14166
all_fires_out_mean:        0.0000	entropy_loss:              0.0150	ep_length_mean:          100.0000	episode_limit_mean:        1.0000
epsilon:                   0.0500	grad_norm:               632.1400	loss:                     38.7188	mean_fire_level_mean:     20.9462
mi_loss:                   0.0230	q_taken_mean:            -12.6289	return_mean:             -750.1560	return_median:           -727.4000
return_std:              268.4247	target_mean:             -12.5522	td_error_abs:              1.8359	test_all_fires_out_mean:   0.0000
test_ep_length_mean:     100.0000	test_episode_limit_mean:   1.0000	test_mean_fire_level_mean: 22.3136	test_return_mean:        -99.1375
test_return_median:      -103.4000	test_return_std:          42.2324	
[INFO 11:22:28] my_main Recent Stats | t_env:    1418286 | Episode:    14186
all_fires_out_mean:        0.0000	entropy_loss:              0.0150	ep_length_mean:          100.0000	episode_limit_mean:        1.0000
epsilon:                   0.0500	grad_norm:               632.1400	loss:                     38.7188	mean_fire_level_mean:     20.9462
mi_loss:                   0.0230	q_taken_mean:            -12.6289	return_mean:             -750.1560	return_median:           -727.4000
return_std:              268.4247	target_mean:             -12.5522	td_error_abs:              1.8359	test_all_fires_out_mean:   0.0000
test_ep_length_mean:     100.0000	test_episode_limit_mean:   1.0000	test_mean_fire_level_mean: 22.3136	test_return_mean:        -99.1375
test_return_median:      -103.4000	test_return_std:          42.2324	
[INFO 11:23:01] my_main Updated target network
[INFO 11:23:12] my_main t_env: 1420286 / 2050000
[INFO 11:23:12] my_main Estimated time left: 4 hours, 14 minutes, 9 seconds. Time passed: 9 hours, 18 minutes, 37 seconds
[INFO 11:23:38] my_main Recent Stats | t_env:    1420286 | Episode:    14206
all_fires_out_mean:        0.0000	entropy_loss:              0.0150	ep_length_mean:          100.0000	episode_limit_mean:        1.0000
epsilon:                   0.0500	grad_norm:               632.1400	loss:                     38.7188	mean_fire_level_mean:     21.3011
mi_loss:                   0.0230	q_taken_mean:            -12.6289	return_mean:             -760.9880	return_median:           -741.8000
return_std:              264.3758	target_mean:             -12.5522	td_error_abs:              1.8359	test_all_fires_out_mean:   0.0000
test_ep_length_mean:     100.0000	test_episode_limit_mean:   1.0000	test_mean_fire_level_mean: 22.4972	test_return_mean:        -98.7812
test_return_median:      -101.5000	test_return_std:          42.0731	
[INFO 11:24:20] my_main Recent Stats | t_env:    1422286 | Episode:    14226
all_fires_out_mean:        0.0000	entropy_loss:              0.0150	ep_length_mean:          100.0000	episode_limit_mean:        1.0000
epsilon:                   0.0500	grad_norm:               632.1400	loss:                     38.7188	mean_fire_level_mean:     21.3011
mi_loss:                   0.0230	q_taken_mean:            -12.6289	return_mean:             -760.9880	return_median:           -741.8000
return_std:              264.3758	target_mean:             -12.5522	td_error_abs:              1.8359	test_all_fires_out_mean:   0.0000
test_ep_length_mean:     100.0000	test_episode_limit_mean:   1.0000	test_mean_fire_level_mean: 22.4972	test_return_mean:        -98.7812
test_return_median:      -101.5000	test_return_std:          42.0731	
[INFO 11:25:04] my_main Recent Stats | t_env:    1424286 | Episode:    14246
all_fires_out_mean:        0.0000	entropy_loss:              0.0150	ep_length_mean:          100.0000	episode_limit_mean:        1.0000
epsilon:                   0.0500	grad_norm:               652.3607	loss:                     44.2322	mean_fire_level_mean:     21.3011
mi_loss:                   0.0230	q_taken_mean:            -12.5313	return_mean:             -760.9880	return_median:           -741.8000
return_std:              264.3758	target_mean:             -12.4576	td_error_abs:              1.8998	test_all_fires_out_mean:   0.0000
test_ep_length_mean:     100.0000	test_episode_limit_mean:   1.0000	test_mean_fire_level_mean: 22.4972	test_return_mean:        -98.7812
test_return_median:      -101.5000	test_return_std:          42.0731	
[INFO 11:25:47] my_main Recent Stats | t_env:    1426286 | Episode:    14266
all_fires_out_mean:        0.0000	entropy_loss:              0.0150	ep_length_mean:          100.0000	episode_limit_mean:        1.0000
epsilon:                   0.0500	grad_norm:               652.3607	loss:                     44.2322	mean_fire_level_mean:     21.3011
mi_loss:                   0.0230	q_taken_mean:            -12.5313	return_mean:             -760.9880	return_median:           -741.8000
return_std:              264.3758	target_mean:             -12.4576	td_error_abs:              1.8998	test_all_fires_out_mean:   0.0000
test_ep_length_mean:     100.0000	test_episode_limit_mean:   1.0000	test_mean_fire_level_mean: 22.4972	test_return_mean:        -98.7812
test_return_median:      -101.5000	test_return_std:          42.0731	
[INFO 11:26:29] my_main Recent Stats | t_env:    1428286 | Episode:    14286
all_fires_out_mean:        0.0000	entropy_loss:              0.0150	ep_length_mean:          100.0000	episode_limit_mean:        1.0000
epsilon:                   0.0500	grad_norm:               652.3607	loss:                     44.2322	mean_fire_level_mean:     21.3011
mi_loss:                   0.0230	q_taken_mean:            -12.5313	return_mean:             -760.9880	return_median:           -741.8000
return_std:              264.3758	target_mean:             -12.4576	td_error_abs:              1.8998	test_all_fires_out_mean:   0.0000
test_ep_length_mean:     100.0000	test_episode_limit_mean:   1.0000	test_mean_fire_level_mean: 22.4972	test_return_mean:        -98.7812
test_return_median:      -101.5000	test_return_std:          42.0731	
[INFO 11:27:13] my_main t_env: 1430286 / 2050000
[INFO 11:27:13] my_main Estimated time left: 4 hours, 9 minutes, 7 seconds. Time passed: 9 hours, 22 minutes, 38 seconds
[INFO 11:27:40] my_main Recent Stats | t_env:    1430286 | Episode:    14306
all_fires_out_mean:        0.0000	entropy_loss:              0.0150	ep_length_mean:          100.0000	episode_limit_mean:        1.0000
epsilon:                   0.0500	grad_norm:               652.3607	loss:                     44.2322	mean_fire_level_mean:     21.3631
mi_loss:                   0.0230	q_taken_mean:            -12.5313	return_mean:             -757.8640	return_median:           -730.5000
return_std:              266.2574	target_mean:             -12.4576	td_error_abs:              1.8998	test_all_fires_out_mean:   0.0000
test_ep_length_mean:     100.0000	test_episode_limit_mean:   1.0000	test_mean_fire_level_mean: 22.4057	test_return_mean:        -98.4188
test_return_median:      -101.5000	test_return_std:          39.6983	
[INFO 11:28:21] my_main Recent Stats | t_env:    1432286 | Episode:    14326
all_fires_out_mean:        0.0000	entropy_loss:              0.0150	ep_length_mean:          100.0000	episode_limit_mean:        1.0000
epsilon:                   0.0500	grad_norm:               652.3607	loss:                     44.2322	mean_fire_level_mean:     21.3631
mi_loss:                   0.0230	q_taken_mean:            -12.5313	return_mean:             -757.8640	return_median:           -730.5000
return_std:              266.2574	target_mean:             -12.4576	td_error_abs:              1.8998	test_all_fires_out_mean:   0.0000
test_ep_length_mean:     100.0000	test_episode_limit_mean:   1.0000	test_mean_fire_level_mean: 22.4057	test_return_mean:        -98.4188
test_return_median:      -101.5000	test_return_std:          39.6983	
[INFO 11:29:04] my_main Recent Stats | t_env:    1434286 | Episode:    14346
all_fires_out_mean:        0.0000	entropy_loss:              0.0151	ep_length_mean:          100.0000	episode_limit_mean:        1.0000
epsilon:                   0.0500	grad_norm:               654.6963	loss:                     56.5737	mean_fire_level_mean:     21.3631
mi_loss:                   0.0230	q_taken_mean:            -12.6298	return_mean:             -757.8640	return_median:           -730.5000
return_std:              266.2574	target_mean:             -12.6087	td_error_abs:              2.0232	test_all_fires_out_mean:   0.0000
test_ep_length_mean:     100.0000	test_episode_limit_mean:   1.0000	test_mean_fire_level_mean: 22.4057	test_return_mean:        -98.4188
test_return_median:      -101.5000	test_return_std:          39.6983	
[INFO 11:29:47] my_main Recent Stats | t_env:    1436286 | Episode:    14366
all_fires_out_mean:        0.0000	entropy_loss:              0.0151	ep_length_mean:          100.0000	episode_limit_mean:        1.0000
epsilon:                   0.0500	grad_norm:               654.6963	loss:                     56.5737	mean_fire_level_mean:     21.3631
mi_loss:                   0.0230	q_taken_mean:            -12.6298	return_mean:             -757.8640	return_median:           -730.5000
return_std:              266.2574	target_mean:             -12.6087	td_error_abs:              2.0232	test_all_fires_out_mean:   0.0000
test_ep_length_mean:     100.0000	test_episode_limit_mean:   1.0000	test_mean_fire_level_mean: 22.4057	test_return_mean:        -98.4188
test_return_median:      -101.5000	test_return_std:          39.6983	
[INFO 11:30:29] my_main Recent Stats | t_env:    1438286 | Episode:    14386
all_fires_out_mean:        0.0000	entropy_loss:              0.0151	ep_length_mean:          100.0000	episode_limit_mean:        1.0000
epsilon:                   0.0500	grad_norm:               654.6963	loss:                     56.5737	mean_fire_level_mean:     21.3631
mi_loss:                   0.0230	q_taken_mean:            -12.6298	return_mean:             -757.8640	return_median:           -730.5000
return_std:              266.2574	target_mean:             -12.6087	td_error_abs:              2.0232	test_all_fires_out_mean:   0.0000
test_ep_length_mean:     100.0000	test_episode_limit_mean:   1.0000	test_mean_fire_level_mean: 22.4057	test_return_mean:        -98.4188
test_return_median:      -101.5000	test_return_std:          39.6983	
[INFO 11:31:01] my_main Updated target network
[INFO 11:31:12] my_main t_env: 1440286 / 2050000
[INFO 11:31:12] my_main Estimated time left: 4 hours, 3 minutes, 13 seconds. Time passed: 9 hours, 26 minutes, 38 seconds
[INFO 11:31:39] my_main Recent Stats | t_env:    1440286 | Episode:    14406
all_fires_out_mean:        0.0000	entropy_loss:              0.0151	ep_length_mean:          100.0000	episode_limit_mean:        1.0000
epsilon:                   0.0500	grad_norm:               654.6963	loss:                     56.5737	mean_fire_level_mean:     21.3804
mi_loss:                   0.0230	q_taken_mean:            -12.6298	return_mean:             -766.2740	return_median:           -750.7000
return_std:              275.4958	target_mean:             -12.6087	td_error_abs:              2.0232	test_all_fires_out_mean:   0.0000
test_ep_length_mean:     100.0000	test_episode_limit_mean:   1.0000	test_mean_fire_level_mean: 22.1960	test_return_mean:        -97.8875
test_return_median:      -99.6000	test_return_std:          38.6318	
[INFO 11:32:22] my_main Recent Stats | t_env:    1442286 | Episode:    14426
all_fires_out_mean:        0.0000	entropy_loss:              0.0151	ep_length_mean:          100.0000	episode_limit_mean:        1.0000
epsilon:                   0.0500	grad_norm:               654.6963	loss:                     56.5737	mean_fire_level_mean:     21.3804
mi_loss:                   0.0230	q_taken_mean:            -12.6298	return_mean:             -766.2740	return_median:           -750.7000
return_std:              275.4958	target_mean:             -12.6087	td_error_abs:              2.0232	test_all_fires_out_mean:   0.0000
test_ep_length_mean:     100.0000	test_episode_limit_mean:   1.0000	test_mean_fire_level_mean: 22.1960	test_return_mean:        -97.8875
test_return_median:      -99.6000	test_return_std:          38.6318	
[INFO 11:33:05] my_main Recent Stats | t_env:    1444286 | Episode:    14446
all_fires_out_mean:        0.0000	entropy_loss:              0.0153	ep_length_mean:          100.0000	episode_limit_mean:        1.0000
epsilon:                   0.0500	grad_norm:               647.5000	loss:                     56.5655	mean_fire_level_mean:     21.3804
mi_loss:                   0.0230	q_taken_mean:            -12.7449	return_mean:             -766.2740	return_median:           -750.7000
return_std:              275.4958	target_mean:             -12.7748	td_error_abs:              2.0407	test_all_fires_out_mean:   0.0000
test_ep_length_mean:     100.0000	test_episode_limit_mean:   1.0000	test_mean_fire_level_mean: 22.1960	test_return_mean:        -97.8875
test_return_median:      -99.6000	test_return_std:          38.6318	
[INFO 11:33:49] my_main Recent Stats | t_env:    1446286 | Episode:    14466
all_fires_out_mean:        0.0000	entropy_loss:              0.0153	ep_length_mean:          100.0000	episode_limit_mean:        1.0000
epsilon:                   0.0500	grad_norm:               647.5000	loss:                     56.5655	mean_fire_level_mean:     21.3804
mi_loss:                   0.0230	q_taken_mean:            -12.7449	return_mean:             -766.2740	return_median:           -750.7000
return_std:              275.4958	target_mean:             -12.7748	td_error_abs:              2.0407	test_all_fires_out_mean:   0.0000
test_ep_length_mean:     100.0000	test_episode_limit_mean:   1.0000	test_mean_fire_level_mean: 22.1960	test_return_mean:        -97.8875
test_return_median:      -99.6000	test_return_std:          38.6318	
[INFO 11:34:30] my_main Recent Stats | t_env:    1448286 | Episode:    14486
all_fires_out_mean:        0.0000	entropy_loss:              0.0153	ep_length_mean:          100.0000	episode_limit_mean:        1.0000
epsilon:                   0.0500	grad_norm:               647.5000	loss:                     56.5655	mean_fire_level_mean:     21.3804
mi_loss:                   0.0230	q_taken_mean:            -12.7449	return_mean:             -766.2740	return_median:           -750.7000
return_std:              275.4958	target_mean:             -12.7748	td_error_abs:              2.0407	test_all_fires_out_mean:   0.0000
test_ep_length_mean:     100.0000	test_episode_limit_mean:   1.0000	test_mean_fire_level_mean: 22.1960	test_return_mean:        -97.8875
test_return_median:      -99.6000	test_return_std:          38.6318	
[INFO 11:35:12] my_main t_env: 1450286 / 2050000
[INFO 11:35:12] my_main Estimated time left: 4 hours, 6 seconds. Time passed: 9 hours, 30 minutes, 38 seconds
[INFO 11:35:39] my_main Recent Stats | t_env:    1450286 | Episode:    14506
all_fires_out_mean:        0.0000	entropy_loss:              0.0153	ep_length_mean:          100.0000	episode_limit_mean:        1.0000
epsilon:                   0.0500	grad_norm:               647.5000	loss:                     56.5655	mean_fire_level_mean:     21.4418
mi_loss:                   0.0230	q_taken_mean:            -12.7449	return_mean:             -764.2680	return_median:           -748.8000
return_std:              271.2839	target_mean:             -12.7748	td_error_abs:              2.0407	test_all_fires_out_mean:   0.0000
test_ep_length_mean:     100.0000	test_episode_limit_mean:   1.0000	test_mean_fire_level_mean: 22.1892	test_return_mean:        -98.3500
test_return_median:      -100.6000	test_return_std:          40.2206	
[INFO 11:36:20] my_main Recent Stats | t_env:    1452286 | Episode:    14526
all_fires_out_mean:        0.0000	entropy_loss:              0.0153	ep_length_mean:          100.0000	episode_limit_mean:        1.0000
epsilon:                   0.0500	grad_norm:               647.5000	loss:                     56.5655	mean_fire_level_mean:     21.4418
mi_loss:                   0.0230	q_taken_mean:            -12.7449	return_mean:             -764.2680	return_median:           -748.8000
return_std:              271.2839	target_mean:             -12.7748	td_error_abs:              2.0407	test_all_fires_out_mean:   0.0000
test_ep_length_mean:     100.0000	test_episode_limit_mean:   1.0000	test_mean_fire_level_mean: 22.1892	test_return_mean:        -98.3500
test_return_median:      -100.6000	test_return_std:          40.2206	
[INFO 11:37:04] my_main Recent Stats | t_env:    1454286 | Episode:    14546
all_fires_out_mean:        0.0000	entropy_loss:              0.0157	ep_length_mean:          100.0000	episode_limit_mean:        1.0000
epsilon:                   0.0500	grad_norm:               607.8552	loss:                     49.8865	mean_fire_level_mean:     21.4418
mi_loss:                   0.0230	q_taken_mean:            -12.6604	return_mean:             -764.2680	return_median:           -748.8000
return_std:              271.2839	target_mean:             -12.7369	td_error_abs:              1.9555	test_all_fires_out_mean:   0.0000
test_ep_length_mean:     100.0000	test_episode_limit_mean:   1.0000	test_mean_fire_level_mean: 22.1892	test_return_mean:        -98.3500
test_return_median:      -100.6000	test_return_std:          40.2206	
[INFO 11:37:47] my_main Recent Stats | t_env:    1456286 | Episode:    14566
all_fires_out_mean:        0.0000	entropy_loss:              0.0157	ep_length_mean:          100.0000	episode_limit_mean:        1.0000
epsilon:                   0.0500	grad_norm:               607.8552	loss:                     49.8865	mean_fire_level_mean:     21.4418
mi_loss:                   0.0230	q_taken_mean:            -12.6604	return_mean:             -764.2680	return_median:           -748.8000
return_std:              271.2839	target_mean:             -12.7369	td_error_abs:              1.9555	test_all_fires_out_mean:   0.0000
test_ep_length_mean:     100.0000	test_episode_limit_mean:   1.0000	test_mean_fire_level_mean: 22.1892	test_return_mean:        -98.3500
test_return_median:      -100.6000	test_return_std:          40.2206	
[INFO 11:38:29] my_main Recent Stats | t_env:    1458286 | Episode:    14586
all_fires_out_mean:        0.0000	entropy_loss:              0.0157	ep_length_mean:          100.0000	episode_limit_mean:        1.0000
epsilon:                   0.0500	grad_norm:               607.8552	loss:                     49.8865	mean_fire_level_mean:     21.4418
mi_loss:                   0.0230	q_taken_mean:            -12.6604	return_mean:             -764.2680	return_median:           -748.8000
return_std:              271.2839	target_mean:             -12.7369	td_error_abs:              1.9555	test_all_fires_out_mean:   0.0000
test_ep_length_mean:     100.0000	test_episode_limit_mean:   1.0000	test_mean_fire_level_mean: 22.1892	test_return_mean:        -98.3500
test_return_median:      -100.6000	test_return_std:          40.2206	
[INFO 11:39:02] my_main Updated target network
[INFO 11:39:13] my_main t_env: 1460286 / 2050000
[INFO 11:39:13] my_main Estimated time left: 3 hours, 56 minutes, 38 seconds. Time passed: 9 hours, 34 minutes, 39 seconds
[INFO 11:39:40] my_main Recent Stats | t_env:    1460286 | Episode:    14606
all_fires_out_mean:        0.0000	entropy_loss:              0.0157	ep_length_mean:          100.0000	episode_limit_mean:        1.0000
epsilon:                   0.0500	grad_norm:               607.8552	loss:                     49.8865	mean_fire_level_mean:     21.3289
mi_loss:                   0.0230	q_taken_mean:            -12.6604	return_mean:             -758.8660	return_median:           -731.5000
return_std:              280.3521	target_mean:             -12.7369	td_error_abs:              1.9555	test_all_fires_out_mean:   0.0000
test_ep_length_mean:     100.0000	test_episode_limit_mean:   1.0000	test_mean_fire_level_mean: 22.3307	test_return_mean:        -101.3250
test_return_median:      -102.5000	test_return_std:          41.4608	
[INFO 11:40:22] my_main Recent Stats | t_env:    1462286 | Episode:    14626
all_fires_out_mean:        0.0000	entropy_loss:              0.0157	ep_length_mean:          100.0000	episode_limit_mean:        1.0000
epsilon:                   0.0500	grad_norm:               607.8552	loss:                     49.8865	mean_fire_level_mean:     21.3289
mi_loss:                   0.0230	q_taken_mean:            -12.6604	return_mean:             -758.8660	return_median:           -731.5000
return_std:              280.3521	target_mean:             -12.7369	td_error_abs:              1.9555	test_all_fires_out_mean:   0.0000
test_ep_length_mean:     100.0000	test_episode_limit_mean:   1.0000	test_mean_fire_level_mean: 22.3307	test_return_mean:        -101.3250
test_return_median:      -102.5000	test_return_std:          41.4608	
[INFO 11:41:06] my_main Recent Stats | t_env:    1464286 | Episode:    14646
all_fires_out_mean:        0.0000	entropy_loss:              0.0160	ep_length_mean:          100.0000	episode_limit_mean:        1.0000
epsilon:                   0.0500	grad_norm:               628.3830	loss:                     45.1471	mean_fire_level_mean:     21.3289
mi_loss:                   0.0230	q_taken_mean:            -12.6441	return_mean:             -758.8660	return_median:           -731.5000
return_std:              280.3521	target_mean:             -12.7668	td_error_abs:              1.9798	test_all_fires_out_mean:   0.0000
test_ep_length_mean:     100.0000	test_episode_limit_mean:   1.0000	test_mean_fire_level_mean: 22.3307	test_return_mean:        -101.3250
test_return_median:      -102.5000	test_return_std:          41.4608	
[INFO 11:41:49] my_main Recent Stats | t_env:    1466286 | Episode:    14666
all_fires_out_mean:        0.0000	entropy_loss:              0.0160	ep_length_mean:          100.0000	episode_limit_mean:        1.0000
epsilon:                   0.0500	grad_norm:               628.3830	loss:                     45.1471	mean_fire_level_mean:     21.3289
mi_loss:                   0.0230	q_taken_mean:            -12.6441	return_mean:             -758.8660	return_median:           -731.5000
return_std:              280.3521	target_mean:             -12.7668	td_error_abs:              1.9798	test_all_fires_out_mean:   0.0000
test_ep_length_mean:     100.0000	test_episode_limit_mean:   1.0000	test_mean_fire_level_mean: 22.3307	test_return_mean:        -101.3250
test_return_median:      -102.5000	test_return_std:          41.4608	
[INFO 11:42:31] my_main Recent Stats | t_env:    1468286 | Episode:    14686
all_fires_out_mean:        0.0000	entropy_loss:              0.0160	ep_length_mean:          100.0000	episode_limit_mean:        1.0000
epsilon:                   0.0500	grad_norm:               628.3830	loss:                     45.1471	mean_fire_level_mean:     21.3289
mi_loss:                   0.0230	q_taken_mean:            -12.6441	return_mean:             -758.8660	return_median:           -731.5000
return_std:              280.3521	target_mean:             -12.7668	td_error_abs:              1.9798	test_all_fires_out_mean:   0.0000
test_ep_length_mean:     100.0000	test_episode_limit_mean:   1.0000	test_mean_fire_level_mean: 22.3307	test_return_mean:        -101.3250
test_return_median:      -102.5000	test_return_std:          41.4608	
[INFO 11:43:14] my_main t_env: 1470286 / 2050000
[INFO 11:43:14] my_main Estimated time left: 3 hours, 52 minutes, 45 seconds. Time passed: 9 hours, 38 minutes, 40 seconds
[INFO 11:43:41] my_main Recent Stats | t_env:    1470286 | Episode:    14706
all_fires_out_mean:        0.0000	entropy_loss:              0.0160	ep_length_mean:          100.0000	episode_limit_mean:        1.0000
epsilon:                   0.0500	grad_norm:               628.3830	loss:                     45.1471	mean_fire_level_mean:     21.1542
mi_loss:                   0.0230	q_taken_mean:            -12.6441	return_mean:             -757.8020	return_median:           -720.6000
return_std:              288.3029	target_mean:             -12.7668	td_error_abs:              1.9798	test_all_fires_out_mean:   0.0000
test_ep_length_mean:     100.0000	test_episode_limit_mean:   1.0000	test_mean_fire_level_mean: 22.2108	test_return_mean:        -103.4375
test_return_median:      -105.3000	test_return_std:          40.8959	
[INFO 11:44:24] my_main Recent Stats | t_env:    1472286 | Episode:    14726
all_fires_out_mean:        0.0000	entropy_loss:              0.0160	ep_length_mean:          100.0000	episode_limit_mean:        1.0000
epsilon:                   0.0500	grad_norm:               628.3830	loss:                     45.1471	mean_fire_level_mean:     21.1542
mi_loss:                   0.0230	q_taken_mean:            -12.6441	return_mean:             -757.8020	return_median:           -720.6000
return_std:              288.3029	target_mean:             -12.7668	td_error_abs:              1.9798	test_all_fires_out_mean:   0.0000
test_ep_length_mean:     100.0000	test_episode_limit_mean:   1.0000	test_mean_fire_level_mean: 22.2108	test_return_mean:        -103.4375
test_return_median:      -105.3000	test_return_std:          40.8959	
[INFO 11:45:06] my_main Recent Stats | t_env:    1474286 | Episode:    14746
all_fires_out_mean:        0.0000	entropy_loss:              0.0163	ep_length_mean:          100.0000	episode_limit_mean:        1.0000
epsilon:                   0.0500	grad_norm:               615.0187	loss:                     41.2753	mean_fire_level_mean:     21.1542
mi_loss:                   0.0230	q_taken_mean:            -12.6479	return_mean:             -757.8020	return_median:           -720.6000
return_std:              288.3029	target_mean:             -12.7675	td_error_abs:              1.8887	test_all_fires_out_mean:   0.0000
test_ep_length_mean:     100.0000	test_episode_limit_mean:   1.0000	test_mean_fire_level_mean: 22.2108	test_return_mean:        -103.4375
test_return_median:      -105.3000	test_return_std:          40.8959	
[INFO 11:45:50] my_main Recent Stats | t_env:    1476286 | Episode:    14766
all_fires_out_mean:        0.0000	entropy_loss:              0.0163	ep_length_mean:          100.0000	episode_limit_mean:        1.0000
epsilon:                   0.0500	grad_norm:               615.0187	loss:                     41.2753	mean_fire_level_mean:     21.1542
mi_loss:                   0.0230	q_taken_mean:            -12.6479	return_mean:             -757.8020	return_median:           -720.6000
return_std:              288.3029	target_mean:             -12.7675	td_error_abs:              1.8887	test_all_fires_out_mean:   0.0000
test_ep_length_mean:     100.0000	test_episode_limit_mean:   1.0000	test_mean_fire_level_mean: 22.2108	test_return_mean:        -103.4375
test_return_median:      -105.3000	test_return_std:          40.8959	
[INFO 11:46:31] my_main Recent Stats | t_env:    1478286 | Episode:    14786
all_fires_out_mean:        0.0000	entropy_loss:              0.0163	ep_length_mean:          100.0000	episode_limit_mean:        1.0000
epsilon:                   0.0500	grad_norm:               615.0187	loss:                     41.2753	mean_fire_level_mean:     21.1542
mi_loss:                   0.0230	q_taken_mean:            -12.6479	return_mean:             -757.8020	return_median:           -720.6000
return_std:              288.3029	target_mean:             -12.7675	td_error_abs:              1.8887	test_all_fires_out_mean:   0.0000
test_ep_length_mean:     100.0000	test_episode_limit_mean:   1.0000	test_mean_fire_level_mean: 22.2108	test_return_mean:        -103.4375
test_return_median:      -105.3000	test_return_std:          40.8959	
[INFO 11:47:03] my_main Updated target network
[INFO 11:47:14] my_main t_env: 1480286 / 2050000
[INFO 11:47:14] my_main Estimated time left: 3 hours, 48 minutes, 14 seconds. Time passed: 9 hours, 42 minutes, 40 seconds
[INFO 11:47:41] my_main Recent Stats | t_env:    1480286 | Episode:    14806
all_fires_out_mean:        0.0000	entropy_loss:              0.0163	ep_length_mean:          100.0000	episode_limit_mean:        1.0000
epsilon:                   0.0500	grad_norm:               615.0187	loss:                     41.2753	mean_fire_level_mean:     21.2193
mi_loss:                   0.0230	q_taken_mean:            -12.6479	return_mean:             -767.6000	return_median:           -723.9000
return_std:              307.8903	target_mean:             -12.7675	td_error_abs:              1.8887	test_all_fires_out_mean:   0.0000
test_ep_length_mean:     100.0000	test_episode_limit_mean:   1.0000	test_mean_fire_level_mean: 22.1511	test_return_mean:        -103.5312
test_return_median:      -105.2000	test_return_std:          42.1326	
[INFO 11:48:25] my_main Recent Stats | t_env:    1482286 | Episode:    14826
all_fires_out_mean:        0.0000	entropy_loss:              0.0163	ep_length_mean:          100.0000	episode_limit_mean:        1.0000
epsilon:                   0.0500	grad_norm:               615.0187	loss:                     41.2753	mean_fire_level_mean:     21.2193
mi_loss:                   0.0230	q_taken_mean:            -12.6479	return_mean:             -767.6000	return_median:           -723.9000
return_std:              307.8903	target_mean:             -12.7675	td_error_abs:              1.8887	test_all_fires_out_mean:   0.0000
test_ep_length_mean:     100.0000	test_episode_limit_mean:   1.0000	test_mean_fire_level_mean: 22.1511	test_return_mean:        -103.5312
test_return_median:      -105.2000	test_return_std:          42.1326	
[INFO 11:49:08] my_main Recent Stats | t_env:    1484286 | Episode:    14846
all_fires_out_mean:        0.0000	entropy_loss:              0.0164	ep_length_mean:          100.0000	episode_limit_mean:        1.0000
epsilon:                   0.0500	grad_norm:               574.6657	loss:                     29.1898	mean_fire_level_mean:     21.2193
mi_loss:                   0.0230	q_taken_mean:            -12.4215	return_mean:             -767.6000	return_median:           -723.9000
return_std:              307.8903	target_mean:             -12.5389	td_error_abs:              1.7510	test_all_fires_out_mean:   0.0000
test_ep_length_mean:     100.0000	test_episode_limit_mean:   1.0000	test_mean_fire_level_mean: 22.1511	test_return_mean:        -103.5312
test_return_median:      -105.2000	test_return_std:          42.1326	
[INFO 11:49:51] my_main Recent Stats | t_env:    1486286 | Episode:    14866
all_fires_out_mean:        0.0000	entropy_loss:              0.0164	ep_length_mean:          100.0000	episode_limit_mean:        1.0000
epsilon:                   0.0500	grad_norm:               574.6657	loss:                     29.1898	mean_fire_level_mean:     21.2193
mi_loss:                   0.0230	q_taken_mean:            -12.4215	return_mean:             -767.6000	return_median:           -723.9000
return_std:              307.8903	target_mean:             -12.5389	td_error_abs:              1.7510	test_all_fires_out_mean:   0.0000
test_ep_length_mean:     100.0000	test_episode_limit_mean:   1.0000	test_mean_fire_level_mean: 22.1511	test_return_mean:        -103.5312
test_return_median:      -105.2000	test_return_std:          42.1326	
[INFO 11:50:33] my_main Recent Stats | t_env:    1488286 | Episode:    14886
all_fires_out_mean:        0.0000	entropy_loss:              0.0164	ep_length_mean:          100.0000	episode_limit_mean:        1.0000
epsilon:                   0.0500	grad_norm:               574.6657	loss:                     29.1898	mean_fire_level_mean:     21.2193
mi_loss:                   0.0230	q_taken_mean:            -12.4215	return_mean:             -767.6000	return_median:           -723.9000
return_std:              307.8903	target_mean:             -12.5389	td_error_abs:              1.7510	test_all_fires_out_mean:   0.0000
test_ep_length_mean:     100.0000	test_episode_limit_mean:   1.0000	test_mean_fire_level_mean: 22.1511	test_return_mean:        -103.5312
test_return_median:      -105.2000	test_return_std:          42.1326	
[INFO 11:51:16] my_main t_env: 1490286 / 2050000
[INFO 11:51:16] my_main Estimated time left: 3 hours, 45 minutes, 49 seconds. Time passed: 9 hours, 46 minutes, 42 seconds
[INFO 11:51:44] my_main Recent Stats | t_env:    1490286 | Episode:    14906
all_fires_out_mean:        0.0000	entropy_loss:              0.0164	ep_length_mean:          100.0000	episode_limit_mean:        1.0000
epsilon:                   0.0500	grad_norm:               574.6657	loss:                     29.1898	mean_fire_level_mean:     21.2978
mi_loss:                   0.0230	q_taken_mean:            -12.4215	return_mean:             -776.4640	return_median:           -735.5000
return_std:              301.0377	target_mean:             -12.5389	td_error_abs:              1.7510	test_all_fires_out_mean:   0.0000
test_ep_length_mean:     100.0000	test_episode_limit_mean:   1.0000	test_mean_fire_level_mean: 22.1705	test_return_mean:        -106.8750
test_return_median:      -110.1000	test_return_std:          42.8597	
[INFO 11:52:26] my_main Recent Stats | t_env:    1492286 | Episode:    14926
all_fires_out_mean:        0.0000	entropy_loss:              0.0164	ep_length_mean:          100.0000	episode_limit_mean:        1.0000
epsilon:                   0.0500	grad_norm:               574.6657	loss:                     29.1898	mean_fire_level_mean:     21.2978
mi_loss:                   0.0230	q_taken_mean:            -12.4215	return_mean:             -776.4640	return_median:           -735.5000
return_std:              301.0377	target_mean:             -12.5389	td_error_abs:              1.7510	test_all_fires_out_mean:   0.0000
test_ep_length_mean:     100.0000	test_episode_limit_mean:   1.0000	test_mean_fire_level_mean: 22.1705	test_return_mean:        -106.8750
test_return_median:      -110.1000	test_return_std:          42.8597	
[INFO 11:53:08] my_main Recent Stats | t_env:    1494286 | Episode:    14946
all_fires_out_mean:        0.0000	entropy_loss:              0.0165	ep_length_mean:          100.0000	episode_limit_mean:        1.0000
epsilon:                   0.0500	grad_norm:               590.7460	loss:                     32.3779	mean_fire_level_mean:     21.2978
mi_loss:                   0.0230	q_taken_mean:            -12.5079	return_mean:             -776.4640	return_median:           -735.5000
return_std:              301.0377	target_mean:             -12.6251	td_error_abs:              1.7863	test_all_fires_out_mean:   0.0000
test_ep_length_mean:     100.0000	test_episode_limit_mean:   1.0000	test_mean_fire_level_mean: 22.1705	test_return_mean:        -106.8750
test_return_median:      -110.1000	test_return_std:          42.8597	
[INFO 11:53:51] my_main Recent Stats | t_env:    1496286 | Episode:    14966
all_fires_out_mean:        0.0000	entropy_loss:              0.0165	ep_length_mean:          100.0000	episode_limit_mean:        1.0000
epsilon:                   0.0500	grad_norm:               590.7460	loss:                     32.3779	mean_fire_level_mean:     21.2978
mi_loss:                   0.0230	q_taken_mean:            -12.5079	return_mean:             -776.4640	return_median:           -735.5000
return_std:              301.0377	target_mean:             -12.6251	td_error_abs:              1.7863	test_all_fires_out_mean:   0.0000
test_ep_length_mean:     100.0000	test_episode_limit_mean:   1.0000	test_mean_fire_level_mean: 22.1705	test_return_mean:        -106.8750
test_return_median:      -110.1000	test_return_std:          42.8597	
[INFO 11:54:33] my_main Recent Stats | t_env:    1498286 | Episode:    14986
all_fires_out_mean:        0.0000	entropy_loss:              0.0165	ep_length_mean:          100.0000	episode_limit_mean:        1.0000
epsilon:                   0.0500	grad_norm:               590.7460	loss:                     32.3779	mean_fire_level_mean:     21.2978
mi_loss:                   0.0230	q_taken_mean:            -12.5079	return_mean:             -776.4640	return_median:           -735.5000
return_std:              301.0377	target_mean:             -12.6251	td_error_abs:              1.7863	test_all_fires_out_mean:   0.0000
test_ep_length_mean:     100.0000	test_episode_limit_mean:   1.0000	test_mean_fire_level_mean: 22.1705	test_return_mean:        -106.8750
test_return_median:      -110.1000	test_return_std:          42.8597	
[INFO 11:55:05] my_main Updated target network
[INFO 11:55:16] my_main t_env: 1500286 / 2050000
[INFO 11:55:16] my_main Estimated time left: 3 hours, 39 minutes, 10 seconds. Time passed: 9 hours, 50 minutes, 41 seconds
[INFO 11:55:42] my_main Recent Stats | t_env:    1500286 | Episode:    15006
all_fires_out_mean:        0.0000	entropy_loss:              0.0165	ep_length_mean:          100.0000	episode_limit_mean:        1.0000
epsilon:                   0.0500	grad_norm:               590.7460	loss:                     32.3779	mean_fire_level_mean:     21.2473
mi_loss:                   0.0230	q_taken_mean:            -12.5079	return_mean:             -775.6280	return_median:           -736.2000
return_std:              301.1209	target_mean:             -12.6251	td_error_abs:              1.7863	test_all_fires_out_mean:   0.0000
test_ep_length_mean:     100.0000	test_episode_limit_mean:   1.0000	test_mean_fire_level_mean: 22.2807	test_return_mean:        -107.2875
test_return_median:      -108.3000	test_return_std:          40.1879	
[INFO 11:56:26] my_main Recent Stats | t_env:    1502286 | Episode:    15026
all_fires_out_mean:        0.0000	entropy_loss:              0.0165	ep_length_mean:          100.0000	episode_limit_mean:        1.0000
epsilon:                   0.0500	grad_norm:               590.7460	loss:                     32.3779	mean_fire_level_mean:     21.2473
mi_loss:                   0.0230	q_taken_mean:            -12.5079	return_mean:             -775.6280	return_median:           -736.2000
return_std:              301.1209	target_mean:             -12.6251	td_error_abs:              1.7863	test_all_fires_out_mean:   0.0000
test_ep_length_mean:     100.0000	test_episode_limit_mean:   1.0000	test_mean_fire_level_mean: 22.2807	test_return_mean:        -107.2875
test_return_median:      -108.3000	test_return_std:          40.1879	
[INFO 11:57:09] my_main Recent Stats | t_env:    1504286 | Episode:    15046
all_fires_out_mean:        0.0000	entropy_loss:              0.0165	ep_length_mean:          100.0000	episode_limit_mean:        1.0000
epsilon:                   0.0500	grad_norm:               615.8497	loss:                     28.3672	mean_fire_level_mean:     21.2473
mi_loss:                   0.0230	q_taken_mean:            -12.7272	return_mean:             -775.6280	return_median:           -736.2000
return_std:              301.1209	target_mean:             -12.8488	td_error_abs:              1.7729	test_all_fires_out_mean:   0.0000
test_ep_length_mean:     100.0000	test_episode_limit_mean:   1.0000	test_mean_fire_level_mean: 22.2807	test_return_mean:        -107.2875
test_return_median:      -108.3000	test_return_std:          40.1879	
[INFO 11:57:53] my_main Recent Stats | t_env:    1506286 | Episode:    15066
all_fires_out_mean:        0.0000	entropy_loss:              0.0165	ep_length_mean:          100.0000	episode_limit_mean:        1.0000
epsilon:                   0.0500	grad_norm:               615.8497	loss:                     28.3672	mean_fire_level_mean:     21.2473
mi_loss:                   0.0230	q_taken_mean:            -12.7272	return_mean:             -775.6280	return_median:           -736.2000
return_std:              301.1209	target_mean:             -12.8488	td_error_abs:              1.7729	test_all_fires_out_mean:   0.0000
test_ep_length_mean:     100.0000	test_episode_limit_mean:   1.0000	test_mean_fire_level_mean: 22.2807	test_return_mean:        -107.2875
test_return_median:      -108.3000	test_return_std:          40.1879	
[INFO 11:58:34] my_main Recent Stats | t_env:    1508286 | Episode:    15086
all_fires_out_mean:        0.0000	entropy_loss:              0.0165	ep_length_mean:          100.0000	episode_limit_mean:        1.0000
epsilon:                   0.0500	grad_norm:               615.8497	loss:                     28.3672	mean_fire_level_mean:     21.2473
mi_loss:                   0.0230	q_taken_mean:            -12.7272	return_mean:             -775.6280	return_median:           -736.2000
return_std:              301.1209	target_mean:             -12.8488	td_error_abs:              1.7729	test_all_fires_out_mean:   0.0000
test_ep_length_mean:     100.0000	test_episode_limit_mean:   1.0000	test_mean_fire_level_mean: 22.2807	test_return_mean:        -107.2875
test_return_median:      -108.3000	test_return_std:          40.1879	
[INFO 11:59:15] my_main t_env: 1510286 / 2050000
[INFO 11:59:15] my_main Estimated time left: 3 hours, 35 minutes, 43 seconds. Time passed: 9 hours, 54 minutes, 41 seconds
[INFO 11:59:42] my_main Recent Stats | t_env:    1510286 | Episode:    15106
all_fires_out_mean:        0.0000	entropy_loss:              0.0165	ep_length_mean:          100.0000	episode_limit_mean:        1.0000
epsilon:                   0.0500	grad_norm:               615.8497	loss:                     28.3672	mean_fire_level_mean:     21.1762
mi_loss:                   0.0230	q_taken_mean:            -12.7272	return_mean:             -764.1320	return_median:           -732.5000
return_std:              291.1441	target_mean:             -12.8488	td_error_abs:              1.7729	test_all_fires_out_mean:   0.0000
test_ep_length_mean:     100.0000	test_episode_limit_mean:   1.0000	test_mean_fire_level_mean: 22.2489	test_return_mean:        -105.3063
test_return_median:      -105.9000	test_return_std:          39.8839	
[INFO 12:00:24] my_main Recent Stats | t_env:    1512286 | Episode:    15126
all_fires_out_mean:        0.0000	entropy_loss:              0.0165	ep_length_mean:          100.0000	episode_limit_mean:        1.0000
epsilon:                   0.0500	grad_norm:               615.8497	loss:                     28.3672	mean_fire_level_mean:     21.1762
mi_loss:                   0.0230	q_taken_mean:            -12.7272	return_mean:             -764.1320	return_median:           -732.5000
return_std:              291.1441	target_mean:             -12.8488	td_error_abs:              1.7729	test_all_fires_out_mean:   0.0000
test_ep_length_mean:     100.0000	test_episode_limit_mean:   1.0000	test_mean_fire_level_mean: 22.2489	test_return_mean:        -105.3063
test_return_median:      -105.9000	test_return_std:          39.8839	
[INFO 12:01:07] my_main Recent Stats | t_env:    1514286 | Episode:    15146
all_fires_out_mean:        0.0000	entropy_loss:              0.0165	ep_length_mean:          100.0000	episode_limit_mean:        1.0000
epsilon:                   0.0500	grad_norm:               647.7885	loss:                     26.5816	mean_fire_level_mean:     21.1762
mi_loss:                   0.0230	q_taken_mean:            -12.8707	return_mean:             -764.1320	return_median:           -732.5000
return_std:              291.1441	target_mean:             -12.9961	td_error_abs:              1.7774	test_all_fires_out_mean:   0.0000
test_ep_length_mean:     100.0000	test_episode_limit_mean:   1.0000	test_mean_fire_level_mean: 22.2489	test_return_mean:        -105.3063
test_return_median:      -105.9000	test_return_std:          39.8839	
[INFO 12:01:49] my_main Recent Stats | t_env:    1516286 | Episode:    15166
all_fires_out_mean:        0.0000	entropy_loss:              0.0165	ep_length_mean:          100.0000	episode_limit_mean:        1.0000
epsilon:                   0.0500	grad_norm:               647.7885	loss:                     26.5816	mean_fire_level_mean:     21.1762
mi_loss:                   0.0230	q_taken_mean:            -12.8707	return_mean:             -764.1320	return_median:           -732.5000
return_std:              291.1441	target_mean:             -12.9961	td_error_abs:              1.7774	test_all_fires_out_mean:   0.0000
test_ep_length_mean:     100.0000	test_episode_limit_mean:   1.0000	test_mean_fire_level_mean: 22.2489	test_return_mean:        -105.3063
test_return_median:      -105.9000	test_return_std:          39.8839	
[INFO 12:02:31] my_main Recent Stats | t_env:    1518286 | Episode:    15186
all_fires_out_mean:        0.0000	entropy_loss:              0.0165	ep_length_mean:          100.0000	episode_limit_mean:        1.0000
epsilon:                   0.0500	grad_norm:               647.7885	loss:                     26.5816	mean_fire_level_mean:     21.1762
mi_loss:                   0.0230	q_taken_mean:            -12.8707	return_mean:             -764.1320	return_median:           -732.5000
return_std:              291.1441	target_mean:             -12.9961	td_error_abs:              1.7774	test_all_fires_out_mean:   0.0000
test_ep_length_mean:     100.0000	test_episode_limit_mean:   1.0000	test_mean_fire_level_mean: 22.2489	test_return_mean:        -105.3063
test_return_median:      -105.9000	test_return_std:          39.8839	
[INFO 12:03:04] my_main Updated target network
[INFO 12:03:14] my_main t_env: 1520286 / 2050000
[INFO 12:03:14] my_main Estimated time left: 3 hours, 31 minutes, 0 seconds. Time passed: 9 hours, 58 minutes, 40 seconds
[INFO 12:03:40] my_main Recent Stats | t_env:    1520286 | Episode:    15206
all_fires_out_mean:        0.0000	entropy_loss:              0.0165	ep_length_mean:          100.0000	episode_limit_mean:        1.0000
epsilon:                   0.0500	grad_norm:               647.7885	loss:                     26.5816	mean_fire_level_mean:     21.2829
mi_loss:                   0.0230	q_taken_mean:            -12.8707	return_mean:             -765.6360	return_median:           -747.5000
return_std:              289.2755	target_mean:             -12.9961	td_error_abs:              1.7774	test_all_fires_out_mean:   0.0000
test_ep_length_mean:     100.0000	test_episode_limit_mean:   1.0000	test_mean_fire_level_mean: 22.4074	test_return_mean:        -103.2000
test_return_median:      -101.9000	test_return_std:          40.9452	
[INFO 12:04:21] my_main Recent Stats | t_env:    1522286 | Episode:    15226
all_fires_out_mean:        0.0000	entropy_loss:              0.0165	ep_length_mean:          100.0000	episode_limit_mean:        1.0000
epsilon:                   0.0500	grad_norm:               647.7885	loss:                     26.5816	mean_fire_level_mean:     21.2829
mi_loss:                   0.0230	q_taken_mean:            -12.8707	return_mean:             -765.6360	return_median:           -747.5000
return_std:              289.2755	target_mean:             -12.9961	td_error_abs:              1.7774	test_all_fires_out_mean:   0.0000
test_ep_length_mean:     100.0000	test_episode_limit_mean:   1.0000	test_mean_fire_level_mean: 22.4074	test_return_mean:        -103.2000
test_return_median:      -101.9000	test_return_std:          40.9452	
[INFO 12:05:06] my_main Recent Stats | t_env:    1524286 | Episode:    15246
all_fires_out_mean:        0.0000	entropy_loss:              0.0163	ep_length_mean:          100.0000	episode_limit_mean:        1.0000
epsilon:                   0.0500	grad_norm:               668.0005	loss:                     27.0042	mean_fire_level_mean:     21.2829
mi_loss:                   0.0231	q_taken_mean:            -12.9198	return_mean:             -765.6360	return_median:           -747.5000
return_std:              289.2755	target_mean:             -12.9929	td_error_abs:              1.8446	test_all_fires_out_mean:   0.0000
test_ep_length_mean:     100.0000	test_episode_limit_mean:   1.0000	test_mean_fire_level_mean: 22.4074	test_return_mean:        -103.2000
test_return_median:      -101.9000	test_return_std:          40.9452	
[INFO 12:05:48] my_main Recent Stats | t_env:    1526286 | Episode:    15266
all_fires_out_mean:        0.0000	entropy_loss:              0.0163	ep_length_mean:          100.0000	episode_limit_mean:        1.0000
epsilon:                   0.0500	grad_norm:               668.0005	loss:                     27.0042	mean_fire_level_mean:     21.2829
mi_loss:                   0.0231	q_taken_mean:            -12.9198	return_mean:             -765.6360	return_median:           -747.5000
return_std:              289.2755	target_mean:             -12.9929	td_error_abs:              1.8446	test_all_fires_out_mean:   0.0000
test_ep_length_mean:     100.0000	test_episode_limit_mean:   1.0000	test_mean_fire_level_mean: 22.4074	test_return_mean:        -103.2000
test_return_median:      -101.9000	test_return_std:          40.9452	
[INFO 12:06:28] my_main Recent Stats | t_env:    1528286 | Episode:    15286
all_fires_out_mean:        0.0000	entropy_loss:              0.0163	ep_length_mean:          100.0000	episode_limit_mean:        1.0000
epsilon:                   0.0500	grad_norm:               668.0005	loss:                     27.0042	mean_fire_level_mean:     21.2829
mi_loss:                   0.0231	q_taken_mean:            -12.9198	return_mean:             -765.6360	return_median:           -747.5000
return_std:              289.2755	target_mean:             -12.9929	td_error_abs:              1.8446	test_all_fires_out_mean:   0.0000
test_ep_length_mean:     100.0000	test_episode_limit_mean:   1.0000	test_mean_fire_level_mean: 22.4074	test_return_mean:        -103.2000
test_return_median:      -101.9000	test_return_std:          40.9452	
[INFO 12:07:10] my_main t_env: 1530286 / 2050000
[INFO 12:07:10] my_main Estimated time left: 3 hours, 23 minutes, 47 seconds. Time passed: 10 hours, 2 minutes, 35 seconds
[INFO 12:07:36] my_main Recent Stats | t_env:    1530286 | Episode:    15306
all_fires_out_mean:        0.0000	entropy_loss:              0.0163	ep_length_mean:          100.0000	episode_limit_mean:        1.0000
epsilon:                   0.0500	grad_norm:               668.0005	loss:                     27.0042	mean_fire_level_mean:     21.4084
mi_loss:                   0.0231	q_taken_mean:            -12.9198	return_mean:             -762.1600	return_median:           -747.9000
return_std:              283.2822	target_mean:             -12.9929	td_error_abs:              1.8446	test_all_fires_out_mean:   0.0000
test_ep_length_mean:     100.0000	test_episode_limit_mean:   1.0000	test_mean_fire_level_mean: 22.4205	test_return_mean:        -102.7625
test_return_median:      -101.7000	test_return_std:          39.5135	
[INFO 12:08:18] my_main Recent Stats | t_env:    1532286 | Episode:    15326
all_fires_out_mean:        0.0000	entropy_loss:              0.0163	ep_length_mean:          100.0000	episode_limit_mean:        1.0000
epsilon:                   0.0500	grad_norm:               668.0005	loss:                     27.0042	mean_fire_level_mean:     21.4084
mi_loss:                   0.0231	q_taken_mean:            -12.9198	return_mean:             -762.1600	return_median:           -747.9000
return_std:              283.2822	target_mean:             -12.9929	td_error_abs:              1.8446	test_all_fires_out_mean:   0.0000
test_ep_length_mean:     100.0000	test_episode_limit_mean:   1.0000	test_mean_fire_level_mean: 22.4205	test_return_mean:        -102.7625
test_return_median:      -101.7000	test_return_std:          39.5135	
[INFO 12:09:02] my_main Recent Stats | t_env:    1534286 | Episode:    15346
all_fires_out_mean:        0.0000	entropy_loss:              0.0161	ep_length_mean:          100.0000	episode_limit_mean:        1.0000
epsilon:                   0.0500	grad_norm:               641.2443	loss:                     27.3933	mean_fire_level_mean:     21.4084
mi_loss:                   0.0231	q_taken_mean:            -12.8936	return_mean:             -762.1600	return_median:           -747.9000
return_std:              283.2822	target_mean:             -12.9550	td_error_abs:              1.8539	test_all_fires_out_mean:   0.0000
test_ep_length_mean:     100.0000	test_episode_limit_mean:   1.0000	test_mean_fire_level_mean: 22.4205	test_return_mean:        -102.7625
test_return_median:      -101.7000	test_return_std:          39.5135	
[INFO 12:09:45] my_main Recent Stats | t_env:    1536286 | Episode:    15366
all_fires_out_mean:        0.0000	entropy_loss:              0.0161	ep_length_mean:          100.0000	episode_limit_mean:        1.0000
epsilon:                   0.0500	grad_norm:               641.2443	loss:                     27.3933	mean_fire_level_mean:     21.4084
mi_loss:                   0.0231	q_taken_mean:            -12.8936	return_mean:             -762.1600	return_median:           -747.9000
return_std:              283.2822	target_mean:             -12.9550	td_error_abs:              1.8539	test_all_fires_out_mean:   0.0000
test_ep_length_mean:     100.0000	test_episode_limit_mean:   1.0000	test_mean_fire_level_mean: 22.4205	test_return_mean:        -102.7625
test_return_median:      -101.7000	test_return_std:          39.5135	
[INFO 12:10:28] my_main Recent Stats | t_env:    1538286 | Episode:    15386
all_fires_out_mean:        0.0000	entropy_loss:              0.0161	ep_length_mean:          100.0000	episode_limit_mean:        1.0000
epsilon:                   0.0500	grad_norm:               641.2443	loss:                     27.3933	mean_fire_level_mean:     21.4084
mi_loss:                   0.0231	q_taken_mean:            -12.8936	return_mean:             -762.1600	return_median:           -747.9000
return_std:              283.2822	target_mean:             -12.9550	td_error_abs:              1.8539	test_all_fires_out_mean:   0.0000
test_ep_length_mean:     100.0000	test_episode_limit_mean:   1.0000	test_mean_fire_level_mean: 22.4205	test_return_mean:        -102.7625
test_return_median:      -101.7000	test_return_std:          39.5135	
[INFO 12:11:01] my_main Updated target network
[INFO 12:11:12] my_main t_env: 1540286 / 2050000
[INFO 12:11:12] my_main Estimated time left: 3 hours, 25 minutes, 34 seconds. Time passed: 10 hours, 6 minutes, 37 seconds
[INFO 12:11:39] my_main Recent Stats | t_env:    1540286 | Episode:    15406
all_fires_out_mean:        0.0000	entropy_loss:              0.0161	ep_length_mean:          100.0000	episode_limit_mean:        1.0000
epsilon:                   0.0500	grad_norm:               641.2443	loss:                     27.3933	mean_fire_level_mean:     21.3995
mi_loss:                   0.0231	q_taken_mean:            -12.8936	return_mean:             -755.1140	return_median:           -735.2000
return_std:              283.4602	target_mean:             -12.9550	td_error_abs:              1.8539	test_all_fires_out_mean:   0.0000
test_ep_length_mean:     100.0000	test_episode_limit_mean:   1.0000	test_mean_fire_level_mean: 22.6426	test_return_mean:        -99.2125
test_return_median:      -96.0000	test_return_std:          38.1252	
[INFO 12:12:21] my_main Recent Stats | t_env:    1542286 | Episode:    15426
all_fires_out_mean:        0.0000	entropy_loss:              0.0161	ep_length_mean:          100.0000	episode_limit_mean:        1.0000
epsilon:                   0.0500	grad_norm:               641.2443	loss:                     27.3933	mean_fire_level_mean:     21.3995
mi_loss:                   0.0231	q_taken_mean:            -12.8936	return_mean:             -755.1140	return_median:           -735.2000
return_std:              283.4602	target_mean:             -12.9550	td_error_abs:              1.8539	test_all_fires_out_mean:   0.0000
test_ep_length_mean:     100.0000	test_episode_limit_mean:   1.0000	test_mean_fire_level_mean: 22.6426	test_return_mean:        -99.2125
test_return_median:      -96.0000	test_return_std:          38.1252	
[INFO 12:13:04] my_main Recent Stats | t_env:    1544286 | Episode:    15446
all_fires_out_mean:        0.0000	entropy_loss:              0.0160	ep_length_mean:          100.0000	episode_limit_mean:        1.0000
epsilon:                   0.0500	grad_norm:               613.6017	loss:                     24.0638	mean_fire_level_mean:     21.3995
mi_loss:                   0.0231	q_taken_mean:            -12.8050	return_mean:             -755.1140	return_median:           -735.2000
return_std:              283.4602	target_mean:             -12.8627	td_error_abs:              1.7606	test_all_fires_out_mean:   0.0000
test_ep_length_mean:     100.0000	test_episode_limit_mean:   1.0000	test_mean_fire_level_mean: 22.6426	test_return_mean:        -99.2125
test_return_median:      -96.0000	test_return_std:          38.1252	
[INFO 12:13:47] my_main Recent Stats | t_env:    1546286 | Episode:    15466
all_fires_out_mean:        0.0000	entropy_loss:              0.0160	ep_length_mean:          100.0000	episode_limit_mean:        1.0000
epsilon:                   0.0500	grad_norm:               613.6017	loss:                     24.0638	mean_fire_level_mean:     21.3995
mi_loss:                   0.0231	q_taken_mean:            -12.8050	return_mean:             -755.1140	return_median:           -735.2000
return_std:              283.4602	target_mean:             -12.8627	td_error_abs:              1.7606	test_all_fires_out_mean:   0.0000
test_ep_length_mean:     100.0000	test_episode_limit_mean:   1.0000	test_mean_fire_level_mean: 22.6426	test_return_mean:        -99.2125
test_return_median:      -96.0000	test_return_std:          38.1252	
[INFO 12:14:29] my_main Recent Stats | t_env:    1548286 | Episode:    15486
all_fires_out_mean:        0.0000	entropy_loss:              0.0160	ep_length_mean:          100.0000	episode_limit_mean:        1.0000
epsilon:                   0.0500	grad_norm:               613.6017	loss:                     24.0638	mean_fire_level_mean:     21.3995
mi_loss:                   0.0231	q_taken_mean:            -12.8050	return_mean:             -755.1140	return_median:           -735.2000
return_std:              283.4602	target_mean:             -12.8627	td_error_abs:              1.7606	test_all_fires_out_mean:   0.0000
test_ep_length_mean:     100.0000	test_episode_limit_mean:   1.0000	test_mean_fire_level_mean: 22.6426	test_return_mean:        -99.2125
test_return_median:      -96.0000	test_return_std:          38.1252	
[INFO 12:15:12] my_main t_env: 1550286 / 2050000
[INFO 12:15:12] my_main Estimated time left: 3 hours, 20 minutes, 4 seconds. Time passed: 10 hours, 10 minutes, 37 seconds
[INFO 12:15:39] my_main Recent Stats | t_env:    1550286 | Episode:    15506
all_fires_out_mean:        0.0000	entropy_loss:              0.0160	ep_length_mean:          100.0000	episode_limit_mean:        1.0000
epsilon:                   0.0500	grad_norm:               613.6017	loss:                     24.0638	mean_fire_level_mean:     21.4771
mi_loss:                   0.0231	q_taken_mean:            -12.8050	return_mean:             -770.9380	return_median:           -749.1000
return_std:              286.9281	target_mean:             -12.8627	td_error_abs:              1.7606	test_all_fires_out_mean:   0.0000
test_ep_length_mean:     100.0000	test_episode_limit_mean:   1.0000	test_mean_fire_level_mean: 22.6153	test_return_mean:        -94.9750
test_return_median:      -91.6000	test_return_std:          38.2147	
[INFO 12:16:21] my_main Recent Stats | t_env:    1552286 | Episode:    15526
all_fires_out_mean:        0.0000	entropy_loss:              0.0160	ep_length_mean:          100.0000	episode_limit_mean:        1.0000
epsilon:                   0.0500	grad_norm:               613.6017	loss:                     24.0638	mean_fire_level_mean:     21.4771
mi_loss:                   0.0231	q_taken_mean:            -12.8050	return_mean:             -770.9380	return_median:           -749.1000
return_std:              286.9281	target_mean:             -12.8627	td_error_abs:              1.7606	test_all_fires_out_mean:   0.0000
test_ep_length_mean:     100.0000	test_episode_limit_mean:   1.0000	test_mean_fire_level_mean: 22.6153	test_return_mean:        -94.9750
test_return_median:      -91.6000	test_return_std:          38.2147	
[INFO 12:17:04] my_main Recent Stats | t_env:    1554286 | Episode:    15546
all_fires_out_mean:        0.0000	entropy_loss:              0.0158	ep_length_mean:          100.0000	episode_limit_mean:        1.0000
epsilon:                   0.0500	grad_norm:               588.1987	loss:                     28.2049	mean_fire_level_mean:     21.4771
mi_loss:                   0.0232	q_taken_mean:            -12.6408	return_mean:             -770.9380	return_median:           -749.1000
return_std:              286.9281	target_mean:             -12.6946	td_error_abs:              1.8103	test_all_fires_out_mean:   0.0000
test_ep_length_mean:     100.0000	test_episode_limit_mean:   1.0000	test_mean_fire_level_mean: 22.6153	test_return_mean:        -94.9750
test_return_median:      -91.6000	test_return_std:          38.2147	
[INFO 12:17:47] my_main Recent Stats | t_env:    1556286 | Episode:    15566
all_fires_out_mean:        0.0000	entropy_loss:              0.0158	ep_length_mean:          100.0000	episode_limit_mean:        1.0000
epsilon:                   0.0500	grad_norm:               588.1987	loss:                     28.2049	mean_fire_level_mean:     21.4771
mi_loss:                   0.0232	q_taken_mean:            -12.6408	return_mean:             -770.9380	return_median:           -749.1000
return_std:              286.9281	target_mean:             -12.6946	td_error_abs:              1.8103	test_all_fires_out_mean:   0.0000
test_ep_length_mean:     100.0000	test_episode_limit_mean:   1.0000	test_mean_fire_level_mean: 22.6153	test_return_mean:        -94.9750
test_return_median:      -91.6000	test_return_std:          38.2147	
[INFO 12:18:29] my_main Recent Stats | t_env:    1558286 | Episode:    15586
all_fires_out_mean:        0.0000	entropy_loss:              0.0158	ep_length_mean:          100.0000	episode_limit_mean:        1.0000
epsilon:                   0.0500	grad_norm:               588.1987	loss:                     28.2049	mean_fire_level_mean:     21.4771
mi_loss:                   0.0232	q_taken_mean:            -12.6408	return_mean:             -770.9380	return_median:           -749.1000
return_std:              286.9281	target_mean:             -12.6946	td_error_abs:              1.8103	test_all_fires_out_mean:   0.0000
test_ep_length_mean:     100.0000	test_episode_limit_mean:   1.0000	test_mean_fire_level_mean: 22.6153	test_return_mean:        -94.9750
test_return_median:      -91.6000	test_return_std:          38.2147	
[INFO 12:19:01] my_main Updated target network
[INFO 12:19:12] my_main t_env: 1560286 / 2050000
[INFO 12:19:12] my_main Estimated time left: 3 hours, 16 minutes, 5 seconds. Time passed: 10 hours, 14 minutes, 38 seconds
[INFO 12:19:39] my_main Recent Stats | t_env:    1560286 | Episode:    15606
all_fires_out_mean:        0.0000	entropy_loss:              0.0158	ep_length_mean:          100.0000	episode_limit_mean:        1.0000
epsilon:                   0.0500	grad_norm:               588.1987	loss:                     28.2049	mean_fire_level_mean:     21.5849
mi_loss:                   0.0232	q_taken_mean:            -12.6408	return_mean:             -785.5760	return_median:           -766.3000
return_std:              290.6223	target_mean:             -12.6946	td_error_abs:              1.8103	test_all_fires_out_mean:   0.0000
test_ep_length_mean:     100.0000	test_episode_limit_mean:   1.0000	test_mean_fire_level_mean: 22.5756	test_return_mean:        -98.6875
test_return_median:      -96.3000	test_return_std:          39.3957	
[INFO 12:20:22] my_main Recent Stats | t_env:    1562286 | Episode:    15626
all_fires_out_mean:        0.0000	entropy_loss:              0.0158	ep_length_mean:          100.0000	episode_limit_mean:        1.0000
epsilon:                   0.0500	grad_norm:               588.1987	loss:                     28.2049	mean_fire_level_mean:     21.5849
mi_loss:                   0.0232	q_taken_mean:            -12.6408	return_mean:             -785.5760	return_median:           -766.3000
return_std:              290.6223	target_mean:             -12.6946	td_error_abs:              1.8103	test_all_fires_out_mean:   0.0000
test_ep_length_mean:     100.0000	test_episode_limit_mean:   1.0000	test_mean_fire_level_mean: 22.5756	test_return_mean:        -98.6875
test_return_median:      -96.3000	test_return_std:          39.3957	
[INFO 12:21:05] my_main Recent Stats | t_env:    1564286 | Episode:    15646
all_fires_out_mean:        0.0000	entropy_loss:              0.0154	ep_length_mean:          100.0000	episode_limit_mean:        1.0000
epsilon:                   0.0500	grad_norm:               566.0738	loss:                     26.2134	mean_fire_level_mean:     21.5849
mi_loss:                   0.0233	q_taken_mean:            -12.8050	return_mean:             -785.5760	return_median:           -766.3000
return_std:              290.6223	target_mean:             -12.8550	td_error_abs:              1.8213	test_all_fires_out_mean:   0.0000
test_ep_length_mean:     100.0000	test_episode_limit_mean:   1.0000	test_mean_fire_level_mean: 22.5756	test_return_mean:        -98.6875
test_return_median:      -96.3000	test_return_std:          39.3957	
[INFO 12:21:48] my_main Recent Stats | t_env:    1566286 | Episode:    15666
all_fires_out_mean:        0.0000	entropy_loss:              0.0154	ep_length_mean:          100.0000	episode_limit_mean:        1.0000
epsilon:                   0.0500	grad_norm:               566.0738	loss:                     26.2134	mean_fire_level_mean:     21.5849
mi_loss:                   0.0233	q_taken_mean:            -12.8050	return_mean:             -785.5760	return_median:           -766.3000
return_std:              290.6223	target_mean:             -12.8550	td_error_abs:              1.8213	test_all_fires_out_mean:   0.0000
test_ep_length_mean:     100.0000	test_episode_limit_mean:   1.0000	test_mean_fire_level_mean: 22.5756	test_return_mean:        -98.6875
test_return_median:      -96.3000	test_return_std:          39.3957	
[INFO 12:22:29] my_main Recent Stats | t_env:    1568286 | Episode:    15686
all_fires_out_mean:        0.0000	entropy_loss:              0.0154	ep_length_mean:          100.0000	episode_limit_mean:        1.0000
epsilon:                   0.0500	grad_norm:               566.0738	loss:                     26.2134	mean_fire_level_mean:     21.5849
mi_loss:                   0.0233	q_taken_mean:            -12.8050	return_mean:             -785.5760	return_median:           -766.3000
return_std:              290.6223	target_mean:             -12.8550	td_error_abs:              1.8213	test_all_fires_out_mean:   0.0000
test_ep_length_mean:     100.0000	test_episode_limit_mean:   1.0000	test_mean_fire_level_mean: 22.5756	test_return_mean:        -98.6875
test_return_median:      -96.3000	test_return_std:          39.3957	
[INFO 12:23:11] my_main t_env: 1570286 / 2050000
[INFO 12:23:11] my_main Estimated time left: 3 hours, 11 minutes, 0 seconds. Time passed: 10 hours, 18 minutes, 37 seconds
[INFO 12:23:38] my_main Recent Stats | t_env:    1570286 | Episode:    15706
all_fires_out_mean:        0.0000	entropy_loss:              0.0154	ep_length_mean:          100.0000	episode_limit_mean:        1.0000
epsilon:                   0.0500	grad_norm:               566.0738	loss:                     26.2134	mean_fire_level_mean:     21.4595
mi_loss:                   0.0233	q_taken_mean:            -12.8050	return_mean:             -775.5840	return_median:           -744.7000
return_std:              289.8101	target_mean:             -12.8550	td_error_abs:              1.8213	test_all_fires_out_mean:   0.0000
test_ep_length_mean:     100.0000	test_episode_limit_mean:   1.0000	test_mean_fire_level_mean: 22.6193	test_return_mean:        -99.9938
test_return_median:      -100.2000	test_return_std:          39.0659	
[INFO 12:24:19] my_main Recent Stats | t_env:    1572286 | Episode:    15726
all_fires_out_mean:        0.0000	entropy_loss:              0.0154	ep_length_mean:          100.0000	episode_limit_mean:        1.0000
epsilon:                   0.0500	grad_norm:               566.0738	loss:                     26.2134	mean_fire_level_mean:     21.4595
mi_loss:                   0.0233	q_taken_mean:            -12.8050	return_mean:             -775.5840	return_median:           -744.7000
return_std:              289.8101	target_mean:             -12.8550	td_error_abs:              1.8213	test_all_fires_out_mean:   0.0000
test_ep_length_mean:     100.0000	test_episode_limit_mean:   1.0000	test_mean_fire_level_mean: 22.6193	test_return_mean:        -99.9938
test_return_median:      -100.2000	test_return_std:          39.0659	
[INFO 12:25:03] my_main Recent Stats | t_env:    1574286 | Episode:    15746
all_fires_out_mean:        0.0000	entropy_loss:              0.0152	ep_length_mean:          100.0000	episode_limit_mean:        1.0000
epsilon:                   0.0500	grad_norm:               538.1689	loss:                     26.7167	mean_fire_level_mean:     21.4595
mi_loss:                   0.0233	q_taken_mean:            -12.6621	return_mean:             -775.5840	return_median:           -744.7000
return_std:              289.8101	target_mean:             -12.7637	td_error_abs:              1.7626	test_all_fires_out_mean:   0.0000
test_ep_length_mean:     100.0000	test_episode_limit_mean:   1.0000	test_mean_fire_level_mean: 22.6193	test_return_mean:        -99.9938
test_return_median:      -100.2000	test_return_std:          39.0659	
[INFO 12:25:46] my_main Recent Stats | t_env:    1576286 | Episode:    15766
all_fires_out_mean:        0.0000	entropy_loss:              0.0152	ep_length_mean:          100.0000	episode_limit_mean:        1.0000
epsilon:                   0.0500	grad_norm:               538.1689	loss:                     26.7167	mean_fire_level_mean:     21.4595
mi_loss:                   0.0233	q_taken_mean:            -12.6621	return_mean:             -775.5840	return_median:           -744.7000
return_std:              289.8101	target_mean:             -12.7637	td_error_abs:              1.7626	test_all_fires_out_mean:   0.0000
test_ep_length_mean:     100.0000	test_episode_limit_mean:   1.0000	test_mean_fire_level_mean: 22.6193	test_return_mean:        -99.9938
test_return_median:      -100.2000	test_return_std:          39.0659	
[INFO 12:26:28] my_main Recent Stats | t_env:    1578286 | Episode:    15786
all_fires_out_mean:        0.0000	entropy_loss:              0.0152	ep_length_mean:          100.0000	episode_limit_mean:        1.0000
epsilon:                   0.0500	grad_norm:               538.1689	loss:                     26.7167	mean_fire_level_mean:     21.4595
mi_loss:                   0.0233	q_taken_mean:            -12.6621	return_mean:             -775.5840	return_median:           -744.7000
return_std:              289.8101	target_mean:             -12.7637	td_error_abs:              1.7626	test_all_fires_out_mean:   0.0000
test_ep_length_mean:     100.0000	test_episode_limit_mean:   1.0000	test_mean_fire_level_mean: 22.6193	test_return_mean:        -99.9938
test_return_median:      -100.2000	test_return_std:          39.0659	
[INFO 12:27:01] my_main Updated target network
[INFO 12:27:11] my_main t_env: 1580286 / 2050000
[INFO 12:27:11] my_main Estimated time left: 3 hours, 8 minutes, 8 seconds. Time passed: 10 hours, 22 minutes, 37 seconds
[INFO 12:27:38] my_main Recent Stats | t_env:    1580286 | Episode:    15806
all_fires_out_mean:        0.0000	entropy_loss:              0.0152	ep_length_mean:          100.0000	episode_limit_mean:        1.0000
epsilon:                   0.0500	grad_norm:               538.1689	loss:                     26.7167	mean_fire_level_mean:     21.1209
mi_loss:                   0.0233	q_taken_mean:            -12.6621	return_mean:             -769.5000	return_median:           -739.2000
return_std:              287.6284	target_mean:             -12.7637	td_error_abs:              1.7626	test_all_fires_out_mean:   0.0000
test_ep_length_mean:     100.0000	test_episode_limit_mean:   1.0000	test_mean_fire_level_mean: 22.7017	test_return_mean:        -100.4813
test_return_median:      -99.4000	test_return_std:          41.0858	
[INFO 12:28:21] my_main Recent Stats | t_env:    1582286 | Episode:    15826
all_fires_out_mean:        0.0000	entropy_loss:              0.0152	ep_length_mean:          100.0000	episode_limit_mean:        1.0000
epsilon:                   0.0500	grad_norm:               538.1689	loss:                     26.7167	mean_fire_level_mean:     21.1209
mi_loss:                   0.0233	q_taken_mean:            -12.6621	return_mean:             -769.5000	return_median:           -739.2000
return_std:              287.6284	target_mean:             -12.7637	td_error_abs:              1.7626	test_all_fires_out_mean:   0.0000
test_ep_length_mean:     100.0000	test_episode_limit_mean:   1.0000	test_mean_fire_level_mean: 22.7017	test_return_mean:        -100.4813
test_return_median:      -99.4000	test_return_std:          41.0858	
[INFO 12:29:04] my_main Recent Stats | t_env:    1584286 | Episode:    15846
all_fires_out_mean:        0.0000	entropy_loss:              0.0153	ep_length_mean:          100.0000	episode_limit_mean:        1.0000
epsilon:                   0.0500	grad_norm:               554.5964	loss:                     24.6173	mean_fire_level_mean:     21.1209
mi_loss:                   0.0233	q_taken_mean:            -12.7650	return_mean:             -769.5000	return_median:           -739.2000
return_std:              287.6284	target_mean:             -12.8793	td_error_abs:              1.7069	test_all_fires_out_mean:   0.0000
test_ep_length_mean:     100.0000	test_episode_limit_mean:   1.0000	test_mean_fire_level_mean: 22.7017	test_return_mean:        -100.4813
test_return_median:      -99.4000	test_return_std:          41.0858	
[INFO 12:29:47] my_main Recent Stats | t_env:    1586286 | Episode:    15866
all_fires_out_mean:        0.0000	entropy_loss:              0.0153	ep_length_mean:          100.0000	episode_limit_mean:        1.0000
epsilon:                   0.0500	grad_norm:               554.5964	loss:                     24.6173	mean_fire_level_mean:     21.1209
mi_loss:                   0.0233	q_taken_mean:            -12.7650	return_mean:             -769.5000	return_median:           -739.2000
return_std:              287.6284	target_mean:             -12.8793	td_error_abs:              1.7069	test_all_fires_out_mean:   0.0000
test_ep_length_mean:     100.0000	test_episode_limit_mean:   1.0000	test_mean_fire_level_mean: 22.7017	test_return_mean:        -100.4813
test_return_median:      -99.4000	test_return_std:          41.0858	
[INFO 12:30:28] my_main Recent Stats | t_env:    1588286 | Episode:    15886
all_fires_out_mean:        0.0000	entropy_loss:              0.0153	ep_length_mean:          100.0000	episode_limit_mean:        1.0000
epsilon:                   0.0500	grad_norm:               554.5964	loss:                     24.6173	mean_fire_level_mean:     21.1209
mi_loss:                   0.0233	q_taken_mean:            -12.7650	return_mean:             -769.5000	return_median:           -739.2000
return_std:              287.6284	target_mean:             -12.8793	td_error_abs:              1.7069	test_all_fires_out_mean:   0.0000
test_ep_length_mean:     100.0000	test_episode_limit_mean:   1.0000	test_mean_fire_level_mean: 22.7017	test_return_mean:        -100.4813
test_return_median:      -99.4000	test_return_std:          41.0858	
[INFO 12:31:12] my_main t_env: 1590286 / 2050000
[INFO 12:31:12] my_main Estimated time left: 3 hours, 3 minutes, 56 seconds. Time passed: 10 hours, 26 minutes, 37 seconds
[INFO 12:31:39] my_main Recent Stats | t_env:    1590286 | Episode:    15906
all_fires_out_mean:        0.0000	entropy_loss:              0.0153	ep_length_mean:          100.0000	episode_limit_mean:        1.0000
epsilon:                   0.0500	grad_norm:               554.5964	loss:                     24.6173	mean_fire_level_mean:     21.0173
mi_loss:                   0.0233	q_taken_mean:            -12.7650	return_mean:             -765.5100	return_median:           -739.1000
return_std:              292.7051	target_mean:             -12.8793	td_error_abs:              1.7069	test_all_fires_out_mean:   0.0000
test_ep_length_mean:     100.0000	test_episode_limit_mean:   1.0000	test_mean_fire_level_mean: 22.5193	test_return_mean:        -99.5812
test_return_median:      -101.2000	test_return_std:          43.7973	
[INFO 12:32:22] my_main Recent Stats | t_env:    1592286 | Episode:    15926
all_fires_out_mean:        0.0000	entropy_loss:              0.0153	ep_length_mean:          100.0000	episode_limit_mean:        1.0000
epsilon:                   0.0500	grad_norm:               554.5964	loss:                     24.6173	mean_fire_level_mean:     21.0173
mi_loss:                   0.0233	q_taken_mean:            -12.7650	return_mean:             -765.5100	return_median:           -739.1000
return_std:              292.7051	target_mean:             -12.8793	td_error_abs:              1.7069	test_all_fires_out_mean:   0.0000
test_ep_length_mean:     100.0000	test_episode_limit_mean:   1.0000	test_mean_fire_level_mean: 22.5193	test_return_mean:        -99.5812
test_return_median:      -101.2000	test_return_std:          43.7973	
[INFO 12:33:05] my_main Recent Stats | t_env:    1594286 | Episode:    15946
all_fires_out_mean:        0.0000	entropy_loss:              0.0152	ep_length_mean:          100.0000	episode_limit_mean:        1.0000
epsilon:                   0.0500	grad_norm:               564.4803	loss:                     25.9821	mean_fire_level_mean:     21.0173
mi_loss:                   0.0233	q_taken_mean:            -12.6042	return_mean:             -765.5100	return_median:           -739.1000
return_std:              292.7051	target_mean:             -12.7211	td_error_abs:              1.7646	test_all_fires_out_mean:   0.0000
test_ep_length_mean:     100.0000	test_episode_limit_mean:   1.0000	test_mean_fire_level_mean: 22.5193	test_return_mean:        -99.5812
test_return_median:      -101.2000	test_return_std:          43.7973	
[INFO 12:33:46] my_main Recent Stats | t_env:    1596286 | Episode:    15966
all_fires_out_mean:        0.0000	entropy_loss:              0.0152	ep_length_mean:          100.0000	episode_limit_mean:        1.0000
epsilon:                   0.0500	grad_norm:               564.4803	loss:                     25.9821	mean_fire_level_mean:     21.0173
mi_loss:                   0.0233	q_taken_mean:            -12.6042	return_mean:             -765.5100	return_median:           -739.1000
return_std:              292.7051	target_mean:             -12.7211	td_error_abs:              1.7646	test_all_fires_out_mean:   0.0000
test_ep_length_mean:     100.0000	test_episode_limit_mean:   1.0000	test_mean_fire_level_mean: 22.5193	test_return_mean:        -99.5812
test_return_median:      -101.2000	test_return_std:          43.7973	
[INFO 12:34:28] my_main Recent Stats | t_env:    1598286 | Episode:    15986
all_fires_out_mean:        0.0000	entropy_loss:              0.0152	ep_length_mean:          100.0000	episode_limit_mean:        1.0000
epsilon:                   0.0500	grad_norm:               564.4803	loss:                     25.9821	mean_fire_level_mean:     21.0173
mi_loss:                   0.0233	q_taken_mean:            -12.6042	return_mean:             -765.5100	return_median:           -739.1000
return_std:              292.7051	target_mean:             -12.7211	td_error_abs:              1.7646	test_all_fires_out_mean:   0.0000
test_ep_length_mean:     100.0000	test_episode_limit_mean:   1.0000	test_mean_fire_level_mean: 22.5193	test_return_mean:        -99.5812
test_return_median:      -101.2000	test_return_std:          43.7973	
[INFO 12:35:00] my_main Updated target network
[INFO 12:35:11] my_main t_env: 1600286 / 2050000
[INFO 12:35:11] my_main Estimated time left: 2 hours, 59 minutes, 31 seconds. Time passed: 10 hours, 30 minutes, 37 seconds
[INFO 12:35:38] my_main Recent Stats | t_env:    1600286 | Episode:    16006
all_fires_out_mean:        0.0000	entropy_loss:              0.0152	ep_length_mean:          100.0000	episode_limit_mean:        1.0000
epsilon:                   0.0500	grad_norm:               564.4803	loss:                     25.9821	mean_fire_level_mean:     20.9098
mi_loss:                   0.0233	q_taken_mean:            -12.6042	return_mean:             -756.1060	return_median:           -729.6000
return_std:              291.8358	target_mean:             -12.7211	td_error_abs:              1.7646	test_all_fires_out_mean:   0.0000
test_ep_length_mean:     100.0000	test_episode_limit_mean:   1.0000	test_mean_fire_level_mean: 22.5472	test_return_mean:        -103.1875
test_return_median:      -107.6000	test_return_std:          45.0033	
[INFO 12:36:20] my_main Recent Stats | t_env:    1602286 | Episode:    16026
all_fires_out_mean:        0.0000	entropy_loss:              0.0152	ep_length_mean:          100.0000	episode_limit_mean:        1.0000
epsilon:                   0.0500	grad_norm:               564.4803	loss:                     25.9821	mean_fire_level_mean:     20.9098
mi_loss:                   0.0233	q_taken_mean:            -12.6042	return_mean:             -756.1060	return_median:           -729.6000
return_std:              291.8358	target_mean:             -12.7211	td_error_abs:              1.7646	test_all_fires_out_mean:   0.0000
test_ep_length_mean:     100.0000	test_episode_limit_mean:   1.0000	test_mean_fire_level_mean: 22.5472	test_return_mean:        -103.1875
test_return_median:      -107.6000	test_return_std:          45.0033	
[INFO 12:37:02] my_main Recent Stats | t_env:    1604286 | Episode:    16046
all_fires_out_mean:        0.0000	entropy_loss:              0.0153	ep_length_mean:          100.0000	episode_limit_mean:        1.0000
epsilon:                   0.0500	grad_norm:               569.1554	loss:                     19.7657	mean_fire_level_mean:     20.9098
mi_loss:                   0.0233	q_taken_mean:            -12.8129	return_mean:             -756.1060	return_median:           -729.6000
return_std:              291.8358	target_mean:             -12.9309	td_error_abs:              1.6677	test_all_fires_out_mean:   0.0000
test_ep_length_mean:     100.0000	test_episode_limit_mean:   1.0000	test_mean_fire_level_mean: 22.5472	test_return_mean:        -103.1875
test_return_median:      -107.6000	test_return_std:          45.0033	
[INFO 12:37:45] my_main Recent Stats | t_env:    1606286 | Episode:    16066
all_fires_out_mean:        0.0000	entropy_loss:              0.0153	ep_length_mean:          100.0000	episode_limit_mean:        1.0000
epsilon:                   0.0500	grad_norm:               569.1554	loss:                     19.7657	mean_fire_level_mean:     20.9098
mi_loss:                   0.0233	q_taken_mean:            -12.8129	return_mean:             -756.1060	return_median:           -729.6000
return_std:              291.8358	target_mean:             -12.9309	td_error_abs:              1.6677	test_all_fires_out_mean:   0.0000
test_ep_length_mean:     100.0000	test_episode_limit_mean:   1.0000	test_mean_fire_level_mean: 22.5472	test_return_mean:        -103.1875
test_return_median:      -107.6000	test_return_std:          45.0033	
[INFO 12:38:28] my_main Recent Stats | t_env:    1608286 | Episode:    16086
all_fires_out_mean:        0.0000	entropy_loss:              0.0153	ep_length_mean:          100.0000	episode_limit_mean:        1.0000
epsilon:                   0.0500	grad_norm:               569.1554	loss:                     19.7657	mean_fire_level_mean:     20.9098
mi_loss:                   0.0233	q_taken_mean:            -12.8129	return_mean:             -756.1060	return_median:           -729.6000
return_std:              291.8358	target_mean:             -12.9309	td_error_abs:              1.6677	test_all_fires_out_mean:   0.0000
test_ep_length_mean:     100.0000	test_episode_limit_mean:   1.0000	test_mean_fire_level_mean: 22.5472	test_return_mean:        -103.1875
test_return_median:      -107.6000	test_return_std:          45.0033	
[INFO 12:39:11] my_main t_env: 1610286 / 2050000
[INFO 12:39:11] my_main Estimated time left: 2 hours, 56 minutes, 0 seconds. Time passed: 10 hours, 34 minutes, 37 seconds
[INFO 12:39:38] my_main Recent Stats | t_env:    1610286 | Episode:    16106
all_fires_out_mean:        0.0000	entropy_loss:              0.0153	ep_length_mean:          100.0000	episode_limit_mean:        1.0000
epsilon:                   0.0500	grad_norm:               569.1554	loss:                     19.7657	mean_fire_level_mean:     20.8742
mi_loss:                   0.0233	q_taken_mean:            -12.8129	return_mean:             -745.0940	return_median:           -718.2000
return_std:              290.0348	target_mean:             -12.9309	td_error_abs:              1.6677	test_all_fires_out_mean:   0.0000
test_ep_length_mean:     100.0000	test_episode_limit_mean:   1.0000	test_mean_fire_level_mean: 22.5608	test_return_mean:        -102.8812
test_return_median:      -105.8000	test_return_std:          41.9339	
[INFO 12:40:20] my_main Recent Stats | t_env:    1612286 | Episode:    16126
all_fires_out_mean:        0.0000	entropy_loss:              0.0153	ep_length_mean:          100.0000	episode_limit_mean:        1.0000
epsilon:                   0.0500	grad_norm:               569.1554	loss:                     19.7657	mean_fire_level_mean:     20.8742
mi_loss:                   0.0233	q_taken_mean:            -12.8129	return_mean:             -745.0940	return_median:           -718.2000
return_std:              290.0348	target_mean:             -12.9309	td_error_abs:              1.6677	test_all_fires_out_mean:   0.0000
test_ep_length_mean:     100.0000	test_episode_limit_mean:   1.0000	test_mean_fire_level_mean: 22.5608	test_return_mean:        -102.8812
test_return_median:      -105.8000	test_return_std:          41.9339	
[INFO 12:41:04] my_main Recent Stats | t_env:    1614286 | Episode:    16146
all_fires_out_mean:        0.0000	entropy_loss:              0.0154	ep_length_mean:          100.0000	episode_limit_mean:        1.0000
epsilon:                   0.0500	grad_norm:               584.7985	loss:                     31.2343	mean_fire_level_mean:     20.8742
mi_loss:                   0.0232	q_taken_mean:            -12.6482	return_mean:             -745.0940	return_median:           -718.2000
return_std:              290.0348	target_mean:             -12.7670	td_error_abs:              1.7178	test_all_fires_out_mean:   0.0000
test_ep_length_mean:     100.0000	test_episode_limit_mean:   1.0000	test_mean_fire_level_mean: 22.5608	test_return_mean:        -102.8812
test_return_median:      -105.8000	test_return_std:          41.9339	
[INFO 12:41:47] my_main Recent Stats | t_env:    1616286 | Episode:    16166
all_fires_out_mean:        0.0000	entropy_loss:              0.0154	ep_length_mean:          100.0000	episode_limit_mean:        1.0000
epsilon:                   0.0500	grad_norm:               584.7985	loss:                     31.2343	mean_fire_level_mean:     20.8742
mi_loss:                   0.0232	q_taken_mean:            -12.6482	return_mean:             -745.0940	return_median:           -718.2000
return_std:              290.0348	target_mean:             -12.7670	td_error_abs:              1.7178	test_all_fires_out_mean:   0.0000
test_ep_length_mean:     100.0000	test_episode_limit_mean:   1.0000	test_mean_fire_level_mean: 22.5608	test_return_mean:        -102.8812
test_return_median:      -105.8000	test_return_std:          41.9339	
[INFO 12:42:29] my_main Recent Stats | t_env:    1618286 | Episode:    16186
all_fires_out_mean:        0.0000	entropy_loss:              0.0154	ep_length_mean:          100.0000	episode_limit_mean:        1.0000
epsilon:                   0.0500	grad_norm:               584.7985	loss:                     31.2343	mean_fire_level_mean:     20.8742
mi_loss:                   0.0232	q_taken_mean:            -12.6482	return_mean:             -745.0940	return_median:           -718.2000
return_std:              290.0348	target_mean:             -12.7670	td_error_abs:              1.7178	test_all_fires_out_mean:   0.0000
test_ep_length_mean:     100.0000	test_episode_limit_mean:   1.0000	test_mean_fire_level_mean: 22.5608	test_return_mean:        -102.8812
test_return_median:      -105.8000	test_return_std:          41.9339	
[INFO 12:43:02] my_main Updated target network
[INFO 12:43:12] my_main t_env: 1620286 / 2050000
[INFO 12:43:12] my_main Estimated time left: 2 hours, 52 minutes, 44 seconds. Time passed: 10 hours, 38 minutes, 38 seconds
[INFO 12:43:40] my_main Recent Stats | t_env:    1620286 | Episode:    16206
all_fires_out_mean:        0.0000	entropy_loss:              0.0154	ep_length_mean:          100.0000	episode_limit_mean:        1.0000
epsilon:                   0.0500	grad_norm:               584.7985	loss:                     31.2343	mean_fire_level_mean:     20.8518
mi_loss:                   0.0232	q_taken_mean:            -12.6482	return_mean:             -740.7440	return_median:           -714.5000
return_std:              279.4585	target_mean:             -12.7670	td_error_abs:              1.7178	test_all_fires_out_mean:   0.0000
test_ep_length_mean:     100.0000	test_episode_limit_mean:   1.0000	test_mean_fire_level_mean: 22.4653	test_return_mean:        -100.1375
test_return_median:      -102.7000	test_return_std:          43.9010	
[INFO 12:44:22] my_main Recent Stats | t_env:    1622286 | Episode:    16226
all_fires_out_mean:        0.0000	entropy_loss:              0.0154	ep_length_mean:          100.0000	episode_limit_mean:        1.0000
epsilon:                   0.0500	grad_norm:               584.7985	loss:                     31.2343	mean_fire_level_mean:     20.8518
mi_loss:                   0.0232	q_taken_mean:            -12.6482	return_mean:             -740.7440	return_median:           -714.5000
return_std:              279.4585	target_mean:             -12.7670	td_error_abs:              1.7178	test_all_fires_out_mean:   0.0000
test_ep_length_mean:     100.0000	test_episode_limit_mean:   1.0000	test_mean_fire_level_mean: 22.4653	test_return_mean:        -100.1375
test_return_median:      -102.7000	test_return_std:          43.9010	
[INFO 12:45:06] my_main Recent Stats | t_env:    1624286 | Episode:    16246
all_fires_out_mean:        0.0000	entropy_loss:              0.0155	ep_length_mean:          100.0000	episode_limit_mean:        1.0000
epsilon:                   0.0500	grad_norm:               635.4100	loss:                     31.5678	mean_fire_level_mean:     20.8518
mi_loss:                   0.0232	q_taken_mean:            -12.8701	return_mean:             -740.7440	return_median:           -714.5000
return_std:              279.4585	target_mean:             -12.9953	td_error_abs:              1.7791	test_all_fires_out_mean:   0.0000
test_ep_length_mean:     100.0000	test_episode_limit_mean:   1.0000	test_mean_fire_level_mean: 22.4653	test_return_mean:        -100.1375
test_return_median:      -102.7000	test_return_std:          43.9010	
[INFO 12:45:49] my_main Recent Stats | t_env:    1626286 | Episode:    16266
all_fires_out_mean:        0.0000	entropy_loss:              0.0155	ep_length_mean:          100.0000	episode_limit_mean:        1.0000
epsilon:                   0.0500	grad_norm:               635.4100	loss:                     31.5678	mean_fire_level_mean:     20.8518
mi_loss:                   0.0232	q_taken_mean:            -12.8701	return_mean:             -740.7440	return_median:           -714.5000
return_std:              279.4585	target_mean:             -12.9953	td_error_abs:              1.7791	test_all_fires_out_mean:   0.0000
test_ep_length_mean:     100.0000	test_episode_limit_mean:   1.0000	test_mean_fire_level_mean: 22.4653	test_return_mean:        -100.1375
test_return_median:      -102.7000	test_return_std:          43.9010	
[INFO 12:46:31] my_main Recent Stats | t_env:    1628286 | Episode:    16286
all_fires_out_mean:        0.0000	entropy_loss:              0.0155	ep_length_mean:          100.0000	episode_limit_mean:        1.0000
epsilon:                   0.0500	grad_norm:               635.4100	loss:                     31.5678	mean_fire_level_mean:     20.8518
mi_loss:                   0.0232	q_taken_mean:            -12.8701	return_mean:             -740.7440	return_median:           -714.5000
return_std:              279.4585	target_mean:             -12.9953	td_error_abs:              1.7791	test_all_fires_out_mean:   0.0000
test_ep_length_mean:     100.0000	test_episode_limit_mean:   1.0000	test_mean_fire_level_mean: 22.4653	test_return_mean:        -100.1375
test_return_median:      -102.7000	test_return_std:          43.9010	
[INFO 12:47:14] my_main t_env: 1630286 / 2050000
[INFO 12:47:14] my_main Estimated time left: 2 hours, 49 minutes, 12 seconds. Time passed: 10 hours, 42 minutes, 40 seconds
[INFO 12:47:42] my_main Recent Stats | t_env:    1630286 | Episode:    16306
all_fires_out_mean:        0.0000	entropy_loss:              0.0155	ep_length_mean:          100.0000	episode_limit_mean:        1.0000
epsilon:                   0.0500	grad_norm:               635.4100	loss:                     31.5678	mean_fire_level_mean:     21.0707
mi_loss:                   0.0232	q_taken_mean:            -12.8701	return_mean:             -735.4060	return_median:           -707.1000
return_std:              271.4544	target_mean:             -12.9953	td_error_abs:              1.7791	test_all_fires_out_mean:   0.0000
test_ep_length_mean:     100.0000	test_episode_limit_mean:   1.0000	test_mean_fire_level_mean: 22.2199	test_return_mean:        -99.1625
test_return_median:      -104.0000	test_return_std:          44.3114	
[INFO 12:48:25] my_main Recent Stats | t_env:    1632286 | Episode:    16326
all_fires_out_mean:        0.0000	entropy_loss:              0.0155	ep_length_mean:          100.0000	episode_limit_mean:        1.0000
epsilon:                   0.0500	grad_norm:               635.4100	loss:                     31.5678	mean_fire_level_mean:     21.0707
mi_loss:                   0.0232	q_taken_mean:            -12.8701	return_mean:             -735.4060	return_median:           -707.1000
return_std:              271.4544	target_mean:             -12.9953	td_error_abs:              1.7791	test_all_fires_out_mean:   0.0000
test_ep_length_mean:     100.0000	test_episode_limit_mean:   1.0000	test_mean_fire_level_mean: 22.2199	test_return_mean:        -99.1625
test_return_median:      -104.0000	test_return_std:          44.3114	
[INFO 12:49:08] my_main Recent Stats | t_env:    1634286 | Episode:    16346
all_fires_out_mean:        0.0000	entropy_loss:              0.0154	ep_length_mean:          100.0000	episode_limit_mean:        1.0000
epsilon:                   0.0500	grad_norm:               679.5930	loss:                     30.0989	mean_fire_level_mean:     21.0707
mi_loss:                   0.0233	q_taken_mean:            -12.9755	return_mean:             -735.4060	return_median:           -707.1000
return_std:              271.4544	target_mean:             -13.0524	td_error_abs:              1.8462	test_all_fires_out_mean:   0.0000
test_ep_length_mean:     100.0000	test_episode_limit_mean:   1.0000	test_mean_fire_level_mean: 22.2199	test_return_mean:        -99.1625
test_return_median:      -104.0000	test_return_std:          44.3114	
[INFO 12:49:50] my_main Recent Stats | t_env:    1636286 | Episode:    16366
all_fires_out_mean:        0.0000	entropy_loss:              0.0154	ep_length_mean:          100.0000	episode_limit_mean:        1.0000
epsilon:                   0.0500	grad_norm:               679.5930	loss:                     30.0989	mean_fire_level_mean:     21.0707
mi_loss:                   0.0233	q_taken_mean:            -12.9755	return_mean:             -735.4060	return_median:           -707.1000
return_std:              271.4544	target_mean:             -13.0524	td_error_abs:              1.8462	test_all_fires_out_mean:   0.0000
test_ep_length_mean:     100.0000	test_episode_limit_mean:   1.0000	test_mean_fire_level_mean: 22.2199	test_return_mean:        -99.1625
test_return_median:      -104.0000	test_return_std:          44.3114	
[INFO 12:50:33] my_main Recent Stats | t_env:    1638286 | Episode:    16386
all_fires_out_mean:        0.0000	entropy_loss:              0.0154	ep_length_mean:          100.0000	episode_limit_mean:        1.0000
epsilon:                   0.0500	grad_norm:               679.5930	loss:                     30.0989	mean_fire_level_mean:     21.0707
mi_loss:                   0.0233	q_taken_mean:            -12.9755	return_mean:             -735.4060	return_median:           -707.1000
return_std:              271.4544	target_mean:             -13.0524	td_error_abs:              1.8462	test_all_fires_out_mean:   0.0000
test_ep_length_mean:     100.0000	test_episode_limit_mean:   1.0000	test_mean_fire_level_mean: 22.2199	test_return_mean:        -99.1625
test_return_median:      -104.0000	test_return_std:          44.3114	
[INFO 12:51:05] my_main Updated target network
[INFO 12:51:16] my_main t_env: 1640286 / 2050000
[INFO 12:51:16] my_main Estimated time left: 2 hours, 44 minutes, 57 seconds. Time passed: 10 hours, 46 minutes, 41 seconds
[INFO 12:51:43] my_main Recent Stats | t_env:    1640286 | Episode:    16406
all_fires_out_mean:        0.0000	entropy_loss:              0.0154	ep_length_mean:          100.0000	episode_limit_mean:        1.0000
epsilon:                   0.0500	grad_norm:               679.5930	loss:                     30.0989	mean_fire_level_mean:     21.0155
mi_loss:                   0.0233	q_taken_mean:            -12.9755	return_mean:             -725.9360	return_median:           -696.2000
return_std:              262.9327	target_mean:             -13.0524	td_error_abs:              1.8462	test_all_fires_out_mean:   0.0000
test_ep_length_mean:     100.0000	test_episode_limit_mean:   1.0000	test_mean_fire_level_mean: 22.2989	test_return_mean:        -102.5625
test_return_median:      -105.4000	test_return_std:          43.4401	
[INFO 12:52:26] my_main Recent Stats | t_env:    1642286 | Episode:    16426
all_fires_out_mean:        0.0000	entropy_loss:              0.0154	ep_length_mean:          100.0000	episode_limit_mean:        1.0000
epsilon:                   0.0500	grad_norm:               679.5930	loss:                     30.0989	mean_fire_level_mean:     21.0155
mi_loss:                   0.0233	q_taken_mean:            -12.9755	return_mean:             -725.9360	return_median:           -696.2000
return_std:              262.9327	target_mean:             -13.0524	td_error_abs:              1.8462	test_all_fires_out_mean:   0.0000
test_ep_length_mean:     100.0000	test_episode_limit_mean:   1.0000	test_mean_fire_level_mean: 22.2989	test_return_mean:        -102.5625
test_return_median:      -105.4000	test_return_std:          43.4401	
[INFO 12:53:09] my_main Recent Stats | t_env:    1644286 | Episode:    16446
all_fires_out_mean:        0.0000	entropy_loss:              0.0152	ep_length_mean:          100.0000	episode_limit_mean:        1.0000
epsilon:                   0.0500	grad_norm:               662.5047	loss:                     34.4223	mean_fire_level_mean:     21.0155
mi_loss:                   0.0233	q_taken_mean:            -12.9108	return_mean:             -725.9360	return_median:           -696.2000
return_std:              262.9327	target_mean:             -12.9822	td_error_abs:              1.8067	test_all_fires_out_mean:   0.0000
test_ep_length_mean:     100.0000	test_episode_limit_mean:   1.0000	test_mean_fire_level_mean: 22.2989	test_return_mean:        -102.5625
test_return_median:      -105.4000	test_return_std:          43.4401	
[INFO 12:53:52] my_main Recent Stats | t_env:    1646286 | Episode:    16466
all_fires_out_mean:        0.0000	entropy_loss:              0.0152	ep_length_mean:          100.0000	episode_limit_mean:        1.0000
epsilon:                   0.0500	grad_norm:               662.5047	loss:                     34.4223	mean_fire_level_mean:     21.0155
mi_loss:                   0.0233	q_taken_mean:            -12.9108	return_mean:             -725.9360	return_median:           -696.2000
return_std:              262.9327	target_mean:             -12.9822	td_error_abs:              1.8067	test_all_fires_out_mean:   0.0000
test_ep_length_mean:     100.0000	test_episode_limit_mean:   1.0000	test_mean_fire_level_mean: 22.2989	test_return_mean:        -102.5625
test_return_median:      -105.4000	test_return_std:          43.4401	
[INFO 12:54:33] my_main Recent Stats | t_env:    1648286 | Episode:    16486
all_fires_out_mean:        0.0000	entropy_loss:              0.0152	ep_length_mean:          100.0000	episode_limit_mean:        1.0000
epsilon:                   0.0500	grad_norm:               662.5047	loss:                     34.4223	mean_fire_level_mean:     21.0155
mi_loss:                   0.0233	q_taken_mean:            -12.9108	return_mean:             -725.9360	return_median:           -696.2000
return_std:              262.9327	target_mean:             -12.9822	td_error_abs:              1.8067	test_all_fires_out_mean:   0.0000
test_ep_length_mean:     100.0000	test_episode_limit_mean:   1.0000	test_mean_fire_level_mean: 22.2989	test_return_mean:        -102.5625
test_return_median:      -105.4000	test_return_std:          43.4401	
[INFO 12:55:17] my_main t_env: 1650286 / 2050000
[INFO 12:55:17] my_main Estimated time left: 2 hours, 40 minutes, 29 seconds. Time passed: 10 hours, 50 minutes, 42 seconds
[INFO 12:55:44] my_main Recent Stats | t_env:    1650286 | Episode:    16506
all_fires_out_mean:        0.0000	entropy_loss:              0.0152	ep_length_mean:          100.0000	episode_limit_mean:        1.0000
epsilon:                   0.0500	grad_norm:               662.5047	loss:                     34.4223	mean_fire_level_mean:     20.9831
mi_loss:                   0.0233	q_taken_mean:            -12.9108	return_mean:             -726.2180	return_median:           -693.1000
return_std:              267.4520	target_mean:             -12.9822	td_error_abs:              1.8067	test_all_fires_out_mean:   0.0000
test_ep_length_mean:     100.0000	test_episode_limit_mean:   1.0000	test_mean_fire_level_mean: 22.2142	test_return_mean:        -101.2375
test_return_median:      -102.2000	test_return_std:          42.3656	
[INFO 12:56:27] my_main Recent Stats | t_env:    1652286 | Episode:    16526
all_fires_out_mean:        0.0000	entropy_loss:              0.0152	ep_length_mean:          100.0000	episode_limit_mean:        1.0000
epsilon:                   0.0500	grad_norm:               662.5047	loss:                     34.4223	mean_fire_level_mean:     20.9831
mi_loss:                   0.0233	q_taken_mean:            -12.9108	return_mean:             -726.2180	return_median:           -693.1000
return_std:              267.4520	target_mean:             -12.9822	td_error_abs:              1.8067	test_all_fires_out_mean:   0.0000
test_ep_length_mean:     100.0000	test_episode_limit_mean:   1.0000	test_mean_fire_level_mean: 22.2142	test_return_mean:        -101.2375
test_return_median:      -102.2000	test_return_std:          42.3656	
[INFO 12:57:10] my_main Recent Stats | t_env:    1654286 | Episode:    16546
all_fires_out_mean:        0.0000	entropy_loss:              0.0153	ep_length_mean:          100.0000	episode_limit_mean:        1.0000
epsilon:                   0.0500	grad_norm:               641.9667	loss:                     39.5219	mean_fire_level_mean:     20.9831
mi_loss:                   0.0233	q_taken_mean:            -12.7360	return_mean:             -726.2180	return_median:           -693.1000
return_std:              267.4520	target_mean:             -12.8046	td_error_abs:              1.8610	test_all_fires_out_mean:   0.0000
test_ep_length_mean:     100.0000	test_episode_limit_mean:   1.0000	test_mean_fire_level_mean: 22.2142	test_return_mean:        -101.2375
test_return_median:      -102.2000	test_return_std:          42.3656	
[INFO 12:57:53] my_main Recent Stats | t_env:    1656286 | Episode:    16566
all_fires_out_mean:        0.0000	entropy_loss:              0.0153	ep_length_mean:          100.0000	episode_limit_mean:        1.0000
epsilon:                   0.0500	grad_norm:               641.9667	loss:                     39.5219	mean_fire_level_mean:     20.9831
mi_loss:                   0.0233	q_taken_mean:            -12.7360	return_mean:             -726.2180	return_median:           -693.1000
return_std:              267.4520	target_mean:             -12.8046	td_error_abs:              1.8610	test_all_fires_out_mean:   0.0000
test_ep_length_mean:     100.0000	test_episode_limit_mean:   1.0000	test_mean_fire_level_mean: 22.2142	test_return_mean:        -101.2375
test_return_median:      -102.2000	test_return_std:          42.3656	
[INFO 12:58:36] my_main Recent Stats | t_env:    1658286 | Episode:    16586
all_fires_out_mean:        0.0000	entropy_loss:              0.0153	ep_length_mean:          100.0000	episode_limit_mean:        1.0000
epsilon:                   0.0500	grad_norm:               641.9667	loss:                     39.5219	mean_fire_level_mean:     20.9831
mi_loss:                   0.0233	q_taken_mean:            -12.7360	return_mean:             -726.2180	return_median:           -693.1000
return_std:              267.4520	target_mean:             -12.8046	td_error_abs:              1.8610	test_all_fires_out_mean:   0.0000
test_ep_length_mean:     100.0000	test_episode_limit_mean:   1.0000	test_mean_fire_level_mean: 22.2142	test_return_mean:        -101.2375
test_return_median:      -102.2000	test_return_std:          42.3656	
[INFO 12:59:08] my_main Updated target network
[INFO 12:59:19] my_main t_env: 1660286 / 2050000
[INFO 12:59:19] my_main Estimated time left: 2 hours, 37 minutes, 9 seconds. Time passed: 10 hours, 54 minutes, 44 seconds
[INFO 12:59:46] my_main Recent Stats | t_env:    1660286 | Episode:    16606
all_fires_out_mean:        0.0000	entropy_loss:              0.0153	ep_length_mean:          100.0000	episode_limit_mean:        1.0000
epsilon:                   0.0500	grad_norm:               641.9667	loss:                     39.5219	mean_fire_level_mean:     21.0429
mi_loss:                   0.0233	q_taken_mean:            -12.7360	return_mean:             -732.8700	return_median:           -690.3000
return_std:              268.1135	target_mean:             -12.8046	td_error_abs:              1.8610	test_all_fires_out_mean:   0.0000
test_ep_length_mean:     100.0000	test_episode_limit_mean:   1.0000	test_mean_fire_level_mean: 22.1028	test_return_mean:        -100.4375
test_return_median:      -104.6000	test_return_std:          43.4200	
[INFO 13:00:29] my_main Recent Stats | t_env:    1662286 | Episode:    16626
all_fires_out_mean:        0.0000	entropy_loss:              0.0153	ep_length_mean:          100.0000	episode_limit_mean:        1.0000
epsilon:                   0.0500	grad_norm:               641.9667	loss:                     39.5219	mean_fire_level_mean:     21.0429
mi_loss:                   0.0233	q_taken_mean:            -12.7360	return_mean:             -732.8700	return_median:           -690.3000
return_std:              268.1135	target_mean:             -12.8046	td_error_abs:              1.8610	test_all_fires_out_mean:   0.0000
test_ep_length_mean:     100.0000	test_episode_limit_mean:   1.0000	test_mean_fire_level_mean: 22.1028	test_return_mean:        -100.4375
test_return_median:      -104.6000	test_return_std:          43.4200	
[INFO 13:01:12] my_main Recent Stats | t_env:    1664286 | Episode:    16646
all_fires_out_mean:        0.0000	entropy_loss:              0.0152	ep_length_mean:          100.0000	episode_limit_mean:        1.0000
epsilon:                   0.0500	grad_norm:               682.7719	loss:                     41.8844	mean_fire_level_mean:     21.0429
mi_loss:                   0.0234	q_taken_mean:            -12.7364	return_mean:             -732.8700	return_median:           -690.3000
return_std:              268.1135	target_mean:             -12.8208	td_error_abs:              1.9727	test_all_fires_out_mean:   0.0000
test_ep_length_mean:     100.0000	test_episode_limit_mean:   1.0000	test_mean_fire_level_mean: 22.1028	test_return_mean:        -100.4375
test_return_median:      -104.6000	test_return_std:          43.4200	
[INFO 13:01:56] my_main Recent Stats | t_env:    1666286 | Episode:    16666
all_fires_out_mean:        0.0000	entropy_loss:              0.0152	ep_length_mean:          100.0000	episode_limit_mean:        1.0000
epsilon:                   0.0500	grad_norm:               682.7719	loss:                     41.8844	mean_fire_level_mean:     21.0429
mi_loss:                   0.0234	q_taken_mean:            -12.7364	return_mean:             -732.8700	return_median:           -690.3000
return_std:              268.1135	target_mean:             -12.8208	td_error_abs:              1.9727	test_all_fires_out_mean:   0.0000
test_ep_length_mean:     100.0000	test_episode_limit_mean:   1.0000	test_mean_fire_level_mean: 22.1028	test_return_mean:        -100.4375
test_return_median:      -104.6000	test_return_std:          43.4200	
[INFO 13:02:38] my_main Recent Stats | t_env:    1668286 | Episode:    16686
all_fires_out_mean:        0.0000	entropy_loss:              0.0152	ep_length_mean:          100.0000	episode_limit_mean:        1.0000
epsilon:                   0.0500	grad_norm:               682.7719	loss:                     41.8844	mean_fire_level_mean:     21.0429
mi_loss:                   0.0234	q_taken_mean:            -12.7364	return_mean:             -732.8700	return_median:           -690.3000
return_std:              268.1135	target_mean:             -12.8208	td_error_abs:              1.9727	test_all_fires_out_mean:   0.0000
test_ep_length_mean:     100.0000	test_episode_limit_mean:   1.0000	test_mean_fire_level_mean: 22.1028	test_return_mean:        -100.4375
test_return_median:      -104.6000	test_return_std:          43.4200	
[INFO 13:03:20] my_main t_env: 1670286 / 2050000
[INFO 13:03:20] my_main Estimated time left: 2 hours, 32 minutes, 29 seconds. Time passed: 10 hours, 58 minutes, 45 seconds
[INFO 13:03:46] my_main Recent Stats | t_env:    1670286 | Episode:    16706
all_fires_out_mean:        0.0000	entropy_loss:              0.0152	ep_length_mean:          100.0000	episode_limit_mean:        1.0000
epsilon:                   0.0500	grad_norm:               682.7719	loss:                     41.8844	mean_fire_level_mean:     21.0969
mi_loss:                   0.0234	q_taken_mean:            -12.7364	return_mean:             -740.6600	return_median:           -704.3000
return_std:              270.1778	target_mean:             -12.8208	td_error_abs:              1.9727	test_all_fires_out_mean:   0.0000
test_ep_length_mean:     100.0000	test_episode_limit_mean:   1.0000	test_mean_fire_level_mean: 22.0642	test_return_mean:        -101.7250
test_return_median:      -105.2000	test_return_std:          43.2904	
[INFO 13:04:29] my_main Recent Stats | t_env:    1672286 | Episode:    16726
all_fires_out_mean:        0.0000	entropy_loss:              0.0152	ep_length_mean:          100.0000	episode_limit_mean:        1.0000
epsilon:                   0.0500	grad_norm:               682.7719	loss:                     41.8844	mean_fire_level_mean:     21.0969
mi_loss:                   0.0234	q_taken_mean:            -12.7364	return_mean:             -740.6600	return_median:           -704.3000
return_std:              270.1778	target_mean:             -12.8208	td_error_abs:              1.9727	test_all_fires_out_mean:   0.0000
test_ep_length_mean:     100.0000	test_episode_limit_mean:   1.0000	test_mean_fire_level_mean: 22.0642	test_return_mean:        -101.7250
test_return_median:      -105.2000	test_return_std:          43.2904	
[INFO 13:05:12] my_main Recent Stats | t_env:    1674286 | Episode:    16746
all_fires_out_mean:        0.0000	entropy_loss:              0.0150	ep_length_mean:          100.0000	episode_limit_mean:        1.0000
epsilon:                   0.0500	grad_norm:               577.4543	loss:                     41.7396	mean_fire_level_mean:     21.0969
mi_loss:                   0.0234	q_taken_mean:            -12.6665	return_mean:             -740.6600	return_median:           -704.3000
return_std:              270.1778	target_mean:             -12.7286	td_error_abs:              1.8287	test_all_fires_out_mean:   0.0000
test_ep_length_mean:     100.0000	test_episode_limit_mean:   1.0000	test_mean_fire_level_mean: 22.0642	test_return_mean:        -101.7250
test_return_median:      -105.2000	test_return_std:          43.2904	
[INFO 13:05:54] my_main Recent Stats | t_env:    1676286 | Episode:    16766
all_fires_out_mean:        0.0000	entropy_loss:              0.0150	ep_length_mean:          100.0000	episode_limit_mean:        1.0000
epsilon:                   0.0500	grad_norm:               577.4543	loss:                     41.7396	mean_fire_level_mean:     21.0969
mi_loss:                   0.0234	q_taken_mean:            -12.6665	return_mean:             -740.6600	return_median:           -704.3000
return_std:              270.1778	target_mean:             -12.7286	td_error_abs:              1.8287	test_all_fires_out_mean:   0.0000
test_ep_length_mean:     100.0000	test_episode_limit_mean:   1.0000	test_mean_fire_level_mean: 22.0642	test_return_mean:        -101.7250
test_return_median:      -105.2000	test_return_std:          43.2904	
[INFO 13:06:36] my_main Recent Stats | t_env:    1678286 | Episode:    16786
all_fires_out_mean:        0.0000	entropy_loss:              0.0150	ep_length_mean:          100.0000	episode_limit_mean:        1.0000
epsilon:                   0.0500	grad_norm:               577.4543	loss:                     41.7396	mean_fire_level_mean:     21.0969
mi_loss:                   0.0234	q_taken_mean:            -12.6665	return_mean:             -740.6600	return_median:           -704.3000
return_std:              270.1778	target_mean:             -12.7286	td_error_abs:              1.8287	test_all_fires_out_mean:   0.0000
test_ep_length_mean:     100.0000	test_episode_limit_mean:   1.0000	test_mean_fire_level_mean: 22.0642	test_return_mean:        -101.7250
test_return_median:      -105.2000	test_return_std:          43.2904	
[INFO 13:07:06] my_main Updated target network
[INFO 13:07:17] my_main t_env: 1680286 / 2050000
[INFO 13:07:17] my_main Estimated time left: 2 hours, 25 minutes, 58 seconds. Time passed: 11 hours, 2 minutes, 42 seconds
[INFO 13:07:44] my_main Recent Stats | t_env:    1680286 | Episode:    16806
all_fires_out_mean:        0.0000	entropy_loss:              0.0150	ep_length_mean:          100.0000	episode_limit_mean:        1.0000
epsilon:                   0.0500	grad_norm:               577.4543	loss:                     41.7396	mean_fire_level_mean:     20.9742
mi_loss:                   0.0234	q_taken_mean:            -12.6665	return_mean:             -749.0900	return_median:           -704.0000
return_std:              277.9132	target_mean:             -12.7286	td_error_abs:              1.8287	test_all_fires_out_mean:   0.0000
test_ep_length_mean:     100.0000	test_episode_limit_mean:   1.0000	test_mean_fire_level_mean: 22.2687	test_return_mean:        -104.5375
test_return_median:      -106.0000	test_return_std:          40.6140	
[INFO 13:08:27] my_main Recent Stats | t_env:    1682286 | Episode:    16826
all_fires_out_mean:        0.0000	entropy_loss:              0.0150	ep_length_mean:          100.0000	episode_limit_mean:        1.0000
epsilon:                   0.0500	grad_norm:               577.4543	loss:                     41.7396	mean_fire_level_mean:     20.9742
mi_loss:                   0.0234	q_taken_mean:            -12.6665	return_mean:             -749.0900	return_median:           -704.0000
return_std:              277.9132	target_mean:             -12.7286	td_error_abs:              1.8287	test_all_fires_out_mean:   0.0000
test_ep_length_mean:     100.0000	test_episode_limit_mean:   1.0000	test_mean_fire_level_mean: 22.2687	test_return_mean:        -104.5375
test_return_median:      -106.0000	test_return_std:          40.6140	
[INFO 13:09:11] my_main Recent Stats | t_env:    1684286 | Episode:    16846
all_fires_out_mean:        0.0000	entropy_loss:              0.0151	ep_length_mean:          100.0000	episode_limit_mean:        1.0000
epsilon:                   0.0500	grad_norm:               532.8498	loss:                     39.1052	mean_fire_level_mean:     20.9742
mi_loss:                   0.0234	q_taken_mean:            -12.6760	return_mean:             -749.0900	return_median:           -704.0000
return_std:              277.9132	target_mean:             -12.7872	td_error_abs:              1.7346	test_all_fires_out_mean:   0.0000
test_ep_length_mean:     100.0000	test_episode_limit_mean:   1.0000	test_mean_fire_level_mean: 22.2687	test_return_mean:        -104.5375
test_return_median:      -106.0000	test_return_std:          40.6140	
[INFO 13:09:54] my_main Recent Stats | t_env:    1686286 | Episode:    16866
all_fires_out_mean:        0.0000	entropy_loss:              0.0151	ep_length_mean:          100.0000	episode_limit_mean:        1.0000
epsilon:                   0.0500	grad_norm:               532.8498	loss:                     39.1052	mean_fire_level_mean:     20.9742
mi_loss:                   0.0234	q_taken_mean:            -12.6760	return_mean:             -749.0900	return_median:           -704.0000
return_std:              277.9132	target_mean:             -12.7872	td_error_abs:              1.7346	test_all_fires_out_mean:   0.0000
test_ep_length_mean:     100.0000	test_episode_limit_mean:   1.0000	test_mean_fire_level_mean: 22.2687	test_return_mean:        -104.5375
test_return_median:      -106.0000	test_return_std:          40.6140	
[INFO 13:10:36] my_main Recent Stats | t_env:    1688286 | Episode:    16886
all_fires_out_mean:        0.0000	entropy_loss:              0.0151	ep_length_mean:          100.0000	episode_limit_mean:        1.0000
epsilon:                   0.0500	grad_norm:               532.8498	loss:                     39.1052	mean_fire_level_mean:     20.9742
mi_loss:                   0.0234	q_taken_mean:            -12.6760	return_mean:             -749.0900	return_median:           -704.0000
return_std:              277.9132	target_mean:             -12.7872	td_error_abs:              1.7346	test_all_fires_out_mean:   0.0000
test_ep_length_mean:     100.0000	test_episode_limit_mean:   1.0000	test_mean_fire_level_mean: 22.2687	test_return_mean:        -104.5375
test_return_median:      -106.0000	test_return_std:          40.6140	
[INFO 13:11:20] my_main t_env: 1690286 / 2050000
[INFO 13:11:20] my_main Estimated time left: 2 hours, 25 minutes, 48 seconds. Time passed: 11 hours, 6 minutes, 45 seconds
[INFO 13:11:47] my_main Recent Stats | t_env:    1690286 | Episode:    16906
all_fires_out_mean:        0.0000	entropy_loss:              0.0151	ep_length_mean:          100.0000	episode_limit_mean:        1.0000
epsilon:                   0.0500	grad_norm:               532.8498	loss:                     39.1052	mean_fire_level_mean:     20.9438
mi_loss:                   0.0234	q_taken_mean:            -12.6760	return_mean:             -749.8300	return_median:           -707.5000
return_std:              274.2148	target_mean:             -12.7872	td_error_abs:              1.7346	test_all_fires_out_mean:   0.0000
test_ep_length_mean:     100.0000	test_episode_limit_mean:   1.0000	test_mean_fire_level_mean: 21.9972	test_return_mean:        -102.3187
test_return_median:      -103.1000	test_return_std:          40.9580	
[INFO 13:12:30] my_main Recent Stats | t_env:    1692286 | Episode:    16926
all_fires_out_mean:        0.0000	entropy_loss:              0.0151	ep_length_mean:          100.0000	episode_limit_mean:        1.0000
epsilon:                   0.0500	grad_norm:               532.8498	loss:                     39.1052	mean_fire_level_mean:     20.9438
mi_loss:                   0.0234	q_taken_mean:            -12.6760	return_mean:             -749.8300	return_median:           -707.5000
return_std:              274.2148	target_mean:             -12.7872	td_error_abs:              1.7346	test_all_fires_out_mean:   0.0000
test_ep_length_mean:     100.0000	test_episode_limit_mean:   1.0000	test_mean_fire_level_mean: 21.9972	test_return_mean:        -102.3187
test_return_median:      -103.1000	test_return_std:          40.9580	
[INFO 13:13:13] my_main Recent Stats | t_env:    1694286 | Episode:    16946
all_fires_out_mean:        0.0000	entropy_loss:              0.0148	ep_length_mean:          100.0000	episode_limit_mean:        1.0000
epsilon:                   0.0500	grad_norm:               524.4703	loss:                     37.8070	mean_fire_level_mean:     20.9438
mi_loss:                   0.0235	q_taken_mean:            -12.9628	return_mean:             -749.8300	return_median:           -707.5000
return_std:              274.2148	target_mean:             -13.0712	td_error_abs:              1.7354	test_all_fires_out_mean:   0.0000
test_ep_length_mean:     100.0000	test_episode_limit_mean:   1.0000	test_mean_fire_level_mean: 21.9972	test_return_mean:        -102.3187
test_return_median:      -103.1000	test_return_std:          40.9580	
[INFO 13:13:56] my_main Recent Stats | t_env:    1696286 | Episode:    16966
all_fires_out_mean:        0.0000	entropy_loss:              0.0148	ep_length_mean:          100.0000	episode_limit_mean:        1.0000
epsilon:                   0.0500	grad_norm:               524.4703	loss:                     37.8070	mean_fire_level_mean:     20.9438
mi_loss:                   0.0235	q_taken_mean:            -12.9628	return_mean:             -749.8300	return_median:           -707.5000
return_std:              274.2148	target_mean:             -13.0712	td_error_abs:              1.7354	test_all_fires_out_mean:   0.0000
test_ep_length_mean:     100.0000	test_episode_limit_mean:   1.0000	test_mean_fire_level_mean: 21.9972	test_return_mean:        -102.3187
test_return_median:      -103.1000	test_return_std:          40.9580	
[INFO 13:14:38] my_main Recent Stats | t_env:    1698286 | Episode:    16986
all_fires_out_mean:        0.0000	entropy_loss:              0.0148	ep_length_mean:          100.0000	episode_limit_mean:        1.0000
epsilon:                   0.0500	grad_norm:               524.4703	loss:                     37.8070	mean_fire_level_mean:     20.9438
mi_loss:                   0.0235	q_taken_mean:            -12.9628	return_mean:             -749.8300	return_median:           -707.5000
return_std:              274.2148	target_mean:             -13.0712	td_error_abs:              1.7354	test_all_fires_out_mean:   0.0000
test_ep_length_mean:     100.0000	test_episode_limit_mean:   1.0000	test_mean_fire_level_mean: 21.9972	test_return_mean:        -102.3187
test_return_median:      -103.1000	test_return_std:          40.9580	
[INFO 13:15:10] my_main Updated target network
[INFO 13:15:21] my_main t_env: 1700286 / 2050000
[INFO 13:15:21] my_main Estimated time left: 2 hours, 20 minutes, 38 seconds. Time passed: 11 hours, 10 minutes, 47 seconds
[INFO 13:15:48] my_main Recent Stats | t_env:    1700286 | Episode:    17006
all_fires_out_mean:        0.0000	entropy_loss:              0.0148	ep_length_mean:          100.0000	episode_limit_mean:        1.0000
epsilon:                   0.0500	grad_norm:               524.4703	loss:                     37.8070	mean_fire_level_mean:     21.0293
mi_loss:                   0.0235	q_taken_mean:            -12.9628	return_mean:             -754.4700	return_median:           -716.8000
return_std:              268.7714	target_mean:             -13.0712	td_error_abs:              1.7354	test_all_fires_out_mean:   0.0000
test_ep_length_mean:     100.0000	test_episode_limit_mean:   1.0000	test_mean_fire_level_mean: 21.9591	test_return_mean:        -99.3688
test_return_median:      -98.5000	test_return_std:          42.8283	
[INFO 13:16:30] my_main Recent Stats | t_env:    1702286 | Episode:    17026
all_fires_out_mean:        0.0000	entropy_loss:              0.0148	ep_length_mean:          100.0000	episode_limit_mean:        1.0000
epsilon:                   0.0500	grad_norm:               524.4703	loss:                     37.8070	mean_fire_level_mean:     21.0293
mi_loss:                   0.0235	q_taken_mean:            -12.9628	return_mean:             -754.4700	return_median:           -716.8000
return_std:              268.7714	target_mean:             -13.0712	td_error_abs:              1.7354	test_all_fires_out_mean:   0.0000
test_ep_length_mean:     100.0000	test_episode_limit_mean:   1.0000	test_mean_fire_level_mean: 21.9591	test_return_mean:        -99.3688
test_return_median:      -98.5000	test_return_std:          42.8283	
[INFO 13:17:13] my_main Recent Stats | t_env:    1704286 | Episode:    17046
all_fires_out_mean:        0.0000	entropy_loss:              0.0145	ep_length_mean:          100.0000	episode_limit_mean:        1.0000
epsilon:                   0.0500	grad_norm:               550.3895	loss:                     32.7282	mean_fire_level_mean:     21.0293
mi_loss:                   0.0235	q_taken_mean:            -13.1895	return_mean:             -754.4700	return_median:           -716.8000
return_std:              268.7714	target_mean:             -13.3011	td_error_abs:              1.7144	test_all_fires_out_mean:   0.0000
test_ep_length_mean:     100.0000	test_episode_limit_mean:   1.0000	test_mean_fire_level_mean: 21.9591	test_return_mean:        -99.3688
test_return_median:      -98.5000	test_return_std:          42.8283	
[INFO 13:17:55] my_main Recent Stats | t_env:    1706286 | Episode:    17066
all_fires_out_mean:        0.0000	entropy_loss:              0.0145	ep_length_mean:          100.0000	episode_limit_mean:        1.0000
epsilon:                   0.0500	grad_norm:               550.3895	loss:                     32.7282	mean_fire_level_mean:     21.0293
mi_loss:                   0.0235	q_taken_mean:            -13.1895	return_mean:             -754.4700	return_median:           -716.8000
return_std:              268.7714	target_mean:             -13.3011	td_error_abs:              1.7144	test_all_fires_out_mean:   0.0000
test_ep_length_mean:     100.0000	test_episode_limit_mean:   1.0000	test_mean_fire_level_mean: 21.9591	test_return_mean:        -99.3688
test_return_median:      -98.5000	test_return_std:          42.8283	
[INFO 13:18:37] my_main Recent Stats | t_env:    1708286 | Episode:    17086
all_fires_out_mean:        0.0000	entropy_loss:              0.0145	ep_length_mean:          100.0000	episode_limit_mean:        1.0000
epsilon:                   0.0500	grad_norm:               550.3895	loss:                     32.7282	mean_fire_level_mean:     21.0293
mi_loss:                   0.0235	q_taken_mean:            -13.1895	return_mean:             -754.4700	return_median:           -716.8000
return_std:              268.7714	target_mean:             -13.3011	td_error_abs:              1.7144	test_all_fires_out_mean:   0.0000
test_ep_length_mean:     100.0000	test_episode_limit_mean:   1.0000	test_mean_fire_level_mean: 21.9591	test_return_mean:        -99.3688
test_return_median:      -98.5000	test_return_std:          42.8283	
[INFO 13:19:21] my_main t_env: 1710286 / 2050000
[INFO 13:19:21] my_main Estimated time left: 2 hours, 15 minutes, 48 seconds. Time passed: 11 hours, 14 minutes, 46 seconds
[INFO 13:19:48] my_main Recent Stats | t_env:    1710286 | Episode:    17106
all_fires_out_mean:        0.0000	entropy_loss:              0.0145	ep_length_mean:          100.0000	episode_limit_mean:        1.0000
epsilon:                   0.0500	grad_norm:               550.3895	loss:                     32.7282	mean_fire_level_mean:     20.9340
mi_loss:                   0.0235	q_taken_mean:            -13.1895	return_mean:             -764.1960	return_median:           -733.7000
return_std:              268.1048	target_mean:             -13.3011	td_error_abs:              1.7144	test_all_fires_out_mean:   0.0000
test_ep_length_mean:     100.0000	test_episode_limit_mean:   1.0000	test_mean_fire_level_mean: 21.9682	test_return_mean:        -96.4062
test_return_median:      -91.8000	test_return_std:          43.0213	
[INFO 13:20:30] my_main Recent Stats | t_env:    1712286 | Episode:    17126
all_fires_out_mean:        0.0000	entropy_loss:              0.0145	ep_length_mean:          100.0000	episode_limit_mean:        1.0000
epsilon:                   0.0500	grad_norm:               550.3895	loss:                     32.7282	mean_fire_level_mean:     20.9340
mi_loss:                   0.0235	q_taken_mean:            -13.1895	return_mean:             -764.1960	return_median:           -733.7000
return_std:              268.1048	target_mean:             -13.3011	td_error_abs:              1.7144	test_all_fires_out_mean:   0.0000
test_ep_length_mean:     100.0000	test_episode_limit_mean:   1.0000	test_mean_fire_level_mean: 21.9682	test_return_mean:        -96.4062
test_return_median:      -91.8000	test_return_std:          43.0213	
[INFO 13:21:12] my_main Recent Stats | t_env:    1714286 | Episode:    17146
all_fires_out_mean:        0.0000	entropy_loss:              0.0144	ep_length_mean:          100.0000	episode_limit_mean:        1.0000
epsilon:                   0.0500	grad_norm:               484.0535	loss:                     21.4973	mean_fire_level_mean:     20.9340
mi_loss:                   0.0234	q_taken_mean:            -13.3303	return_mean:             -764.1960	return_median:           -733.7000
return_std:              268.1048	target_mean:             -13.4253	td_error_abs:              1.5437	test_all_fires_out_mean:   0.0000
test_ep_length_mean:     100.0000	test_episode_limit_mean:   1.0000	test_mean_fire_level_mean: 21.9682	test_return_mean:        -96.4062
test_return_median:      -91.8000	test_return_std:          43.0213	
[INFO 13:21:56] my_main Recent Stats | t_env:    1716286 | Episode:    17166
all_fires_out_mean:        0.0000	entropy_loss:              0.0144	ep_length_mean:          100.0000	episode_limit_mean:        1.0000
epsilon:                   0.0500	grad_norm:               484.0535	loss:                     21.4973	mean_fire_level_mean:     20.9340
mi_loss:                   0.0234	q_taken_mean:            -13.3303	return_mean:             -764.1960	return_median:           -733.7000
return_std:              268.1048	target_mean:             -13.4253	td_error_abs:              1.5437	test_all_fires_out_mean:   0.0000
test_ep_length_mean:     100.0000	test_episode_limit_mean:   1.0000	test_mean_fire_level_mean: 21.9682	test_return_mean:        -96.4062
test_return_median:      -91.8000	test_return_std:          43.0213	
[INFO 13:22:38] my_main Recent Stats | t_env:    1718286 | Episode:    17186
all_fires_out_mean:        0.0000	entropy_loss:              0.0144	ep_length_mean:          100.0000	episode_limit_mean:        1.0000
epsilon:                   0.0500	grad_norm:               484.0535	loss:                     21.4973	mean_fire_level_mean:     20.9340
mi_loss:                   0.0234	q_taken_mean:            -13.3303	return_mean:             -764.1960	return_median:           -733.7000
return_std:              268.1048	target_mean:             -13.4253	td_error_abs:              1.5437	test_all_fires_out_mean:   0.0000
test_ep_length_mean:     100.0000	test_episode_limit_mean:   1.0000	test_mean_fire_level_mean: 21.9682	test_return_mean:        -96.4062
test_return_median:      -91.8000	test_return_std:          43.0213	
[INFO 13:23:11] my_main Updated target network
[INFO 13:23:22] my_main t_env: 1720286 / 2050000
[INFO 13:23:22] my_main Estimated time left: 2 hours, 12 minutes, 12 seconds. Time passed: 11 hours, 18 minutes, 47 seconds
[INFO 13:23:48] my_main Recent Stats | t_env:    1720286 | Episode:    17206
all_fires_out_mean:        0.0000	entropy_loss:              0.0144	ep_length_mean:          100.0000	episode_limit_mean:        1.0000
epsilon:                   0.0500	grad_norm:               484.0535	loss:                     21.4973	mean_fire_level_mean:     20.8007
mi_loss:                   0.0234	q_taken_mean:            -13.3303	return_mean:             -765.9440	return_median:           -727.9000
return_std:              272.0051	target_mean:             -13.4253	td_error_abs:              1.5437	test_all_fires_out_mean:   0.0000
test_ep_length_mean:     100.0000	test_episode_limit_mean:   1.0000	test_mean_fire_level_mean: 21.9352	test_return_mean:        -99.6500
test_return_median:      -94.6000	test_return_std:          44.1611	
[INFO 13:24:32] my_main Recent Stats | t_env:    1722286 | Episode:    17226
all_fires_out_mean:        0.0000	entropy_loss:              0.0144	ep_length_mean:          100.0000	episode_limit_mean:        1.0000
epsilon:                   0.0500	grad_norm:               484.0535	loss:                     21.4973	mean_fire_level_mean:     20.8007
mi_loss:                   0.0234	q_taken_mean:            -13.3303	return_mean:             -765.9440	return_median:           -727.9000
return_std:              272.0051	target_mean:             -13.4253	td_error_abs:              1.5437	test_all_fires_out_mean:   0.0000
test_ep_length_mean:     100.0000	test_episode_limit_mean:   1.0000	test_mean_fire_level_mean: 21.9352	test_return_mean:        -99.6500
test_return_median:      -94.6000	test_return_std:          44.1611	
[INFO 13:25:15] my_main Recent Stats | t_env:    1724286 | Episode:    17246
all_fires_out_mean:        0.0000	entropy_loss:              0.0142	ep_length_mean:          100.0000	episode_limit_mean:        1.0000
epsilon:                   0.0500	grad_norm:               519.5052	loss:                     27.0111	mean_fire_level_mean:     20.8007
mi_loss:                   0.0234	q_taken_mean:            -13.3482	return_mean:             -765.9440	return_median:           -727.9000
return_std:              272.0051	target_mean:             -13.4515	td_error_abs:              1.6235	test_all_fires_out_mean:   0.0000
test_ep_length_mean:     100.0000	test_episode_limit_mean:   1.0000	test_mean_fire_level_mean: 21.9352	test_return_mean:        -99.6500
test_return_median:      -94.6000	test_return_std:          44.1611	
[INFO 13:25:58] my_main Recent Stats | t_env:    1726286 | Episode:    17266
all_fires_out_mean:        0.0000	entropy_loss:              0.0142	ep_length_mean:          100.0000	episode_limit_mean:        1.0000
epsilon:                   0.0500	grad_norm:               519.5052	loss:                     27.0111	mean_fire_level_mean:     20.8007
mi_loss:                   0.0234	q_taken_mean:            -13.3482	return_mean:             -765.9440	return_median:           -727.9000
return_std:              272.0051	target_mean:             -13.4515	td_error_abs:              1.6235	test_all_fires_out_mean:   0.0000
test_ep_length_mean:     100.0000	test_episode_limit_mean:   1.0000	test_mean_fire_level_mean: 21.9352	test_return_mean:        -99.6500
test_return_median:      -94.6000	test_return_std:          44.1611	
[INFO 13:26:41] my_main Recent Stats | t_env:    1728286 | Episode:    17286
all_fires_out_mean:        0.0000	entropy_loss:              0.0142	ep_length_mean:          100.0000	episode_limit_mean:        1.0000
epsilon:                   0.0500	grad_norm:               519.5052	loss:                     27.0111	mean_fire_level_mean:     20.8007
mi_loss:                   0.0234	q_taken_mean:            -13.3482	return_mean:             -765.9440	return_median:           -727.9000
return_std:              272.0051	target_mean:             -13.4515	td_error_abs:              1.6235	test_all_fires_out_mean:   0.0000
test_ep_length_mean:     100.0000	test_episode_limit_mean:   1.0000	test_mean_fire_level_mean: 21.9352	test_return_mean:        -99.6500
test_return_median:      -94.6000	test_return_std:          44.1611	
[INFO 13:27:24] my_main t_env: 1730286 / 2050000
[INFO 13:27:24] my_main Estimated time left: 2 hours, 9 minutes, 20 seconds. Time passed: 11 hours, 22 minutes, 50 seconds
[INFO 13:27:51] my_main Recent Stats | t_env:    1730286 | Episode:    17306
all_fires_out_mean:        0.0000	entropy_loss:              0.0142	ep_length_mean:          100.0000	episode_limit_mean:        1.0000
epsilon:                   0.0500	grad_norm:               519.5052	loss:                     27.0111	mean_fire_level_mean:     20.9067
mi_loss:                   0.0234	q_taken_mean:            -13.3482	return_mean:             -767.2740	return_median:           -742.2000
return_std:              262.5896	target_mean:             -13.4515	td_error_abs:              1.6235	test_all_fires_out_mean:   0.0000
test_ep_length_mean:     100.0000	test_episode_limit_mean:   1.0000	test_mean_fire_level_mean: 21.9227	test_return_mean:        -99.6312
test_return_median:      -95.2000	test_return_std:          45.3422	
[INFO 13:28:34] my_main Recent Stats | t_env:    1732286 | Episode:    17326
all_fires_out_mean:        0.0000	entropy_loss:              0.0142	ep_length_mean:          100.0000	episode_limit_mean:        1.0000
epsilon:                   0.0500	grad_norm:               519.5052	loss:                     27.0111	mean_fire_level_mean:     20.9067
mi_loss:                   0.0234	q_taken_mean:            -13.3482	return_mean:             -767.2740	return_median:           -742.2000
return_std:              262.5896	target_mean:             -13.4515	td_error_abs:              1.6235	test_all_fires_out_mean:   0.0000
test_ep_length_mean:     100.0000	test_episode_limit_mean:   1.0000	test_mean_fire_level_mean: 21.9227	test_return_mean:        -99.6312
test_return_median:      -95.2000	test_return_std:          45.3422	
[INFO 13:29:18] my_main Recent Stats | t_env:    1734286 | Episode:    17346
all_fires_out_mean:        0.0000	entropy_loss:              0.0140	ep_length_mean:          100.0000	episode_limit_mean:        1.0000
epsilon:                   0.0500	grad_norm:               504.0316	loss:                     30.2166	mean_fire_level_mean:     20.9067
mi_loss:                   0.0233	q_taken_mean:            -13.3186	return_mean:             -767.2740	return_median:           -742.2000
return_std:              262.5896	target_mean:             -13.4180	td_error_abs:              1.6585	test_all_fires_out_mean:   0.0000
test_ep_length_mean:     100.0000	test_episode_limit_mean:   1.0000	test_mean_fire_level_mean: 21.9227	test_return_mean:        -99.6312
test_return_median:      -95.2000	test_return_std:          45.3422	
[INFO 13:30:01] my_main Recent Stats | t_env:    1736286 | Episode:    17366
all_fires_out_mean:        0.0000	entropy_loss:              0.0140	ep_length_mean:          100.0000	episode_limit_mean:        1.0000
epsilon:                   0.0500	grad_norm:               504.0316	loss:                     30.2166	mean_fire_level_mean:     20.9067
mi_loss:                   0.0233	q_taken_mean:            -13.3186	return_mean:             -767.2740	return_median:           -742.2000
return_std:              262.5896	target_mean:             -13.4180	td_error_abs:              1.6585	test_all_fires_out_mean:   0.0000
test_ep_length_mean:     100.0000	test_episode_limit_mean:   1.0000	test_mean_fire_level_mean: 21.9227	test_return_mean:        -99.6312
test_return_median:      -95.2000	test_return_std:          45.3422	
[INFO 13:30:43] my_main Recent Stats | t_env:    1738286 | Episode:    17386
all_fires_out_mean:        0.0000	entropy_loss:              0.0140	ep_length_mean:          100.0000	episode_limit_mean:        1.0000
epsilon:                   0.0500	grad_norm:               504.0316	loss:                     30.2166	mean_fire_level_mean:     20.9067
mi_loss:                   0.0233	q_taken_mean:            -13.3186	return_mean:             -767.2740	return_median:           -742.2000
return_std:              262.5896	target_mean:             -13.4180	td_error_abs:              1.6585	test_all_fires_out_mean:   0.0000
test_ep_length_mean:     100.0000	test_episode_limit_mean:   1.0000	test_mean_fire_level_mean: 21.9227	test_return_mean:        -99.6312
test_return_median:      -95.2000	test_return_std:          45.3422	
[INFO 13:31:16] my_main Updated target network
[INFO 13:31:26] my_main t_env: 1740286 / 2050000
[INFO 13:31:26] my_main Estimated time left: 2 hours, 4 minutes, 53 seconds. Time passed: 11 hours, 26 minutes, 52 seconds
[INFO 13:31:53] my_main Recent Stats | t_env:    1740286 | Episode:    17406
all_fires_out_mean:        0.0000	entropy_loss:              0.0140	ep_length_mean:          100.0000	episode_limit_mean:        1.0000
epsilon:                   0.0500	grad_norm:               504.0316	loss:                     30.2166	mean_fire_level_mean:     20.7671
mi_loss:                   0.0233	q_taken_mean:            -13.3186	return_mean:             -766.2160	return_median:           -744.9000
return_std:              263.8278	target_mean:             -13.4180	td_error_abs:              1.6585	test_all_fires_out_mean:   0.0000
test_ep_length_mean:     100.0000	test_episode_limit_mean:   1.0000	test_mean_fire_level_mean: 22.0653	test_return_mean:        -101.5938
test_return_median:      -98.5000	test_return_std:          43.0770	
[INFO 13:32:36] my_main Recent Stats | t_env:    1742286 | Episode:    17426
all_fires_out_mean:        0.0000	entropy_loss:              0.0140	ep_length_mean:          100.0000	episode_limit_mean:        1.0000
epsilon:                   0.0500	grad_norm:               504.0316	loss:                     30.2166	mean_fire_level_mean:     20.7671
mi_loss:                   0.0233	q_taken_mean:            -13.3186	return_mean:             -766.2160	return_median:           -744.9000
return_std:              263.8278	target_mean:             -13.4180	td_error_abs:              1.6585	test_all_fires_out_mean:   0.0000
test_ep_length_mean:     100.0000	test_episode_limit_mean:   1.0000	test_mean_fire_level_mean: 22.0653	test_return_mean:        -101.5938
test_return_median:      -98.5000	test_return_std:          43.0770	
[INFO 13:33:18] my_main Recent Stats | t_env:    1744286 | Episode:    17446
all_fires_out_mean:        0.0000	entropy_loss:              0.0143	ep_length_mean:          100.0000	episode_limit_mean:        1.0000
epsilon:                   0.0500	grad_norm:               505.0459	loss:                     27.1078	mean_fire_level_mean:     20.7671
mi_loss:                   0.0233	q_taken_mean:            -13.3722	return_mean:             -766.2160	return_median:           -744.9000
return_std:              263.8278	target_mean:             -13.4733	td_error_abs:              1.6410	test_all_fires_out_mean:   0.0000
test_ep_length_mean:     100.0000	test_episode_limit_mean:   1.0000	test_mean_fire_level_mean: 22.0653	test_return_mean:        -101.5938
test_return_median:      -98.5000	test_return_std:          43.0770	
[INFO 13:34:01] my_main Recent Stats | t_env:    1746286 | Episode:    17466
all_fires_out_mean:        0.0000	entropy_loss:              0.0143	ep_length_mean:          100.0000	episode_limit_mean:        1.0000
epsilon:                   0.0500	grad_norm:               505.0459	loss:                     27.1078	mean_fire_level_mean:     20.7671
mi_loss:                   0.0233	q_taken_mean:            -13.3722	return_mean:             -766.2160	return_median:           -744.9000
return_std:              263.8278	target_mean:             -13.4733	td_error_abs:              1.6410	test_all_fires_out_mean:   0.0000
test_ep_length_mean:     100.0000	test_episode_limit_mean:   1.0000	test_mean_fire_level_mean: 22.0653	test_return_mean:        -101.5938
test_return_median:      -98.5000	test_return_std:          43.0770	
[INFO 13:34:43] my_main Recent Stats | t_env:    1748286 | Episode:    17486
all_fires_out_mean:        0.0000	entropy_loss:              0.0143	ep_length_mean:          100.0000	episode_limit_mean:        1.0000
epsilon:                   0.0500	grad_norm:               505.0459	loss:                     27.1078	mean_fire_level_mean:     20.7671
mi_loss:                   0.0233	q_taken_mean:            -13.3722	return_mean:             -766.2160	return_median:           -744.9000
return_std:              263.8278	target_mean:             -13.4733	td_error_abs:              1.6410	test_all_fires_out_mean:   0.0000
test_ep_length_mean:     100.0000	test_episode_limit_mean:   1.0000	test_mean_fire_level_mean: 22.0653	test_return_mean:        -101.5938
test_return_median:      -98.5000	test_return_std:          43.0770	
[INFO 13:35:25] my_main t_env: 1750286 / 2050000
[INFO 13:35:25] my_main Estimated time left: 1 hours, 59 minutes, 23 seconds. Time passed: 11 hours, 30 minutes, 51 seconds
[INFO 13:35:51] my_main Recent Stats | t_env:    1750286 | Episode:    17506
all_fires_out_mean:        0.0000	entropy_loss:              0.0143	ep_length_mean:          100.0000	episode_limit_mean:        1.0000
epsilon:                   0.0500	grad_norm:               505.0459	loss:                     27.1078	mean_fire_level_mean:     20.8651
mi_loss:                   0.0233	q_taken_mean:            -13.3722	return_mean:             -757.4060	return_median:           -735.1000
return_std:              258.5221	target_mean:             -13.4733	td_error_abs:              1.6410	test_all_fires_out_mean:   0.0000
test_ep_length_mean:     100.0000	test_episode_limit_mean:   1.0000	test_mean_fire_level_mean: 22.2852	test_return_mean:        -103.7375
test_return_median:      -101.8000	test_return_std:          42.0900	
[INFO 13:36:34] my_main Recent Stats | t_env:    1752286 | Episode:    17526
all_fires_out_mean:        0.0000	entropy_loss:              0.0143	ep_length_mean:          100.0000	episode_limit_mean:        1.0000
epsilon:                   0.0500	grad_norm:               505.0459	loss:                     27.1078	mean_fire_level_mean:     20.8651
mi_loss:                   0.0233	q_taken_mean:            -13.3722	return_mean:             -757.4060	return_median:           -735.1000
return_std:              258.5221	target_mean:             -13.4733	td_error_abs:              1.6410	test_all_fires_out_mean:   0.0000
test_ep_length_mean:     100.0000	test_episode_limit_mean:   1.0000	test_mean_fire_level_mean: 22.2852	test_return_mean:        -103.7375
test_return_median:      -101.8000	test_return_std:          42.0900	
[INFO 13:37:17] my_main Recent Stats | t_env:    1754286 | Episode:    17546
all_fires_out_mean:        0.0000	entropy_loss:              0.0146	ep_length_mean:          100.0000	episode_limit_mean:        1.0000
epsilon:                   0.0500	grad_norm:               497.7011	loss:                     26.5258	mean_fire_level_mean:     20.8651
mi_loss:                   0.0233	q_taken_mean:            -13.2282	return_mean:             -757.4060	return_median:           -735.1000
return_std:              258.5221	target_mean:             -13.3309	td_error_abs:              1.6347	test_all_fires_out_mean:   0.0000
test_ep_length_mean:     100.0000	test_episode_limit_mean:   1.0000	test_mean_fire_level_mean: 22.2852	test_return_mean:        -103.7375
test_return_median:      -101.8000	test_return_std:          42.0900	
[INFO 13:37:59] my_main Recent Stats | t_env:    1756286 | Episode:    17566
all_fires_out_mean:        0.0000	entropy_loss:              0.0146	ep_length_mean:          100.0000	episode_limit_mean:        1.0000
epsilon:                   0.0500	grad_norm:               497.7011	loss:                     26.5258	mean_fire_level_mean:     20.8651
mi_loss:                   0.0233	q_taken_mean:            -13.2282	return_mean:             -757.4060	return_median:           -735.1000
return_std:              258.5221	target_mean:             -13.3309	td_error_abs:              1.6347	test_all_fires_out_mean:   0.0000
test_ep_length_mean:     100.0000	test_episode_limit_mean:   1.0000	test_mean_fire_level_mean: 22.2852	test_return_mean:        -103.7375
test_return_median:      -101.8000	test_return_std:          42.0900	
[INFO 13:38:41] my_main Recent Stats | t_env:    1758286 | Episode:    17586
all_fires_out_mean:        0.0000	entropy_loss:              0.0146	ep_length_mean:          100.0000	episode_limit_mean:        1.0000
epsilon:                   0.0500	grad_norm:               497.7011	loss:                     26.5258	mean_fire_level_mean:     20.8651
mi_loss:                   0.0233	q_taken_mean:            -13.2282	return_mean:             -757.4060	return_median:           -735.1000
return_std:              258.5221	target_mean:             -13.3309	td_error_abs:              1.6347	test_all_fires_out_mean:   0.0000
test_ep_length_mean:     100.0000	test_episode_limit_mean:   1.0000	test_mean_fire_level_mean: 22.2852	test_return_mean:        -103.7375
test_return_median:      -101.8000	test_return_std:          42.0900	
[INFO 13:39:14] my_main Updated target network
[INFO 13:39:24] my_main t_env: 1760286 / 2050000
[INFO 13:39:24] my_main Estimated time left: 1 hours, 55 minutes, 29 seconds. Time passed: 11 hours, 34 minutes, 50 seconds
[INFO 13:39:51] my_main Recent Stats | t_env:    1760286 | Episode:    17606
all_fires_out_mean:        0.0000	entropy_loss:              0.0146	ep_length_mean:          100.0000	episode_limit_mean:        1.0000
epsilon:                   0.0500	grad_norm:               497.7011	loss:                     26.5258	mean_fire_level_mean:     20.8933
mi_loss:                   0.0233	q_taken_mean:            -13.2282	return_mean:             -752.5980	return_median:           -728.7000
return_std:              279.6745	target_mean:             -13.3309	td_error_abs:              1.6347	test_all_fires_out_mean:   0.0000
test_ep_length_mean:     100.0000	test_episode_limit_mean:   1.0000	test_mean_fire_level_mean: 22.4369	test_return_mean:        -104.9875
test_return_median:      -106.5000	test_return_std:          40.7353	
[INFO 13:40:33] my_main Recent Stats | t_env:    1762286 | Episode:    17626
all_fires_out_mean:        0.0000	entropy_loss:              0.0146	ep_length_mean:          100.0000	episode_limit_mean:        1.0000
epsilon:                   0.0500	grad_norm:               497.7011	loss:                     26.5258	mean_fire_level_mean:     20.8933
mi_loss:                   0.0233	q_taken_mean:            -13.2282	return_mean:             -752.5980	return_median:           -728.7000
return_std:              279.6745	target_mean:             -13.3309	td_error_abs:              1.6347	test_all_fires_out_mean:   0.0000
test_ep_length_mean:     100.0000	test_episode_limit_mean:   1.0000	test_mean_fire_level_mean: 22.4369	test_return_mean:        -104.9875
test_return_median:      -106.5000	test_return_std:          40.7353	
[INFO 13:41:16] my_main Recent Stats | t_env:    1764286 | Episode:    17646
all_fires_out_mean:        0.0000	entropy_loss:              0.0144	ep_length_mean:          100.0000	episode_limit_mean:        1.0000
epsilon:                   0.0500	grad_norm:               491.0397	loss:                     31.0889	mean_fire_level_mean:     20.8933
mi_loss:                   0.0233	q_taken_mean:            -13.2900	return_mean:             -752.5980	return_median:           -728.7000
return_std:              279.6745	target_mean:             -13.3889	td_error_abs:              1.6084	test_all_fires_out_mean:   0.0000
test_ep_length_mean:     100.0000	test_episode_limit_mean:   1.0000	test_mean_fire_level_mean: 22.4369	test_return_mean:        -104.9875
test_return_median:      -106.5000	test_return_std:          40.7353	
[INFO 13:41:59] my_main Recent Stats | t_env:    1766286 | Episode:    17666
all_fires_out_mean:        0.0000	entropy_loss:              0.0144	ep_length_mean:          100.0000	episode_limit_mean:        1.0000
epsilon:                   0.0500	grad_norm:               491.0397	loss:                     31.0889	mean_fire_level_mean:     20.8933
mi_loss:                   0.0233	q_taken_mean:            -13.2900	return_mean:             -752.5980	return_median:           -728.7000
return_std:              279.6745	target_mean:             -13.3889	td_error_abs:              1.6084	test_all_fires_out_mean:   0.0000
test_ep_length_mean:     100.0000	test_episode_limit_mean:   1.0000	test_mean_fire_level_mean: 22.4369	test_return_mean:        -104.9875
test_return_median:      -106.5000	test_return_std:          40.7353	
[INFO 13:42:41] my_main Recent Stats | t_env:    1768286 | Episode:    17686
all_fires_out_mean:        0.0000	entropy_loss:              0.0144	ep_length_mean:          100.0000	episode_limit_mean:        1.0000
epsilon:                   0.0500	grad_norm:               491.0397	loss:                     31.0889	mean_fire_level_mean:     20.8933
mi_loss:                   0.0233	q_taken_mean:            -13.2900	return_mean:             -752.5980	return_median:           -728.7000
return_std:              279.6745	target_mean:             -13.3889	td_error_abs:              1.6084	test_all_fires_out_mean:   0.0000
test_ep_length_mean:     100.0000	test_episode_limit_mean:   1.0000	test_mean_fire_level_mean: 22.4369	test_return_mean:        -104.9875
test_return_median:      -106.5000	test_return_std:          40.7353	
[INFO 13:43:24] my_main t_env: 1770286 / 2050000
[INFO 13:43:24] my_main Estimated time left: 1 hours, 51 minutes, 42 seconds. Time passed: 11 hours, 38 minutes, 50 seconds
[INFO 13:43:51] my_main Recent Stats | t_env:    1770286 | Episode:    17706
all_fires_out_mean:        0.0000	entropy_loss:              0.0144	ep_length_mean:          100.0000	episode_limit_mean:        1.0000
epsilon:                   0.0500	grad_norm:               491.0397	loss:                     31.0889	mean_fire_level_mean:     20.9771
mi_loss:                   0.0233	q_taken_mean:            -13.2900	return_mean:             -754.0380	return_median:           -735.5000
return_std:              285.6313	target_mean:             -13.3889	td_error_abs:              1.6084	test_all_fires_out_mean:   0.0000
test_ep_length_mean:     100.0000	test_episode_limit_mean:   1.0000	test_mean_fire_level_mean: 22.2960	test_return_mean:        -100.5938
test_return_median:      -99.7000	test_return_std:          38.3471	
[INFO 13:44:34] my_main Recent Stats | t_env:    1772286 | Episode:    17726
all_fires_out_mean:        0.0000	entropy_loss:              0.0144	ep_length_mean:          100.0000	episode_limit_mean:        1.0000
epsilon:                   0.0500	grad_norm:               491.0397	loss:                     31.0889	mean_fire_level_mean:     20.9771
mi_loss:                   0.0233	q_taken_mean:            -13.2900	return_mean:             -754.0380	return_median:           -735.5000
return_std:              285.6313	target_mean:             -13.3889	td_error_abs:              1.6084	test_all_fires_out_mean:   0.0000
test_ep_length_mean:     100.0000	test_episode_limit_mean:   1.0000	test_mean_fire_level_mean: 22.2960	test_return_mean:        -100.5938
test_return_median:      -99.7000	test_return_std:          38.3471	
[INFO 13:45:17] my_main Recent Stats | t_env:    1774286 | Episode:    17746
all_fires_out_mean:        0.0000	entropy_loss:              0.0146	ep_length_mean:          100.0000	episode_limit_mean:        1.0000
epsilon:                   0.0500	grad_norm:               495.1884	loss:                     24.2494	mean_fire_level_mean:     20.9771
mi_loss:                   0.0233	q_taken_mean:            -13.4205	return_mean:             -754.0380	return_median:           -735.5000
return_std:              285.6313	target_mean:             -13.5220	td_error_abs:              1.5784	test_all_fires_out_mean:   0.0000
test_ep_length_mean:     100.0000	test_episode_limit_mean:   1.0000	test_mean_fire_level_mean: 22.2960	test_return_mean:        -100.5938
test_return_median:      -99.7000	test_return_std:          38.3471	
[INFO 13:46:00] my_main Recent Stats | t_env:    1776286 | Episode:    17766
all_fires_out_mean:        0.0000	entropy_loss:              0.0146	ep_length_mean:          100.0000	episode_limit_mean:        1.0000
epsilon:                   0.0500	grad_norm:               495.1884	loss:                     24.2494	mean_fire_level_mean:     20.9771
mi_loss:                   0.0233	q_taken_mean:            -13.4205	return_mean:             -754.0380	return_median:           -735.5000
return_std:              285.6313	target_mean:             -13.5220	td_error_abs:              1.5784	test_all_fires_out_mean:   0.0000
test_ep_length_mean:     100.0000	test_episode_limit_mean:   1.0000	test_mean_fire_level_mean: 22.2960	test_return_mean:        -100.5938
test_return_median:      -99.7000	test_return_std:          38.3471	
[INFO 13:46:42] my_main Recent Stats | t_env:    1778286 | Episode:    17786
all_fires_out_mean:        0.0000	entropy_loss:              0.0146	ep_length_mean:          100.0000	episode_limit_mean:        1.0000
epsilon:                   0.0500	grad_norm:               495.1884	loss:                     24.2494	mean_fire_level_mean:     20.9771
mi_loss:                   0.0233	q_taken_mean:            -13.4205	return_mean:             -754.0380	return_median:           -735.5000
return_std:              285.6313	target_mean:             -13.5220	td_error_abs:              1.5784	test_all_fires_out_mean:   0.0000
test_ep_length_mean:     100.0000	test_episode_limit_mean:   1.0000	test_mean_fire_level_mean: 22.2960	test_return_mean:        -100.5938
test_return_median:      -99.7000	test_return_std:          38.3471	
[INFO 13:47:15] my_main Updated target network
[INFO 13:47:26] my_main t_env: 1780286 / 2050000
[INFO 13:47:26] my_main Estimated time left: 1 hours, 48 minutes, 34 seconds. Time passed: 11 hours, 42 minutes, 51 seconds
[INFO 13:47:53] my_main Recent Stats | t_env:    1780286 | Episode:    17806
all_fires_out_mean:        0.0000	entropy_loss:              0.0146	ep_length_mean:          100.0000	episode_limit_mean:        1.0000
epsilon:                   0.0500	grad_norm:               495.1884	loss:                     24.2494	mean_fire_level_mean:     20.9765
mi_loss:                   0.0233	q_taken_mean:            -13.4205	return_mean:             -751.8240	return_median:           -732.8000
return_std:              288.8909	target_mean:             -13.5220	td_error_abs:              1.5784	test_all_fires_out_mean:   0.0000
test_ep_length_mean:     100.0000	test_episode_limit_mean:   1.0000	test_mean_fire_level_mean: 22.1994	test_return_mean:        -98.1750
test_return_median:      -96.9000	test_return_std:          39.8469	
[INFO 13:48:36] my_main Recent Stats | t_env:    1782286 | Episode:    17826
all_fires_out_mean:        0.0000	entropy_loss:              0.0146	ep_length_mean:          100.0000	episode_limit_mean:        1.0000
epsilon:                   0.0500	grad_norm:               495.1884	loss:                     24.2494	mean_fire_level_mean:     20.9765
mi_loss:                   0.0233	q_taken_mean:            -13.4205	return_mean:             -751.8240	return_median:           -732.8000
return_std:              288.8909	target_mean:             -13.5220	td_error_abs:              1.5784	test_all_fires_out_mean:   0.0000
test_ep_length_mean:     100.0000	test_episode_limit_mean:   1.0000	test_mean_fire_level_mean: 22.1994	test_return_mean:        -98.1750
test_return_median:      -96.9000	test_return_std:          39.8469	
[INFO 13:49:19] my_main Recent Stats | t_env:    1784286 | Episode:    17846
all_fires_out_mean:        0.0000	entropy_loss:              0.0148	ep_length_mean:          100.0000	episode_limit_mean:        1.0000
epsilon:                   0.0500	grad_norm:               481.9304	loss:                     26.6850	mean_fire_level_mean:     20.9765
mi_loss:                   0.0234	q_taken_mean:            -13.4368	return_mean:             -751.8240	return_median:           -732.8000
return_std:              288.8909	target_mean:             -13.5315	td_error_abs:              1.5234	test_all_fires_out_mean:   0.0000
test_ep_length_mean:     100.0000	test_episode_limit_mean:   1.0000	test_mean_fire_level_mean: 22.1994	test_return_mean:        -98.1750
test_return_median:      -96.9000	test_return_std:          39.8469	
[INFO 13:50:01] my_main Recent Stats | t_env:    1786286 | Episode:    17866
all_fires_out_mean:        0.0000	entropy_loss:              0.0148	ep_length_mean:          100.0000	episode_limit_mean:        1.0000
epsilon:                   0.0500	grad_norm:               481.9304	loss:                     26.6850	mean_fire_level_mean:     20.9765
mi_loss:                   0.0234	q_taken_mean:            -13.4368	return_mean:             -751.8240	return_median:           -732.8000
return_std:              288.8909	target_mean:             -13.5315	td_error_abs:              1.5234	test_all_fires_out_mean:   0.0000
test_ep_length_mean:     100.0000	test_episode_limit_mean:   1.0000	test_mean_fire_level_mean: 22.1994	test_return_mean:        -98.1750
test_return_median:      -96.9000	test_return_std:          39.8469	
[INFO 13:50:44] my_main Recent Stats | t_env:    1788286 | Episode:    17886
all_fires_out_mean:        0.0000	entropy_loss:              0.0148	ep_length_mean:          100.0000	episode_limit_mean:        1.0000
epsilon:                   0.0500	grad_norm:               481.9304	loss:                     26.6850	mean_fire_level_mean:     20.9765
mi_loss:                   0.0234	q_taken_mean:            -13.4368	return_mean:             -751.8240	return_median:           -732.8000
return_std:              288.8909	target_mean:             -13.5315	td_error_abs:              1.5234	test_all_fires_out_mean:   0.0000
test_ep_length_mean:     100.0000	test_episode_limit_mean:   1.0000	test_mean_fire_level_mean: 22.1994	test_return_mean:        -98.1750
test_return_median:      -96.9000	test_return_std:          39.8469	
[INFO 13:51:26] my_main t_env: 1790286 / 2050000
[INFO 13:51:26] my_main Estimated time left: 1 hours, 44 minutes, 6 seconds. Time passed: 11 hours, 46 minutes, 52 seconds
[INFO 13:51:53] my_main Recent Stats | t_env:    1790286 | Episode:    17906
all_fires_out_mean:        0.0000	entropy_loss:              0.0148	ep_length_mean:          100.0000	episode_limit_mean:        1.0000
epsilon:                   0.0500	grad_norm:               481.9304	loss:                     26.6850	mean_fire_level_mean:     21.2425
mi_loss:                   0.0234	q_taken_mean:            -13.4368	return_mean:             -760.4320	return_median:           -733.7000
return_std:              300.0897	target_mean:             -13.5315	td_error_abs:              1.5234	test_all_fires_out_mean:   0.0000
test_ep_length_mean:     100.0000	test_episode_limit_mean:   1.0000	test_mean_fire_level_mean: 22.4722	test_return_mean:        -95.4688
test_return_median:      -93.3000	test_return_std:          40.2569	
[INFO 13:52:36] my_main Recent Stats | t_env:    1792286 | Episode:    17926
all_fires_out_mean:        0.0000	entropy_loss:              0.0148	ep_length_mean:          100.0000	episode_limit_mean:        1.0000
epsilon:                   0.0500	grad_norm:               481.9304	loss:                     26.6850	mean_fire_level_mean:     21.2425
mi_loss:                   0.0234	q_taken_mean:            -13.4368	return_mean:             -760.4320	return_median:           -733.7000
return_std:              300.0897	target_mean:             -13.5315	td_error_abs:              1.5234	test_all_fires_out_mean:   0.0000
test_ep_length_mean:     100.0000	test_episode_limit_mean:   1.0000	test_mean_fire_level_mean: 22.4722	test_return_mean:        -95.4688
test_return_median:      -93.3000	test_return_std:          40.2569	
[INFO 13:53:18] my_main Recent Stats | t_env:    1794286 | Episode:    17946
all_fires_out_mean:        0.0000	entropy_loss:              0.0146	ep_length_mean:          100.0000	episode_limit_mean:        1.0000
epsilon:                   0.0500	grad_norm:               488.6515	loss:                     28.7157	mean_fire_level_mean:     21.2425
mi_loss:                   0.0233	q_taken_mean:            -13.5143	return_mean:             -760.4320	return_median:           -733.7000
return_std:              300.0897	target_mean:             -13.6108	td_error_abs:              1.5456	test_all_fires_out_mean:   0.0000
test_ep_length_mean:     100.0000	test_episode_limit_mean:   1.0000	test_mean_fire_level_mean: 22.4722	test_return_mean:        -95.4688
test_return_median:      -93.3000	test_return_std:          40.2569	
[INFO 13:54:01] my_main Recent Stats | t_env:    1796286 | Episode:    17966
all_fires_out_mean:        0.0000	entropy_loss:              0.0146	ep_length_mean:          100.0000	episode_limit_mean:        1.0000
epsilon:                   0.0500	grad_norm:               488.6515	loss:                     28.7157	mean_fire_level_mean:     21.2425
mi_loss:                   0.0233	q_taken_mean:            -13.5143	return_mean:             -760.4320	return_median:           -733.7000
return_std:              300.0897	target_mean:             -13.6108	td_error_abs:              1.5456	test_all_fires_out_mean:   0.0000
test_ep_length_mean:     100.0000	test_episode_limit_mean:   1.0000	test_mean_fire_level_mean: 22.4722	test_return_mean:        -95.4688
test_return_median:      -93.3000	test_return_std:          40.2569	
[INFO 13:54:43] my_main Recent Stats | t_env:    1798286 | Episode:    17986
all_fires_out_mean:        0.0000	entropy_loss:              0.0146	ep_length_mean:          100.0000	episode_limit_mean:        1.0000
epsilon:                   0.0500	grad_norm:               488.6515	loss:                     28.7157	mean_fire_level_mean:     21.2425
mi_loss:                   0.0233	q_taken_mean:            -13.5143	return_mean:             -760.4320	return_median:           -733.7000
return_std:              300.0897	target_mean:             -13.6108	td_error_abs:              1.5456	test_all_fires_out_mean:   0.0000
test_ep_length_mean:     100.0000	test_episode_limit_mean:   1.0000	test_mean_fire_level_mean: 22.4722	test_return_mean:        -95.4688
test_return_median:      -93.3000	test_return_std:          40.2569	
[INFO 13:55:16] my_main Updated target network
[INFO 13:55:27] my_main t_env: 1800286 / 2050000
[INFO 13:55:27] my_main Estimated time left: 1 hours, 40 minutes, 10 seconds. Time passed: 11 hours, 50 minutes, 52 seconds
[INFO 13:55:53] my_main Recent Stats | t_env:    1800286 | Episode:    18006
all_fires_out_mean:        0.0000	entropy_loss:              0.0146	ep_length_mean:          100.0000	episode_limit_mean:        1.0000
epsilon:                   0.0500	grad_norm:               488.6515	loss:                     28.7157	mean_fire_level_mean:     21.2296
mi_loss:                   0.0233	q_taken_mean:            -13.5143	return_mean:             -759.1360	return_median:           -734.1000
return_std:              306.2512	target_mean:             -13.6108	td_error_abs:              1.5456	test_all_fires_out_mean:   0.0000
test_ep_length_mean:     100.0000	test_episode_limit_mean:   1.0000	test_mean_fire_level_mean: 22.4006	test_return_mean:        -95.5000
test_return_median:      -92.8000	test_return_std:          38.9411	
[INFO 13:56:36] my_main Recent Stats | t_env:    1802286 | Episode:    18026
all_fires_out_mean:        0.0000	entropy_loss:              0.0146	ep_length_mean:          100.0000	episode_limit_mean:        1.0000
epsilon:                   0.0500	grad_norm:               488.6515	loss:                     28.7157	mean_fire_level_mean:     21.2296
mi_loss:                   0.0233	q_taken_mean:            -13.5143	return_mean:             -759.1360	return_median:           -734.1000
return_std:              306.2512	target_mean:             -13.6108	td_error_abs:              1.5456	test_all_fires_out_mean:   0.0000
test_ep_length_mean:     100.0000	test_episode_limit_mean:   1.0000	test_mean_fire_level_mean: 22.4006	test_return_mean:        -95.5000
test_return_median:      -92.8000	test_return_std:          38.9411	
[INFO 13:57:19] my_main Recent Stats | t_env:    1804286 | Episode:    18046
all_fires_out_mean:        0.0000	entropy_loss:              0.0143	ep_length_mean:          100.0000	episode_limit_mean:        1.0000
epsilon:                   0.0500	grad_norm:               471.5601	loss:                     30.8825	mean_fire_level_mean:     21.2296
mi_loss:                   0.0233	q_taken_mean:            -13.5667	return_mean:             -759.1360	return_median:           -734.1000
return_std:              306.2512	target_mean:             -13.6596	td_error_abs:              1.5466	test_all_fires_out_mean:   0.0000
test_ep_length_mean:     100.0000	test_episode_limit_mean:   1.0000	test_mean_fire_level_mean: 22.4006	test_return_mean:        -95.5000
test_return_median:      -92.8000	test_return_std:          38.9411	
[INFO 13:58:03] my_main Recent Stats | t_env:    1806286 | Episode:    18066
all_fires_out_mean:        0.0000	entropy_loss:              0.0143	ep_length_mean:          100.0000	episode_limit_mean:        1.0000
epsilon:                   0.0500	grad_norm:               471.5601	loss:                     30.8825	mean_fire_level_mean:     21.2296
mi_loss:                   0.0233	q_taken_mean:            -13.5667	return_mean:             -759.1360	return_median:           -734.1000
return_std:              306.2512	target_mean:             -13.6596	td_error_abs:              1.5466	test_all_fires_out_mean:   0.0000
test_ep_length_mean:     100.0000	test_episode_limit_mean:   1.0000	test_mean_fire_level_mean: 22.4006	test_return_mean:        -95.5000
test_return_median:      -92.8000	test_return_std:          38.9411	
[INFO 13:58:45] my_main Recent Stats | t_env:    1808286 | Episode:    18086
all_fires_out_mean:        0.0000	entropy_loss:              0.0143	ep_length_mean:          100.0000	episode_limit_mean:        1.0000
epsilon:                   0.0500	grad_norm:               471.5601	loss:                     30.8825	mean_fire_level_mean:     21.2296
mi_loss:                   0.0233	q_taken_mean:            -13.5667	return_mean:             -759.1360	return_median:           -734.1000
return_std:              306.2512	target_mean:             -13.6596	td_error_abs:              1.5466	test_all_fires_out_mean:   0.0000
test_ep_length_mean:     100.0000	test_episode_limit_mean:   1.0000	test_mean_fire_level_mean: 22.4006	test_return_mean:        -95.5000
test_return_median:      -92.8000	test_return_std:          38.9411	
[INFO 13:59:28] my_main t_env: 1810286 / 2050000
[INFO 13:59:28] my_main Estimated time left: 1 hours, 36 minutes, 24 seconds. Time passed: 11 hours, 54 minutes, 54 seconds
[INFO 13:59:55] my_main Recent Stats | t_env:    1810286 | Episode:    18106
all_fires_out_mean:        0.0000	entropy_loss:              0.0143	ep_length_mean:          100.0000	episode_limit_mean:        1.0000
epsilon:                   0.0500	grad_norm:               471.5601	loss:                     30.8825	mean_fire_level_mean:     21.1985
mi_loss:                   0.0233	q_taken_mean:            -13.5667	return_mean:             -760.2720	return_median:           -735.5000
return_std:              292.4358	target_mean:             -13.6596	td_error_abs:              1.5466	test_all_fires_out_mean:   0.0000
test_ep_length_mean:     100.0000	test_episode_limit_mean:   1.0000	test_mean_fire_level_mean: 22.3926	test_return_mean:        -94.8000
test_return_median:      -89.7000	test_return_std:          39.7509	
[INFO 14:00:39] my_main Recent Stats | t_env:    1812286 | Episode:    18126
all_fires_out_mean:        0.0000	entropy_loss:              0.0143	ep_length_mean:          100.0000	episode_limit_mean:        1.0000
epsilon:                   0.0500	grad_norm:               471.5601	loss:                     30.8825	mean_fire_level_mean:     21.1985
mi_loss:                   0.0233	q_taken_mean:            -13.5667	return_mean:             -760.2720	return_median:           -735.5000
return_std:              292.4358	target_mean:             -13.6596	td_error_abs:              1.5466	test_all_fires_out_mean:   0.0000
test_ep_length_mean:     100.0000	test_episode_limit_mean:   1.0000	test_mean_fire_level_mean: 22.3926	test_return_mean:        -94.8000
test_return_median:      -89.7000	test_return_std:          39.7509	
[INFO 14:01:22] my_main Recent Stats | t_env:    1814286 | Episode:    18146
all_fires_out_mean:        0.0000	entropy_loss:              0.0145	ep_length_mean:          100.0000	episode_limit_mean:        1.0000
epsilon:                   0.0500	grad_norm:               443.4828	loss:                     22.8727	mean_fire_level_mean:     21.1985
mi_loss:                   0.0233	q_taken_mean:            -13.5284	return_mean:             -760.2720	return_median:           -735.5000
return_std:              292.4358	target_mean:             -13.6152	td_error_abs:              1.4815	test_all_fires_out_mean:   0.0000
test_ep_length_mean:     100.0000	test_episode_limit_mean:   1.0000	test_mean_fire_level_mean: 22.3926	test_return_mean:        -94.8000
test_return_median:      -89.7000	test_return_std:          39.7509	
[INFO 14:02:05] my_main Recent Stats | t_env:    1816286 | Episode:    18166
all_fires_out_mean:        0.0000	entropy_loss:              0.0145	ep_length_mean:          100.0000	episode_limit_mean:        1.0000
epsilon:                   0.0500	grad_norm:               443.4828	loss:                     22.8727	mean_fire_level_mean:     21.1985
mi_loss:                   0.0233	q_taken_mean:            -13.5284	return_mean:             -760.2720	return_median:           -735.5000
return_std:              292.4358	target_mean:             -13.6152	td_error_abs:              1.4815	test_all_fires_out_mean:   0.0000
test_ep_length_mean:     100.0000	test_episode_limit_mean:   1.0000	test_mean_fire_level_mean: 22.3926	test_return_mean:        -94.8000
test_return_median:      -89.7000	test_return_std:          39.7509	
[INFO 14:02:46] my_main Recent Stats | t_env:    1818286 | Episode:    18186
all_fires_out_mean:        0.0000	entropy_loss:              0.0145	ep_length_mean:          100.0000	episode_limit_mean:        1.0000
epsilon:                   0.0500	grad_norm:               443.4828	loss:                     22.8727	mean_fire_level_mean:     21.1985
mi_loss:                   0.0233	q_taken_mean:            -13.5284	return_mean:             -760.2720	return_median:           -735.5000
return_std:              292.4358	target_mean:             -13.6152	td_error_abs:              1.4815	test_all_fires_out_mean:   0.0000
test_ep_length_mean:     100.0000	test_episode_limit_mean:   1.0000	test_mean_fire_level_mean: 22.3926	test_return_mean:        -94.8000
test_return_median:      -89.7000	test_return_std:          39.7509	
[INFO 14:03:18] my_main Updated target network
[INFO 14:03:29] my_main t_env: 1820286 / 2050000
[INFO 14:03:29] my_main Estimated time left: 1 hours, 32 minutes, 6 seconds. Time passed: 11 hours, 58 minutes, 54 seconds
[INFO 14:03:56] my_main Recent Stats | t_env:    1820286 | Episode:    18206
all_fires_out_mean:        0.0000	entropy_loss:              0.0145	ep_length_mean:          100.0000	episode_limit_mean:        1.0000
epsilon:                   0.0500	grad_norm:               443.4828	loss:                     22.8727	mean_fire_level_mean:     21.3658
mi_loss:                   0.0233	q_taken_mean:            -13.5284	return_mean:             -762.9440	return_median:           -739.6000
return_std:              292.0022	target_mean:             -13.6152	td_error_abs:              1.4815	test_all_fires_out_mean:   0.0000
test_ep_length_mean:     100.0000	test_episode_limit_mean:   1.0000	test_mean_fire_level_mean: 22.4250	test_return_mean:        -92.8250
test_return_median:      -91.2000	test_return_std:          37.7117	
[INFO 14:04:39] my_main Recent Stats | t_env:    1822286 | Episode:    18226
all_fires_out_mean:        0.0000	entropy_loss:              0.0145	ep_length_mean:          100.0000	episode_limit_mean:        1.0000
epsilon:                   0.0500	grad_norm:               443.4828	loss:                     22.8727	mean_fire_level_mean:     21.3658
mi_loss:                   0.0233	q_taken_mean:            -13.5284	return_mean:             -762.9440	return_median:           -739.6000
return_std:              292.0022	target_mean:             -13.6152	td_error_abs:              1.4815	test_all_fires_out_mean:   0.0000
test_ep_length_mean:     100.0000	test_episode_limit_mean:   1.0000	test_mean_fire_level_mean: 22.4250	test_return_mean:        -92.8250
test_return_median:      -91.2000	test_return_std:          37.7117	
[INFO 14:05:22] my_main Recent Stats | t_env:    1824286 | Episode:    18246
all_fires_out_mean:        0.0000	entropy_loss:              0.0145	ep_length_mean:          100.0000	episode_limit_mean:        1.0000
epsilon:                   0.0500	grad_norm:               483.6526	loss:                     26.9559	mean_fire_level_mean:     21.3658
mi_loss:                   0.0234	q_taken_mean:            -13.6823	return_mean:             -762.9440	return_median:           -739.6000
return_std:              292.0022	target_mean:             -13.7700	td_error_abs:              1.4645	test_all_fires_out_mean:   0.0000
test_ep_length_mean:     100.0000	test_episode_limit_mean:   1.0000	test_mean_fire_level_mean: 22.4250	test_return_mean:        -92.8250
test_return_median:      -91.2000	test_return_std:          37.7117	
[INFO 14:06:05] my_main Recent Stats | t_env:    1826286 | Episode:    18266
all_fires_out_mean:        0.0000	entropy_loss:              0.0145	ep_length_mean:          100.0000	episode_limit_mean:        1.0000
epsilon:                   0.0500	grad_norm:               483.6526	loss:                     26.9559	mean_fire_level_mean:     21.3658
mi_loss:                   0.0234	q_taken_mean:            -13.6823	return_mean:             -762.9440	return_median:           -739.6000
return_std:              292.0022	target_mean:             -13.7700	td_error_abs:              1.4645	test_all_fires_out_mean:   0.0000
test_ep_length_mean:     100.0000	test_episode_limit_mean:   1.0000	test_mean_fire_level_mean: 22.4250	test_return_mean:        -92.8250
test_return_median:      -91.2000	test_return_std:          37.7117	
[INFO 14:06:46] my_main Recent Stats | t_env:    1828286 | Episode:    18286
all_fires_out_mean:        0.0000	entropy_loss:              0.0145	ep_length_mean:          100.0000	episode_limit_mean:        1.0000
epsilon:                   0.0500	grad_norm:               483.6526	loss:                     26.9559	mean_fire_level_mean:     21.3658
mi_loss:                   0.0234	q_taken_mean:            -13.6823	return_mean:             -762.9440	return_median:           -739.6000
return_std:              292.0022	target_mean:             -13.7700	td_error_abs:              1.4645	test_all_fires_out_mean:   0.0000
test_ep_length_mean:     100.0000	test_episode_limit_mean:   1.0000	test_mean_fire_level_mean: 22.4250	test_return_mean:        -92.8250
test_return_median:      -91.2000	test_return_std:          37.7117	
[INFO 14:07:30] my_main t_env: 1830286 / 2050000
[INFO 14:07:30] my_main Estimated time left: 1 hours, 28 minutes, 27 seconds. Time passed: 12 hours, 2 minutes, 56 seconds
[INFO 14:07:57] my_main Recent Stats | t_env:    1830286 | Episode:    18306
all_fires_out_mean:        0.0000	entropy_loss:              0.0145	ep_length_mean:          100.0000	episode_limit_mean:        1.0000
epsilon:                   0.0500	grad_norm:               483.6526	loss:                     26.9559	mean_fire_level_mean:     21.3833
mi_loss:                   0.0234	q_taken_mean:            -13.6823	return_mean:             -769.2820	return_median:           -742.8000
return_std:              290.1102	target_mean:             -13.7700	td_error_abs:              1.4645	test_all_fires_out_mean:   0.0000
test_ep_length_mean:     100.0000	test_episode_limit_mean:   1.0000	test_mean_fire_level_mean: 22.7080	test_return_mean:        -96.3688
test_return_median:      -95.6000	test_return_std:          34.4488	
[INFO 14:08:40] my_main Recent Stats | t_env:    1832286 | Episode:    18326
all_fires_out_mean:        0.0000	entropy_loss:              0.0145	ep_length_mean:          100.0000	episode_limit_mean:        1.0000
epsilon:                   0.0500	grad_norm:               483.6526	loss:                     26.9559	mean_fire_level_mean:     21.3833
mi_loss:                   0.0234	q_taken_mean:            -13.6823	return_mean:             -769.2820	return_median:           -742.8000
return_std:              290.1102	target_mean:             -13.7700	td_error_abs:              1.4645	test_all_fires_out_mean:   0.0000
test_ep_length_mean:     100.0000	test_episode_limit_mean:   1.0000	test_mean_fire_level_mean: 22.7080	test_return_mean:        -96.3688
test_return_median:      -95.6000	test_return_std:          34.4488	
[INFO 14:09:23] my_main Recent Stats | t_env:    1834286 | Episode:    18346
all_fires_out_mean:        0.0000	entropy_loss:              0.0144	ep_length_mean:          100.0000	episode_limit_mean:        1.0000
epsilon:                   0.0500	grad_norm:               510.8427	loss:                     29.8464	mean_fire_level_mean:     21.3833
mi_loss:                   0.0233	q_taken_mean:            -13.6724	return_mean:             -769.2820	return_median:           -742.8000
return_std:              290.1102	target_mean:             -13.7659	td_error_abs:              1.5356	test_all_fires_out_mean:   0.0000
test_ep_length_mean:     100.0000	test_episode_limit_mean:   1.0000	test_mean_fire_level_mean: 22.7080	test_return_mean:        -96.3688
test_return_median:      -95.6000	test_return_std:          34.4488	
[INFO 14:10:07] my_main Recent Stats | t_env:    1836286 | Episode:    18366
all_fires_out_mean:        0.0000	entropy_loss:              0.0144	ep_length_mean:          100.0000	episode_limit_mean:        1.0000
epsilon:                   0.0500	grad_norm:               510.8427	loss:                     29.8464	mean_fire_level_mean:     21.3833
mi_loss:                   0.0233	q_taken_mean:            -13.6724	return_mean:             -769.2820	return_median:           -742.8000
return_std:              290.1102	target_mean:             -13.7659	td_error_abs:              1.5356	test_all_fires_out_mean:   0.0000
test_ep_length_mean:     100.0000	test_episode_limit_mean:   1.0000	test_mean_fire_level_mean: 22.7080	test_return_mean:        -96.3688
test_return_median:      -95.6000	test_return_std:          34.4488	
[INFO 14:10:49] my_main Recent Stats | t_env:    1838286 | Episode:    18386
all_fires_out_mean:        0.0000	entropy_loss:              0.0144	ep_length_mean:          100.0000	episode_limit_mean:        1.0000
epsilon:                   0.0500	grad_norm:               510.8427	loss:                     29.8464	mean_fire_level_mean:     21.3833
mi_loss:                   0.0233	q_taken_mean:            -13.6724	return_mean:             -769.2820	return_median:           -742.8000
return_std:              290.1102	target_mean:             -13.7659	td_error_abs:              1.5356	test_all_fires_out_mean:   0.0000
test_ep_length_mean:     100.0000	test_episode_limit_mean:   1.0000	test_mean_fire_level_mean: 22.7080	test_return_mean:        -96.3688
test_return_median:      -95.6000	test_return_std:          34.4488	
[INFO 14:11:22] my_main Updated target network
[INFO 14:11:33] my_main t_env: 1840286 / 2050000
[INFO 14:11:33] my_main Estimated time left: 1 hours, 24 minutes, 54 seconds. Time passed: 12 hours, 6 minutes, 59 seconds
[INFO 14:12:00] my_main Recent Stats | t_env:    1840286 | Episode:    18406
all_fires_out_mean:        0.0000	entropy_loss:              0.0144	ep_length_mean:          100.0000	episode_limit_mean:        1.0000
epsilon:                   0.0500	grad_norm:               510.8427	loss:                     29.8464	mean_fire_level_mean:     21.4102
mi_loss:                   0.0233	q_taken_mean:            -13.6724	return_mean:             -782.9840	return_median:           -753.9000
return_std:              291.8433	target_mean:             -13.7659	td_error_abs:              1.5356	test_all_fires_out_mean:   0.0000
test_ep_length_mean:     100.0000	test_episode_limit_mean:   1.0000	test_mean_fire_level_mean: 22.5784	test_return_mean:        -96.2438
test_return_median:      -94.5000	test_return_std:          34.8328	
[INFO 14:12:43] my_main Recent Stats | t_env:    1842286 | Episode:    18426
all_fires_out_mean:        0.0000	entropy_loss:              0.0144	ep_length_mean:          100.0000	episode_limit_mean:        1.0000
epsilon:                   0.0500	grad_norm:               510.8427	loss:                     29.8464	mean_fire_level_mean:     21.4102
mi_loss:                   0.0233	q_taken_mean:            -13.6724	return_mean:             -782.9840	return_median:           -753.9000
return_std:              291.8433	target_mean:             -13.7659	td_error_abs:              1.5356	test_all_fires_out_mean:   0.0000
test_ep_length_mean:     100.0000	test_episode_limit_mean:   1.0000	test_mean_fire_level_mean: 22.5784	test_return_mean:        -96.2438
test_return_median:      -94.5000	test_return_std:          34.8328	
[INFO 14:13:26] my_main Recent Stats | t_env:    1844286 | Episode:    18446
all_fires_out_mean:        0.0000	entropy_loss:              0.0145	ep_length_mean:          100.0000	episode_limit_mean:        1.0000
epsilon:                   0.0500	grad_norm:               547.2866	loss:                     29.4933	mean_fire_level_mean:     21.4102
mi_loss:                   0.0234	q_taken_mean:            -13.5249	return_mean:             -782.9840	return_median:           -753.9000
return_std:              291.8433	target_mean:             -13.6283	td_error_abs:              1.5850	test_all_fires_out_mean:   0.0000
test_ep_length_mean:     100.0000	test_episode_limit_mean:   1.0000	test_mean_fire_level_mean: 22.5784	test_return_mean:        -96.2438
test_return_median:      -94.5000	test_return_std:          34.8328	
[INFO 14:14:09] my_main Recent Stats | t_env:    1846286 | Episode:    18466
all_fires_out_mean:        0.0000	entropy_loss:              0.0145	ep_length_mean:          100.0000	episode_limit_mean:        1.0000
epsilon:                   0.0500	grad_norm:               547.2866	loss:                     29.4933	mean_fire_level_mean:     21.4102
mi_loss:                   0.0234	q_taken_mean:            -13.5249	return_mean:             -782.9840	return_median:           -753.9000
return_std:              291.8433	target_mean:             -13.6283	td_error_abs:              1.5850	test_all_fires_out_mean:   0.0000
test_ep_length_mean:     100.0000	test_episode_limit_mean:   1.0000	test_mean_fire_level_mean: 22.5784	test_return_mean:        -96.2438
test_return_median:      -94.5000	test_return_std:          34.8328	
[INFO 14:14:51] my_main Recent Stats | t_env:    1848286 | Episode:    18486
all_fires_out_mean:        0.0000	entropy_loss:              0.0145	ep_length_mean:          100.0000	episode_limit_mean:        1.0000
epsilon:                   0.0500	grad_norm:               547.2866	loss:                     29.4933	mean_fire_level_mean:     21.4102
mi_loss:                   0.0234	q_taken_mean:            -13.5249	return_mean:             -782.9840	return_median:           -753.9000
return_std:              291.8433	target_mean:             -13.6283	td_error_abs:              1.5850	test_all_fires_out_mean:   0.0000
test_ep_length_mean:     100.0000	test_episode_limit_mean:   1.0000	test_mean_fire_level_mean: 22.5784	test_return_mean:        -96.2438
test_return_median:      -94.5000	test_return_std:          34.8328	
[INFO 14:15:34] my_main t_env: 1850286 / 2050000
[INFO 14:15:34] my_main Estimated time left: 1 hours, 20 minutes, 13 seconds. Time passed: 12 hours, 11 minutes, 0 seconds
[INFO 14:16:02] my_main Recent Stats | t_env:    1850286 | Episode:    18506
all_fires_out_mean:        0.0000	entropy_loss:              0.0145	ep_length_mean:          100.0000	episode_limit_mean:        1.0000
epsilon:                   0.0500	grad_norm:               547.2866	loss:                     29.4933	mean_fire_level_mean:     21.2882
mi_loss:                   0.0234	q_taken_mean:            -13.5249	return_mean:             -780.1920	return_median:           -754.2000
return_std:              283.1202	target_mean:             -13.6283	td_error_abs:              1.5850	test_all_fires_out_mean:   0.0000
test_ep_length_mean:     100.0000	test_episode_limit_mean:   1.0000	test_mean_fire_level_mean: 22.3847	test_return_mean:        -96.4188
test_return_median:      -95.4000	test_return_std:          36.4135	
[INFO 14:16:45] my_main Recent Stats | t_env:    1852286 | Episode:    18526
all_fires_out_mean:        0.0000	entropy_loss:              0.0145	ep_length_mean:          100.0000	episode_limit_mean:        1.0000
epsilon:                   0.0500	grad_norm:               547.2866	loss:                     29.4933	mean_fire_level_mean:     21.2882
mi_loss:                   0.0234	q_taken_mean:            -13.5249	return_mean:             -780.1920	return_median:           -754.2000
return_std:              283.1202	target_mean:             -13.6283	td_error_abs:              1.5850	test_all_fires_out_mean:   0.0000
test_ep_length_mean:     100.0000	test_episode_limit_mean:   1.0000	test_mean_fire_level_mean: 22.3847	test_return_mean:        -96.4188
test_return_median:      -95.4000	test_return_std:          36.4135	
[INFO 14:17:28] my_main Recent Stats | t_env:    1854286 | Episode:    18546
all_fires_out_mean:        0.0000	entropy_loss:              0.0147	ep_length_mean:          100.0000	episode_limit_mean:        1.0000
epsilon:                   0.0500	grad_norm:               569.5031	loss:                     33.2252	mean_fire_level_mean:     21.2882
mi_loss:                   0.0234	q_taken_mean:            -13.6020	return_mean:             -780.1920	return_median:           -754.2000
return_std:              283.1202	target_mean:             -13.7037	td_error_abs:              1.5953	test_all_fires_out_mean:   0.0000
test_ep_length_mean:     100.0000	test_episode_limit_mean:   1.0000	test_mean_fire_level_mean: 22.3847	test_return_mean:        -96.4188
test_return_median:      -95.4000	test_return_std:          36.4135	
[INFO 14:18:12] my_main Recent Stats | t_env:    1856286 | Episode:    18566
all_fires_out_mean:        0.0000	entropy_loss:              0.0147	ep_length_mean:          100.0000	episode_limit_mean:        1.0000
epsilon:                   0.0500	grad_norm:               569.5031	loss:                     33.2252	mean_fire_level_mean:     21.2882
mi_loss:                   0.0234	q_taken_mean:            -13.6020	return_mean:             -780.1920	return_median:           -754.2000
return_std:              283.1202	target_mean:             -13.7037	td_error_abs:              1.5953	test_all_fires_out_mean:   0.0000
test_ep_length_mean:     100.0000	test_episode_limit_mean:   1.0000	test_mean_fire_level_mean: 22.3847	test_return_mean:        -96.4188
test_return_median:      -95.4000	test_return_std:          36.4135	
[INFO 14:18:54] my_main Recent Stats | t_env:    1858286 | Episode:    18586
all_fires_out_mean:        0.0000	entropy_loss:              0.0147	ep_length_mean:          100.0000	episode_limit_mean:        1.0000
epsilon:                   0.0500	grad_norm:               569.5031	loss:                     33.2252	mean_fire_level_mean:     21.2882
mi_loss:                   0.0234	q_taken_mean:            -13.6020	return_mean:             -780.1920	return_median:           -754.2000
return_std:              283.1202	target_mean:             -13.7037	td_error_abs:              1.5953	test_all_fires_out_mean:   0.0000
test_ep_length_mean:     100.0000	test_episode_limit_mean:   1.0000	test_mean_fire_level_mean: 22.3847	test_return_mean:        -96.4188
test_return_median:      -95.4000	test_return_std:          36.4135	
[INFO 14:19:26] my_main Updated target network
[INFO 14:19:37] my_main t_env: 1860286 / 2050000
[INFO 14:19:37] my_main Estimated time left: 1 hours, 16 minutes, 48 seconds. Time passed: 12 hours, 15 minutes, 3 seconds
[INFO 14:20:04] my_main Recent Stats | t_env:    1860286 | Episode:    18606
all_fires_out_mean:        0.0000	entropy_loss:              0.0147	ep_length_mean:          100.0000	episode_limit_mean:        1.0000
epsilon:                   0.0500	grad_norm:               569.5031	loss:                     33.2252	mean_fire_level_mean:     21.2816
mi_loss:                   0.0234	q_taken_mean:            -13.6020	return_mean:             -775.7140	return_median:           -760.2000
return_std:              273.0625	target_mean:             -13.7037	td_error_abs:              1.5953	test_all_fires_out_mean:   0.0000
test_ep_length_mean:     100.0000	test_episode_limit_mean:   1.0000	test_mean_fire_level_mean: 22.5352	test_return_mean:        -100.2313
test_return_median:      -99.3000	test_return_std:          38.8719	
[INFO 14:20:47] my_main Recent Stats | t_env:    1862286 | Episode:    18626
all_fires_out_mean:        0.0000	entropy_loss:              0.0147	ep_length_mean:          100.0000	episode_limit_mean:        1.0000
epsilon:                   0.0500	grad_norm:               569.5031	loss:                     33.2252	mean_fire_level_mean:     21.2816
mi_loss:                   0.0234	q_taken_mean:            -13.6020	return_mean:             -775.7140	return_median:           -760.2000
return_std:              273.0625	target_mean:             -13.7037	td_error_abs:              1.5953	test_all_fires_out_mean:   0.0000
test_ep_length_mean:     100.0000	test_episode_limit_mean:   1.0000	test_mean_fire_level_mean: 22.5352	test_return_mean:        -100.2313
test_return_median:      -99.3000	test_return_std:          38.8719	
[INFO 14:21:30] my_main Recent Stats | t_env:    1864286 | Episode:    18646
all_fires_out_mean:        0.0000	entropy_loss:              0.0146	ep_length_mean:          100.0000	episode_limit_mean:        1.0000
epsilon:                   0.0500	grad_norm:               544.2874	loss:                     32.6239	mean_fire_level_mean:     21.2816
mi_loss:                   0.0233	q_taken_mean:            -13.4660	return_mean:             -775.7140	return_median:           -760.2000
return_std:              273.0625	target_mean:             -13.5639	td_error_abs:              1.5518	test_all_fires_out_mean:   0.0000
test_ep_length_mean:     100.0000	test_episode_limit_mean:   1.0000	test_mean_fire_level_mean: 22.5352	test_return_mean:        -100.2313
test_return_median:      -99.3000	test_return_std:          38.8719	
[INFO 14:22:13] my_main Recent Stats | t_env:    1866286 | Episode:    18666
all_fires_out_mean:        0.0000	entropy_loss:              0.0146	ep_length_mean:          100.0000	episode_limit_mean:        1.0000
epsilon:                   0.0500	grad_norm:               544.2874	loss:                     32.6239	mean_fire_level_mean:     21.2816
mi_loss:                   0.0233	q_taken_mean:            -13.4660	return_mean:             -775.7140	return_median:           -760.2000
return_std:              273.0625	target_mean:             -13.5639	td_error_abs:              1.5518	test_all_fires_out_mean:   0.0000
test_ep_length_mean:     100.0000	test_episode_limit_mean:   1.0000	test_mean_fire_level_mean: 22.5352	test_return_mean:        -100.2313
test_return_median:      -99.3000	test_return_std:          38.8719	
[INFO 14:22:56] my_main Recent Stats | t_env:    1868286 | Episode:    18686
all_fires_out_mean:        0.0000	entropy_loss:              0.0146	ep_length_mean:          100.0000	episode_limit_mean:        1.0000
epsilon:                   0.0500	grad_norm:               544.2874	loss:                     32.6239	mean_fire_level_mean:     21.2816
mi_loss:                   0.0233	q_taken_mean:            -13.4660	return_mean:             -775.7140	return_median:           -760.2000
return_std:              273.0625	target_mean:             -13.5639	td_error_abs:              1.5518	test_all_fires_out_mean:   0.0000
test_ep_length_mean:     100.0000	test_episode_limit_mean:   1.0000	test_mean_fire_level_mean: 22.5352	test_return_mean:        -100.2313
test_return_median:      -99.3000	test_return_std:          38.8719	
[INFO 14:23:40] my_main t_env: 1870286 / 2050000
[INFO 14:23:40] my_main Estimated time left: 1 hours, 12 minutes, 41 seconds. Time passed: 12 hours, 19 minutes, 5 seconds
[INFO 14:24:06] my_main Recent Stats | t_env:    1870286 | Episode:    18706
all_fires_out_mean:        0.0000	entropy_loss:              0.0146	ep_length_mean:          100.0000	episode_limit_mean:        1.0000
epsilon:                   0.0500	grad_norm:               544.2874	loss:                     32.6239	mean_fire_level_mean:     21.0758
mi_loss:                   0.0233	q_taken_mean:            -13.4660	return_mean:             -765.4180	return_median:           -746.6000
return_std:              269.3547	target_mean:             -13.5639	td_error_abs:              1.5518	test_all_fires_out_mean:   0.0000
test_ep_length_mean:     100.0000	test_episode_limit_mean:   1.0000	test_mean_fire_level_mean: 22.6801	test_return_mean:        -102.9625
test_return_median:      -103.1000	test_return_std:          40.9637	
[INFO 14:24:49] my_main Recent Stats | t_env:    1872286 | Episode:    18726
all_fires_out_mean:        0.0000	entropy_loss:              0.0146	ep_length_mean:          100.0000	episode_limit_mean:        1.0000
epsilon:                   0.0500	grad_norm:               544.2874	loss:                     32.6239	mean_fire_level_mean:     21.0758
mi_loss:                   0.0233	q_taken_mean:            -13.4660	return_mean:             -765.4180	return_median:           -746.6000
return_std:              269.3547	target_mean:             -13.5639	td_error_abs:              1.5518	test_all_fires_out_mean:   0.0000
test_ep_length_mean:     100.0000	test_episode_limit_mean:   1.0000	test_mean_fire_level_mean: 22.6801	test_return_mean:        -102.9625
test_return_median:      -103.1000	test_return_std:          40.9637	
[INFO 14:25:34] my_main Recent Stats | t_env:    1874286 | Episode:    18746
all_fires_out_mean:        0.0000	entropy_loss:              0.0148	ep_length_mean:          100.0000	episode_limit_mean:        1.0000
epsilon:                   0.0500	grad_norm:               492.0148	loss:                     27.7542	mean_fire_level_mean:     21.0758
mi_loss:                   0.0232	q_taken_mean:            -13.1131	return_mean:             -765.4180	return_median:           -746.6000
return_std:              269.3547	target_mean:             -13.2079	td_error_abs:              1.5201	test_all_fires_out_mean:   0.0000
test_ep_length_mean:     100.0000	test_episode_limit_mean:   1.0000	test_mean_fire_level_mean: 22.6801	test_return_mean:        -102.9625
test_return_median:      -103.1000	test_return_std:          40.9637	
[INFO 14:26:16] my_main Recent Stats | t_env:    1876286 | Episode:    18766
all_fires_out_mean:        0.0000	entropy_loss:              0.0148	ep_length_mean:          100.0000	episode_limit_mean:        1.0000
epsilon:                   0.0500	grad_norm:               492.0148	loss:                     27.7542	mean_fire_level_mean:     21.0758
mi_loss:                   0.0232	q_taken_mean:            -13.1131	return_mean:             -765.4180	return_median:           -746.6000
return_std:              269.3547	target_mean:             -13.2079	td_error_abs:              1.5201	test_all_fires_out_mean:   0.0000
test_ep_length_mean:     100.0000	test_episode_limit_mean:   1.0000	test_mean_fire_level_mean: 22.6801	test_return_mean:        -102.9625
test_return_median:      -103.1000	test_return_std:          40.9637	
[INFO 14:26:59] my_main Recent Stats | t_env:    1878286 | Episode:    18786
all_fires_out_mean:        0.0000	entropy_loss:              0.0148	ep_length_mean:          100.0000	episode_limit_mean:        1.0000
epsilon:                   0.0500	grad_norm:               492.0148	loss:                     27.7542	mean_fire_level_mean:     21.0758
mi_loss:                   0.0232	q_taken_mean:            -13.1131	return_mean:             -765.4180	return_median:           -746.6000
return_std:              269.3547	target_mean:             -13.2079	td_error_abs:              1.5201	test_all_fires_out_mean:   0.0000
test_ep_length_mean:     100.0000	test_episode_limit_mean:   1.0000	test_mean_fire_level_mean: 22.6801	test_return_mean:        -102.9625
test_return_median:      -103.1000	test_return_std:          40.9637	
[INFO 14:27:32] my_main Updated target network
[INFO 14:27:43] my_main t_env: 1880286 / 2050000
[INFO 14:27:43] my_main Estimated time left: 1 hours, 8 minutes, 39 seconds. Time passed: 12 hours, 23 minutes, 8 seconds
[INFO 14:28:10] my_main Recent Stats | t_env:    1880286 | Episode:    18806
all_fires_out_mean:        0.0000	entropy_loss:              0.0148	ep_length_mean:          100.0000	episode_limit_mean:        1.0000
epsilon:                   0.0500	grad_norm:               492.0148	loss:                     27.7542	mean_fire_level_mean:     21.0175
mi_loss:                   0.0232	q_taken_mean:            -13.1131	return_mean:             -754.7520	return_median:           -730.8000
return_std:              268.8784	target_mean:             -13.2079	td_error_abs:              1.5201	test_all_fires_out_mean:   0.0000
test_ep_length_mean:     100.0000	test_episode_limit_mean:   1.0000	test_mean_fire_level_mean: 22.4699	test_return_mean:        -98.1250
test_return_median:      -97.6000	test_return_std:          42.4134	
[INFO 14:28:52] my_main Recent Stats | t_env:    1882286 | Episode:    18826
all_fires_out_mean:        0.0000	entropy_loss:              0.0148	ep_length_mean:          100.0000	episode_limit_mean:        1.0000
epsilon:                   0.0500	grad_norm:               492.0148	loss:                     27.7542	mean_fire_level_mean:     21.0175
mi_loss:                   0.0232	q_taken_mean:            -13.1131	return_mean:             -754.7520	return_median:           -730.8000
return_std:              268.8784	target_mean:             -13.2079	td_error_abs:              1.5201	test_all_fires_out_mean:   0.0000
test_ep_length_mean:     100.0000	test_episode_limit_mean:   1.0000	test_mean_fire_level_mean: 22.4699	test_return_mean:        -98.1250
test_return_median:      -97.6000	test_return_std:          42.4134	
[INFO 14:29:35] my_main Recent Stats | t_env:    1884286 | Episode:    18846
all_fires_out_mean:        0.0000	entropy_loss:              0.0148	ep_length_mean:          100.0000	episode_limit_mean:        1.0000
epsilon:                   0.0500	grad_norm:               504.5124	loss:                     20.1128	mean_fire_level_mean:     21.0175
mi_loss:                   0.0232	q_taken_mean:            -13.2326	return_mean:             -754.7520	return_median:           -730.8000
return_std:              268.8784	target_mean:             -13.3345	td_error_abs:              1.4866	test_all_fires_out_mean:   0.0000
test_ep_length_mean:     100.0000	test_episode_limit_mean:   1.0000	test_mean_fire_level_mean: 22.4699	test_return_mean:        -98.1250
test_return_median:      -97.6000	test_return_std:          42.4134	
[INFO 14:30:18] my_main Recent Stats | t_env:    1886286 | Episode:    18866
all_fires_out_mean:        0.0000	entropy_loss:              0.0148	ep_length_mean:          100.0000	episode_limit_mean:        1.0000
epsilon:                   0.0500	grad_norm:               504.5124	loss:                     20.1128	mean_fire_level_mean:     21.0175
mi_loss:                   0.0232	q_taken_mean:            -13.2326	return_mean:             -754.7520	return_median:           -730.8000
return_std:              268.8784	target_mean:             -13.3345	td_error_abs:              1.4866	test_all_fires_out_mean:   0.0000
test_ep_length_mean:     100.0000	test_episode_limit_mean:   1.0000	test_mean_fire_level_mean: 22.4699	test_return_mean:        -98.1250
test_return_median:      -97.6000	test_return_std:          42.4134	
[INFO 14:31:01] my_main Recent Stats | t_env:    1888286 | Episode:    18886
all_fires_out_mean:        0.0000	entropy_loss:              0.0148	ep_length_mean:          100.0000	episode_limit_mean:        1.0000
epsilon:                   0.0500	grad_norm:               504.5124	loss:                     20.1128	mean_fire_level_mean:     21.0175
mi_loss:                   0.0232	q_taken_mean:            -13.2326	return_mean:             -754.7520	return_median:           -730.8000
return_std:              268.8784	target_mean:             -13.3345	td_error_abs:              1.4866	test_all_fires_out_mean:   0.0000
test_ep_length_mean:     100.0000	test_episode_limit_mean:   1.0000	test_mean_fire_level_mean: 22.4699	test_return_mean:        -98.1250
test_return_median:      -97.6000	test_return_std:          42.4134	
[INFO 14:31:44] my_main t_env: 1890286 / 2050000
[INFO 14:31:44] my_main Estimated time left: 1 hours, 4 minutes, 8 seconds. Time passed: 12 hours, 27 minutes, 9 seconds
[INFO 14:32:10] my_main Recent Stats | t_env:    1890286 | Episode:    18906
all_fires_out_mean:        0.0000	entropy_loss:              0.0148	ep_length_mean:          100.0000	episode_limit_mean:        1.0000
epsilon:                   0.0500	grad_norm:               504.5124	loss:                     20.1128	mean_fire_level_mean:     20.9376
mi_loss:                   0.0232	q_taken_mean:            -13.2326	return_mean:             -739.8880	return_median:           -719.7000
return_std:              263.2746	target_mean:             -13.3345	td_error_abs:              1.4866	test_all_fires_out_mean:   0.0000
test_ep_length_mean:     100.0000	test_episode_limit_mean:   1.0000	test_mean_fire_level_mean: 22.3074	test_return_mean:        -97.2687
test_return_median:      -96.8000	test_return_std:          42.1221	
[INFO 14:32:52] my_main Recent Stats | t_env:    1892286 | Episode:    18926
all_fires_out_mean:        0.0000	entropy_loss:              0.0148	ep_length_mean:          100.0000	episode_limit_mean:        1.0000
epsilon:                   0.0500	grad_norm:               504.5124	loss:                     20.1128	mean_fire_level_mean:     20.9376
mi_loss:                   0.0232	q_taken_mean:            -13.2326	return_mean:             -739.8880	return_median:           -719.7000
return_std:              263.2746	target_mean:             -13.3345	td_error_abs:              1.4866	test_all_fires_out_mean:   0.0000
test_ep_length_mean:     100.0000	test_episode_limit_mean:   1.0000	test_mean_fire_level_mean: 22.3074	test_return_mean:        -97.2687
test_return_median:      -96.8000	test_return_std:          42.1221	
[INFO 14:33:35] my_main Recent Stats | t_env:    1894286 | Episode:    18946
all_fires_out_mean:        0.0000	entropy_loss:              0.0150	ep_length_mean:          100.0000	episode_limit_mean:        1.0000
epsilon:                   0.0500	grad_norm:               488.3718	loss:                     16.6898	mean_fire_level_mean:     20.9376
mi_loss:                   0.0232	q_taken_mean:            -13.3426	return_mean:             -739.8880	return_median:           -719.7000
return_std:              263.2746	target_mean:             -13.4415	td_error_abs:              1.4365	test_all_fires_out_mean:   0.0000
test_ep_length_mean:     100.0000	test_episode_limit_mean:   1.0000	test_mean_fire_level_mean: 22.3074	test_return_mean:        -97.2687
test_return_median:      -96.8000	test_return_std:          42.1221	
[INFO 14:34:18] my_main Recent Stats | t_env:    1896286 | Episode:    18966
all_fires_out_mean:        0.0000	entropy_loss:              0.0150	ep_length_mean:          100.0000	episode_limit_mean:        1.0000
epsilon:                   0.0500	grad_norm:               488.3718	loss:                     16.6898	mean_fire_level_mean:     20.9376
mi_loss:                   0.0232	q_taken_mean:            -13.3426	return_mean:             -739.8880	return_median:           -719.7000
return_std:              263.2746	target_mean:             -13.4415	td_error_abs:              1.4365	test_all_fires_out_mean:   0.0000
test_ep_length_mean:     100.0000	test_episode_limit_mean:   1.0000	test_mean_fire_level_mean: 22.3074	test_return_mean:        -97.2687
test_return_median:      -96.8000	test_return_std:          42.1221	
[INFO 14:35:01] my_main Recent Stats | t_env:    1898286 | Episode:    18986
all_fires_out_mean:        0.0000	entropy_loss:              0.0150	ep_length_mean:          100.0000	episode_limit_mean:        1.0000
epsilon:                   0.0500	grad_norm:               488.3718	loss:                     16.6898	mean_fire_level_mean:     20.9376
mi_loss:                   0.0232	q_taken_mean:            -13.3426	return_mean:             -739.8880	return_median:           -719.7000
return_std:              263.2746	target_mean:             -13.4415	td_error_abs:              1.4365	test_all_fires_out_mean:   0.0000
test_ep_length_mean:     100.0000	test_episode_limit_mean:   1.0000	test_mean_fire_level_mean: 22.3074	test_return_mean:        -97.2687
test_return_median:      -96.8000	test_return_std:          42.1221	
[INFO 14:35:33] my_main Updated target network
[INFO 14:35:44] my_main t_env: 1900286 / 2050000
[INFO 14:35:44] my_main Estimated time left: 1 hours, 2 seconds. Time passed: 12 hours, 31 minutes, 10 seconds
[INFO 14:36:11] my_main Recent Stats | t_env:    1900286 | Episode:    19006
all_fires_out_mean:        0.0000	entropy_loss:              0.0150	ep_length_mean:          100.0000	episode_limit_mean:        1.0000
epsilon:                   0.0500	grad_norm:               488.3718	loss:                     16.6898	mean_fire_level_mean:     20.9353
mi_loss:                   0.0232	q_taken_mean:            -13.3426	return_mean:             -746.2140	return_median:           -724.3000
return_std:              270.6616	target_mean:             -13.4415	td_error_abs:              1.4365	test_all_fires_out_mean:   0.0000
test_ep_length_mean:     100.0000	test_episode_limit_mean:   1.0000	test_mean_fire_level_mean: 22.5472	test_return_mean:        -95.6063
test_return_median:      -94.0000	test_return_std:          41.3885	
[INFO 14:36:53] my_main Recent Stats | t_env:    1902286 | Episode:    19026
all_fires_out_mean:        0.0000	entropy_loss:              0.0150	ep_length_mean:          100.0000	episode_limit_mean:        1.0000
epsilon:                   0.0500	grad_norm:               488.3718	loss:                     16.6898	mean_fire_level_mean:     20.9353
mi_loss:                   0.0232	q_taken_mean:            -13.3426	return_mean:             -746.2140	return_median:           -724.3000
return_std:              270.6616	target_mean:             -13.4415	td_error_abs:              1.4365	test_all_fires_out_mean:   0.0000
test_ep_length_mean:     100.0000	test_episode_limit_mean:   1.0000	test_mean_fire_level_mean: 22.5472	test_return_mean:        -95.6063
test_return_median:      -94.0000	test_return_std:          41.3885	
[INFO 14:37:38] my_main Recent Stats | t_env:    1904286 | Episode:    19046
all_fires_out_mean:        0.0000	entropy_loss:              0.0151	ep_length_mean:          100.0000	episode_limit_mean:        1.0000
epsilon:                   0.0500	grad_norm:               466.1902	loss:                     13.0891	mean_fire_level_mean:     20.9353
mi_loss:                   0.0232	q_taken_mean:            -13.3080	return_mean:             -746.2140	return_median:           -724.3000
return_std:              270.6616	target_mean:             -13.4056	td_error_abs:              1.3983	test_all_fires_out_mean:   0.0000
test_ep_length_mean:     100.0000	test_episode_limit_mean:   1.0000	test_mean_fire_level_mean: 22.5472	test_return_mean:        -95.6063
test_return_median:      -94.0000	test_return_std:          41.3885	
[INFO 14:38:21] my_main Recent Stats | t_env:    1906286 | Episode:    19066
all_fires_out_mean:        0.0000	entropy_loss:              0.0151	ep_length_mean:          100.0000	episode_limit_mean:        1.0000
epsilon:                   0.0500	grad_norm:               466.1902	loss:                     13.0891	mean_fire_level_mean:     20.9353
mi_loss:                   0.0232	q_taken_mean:            -13.3080	return_mean:             -746.2140	return_median:           -724.3000
return_std:              270.6616	target_mean:             -13.4056	td_error_abs:              1.3983	test_all_fires_out_mean:   0.0000
test_ep_length_mean:     100.0000	test_episode_limit_mean:   1.0000	test_mean_fire_level_mean: 22.5472	test_return_mean:        -95.6063
test_return_median:      -94.0000	test_return_std:          41.3885	
[INFO 14:39:04] my_main Recent Stats | t_env:    1908286 | Episode:    19086
all_fires_out_mean:        0.0000	entropy_loss:              0.0151	ep_length_mean:          100.0000	episode_limit_mean:        1.0000
epsilon:                   0.0500	grad_norm:               466.1902	loss:                     13.0891	mean_fire_level_mean:     20.9353
mi_loss:                   0.0232	q_taken_mean:            -13.3080	return_mean:             -746.2140	return_median:           -724.3000
return_std:              270.6616	target_mean:             -13.4056	td_error_abs:              1.3983	test_all_fires_out_mean:   0.0000
test_ep_length_mean:     100.0000	test_episode_limit_mean:   1.0000	test_mean_fire_level_mean: 22.5472	test_return_mean:        -95.6063
test_return_median:      -94.0000	test_return_std:          41.3885	
[INFO 14:39:47] my_main t_env: 1910286 / 2050000
[INFO 14:39:47] my_main Estimated time left: 56 minutes, 38 seconds. Time passed: 12 hours, 35 minutes, 13 seconds
[INFO 14:40:14] my_main Recent Stats | t_env:    1910286 | Episode:    19106
all_fires_out_mean:        0.0000	entropy_loss:              0.0151	ep_length_mean:          100.0000	episode_limit_mean:        1.0000
epsilon:                   0.0500	grad_norm:               466.1902	loss:                     13.0891	mean_fire_level_mean:     21.1185
mi_loss:                   0.0232	q_taken_mean:            -13.3080	return_mean:             -751.4240	return_median:           -719.6000
return_std:              275.0867	target_mean:             -13.4056	td_error_abs:              1.3983	test_all_fires_out_mean:   0.0000
test_ep_length_mean:     100.0000	test_episode_limit_mean:   1.0000	test_mean_fire_level_mean: 22.3369	test_return_mean:        -92.7250
test_return_median:      -91.6000	test_return_std:          38.2996	
[INFO 14:40:57] my_main Recent Stats | t_env:    1912286 | Episode:    19126
all_fires_out_mean:        0.0000	entropy_loss:              0.0151	ep_length_mean:          100.0000	episode_limit_mean:        1.0000
epsilon:                   0.0500	grad_norm:               466.1902	loss:                     13.0891	mean_fire_level_mean:     21.1185
mi_loss:                   0.0232	q_taken_mean:            -13.3080	return_mean:             -751.4240	return_median:           -719.6000
return_std:              275.0867	target_mean:             -13.4056	td_error_abs:              1.3983	test_all_fires_out_mean:   0.0000
test_ep_length_mean:     100.0000	test_episode_limit_mean:   1.0000	test_mean_fire_level_mean: 22.3369	test_return_mean:        -92.7250
test_return_median:      -91.6000	test_return_std:          38.2996	
[INFO 14:41:41] my_main Recent Stats | t_env:    1914286 | Episode:    19146
all_fires_out_mean:        0.0000	entropy_loss:              0.0151	ep_length_mean:          100.0000	episode_limit_mean:        1.0000
epsilon:                   0.0500	grad_norm:               541.2358	loss:                     14.3737	mean_fire_level_mean:     21.1185
mi_loss:                   0.0232	q_taken_mean:            -13.3279	return_mean:             -751.4240	return_median:           -719.6000
return_std:              275.0867	target_mean:             -13.3828	td_error_abs:              1.6057	test_all_fires_out_mean:   0.0000
test_ep_length_mean:     100.0000	test_episode_limit_mean:   1.0000	test_mean_fire_level_mean: 22.3369	test_return_mean:        -92.7250
test_return_median:      -91.6000	test_return_std:          38.2996	
[INFO 14:42:24] my_main Recent Stats | t_env:    1916286 | Episode:    19166
all_fires_out_mean:        0.0000	entropy_loss:              0.0151	ep_length_mean:          100.0000	episode_limit_mean:        1.0000
epsilon:                   0.0500	grad_norm:               541.2358	loss:                     14.3737	mean_fire_level_mean:     21.1185
mi_loss:                   0.0232	q_taken_mean:            -13.3279	return_mean:             -751.4240	return_median:           -719.6000
return_std:              275.0867	target_mean:             -13.3828	td_error_abs:              1.6057	test_all_fires_out_mean:   0.0000
test_ep_length_mean:     100.0000	test_episode_limit_mean:   1.0000	test_mean_fire_level_mean: 22.3369	test_return_mean:        -92.7250
test_return_median:      -91.6000	test_return_std:          38.2996	
[INFO 14:43:06] my_main Recent Stats | t_env:    1918286 | Episode:    19186
all_fires_out_mean:        0.0000	entropy_loss:              0.0151	ep_length_mean:          100.0000	episode_limit_mean:        1.0000
epsilon:                   0.0500	grad_norm:               541.2358	loss:                     14.3737	mean_fire_level_mean:     21.1185
mi_loss:                   0.0232	q_taken_mean:            -13.3279	return_mean:             -751.4240	return_median:           -719.6000
return_std:              275.0867	target_mean:             -13.3828	td_error_abs:              1.6057	test_all_fires_out_mean:   0.0000
test_ep_length_mean:     100.0000	test_episode_limit_mean:   1.0000	test_mean_fire_level_mean: 22.3369	test_return_mean:        -92.7250
test_return_median:      -91.6000	test_return_std:          38.2996	
[INFO 14:43:38] my_main Updated target network
[INFO 14:43:49] my_main t_env: 1920286 / 2050000
[INFO 14:43:49] my_main Estimated time left: 52 minutes, 19 seconds. Time passed: 12 hours, 39 minutes, 15 seconds
[INFO 14:44:17] my_main Recent Stats | t_env:    1920286 | Episode:    19206
all_fires_out_mean:        0.0000	entropy_loss:              0.0151	ep_length_mean:          100.0000	episode_limit_mean:        1.0000
epsilon:                   0.0500	grad_norm:               541.2358	loss:                     14.3737	mean_fire_level_mean:     21.1182
mi_loss:                   0.0232	q_taken_mean:            -13.3279	return_mean:             -744.4320	return_median:           -708.4000
return_std:              270.0416	target_mean:             -13.3828	td_error_abs:              1.6057	test_all_fires_out_mean:   0.0000
test_ep_length_mean:     100.0000	test_episode_limit_mean:   1.0000	test_mean_fire_level_mean: 22.0983	test_return_mean:        -93.1375
test_return_median:      -91.5000	test_return_std:          37.8453	
[INFO 14:45:00] my_main Recent Stats | t_env:    1922286 | Episode:    19226
all_fires_out_mean:        0.0000	entropy_loss:              0.0151	ep_length_mean:          100.0000	episode_limit_mean:        1.0000
epsilon:                   0.0500	grad_norm:               541.2358	loss:                     14.3737	mean_fire_level_mean:     21.1182
mi_loss:                   0.0232	q_taken_mean:            -13.3279	return_mean:             -744.4320	return_median:           -708.4000
return_std:              270.0416	target_mean:             -13.3828	td_error_abs:              1.6057	test_all_fires_out_mean:   0.0000
test_ep_length_mean:     100.0000	test_episode_limit_mean:   1.0000	test_mean_fire_level_mean: 22.0983	test_return_mean:        -93.1375
test_return_median:      -91.5000	test_return_std:          37.8453	
[INFO 14:45:43] my_main Recent Stats | t_env:    1924286 | Episode:    19246
all_fires_out_mean:        0.0000	entropy_loss:              0.0151	ep_length_mean:          100.0000	episode_limit_mean:        1.0000
epsilon:                   0.0500	grad_norm:               552.1240	loss:                     17.1511	mean_fire_level_mean:     21.1182
mi_loss:                   0.0232	q_taken_mean:            -13.5585	return_mean:             -744.4320	return_median:           -708.4000
return_std:              270.0416	target_mean:             -13.6139	td_error_abs:              1.6329	test_all_fires_out_mean:   0.0000
test_ep_length_mean:     100.0000	test_episode_limit_mean:   1.0000	test_mean_fire_level_mean: 22.0983	test_return_mean:        -93.1375
test_return_median:      -91.5000	test_return_std:          37.8453	
[INFO 14:46:26] my_main Recent Stats | t_env:    1926286 | Episode:    19266
all_fires_out_mean:        0.0000	entropy_loss:              0.0151	ep_length_mean:          100.0000	episode_limit_mean:        1.0000
epsilon:                   0.0500	grad_norm:               552.1240	loss:                     17.1511	mean_fire_level_mean:     21.1182
mi_loss:                   0.0232	q_taken_mean:            -13.5585	return_mean:             -744.4320	return_median:           -708.4000
return_std:              270.0416	target_mean:             -13.6139	td_error_abs:              1.6329	test_all_fires_out_mean:   0.0000
test_ep_length_mean:     100.0000	test_episode_limit_mean:   1.0000	test_mean_fire_level_mean: 22.0983	test_return_mean:        -93.1375
test_return_median:      -91.5000	test_return_std:          37.8453	
[INFO 14:47:09] my_main Recent Stats | t_env:    1928286 | Episode:    19286
all_fires_out_mean:        0.0000	entropy_loss:              0.0151	ep_length_mean:          100.0000	episode_limit_mean:        1.0000
epsilon:                   0.0500	grad_norm:               552.1240	loss:                     17.1511	mean_fire_level_mean:     21.1182
mi_loss:                   0.0232	q_taken_mean:            -13.5585	return_mean:             -744.4320	return_median:           -708.4000
return_std:              270.0416	target_mean:             -13.6139	td_error_abs:              1.6329	test_all_fires_out_mean:   0.0000
test_ep_length_mean:     100.0000	test_episode_limit_mean:   1.0000	test_mean_fire_level_mean: 22.0983	test_return_mean:        -93.1375
test_return_median:      -91.5000	test_return_std:          37.8453	
[INFO 14:47:53] my_main t_env: 1930286 / 2050000
[INFO 14:47:53] my_main Estimated time left: 48 minutes, 29 seconds. Time passed: 12 hours, 43 minutes, 18 seconds
[INFO 14:48:19] my_main Recent Stats | t_env:    1930286 | Episode:    19306
all_fires_out_mean:        0.0000	entropy_loss:              0.0151	ep_length_mean:          100.0000	episode_limit_mean:        1.0000
epsilon:                   0.0500	grad_norm:               552.1240	loss:                     17.1511	mean_fire_level_mean:     21.0800
mi_loss:                   0.0232	q_taken_mean:            -13.5585	return_mean:             -744.0560	return_median:           -713.8000
return_std:              264.2464	target_mean:             -13.6139	td_error_abs:              1.6329	test_all_fires_out_mean:   0.0000
test_ep_length_mean:     100.0000	test_episode_limit_mean:   1.0000	test_mean_fire_level_mean: 22.1494	test_return_mean:        -94.7812
test_return_median:      -92.6000	test_return_std:          39.0411	
[INFO 14:49:02] my_main Recent Stats | t_env:    1932286 | Episode:    19326
all_fires_out_mean:        0.0000	entropy_loss:              0.0151	ep_length_mean:          100.0000	episode_limit_mean:        1.0000
epsilon:                   0.0500	grad_norm:               552.1240	loss:                     17.1511	mean_fire_level_mean:     21.0800
mi_loss:                   0.0232	q_taken_mean:            -13.5585	return_mean:             -744.0560	return_median:           -713.8000
return_std:              264.2464	target_mean:             -13.6139	td_error_abs:              1.6329	test_all_fires_out_mean:   0.0000
test_ep_length_mean:     100.0000	test_episode_limit_mean:   1.0000	test_mean_fire_level_mean: 22.1494	test_return_mean:        -94.7812
test_return_median:      -92.6000	test_return_std:          39.0411	
[INFO 14:49:46] my_main Recent Stats | t_env:    1934286 | Episode:    19346
all_fires_out_mean:        0.0000	entropy_loss:              0.0151	ep_length_mean:          100.0000	episode_limit_mean:        1.0000
epsilon:                   0.0500	grad_norm:               530.6422	loss:                     16.2929	mean_fire_level_mean:     21.0800
mi_loss:                   0.0232	q_taken_mean:            -13.5551	return_mean:             -744.0560	return_median:           -713.8000
return_std:              264.2464	target_mean:             -13.6055	td_error_abs:              1.6150	test_all_fires_out_mean:   0.0000
test_ep_length_mean:     100.0000	test_episode_limit_mean:   1.0000	test_mean_fire_level_mean: 22.1494	test_return_mean:        -94.7812
test_return_median:      -92.6000	test_return_std:          39.0411	
[INFO 14:50:29] my_main Recent Stats | t_env:    1936286 | Episode:    19366
all_fires_out_mean:        0.0000	entropy_loss:              0.0151	ep_length_mean:          100.0000	episode_limit_mean:        1.0000
epsilon:                   0.0500	grad_norm:               530.6422	loss:                     16.2929	mean_fire_level_mean:     21.0800
mi_loss:                   0.0232	q_taken_mean:            -13.5551	return_mean:             -744.0560	return_median:           -713.8000
return_std:              264.2464	target_mean:             -13.6055	td_error_abs:              1.6150	test_all_fires_out_mean:   0.0000
test_ep_length_mean:     100.0000	test_episode_limit_mean:   1.0000	test_mean_fire_level_mean: 22.1494	test_return_mean:        -94.7812
test_return_median:      -92.6000	test_return_std:          39.0411	
[INFO 14:51:11] my_main Recent Stats | t_env:    1938286 | Episode:    19386
all_fires_out_mean:        0.0000	entropy_loss:              0.0151	ep_length_mean:          100.0000	episode_limit_mean:        1.0000
epsilon:                   0.0500	grad_norm:               530.6422	loss:                     16.2929	mean_fire_level_mean:     21.0800
mi_loss:                   0.0232	q_taken_mean:            -13.5551	return_mean:             -744.0560	return_median:           -713.8000
return_std:              264.2464	target_mean:             -13.6055	td_error_abs:              1.6150	test_all_fires_out_mean:   0.0000
test_ep_length_mean:     100.0000	test_episode_limit_mean:   1.0000	test_mean_fire_level_mean: 22.1494	test_return_mean:        -94.7812
test_return_median:      -92.6000	test_return_std:          39.0411	
[INFO 14:51:44] my_main Updated target network
[INFO 14:51:55] my_main t_env: 1940286 / 2050000
[INFO 14:51:55] my_main Estimated time left: 44 minutes, 24 seconds. Time passed: 12 hours, 47 minutes, 21 seconds
[INFO 14:52:22] my_main Recent Stats | t_env:    1940286 | Episode:    19406
all_fires_out_mean:        0.0000	entropy_loss:              0.0151	ep_length_mean:          100.0000	episode_limit_mean:        1.0000
epsilon:                   0.0500	grad_norm:               530.6422	loss:                     16.2929	mean_fire_level_mean:     21.0965
mi_loss:                   0.0232	q_taken_mean:            -13.5551	return_mean:             -746.5300	return_median:           -710.3000
return_std:              261.6005	target_mean:             -13.6055	td_error_abs:              1.6150	test_all_fires_out_mean:   0.0000
test_ep_length_mean:     100.0000	test_episode_limit_mean:   1.0000	test_mean_fire_level_mean: 22.1540	test_return_mean:        -94.9813
test_return_median:      -93.5000	test_return_std:          39.3304	
[INFO 14:53:05] my_main Recent Stats | t_env:    1942286 | Episode:    19426
all_fires_out_mean:        0.0000	entropy_loss:              0.0151	ep_length_mean:          100.0000	episode_limit_mean:        1.0000
epsilon:                   0.0500	grad_norm:               530.6422	loss:                     16.2929	mean_fire_level_mean:     21.0965
mi_loss:                   0.0232	q_taken_mean:            -13.5551	return_mean:             -746.5300	return_median:           -710.3000
return_std:              261.6005	target_mean:             -13.6055	td_error_abs:              1.6150	test_all_fires_out_mean:   0.0000
test_ep_length_mean:     100.0000	test_episode_limit_mean:   1.0000	test_mean_fire_level_mean: 22.1540	test_return_mean:        -94.9813
test_return_median:      -93.5000	test_return_std:          39.3304	
[INFO 14:53:47] my_main Recent Stats | t_env:    1944286 | Episode:    19446
all_fires_out_mean:        0.0000	entropy_loss:              0.0152	ep_length_mean:          100.0000	episode_limit_mean:        1.0000
epsilon:                   0.0500	grad_norm:               519.0750	loss:                     23.4642	mean_fire_level_mean:     21.0965
mi_loss:                   0.0231	q_taken_mean:            -13.2848	return_mean:             -746.5300	return_median:           -710.3000
return_std:              261.6005	target_mean:             -13.3293	td_error_abs:              1.6522	test_all_fires_out_mean:   0.0000
test_ep_length_mean:     100.0000	test_episode_limit_mean:   1.0000	test_mean_fire_level_mean: 22.1540	test_return_mean:        -94.9813
test_return_median:      -93.5000	test_return_std:          39.3304	
[INFO 14:54:31] my_main Recent Stats | t_env:    1946286 | Episode:    19466
all_fires_out_mean:        0.0000	entropy_loss:              0.0152	ep_length_mean:          100.0000	episode_limit_mean:        1.0000
epsilon:                   0.0500	grad_norm:               519.0750	loss:                     23.4642	mean_fire_level_mean:     21.0965
mi_loss:                   0.0231	q_taken_mean:            -13.2848	return_mean:             -746.5300	return_median:           -710.3000
return_std:              261.6005	target_mean:             -13.3293	td_error_abs:              1.6522	test_all_fires_out_mean:   0.0000
test_ep_length_mean:     100.0000	test_episode_limit_mean:   1.0000	test_mean_fire_level_mean: 22.1540	test_return_mean:        -94.9813
test_return_median:      -93.5000	test_return_std:          39.3304	
[INFO 14:55:14] my_main Recent Stats | t_env:    1948286 | Episode:    19486
all_fires_out_mean:        0.0000	entropy_loss:              0.0152	ep_length_mean:          100.0000	episode_limit_mean:        1.0000
epsilon:                   0.0500	grad_norm:               519.0750	loss:                     23.4642	mean_fire_level_mean:     21.0965
mi_loss:                   0.0231	q_taken_mean:            -13.2848	return_mean:             -746.5300	return_median:           -710.3000
return_std:              261.6005	target_mean:             -13.3293	td_error_abs:              1.6522	test_all_fires_out_mean:   0.0000
test_ep_length_mean:     100.0000	test_episode_limit_mean:   1.0000	test_mean_fire_level_mean: 22.1540	test_return_mean:        -94.9813
test_return_median:      -93.5000	test_return_std:          39.3304	
[INFO 14:55:57] my_main t_env: 1950286 / 2050000
[INFO 14:55:57] my_main Estimated time left: 40 minutes, 11 seconds. Time passed: 12 hours, 51 minutes, 23 seconds
[INFO 14:56:25] my_main Recent Stats | t_env:    1950286 | Episode:    19506
all_fires_out_mean:        0.0000	entropy_loss:              0.0152	ep_length_mean:          100.0000	episode_limit_mean:        1.0000
epsilon:                   0.0500	grad_norm:               519.0750	loss:                     23.4642	mean_fire_level_mean:     21.1493
mi_loss:                   0.0231	q_taken_mean:            -13.2848	return_mean:             -739.7500	return_median:           -698.2000
return_std:              265.7519	target_mean:             -13.3293	td_error_abs:              1.6522	test_all_fires_out_mean:   0.0000
test_ep_length_mean:     100.0000	test_episode_limit_mean:   1.0000	test_mean_fire_level_mean: 21.8983	test_return_mean:        -95.1188
test_return_median:      -95.8000	test_return_std:          39.3717	
[INFO 14:57:08] my_main Recent Stats | t_env:    1952286 | Episode:    19526
all_fires_out_mean:        0.0000	entropy_loss:              0.0152	ep_length_mean:          100.0000	episode_limit_mean:        1.0000
epsilon:                   0.0500	grad_norm:               519.0750	loss:                     23.4642	mean_fire_level_mean:     21.1493
mi_loss:                   0.0231	q_taken_mean:            -13.2848	return_mean:             -739.7500	return_median:           -698.2000
return_std:              265.7519	target_mean:             -13.3293	td_error_abs:              1.6522	test_all_fires_out_mean:   0.0000
test_ep_length_mean:     100.0000	test_episode_limit_mean:   1.0000	test_mean_fire_level_mean: 21.8983	test_return_mean:        -95.1188
test_return_median:      -95.8000	test_return_std:          39.3717	
[INFO 14:57:51] my_main Recent Stats | t_env:    1954286 | Episode:    19546
all_fires_out_mean:        0.0000	entropy_loss:              0.0152	ep_length_mean:          100.0000	episode_limit_mean:        1.0000
epsilon:                   0.0500	grad_norm:               533.5006	loss:                     21.5621	mean_fire_level_mean:     21.1493
mi_loss:                   0.0231	q_taken_mean:            -13.1893	return_mean:             -739.7500	return_median:           -698.2000
return_std:              265.7519	target_mean:             -13.2413	td_error_abs:              1.6836	test_all_fires_out_mean:   0.0000
test_ep_length_mean:     100.0000	test_episode_limit_mean:   1.0000	test_mean_fire_level_mean: 21.8983	test_return_mean:        -95.1188
test_return_median:      -95.8000	test_return_std:          39.3717	
[INFO 14:58:34] my_main Recent Stats | t_env:    1956286 | Episode:    19566
all_fires_out_mean:        0.0000	entropy_loss:              0.0152	ep_length_mean:          100.0000	episode_limit_mean:        1.0000
epsilon:                   0.0500	grad_norm:               533.5006	loss:                     21.5621	mean_fire_level_mean:     21.1493
mi_loss:                   0.0231	q_taken_mean:            -13.1893	return_mean:             -739.7500	return_median:           -698.2000
return_std:              265.7519	target_mean:             -13.2413	td_error_abs:              1.6836	test_all_fires_out_mean:   0.0000
test_ep_length_mean:     100.0000	test_episode_limit_mean:   1.0000	test_mean_fire_level_mean: 21.8983	test_return_mean:        -95.1188
test_return_median:      -95.8000	test_return_std:          39.3717	
[INFO 14:59:17] my_main Recent Stats | t_env:    1958286 | Episode:    19586
all_fires_out_mean:        0.0000	entropy_loss:              0.0152	ep_length_mean:          100.0000	episode_limit_mean:        1.0000
epsilon:                   0.0500	grad_norm:               533.5006	loss:                     21.5621	mean_fire_level_mean:     21.1493
mi_loss:                   0.0231	q_taken_mean:            -13.1893	return_mean:             -739.7500	return_median:           -698.2000
return_std:              265.7519	target_mean:             -13.2413	td_error_abs:              1.6836	test_all_fires_out_mean:   0.0000
test_ep_length_mean:     100.0000	test_episode_limit_mean:   1.0000	test_mean_fire_level_mean: 21.8983	test_return_mean:        -95.1188
test_return_median:      -95.8000	test_return_std:          39.3717	
[INFO 14:59:50] my_main Updated target network
[INFO 15:00:00] my_main t_env: 1960286 / 2050000
[INFO 15:00:00] my_main Estimated time left: 36 minutes, 22 seconds. Time passed: 12 hours, 55 minutes, 26 seconds
[INFO 15:00:28] my_main Recent Stats | t_env:    1960286 | Episode:    19606
all_fires_out_mean:        0.0000	entropy_loss:              0.0152	ep_length_mean:          100.0000	episode_limit_mean:        1.0000
epsilon:                   0.0500	grad_norm:               533.5006	loss:                     21.5621	mean_fire_level_mean:     20.9471
mi_loss:                   0.0231	q_taken_mean:            -13.1893	return_mean:             -743.5700	return_median:           -700.5000
return_std:              272.2387	target_mean:             -13.2413	td_error_abs:              1.6836	test_all_fires_out_mean:   0.0000
test_ep_length_mean:     100.0000	test_episode_limit_mean:   1.0000	test_mean_fire_level_mean: 21.8119	test_return_mean:        -93.5000
test_return_median:      -96.5000	test_return_std:          40.8335	
[INFO 15:01:10] my_main Recent Stats | t_env:    1962286 | Episode:    19626
all_fires_out_mean:        0.0000	entropy_loss:              0.0152	ep_length_mean:          100.0000	episode_limit_mean:        1.0000
epsilon:                   0.0500	grad_norm:               533.5006	loss:                     21.5621	mean_fire_level_mean:     20.9471
mi_loss:                   0.0231	q_taken_mean:            -13.1893	return_mean:             -743.5700	return_median:           -700.5000
return_std:              272.2387	target_mean:             -13.2413	td_error_abs:              1.6836	test_all_fires_out_mean:   0.0000
test_ep_length_mean:     100.0000	test_episode_limit_mean:   1.0000	test_mean_fire_level_mean: 21.8119	test_return_mean:        -93.5000
test_return_median:      -96.5000	test_return_std:          40.8335	
[INFO 15:01:53] my_main Recent Stats | t_env:    1964286 | Episode:    19646
all_fires_out_mean:        0.0000	entropy_loss:              0.0153	ep_length_mean:          100.0000	episode_limit_mean:        1.0000
epsilon:                   0.0500	grad_norm:               556.2388	loss:                     27.9087	mean_fire_level_mean:     20.9471
mi_loss:                   0.0231	q_taken_mean:            -13.2585	return_mean:             -743.5700	return_median:           -700.5000
return_std:              272.2387	target_mean:             -13.3761	td_error_abs:              1.6695	test_all_fires_out_mean:   0.0000
test_ep_length_mean:     100.0000	test_episode_limit_mean:   1.0000	test_mean_fire_level_mean: 21.8119	test_return_mean:        -93.5000
test_return_median:      -96.5000	test_return_std:          40.8335	
[INFO 15:02:36] my_main Recent Stats | t_env:    1966286 | Episode:    19666
all_fires_out_mean:        0.0000	entropy_loss:              0.0153	ep_length_mean:          100.0000	episode_limit_mean:        1.0000
epsilon:                   0.0500	grad_norm:               556.2388	loss:                     27.9087	mean_fire_level_mean:     20.9471
mi_loss:                   0.0231	q_taken_mean:            -13.2585	return_mean:             -743.5700	return_median:           -700.5000
return_std:              272.2387	target_mean:             -13.3761	td_error_abs:              1.6695	test_all_fires_out_mean:   0.0000
test_ep_length_mean:     100.0000	test_episode_limit_mean:   1.0000	test_mean_fire_level_mean: 21.8119	test_return_mean:        -93.5000
test_return_median:      -96.5000	test_return_std:          40.8335	
[INFO 15:03:19] my_main Recent Stats | t_env:    1968286 | Episode:    19686
all_fires_out_mean:        0.0000	entropy_loss:              0.0153	ep_length_mean:          100.0000	episode_limit_mean:        1.0000
epsilon:                   0.0500	grad_norm:               556.2388	loss:                     27.9087	mean_fire_level_mean:     20.9471
mi_loss:                   0.0231	q_taken_mean:            -13.2585	return_mean:             -743.5700	return_median:           -700.5000
return_std:              272.2387	target_mean:             -13.3761	td_error_abs:              1.6695	test_all_fires_out_mean:   0.0000
test_ep_length_mean:     100.0000	test_episode_limit_mean:   1.0000	test_mean_fire_level_mean: 21.8119	test_return_mean:        -93.5000
test_return_median:      -96.5000	test_return_std:          40.8335	
[INFO 15:04:03] my_main t_env: 1970286 / 2050000
[INFO 15:04:03] my_main Estimated time left: 32 minutes, 15 seconds. Time passed: 12 hours, 59 minutes, 29 seconds
[INFO 15:04:30] my_main Recent Stats | t_env:    1970286 | Episode:    19706
all_fires_out_mean:        0.0000	entropy_loss:              0.0153	ep_length_mean:          100.0000	episode_limit_mean:        1.0000
epsilon:                   0.0500	grad_norm:               556.2388	loss:                     27.9087	mean_fire_level_mean:     21.0702
mi_loss:                   0.0231	q_taken_mean:            -13.2585	return_mean:             -752.6240	return_median:           -713.3000
return_std:              273.6764	target_mean:             -13.3761	td_error_abs:              1.6695	test_all_fires_out_mean:   0.0000
test_ep_length_mean:     100.0000	test_episode_limit_mean:   1.0000	test_mean_fire_level_mean: 21.8909	test_return_mean:        -94.3312
test_return_median:      -96.9000	test_return_std:          40.4457	
[INFO 15:05:13] my_main Recent Stats | t_env:    1972286 | Episode:    19726
all_fires_out_mean:        0.0000	entropy_loss:              0.0153	ep_length_mean:          100.0000	episode_limit_mean:        1.0000
epsilon:                   0.0500	grad_norm:               556.2388	loss:                     27.9087	mean_fire_level_mean:     21.0702
mi_loss:                   0.0231	q_taken_mean:            -13.2585	return_mean:             -752.6240	return_median:           -713.3000
return_std:              273.6764	target_mean:             -13.3761	td_error_abs:              1.6695	test_all_fires_out_mean:   0.0000
test_ep_length_mean:     100.0000	test_episode_limit_mean:   1.0000	test_mean_fire_level_mean: 21.8909	test_return_mean:        -94.3312
test_return_median:      -96.9000	test_return_std:          40.4457	
[INFO 15:05:56] my_main Recent Stats | t_env:    1974286 | Episode:    19746
all_fires_out_mean:        0.0000	entropy_loss:              0.0152	ep_length_mean:          100.0000	episode_limit_mean:        1.0000
epsilon:                   0.0500	grad_norm:               552.4181	loss:                     22.4397	mean_fire_level_mean:     21.0702
mi_loss:                   0.0231	q_taken_mean:            -13.0703	return_mean:             -752.6240	return_median:           -713.3000
return_std:              273.6764	target_mean:             -13.1907	td_error_abs:              1.6381	test_all_fires_out_mean:   0.0000
test_ep_length_mean:     100.0000	test_episode_limit_mean:   1.0000	test_mean_fire_level_mean: 21.8909	test_return_mean:        -94.3312
test_return_median:      -96.9000	test_return_std:          40.4457	
[INFO 15:06:37] my_main Recent Stats | t_env:    1976286 | Episode:    19766
all_fires_out_mean:        0.0000	entropy_loss:              0.0152	ep_length_mean:          100.0000	episode_limit_mean:        1.0000
epsilon:                   0.0500	grad_norm:               552.4181	loss:                     22.4397	mean_fire_level_mean:     21.0702
mi_loss:                   0.0231	q_taken_mean:            -13.0703	return_mean:             -752.6240	return_median:           -713.3000
return_std:              273.6764	target_mean:             -13.1907	td_error_abs:              1.6381	test_all_fires_out_mean:   0.0000
test_ep_length_mean:     100.0000	test_episode_limit_mean:   1.0000	test_mean_fire_level_mean: 21.8909	test_return_mean:        -94.3312
test_return_median:      -96.9000	test_return_std:          40.4457	
[INFO 15:07:19] my_main Recent Stats | t_env:    1978286 | Episode:    19786
all_fires_out_mean:        0.0000	entropy_loss:              0.0152	ep_length_mean:          100.0000	episode_limit_mean:        1.0000
epsilon:                   0.0500	grad_norm:               552.4181	loss:                     22.4397	mean_fire_level_mean:     21.0702
mi_loss:                   0.0231	q_taken_mean:            -13.0703	return_mean:             -752.6240	return_median:           -713.3000
return_std:              273.6764	target_mean:             -13.1907	td_error_abs:              1.6381	test_all_fires_out_mean:   0.0000
test_ep_length_mean:     100.0000	test_episode_limit_mean:   1.0000	test_mean_fire_level_mean: 21.8909	test_return_mean:        -94.3312
test_return_median:      -96.9000	test_return_std:          40.4457	
[INFO 15:07:52] my_main Updated target network
[INFO 15:08:03] my_main t_env: 1980286 / 2050000
[INFO 15:08:03] my_main Estimated time left: 27 minutes, 48 seconds. Time passed: 13 hours, 3 minutes, 28 seconds
[INFO 15:08:29] my_main Recent Stats | t_env:    1980286 | Episode:    19806
all_fires_out_mean:        0.0000	entropy_loss:              0.0152	ep_length_mean:          100.0000	episode_limit_mean:        1.0000
epsilon:                   0.0500	grad_norm:               552.4181	loss:                     22.4397	mean_fire_level_mean:     21.1538
mi_loss:                   0.0231	q_taken_mean:            -13.0703	return_mean:             -754.7620	return_median:           -713.8000
return_std:              286.1797	target_mean:             -13.1907	td_error_abs:              1.6381	test_all_fires_out_mean:   0.0000
test_ep_length_mean:     100.0000	test_episode_limit_mean:   1.0000	test_mean_fire_level_mean: 21.8182	test_return_mean:        -96.8000
test_return_median:      -98.6000	test_return_std:          39.4499	
[INFO 15:09:12] my_main Recent Stats | t_env:    1982286 | Episode:    19826
all_fires_out_mean:        0.0000	entropy_loss:              0.0152	ep_length_mean:          100.0000	episode_limit_mean:        1.0000
epsilon:                   0.0500	grad_norm:               552.4181	loss:                     22.4397	mean_fire_level_mean:     21.1538
mi_loss:                   0.0231	q_taken_mean:            -13.0703	return_mean:             -754.7620	return_median:           -713.8000
return_std:              286.1797	target_mean:             -13.1907	td_error_abs:              1.6381	test_all_fires_out_mean:   0.0000
test_ep_length_mean:     100.0000	test_episode_limit_mean:   1.0000	test_mean_fire_level_mean: 21.8182	test_return_mean:        -96.8000
test_return_median:      -98.6000	test_return_std:          39.4499	
[INFO 15:09:55] my_main Recent Stats | t_env:    1984286 | Episode:    19846
all_fires_out_mean:        0.0000	entropy_loss:              0.0153	ep_length_mean:          100.0000	episode_limit_mean:        1.0000
epsilon:                   0.0500	grad_norm:               573.4232	loss:                     32.3909	mean_fire_level_mean:     21.1538
mi_loss:                   0.0231	q_taken_mean:            -12.9024	return_mean:             -754.7620	return_median:           -713.8000
return_std:              286.1797	target_mean:             -13.0240	td_error_abs:              1.7307	test_all_fires_out_mean:   0.0000
test_ep_length_mean:     100.0000	test_episode_limit_mean:   1.0000	test_mean_fire_level_mean: 21.8182	test_return_mean:        -96.8000
test_return_median:      -98.6000	test_return_std:          39.4499	
[INFO 15:10:38] my_main Recent Stats | t_env:    1986286 | Episode:    19866
all_fires_out_mean:        0.0000	entropy_loss:              0.0153	ep_length_mean:          100.0000	episode_limit_mean:        1.0000
epsilon:                   0.0500	grad_norm:               573.4232	loss:                     32.3909	mean_fire_level_mean:     21.1538
mi_loss:                   0.0231	q_taken_mean:            -12.9024	return_mean:             -754.7620	return_median:           -713.8000
return_std:              286.1797	target_mean:             -13.0240	td_error_abs:              1.7307	test_all_fires_out_mean:   0.0000
test_ep_length_mean:     100.0000	test_episode_limit_mean:   1.0000	test_mean_fire_level_mean: 21.8182	test_return_mean:        -96.8000
test_return_median:      -98.6000	test_return_std:          39.4499	
[INFO 15:11:21] my_main Recent Stats | t_env:    1988286 | Episode:    19886
all_fires_out_mean:        0.0000	entropy_loss:              0.0153	ep_length_mean:          100.0000	episode_limit_mean:        1.0000
epsilon:                   0.0500	grad_norm:               573.4232	loss:                     32.3909	mean_fire_level_mean:     21.1538
mi_loss:                   0.0231	q_taken_mean:            -12.9024	return_mean:             -754.7620	return_median:           -713.8000
return_std:              286.1797	target_mean:             -13.0240	td_error_abs:              1.7307	test_all_fires_out_mean:   0.0000
test_ep_length_mean:     100.0000	test_episode_limit_mean:   1.0000	test_mean_fire_level_mean: 21.8182	test_return_mean:        -96.8000
test_return_median:      -98.6000	test_return_std:          39.4499	
[INFO 15:12:05] my_main t_env: 1990286 / 2050000
[INFO 15:12:05] my_main Estimated time left: 24 minutes, 8 seconds. Time passed: 13 hours, 7 minutes, 31 seconds
[INFO 15:12:32] my_main Recent Stats | t_env:    1990286 | Episode:    19906
all_fires_out_mean:        0.0000	entropy_loss:              0.0153	ep_length_mean:          100.0000	episode_limit_mean:        1.0000
epsilon:                   0.0500	grad_norm:               573.4232	loss:                     32.3909	mean_fire_level_mean:     21.0596
mi_loss:                   0.0231	q_taken_mean:            -12.9024	return_mean:             -748.0660	return_median:           -717.5000
return_std:              286.0258	target_mean:             -13.0240	td_error_abs:              1.7307	test_all_fires_out_mean:   0.0000
test_ep_length_mean:     100.0000	test_episode_limit_mean:   1.0000	test_mean_fire_level_mean: 21.9920	test_return_mean:        -100.0375
test_return_median:      -102.0000	test_return_std:          40.2187	
[INFO 15:13:15] my_main Recent Stats | t_env:    1992286 | Episode:    19926
all_fires_out_mean:        0.0000	entropy_loss:              0.0153	ep_length_mean:          100.0000	episode_limit_mean:        1.0000
epsilon:                   0.0500	grad_norm:               573.4232	loss:                     32.3909	mean_fire_level_mean:     21.0596
mi_loss:                   0.0231	q_taken_mean:            -12.9024	return_mean:             -748.0660	return_median:           -717.5000
return_std:              286.0258	target_mean:             -13.0240	td_error_abs:              1.7307	test_all_fires_out_mean:   0.0000
test_ep_length_mean:     100.0000	test_episode_limit_mean:   1.0000	test_mean_fire_level_mean: 21.9920	test_return_mean:        -100.0375
test_return_median:      -102.0000	test_return_std:          40.2187	
[INFO 15:13:58] my_main Recent Stats | t_env:    1994286 | Episode:    19946
all_fires_out_mean:        0.0000	entropy_loss:              0.0155	ep_length_mean:          100.0000	episode_limit_mean:        1.0000
epsilon:                   0.0500	grad_norm:               544.6216	loss:                     28.6855	mean_fire_level_mean:     21.0596
mi_loss:                   0.0231	q_taken_mean:            -13.0317	return_mean:             -748.0660	return_median:           -717.5000
return_std:              286.0258	target_mean:             -13.1475	td_error_abs:              1.6296	test_all_fires_out_mean:   0.0000
test_ep_length_mean:     100.0000	test_episode_limit_mean:   1.0000	test_mean_fire_level_mean: 21.9920	test_return_mean:        -100.0375
test_return_median:      -102.0000	test_return_std:          40.2187	
[INFO 15:14:41] my_main Recent Stats | t_env:    1996286 | Episode:    19966
all_fires_out_mean:        0.0000	entropy_loss:              0.0155	ep_length_mean:          100.0000	episode_limit_mean:        1.0000
epsilon:                   0.0500	grad_norm:               544.6216	loss:                     28.6855	mean_fire_level_mean:     21.0596
mi_loss:                   0.0231	q_taken_mean:            -13.0317	return_mean:             -748.0660	return_median:           -717.5000
return_std:              286.0258	target_mean:             -13.1475	td_error_abs:              1.6296	test_all_fires_out_mean:   0.0000
test_ep_length_mean:     100.0000	test_episode_limit_mean:   1.0000	test_mean_fire_level_mean: 21.9920	test_return_mean:        -100.0375
test_return_median:      -102.0000	test_return_std:          40.2187	
[INFO 15:15:24] my_main Recent Stats | t_env:    1998286 | Episode:    19986
all_fires_out_mean:        0.0000	entropy_loss:              0.0155	ep_length_mean:          100.0000	episode_limit_mean:        1.0000
epsilon:                   0.0500	grad_norm:               544.6216	loss:                     28.6855	mean_fire_level_mean:     21.0596
mi_loss:                   0.0231	q_taken_mean:            -13.0317	return_mean:             -748.0660	return_median:           -717.5000
return_std:              286.0258	target_mean:             -13.1475	td_error_abs:              1.6296	test_all_fires_out_mean:   0.0000
test_ep_length_mean:     100.0000	test_episode_limit_mean:   1.0000	test_mean_fire_level_mean: 21.9920	test_return_mean:        -100.0375
test_return_median:      -102.0000	test_return_std:          40.2187	
[INFO 15:15:56] my_main Updated target network
[INFO 15:16:07] my_main t_env: 2000286 / 2050000
[INFO 15:16:07] my_main Estimated time left: 20 minutes, 1 seconds. Time passed: 13 hours, 11 minutes, 33 seconds
[INFO 15:16:34] my_main Recent Stats | t_env:    2000286 | Episode:    20006
all_fires_out_mean:        0.0000	entropy_loss:              0.0155	ep_length_mean:          100.0000	episode_limit_mean:        1.0000
epsilon:                   0.0500	grad_norm:               544.6216	loss:                     28.6855	mean_fire_level_mean:     21.1473
mi_loss:                   0.0231	q_taken_mean:            -13.0317	return_mean:             -755.0320	return_median:           -734.3000
return_std:              276.2396	target_mean:             -13.1475	td_error_abs:              1.6296	test_all_fires_out_mean:   0.0000
test_ep_length_mean:     100.0000	test_episode_limit_mean:   1.0000	test_mean_fire_level_mean: 22.3267	test_return_mean:        -103.8625
test_return_median:      -104.6000	test_return_std:          40.4000	
[INFO 15:17:17] my_main Recent Stats | t_env:    2002286 | Episode:    20026
all_fires_out_mean:        0.0000	entropy_loss:              0.0155	ep_length_mean:          100.0000	episode_limit_mean:        1.0000
epsilon:                   0.0500	grad_norm:               544.6216	loss:                     28.6855	mean_fire_level_mean:     21.1473
mi_loss:                   0.0231	q_taken_mean:            -13.0317	return_mean:             -755.0320	return_median:           -734.3000
return_std:              276.2396	target_mean:             -13.1475	td_error_abs:              1.6296	test_all_fires_out_mean:   0.0000
test_ep_length_mean:     100.0000	test_episode_limit_mean:   1.0000	test_mean_fire_level_mean: 22.3267	test_return_mean:        -103.8625
test_return_median:      -104.6000	test_return_std:          40.4000	
[INFO 15:18:00] my_main Recent Stats | t_env:    2004286 | Episode:    20046
all_fires_out_mean:        0.0000	entropy_loss:              0.0156	ep_length_mean:          100.0000	episode_limit_mean:        1.0000
epsilon:                   0.0500	grad_norm:               595.3268	loss:                     28.2581	mean_fire_level_mean:     21.1473
mi_loss:                   0.0231	q_taken_mean:            -13.1109	return_mean:             -755.0320	return_median:           -734.3000
return_std:              276.2396	target_mean:             -13.2362	td_error_abs:              1.6863	test_all_fires_out_mean:   0.0000
test_ep_length_mean:     100.0000	test_episode_limit_mean:   1.0000	test_mean_fire_level_mean: 22.3267	test_return_mean:        -103.8625
test_return_median:      -104.6000	test_return_std:          40.4000	
[INFO 15:18:43] my_main Recent Stats | t_env:    2006286 | Episode:    20066
all_fires_out_mean:        0.0000	entropy_loss:              0.0156	ep_length_mean:          100.0000	episode_limit_mean:        1.0000
epsilon:                   0.0500	grad_norm:               595.3268	loss:                     28.2581	mean_fire_level_mean:     21.1473
mi_loss:                   0.0231	q_taken_mean:            -13.1109	return_mean:             -755.0320	return_median:           -734.3000
return_std:              276.2396	target_mean:             -13.2362	td_error_abs:              1.6863	test_all_fires_out_mean:   0.0000
test_ep_length_mean:     100.0000	test_episode_limit_mean:   1.0000	test_mean_fire_level_mean: 22.3267	test_return_mean:        -103.8625
test_return_median:      -104.6000	test_return_std:          40.4000	
[INFO 15:19:26] my_main Recent Stats | t_env:    2008286 | Episode:    20086
all_fires_out_mean:        0.0000	entropy_loss:              0.0156	ep_length_mean:          100.0000	episode_limit_mean:        1.0000
epsilon:                   0.0500	grad_norm:               595.3268	loss:                     28.2581	mean_fire_level_mean:     21.1473
mi_loss:                   0.0231	q_taken_mean:            -13.1109	return_mean:             -755.0320	return_median:           -734.3000
return_std:              276.2396	target_mean:             -13.2362	td_error_abs:              1.6863	test_all_fires_out_mean:   0.0000
test_ep_length_mean:     100.0000	test_episode_limit_mean:   1.0000	test_mean_fire_level_mean: 22.3267	test_return_mean:        -103.8625
test_return_median:      -104.6000	test_return_std:          40.4000	
[INFO 15:20:09] my_main t_env: 2010286 / 2050000
[INFO 15:20:09] my_main Estimated time left: 16 minutes, 2 seconds. Time passed: 13 hours, 15 minutes, 35 seconds
[INFO 15:20:37] my_main Recent Stats | t_env:    2010286 | Episode:    20106
all_fires_out_mean:        0.0000	entropy_loss:              0.0156	ep_length_mean:          100.0000	episode_limit_mean:        1.0000
epsilon:                   0.0500	grad_norm:               595.3268	loss:                     28.2581	mean_fire_level_mean:     21.2069
mi_loss:                   0.0231	q_taken_mean:            -13.1109	return_mean:             -746.6540	return_median:           -730.9000
return_std:              272.2826	target_mean:             -13.2362	td_error_abs:              1.6863	test_all_fires_out_mean:   0.0000
test_ep_length_mean:     100.0000	test_episode_limit_mean:   1.0000	test_mean_fire_level_mean: 22.3358	test_return_mean:        -104.3250
test_return_median:      -105.6000	test_return_std:          40.8981	
[INFO 15:21:19] my_main Recent Stats | t_env:    2012286 | Episode:    20126
all_fires_out_mean:        0.0000	entropy_loss:              0.0156	ep_length_mean:          100.0000	episode_limit_mean:        1.0000
epsilon:                   0.0500	grad_norm:               595.3268	loss:                     28.2581	mean_fire_level_mean:     21.2069
mi_loss:                   0.0231	q_taken_mean:            -13.1109	return_mean:             -746.6540	return_median:           -730.9000
return_std:              272.2826	target_mean:             -13.2362	td_error_abs:              1.6863	test_all_fires_out_mean:   0.0000
test_ep_length_mean:     100.0000	test_episode_limit_mean:   1.0000	test_mean_fire_level_mean: 22.3358	test_return_mean:        -104.3250
test_return_median:      -105.6000	test_return_std:          40.8981	
[INFO 15:22:03] my_main Recent Stats | t_env:    2014286 | Episode:    20146
all_fires_out_mean:        0.0000	entropy_loss:              0.0157	ep_length_mean:          100.0000	episode_limit_mean:        1.0000
epsilon:                   0.0500	grad_norm:               541.7151	loss:                     30.3463	mean_fire_level_mean:     21.2069
mi_loss:                   0.0231	q_taken_mean:            -13.1181	return_mean:             -746.6540	return_median:           -730.9000
return_std:              272.2826	target_mean:             -13.2247	td_error_abs:              1.6040	test_all_fires_out_mean:   0.0000
test_ep_length_mean:     100.0000	test_episode_limit_mean:   1.0000	test_mean_fire_level_mean: 22.3358	test_return_mean:        -104.3250
test_return_median:      -105.6000	test_return_std:          40.8981	
[INFO 15:22:44] my_main Recent Stats | t_env:    2016286 | Episode:    20166
all_fires_out_mean:        0.0000	entropy_loss:              0.0157	ep_length_mean:          100.0000	episode_limit_mean:        1.0000
epsilon:                   0.0500	grad_norm:               541.7151	loss:                     30.3463	mean_fire_level_mean:     21.2069
mi_loss:                   0.0231	q_taken_mean:            -13.1181	return_mean:             -746.6540	return_median:           -730.9000
return_std:              272.2826	target_mean:             -13.2247	td_error_abs:              1.6040	test_all_fires_out_mean:   0.0000
test_ep_length_mean:     100.0000	test_episode_limit_mean:   1.0000	test_mean_fire_level_mean: 22.3358	test_return_mean:        -104.3250
test_return_median:      -105.6000	test_return_std:          40.8981	
[INFO 15:23:27] my_main Recent Stats | t_env:    2018286 | Episode:    20186
all_fires_out_mean:        0.0000	entropy_loss:              0.0157	ep_length_mean:          100.0000	episode_limit_mean:        1.0000
epsilon:                   0.0500	grad_norm:               541.7151	loss:                     30.3463	mean_fire_level_mean:     21.2069
mi_loss:                   0.0231	q_taken_mean:            -13.1181	return_mean:             -746.6540	return_median:           -730.9000
return_std:              272.2826	target_mean:             -13.2247	td_error_abs:              1.6040	test_all_fires_out_mean:   0.0000
test_ep_length_mean:     100.0000	test_episode_limit_mean:   1.0000	test_mean_fire_level_mean: 22.3358	test_return_mean:        -104.3250
test_return_median:      -105.6000	test_return_std:          40.8981	
[INFO 15:24:00] my_main Updated target network
[INFO 15:24:11] my_main t_env: 2020286 / 2050000
[INFO 15:24:11] my_main Estimated time left: 11 minutes, 57 seconds. Time passed: 13 hours, 19 minutes, 36 seconds
[INFO 15:24:38] my_main Recent Stats | t_env:    2020286 | Episode:    20206
all_fires_out_mean:        0.0000	entropy_loss:              0.0157	ep_length_mean:          100.0000	episode_limit_mean:        1.0000
epsilon:                   0.0500	grad_norm:               541.7151	loss:                     30.3463	mean_fire_level_mean:     21.1611
mi_loss:                   0.0231	q_taken_mean:            -13.1181	return_mean:             -741.2260	return_median:           -733.7000
return_std:              267.3560	target_mean:             -13.2247	td_error_abs:              1.6040	test_all_fires_out_mean:   0.0000
test_ep_length_mean:     100.0000	test_episode_limit_mean:   1.0000	test_mean_fire_level_mean: 22.4517	test_return_mean:        -101.0812
test_return_median:      -102.2000	test_return_std:          41.0383	
[INFO 15:25:21] my_main Recent Stats | t_env:    2022286 | Episode:    20226
all_fires_out_mean:        0.0000	entropy_loss:              0.0157	ep_length_mean:          100.0000	episode_limit_mean:        1.0000
epsilon:                   0.0500	grad_norm:               541.7151	loss:                     30.3463	mean_fire_level_mean:     21.1611
mi_loss:                   0.0231	q_taken_mean:            -13.1181	return_mean:             -741.2260	return_median:           -733.7000
return_std:              267.3560	target_mean:             -13.2247	td_error_abs:              1.6040	test_all_fires_out_mean:   0.0000
test_ep_length_mean:     100.0000	test_episode_limit_mean:   1.0000	test_mean_fire_level_mean: 22.4517	test_return_mean:        -101.0812
test_return_median:      -102.2000	test_return_std:          41.0383	
[INFO 15:26:03] my_main Recent Stats | t_env:    2024286 | Episode:    20246
all_fires_out_mean:        0.0000	entropy_loss:              0.0160	ep_length_mean:          100.0000	episode_limit_mean:        1.0000
epsilon:                   0.0500	grad_norm:               541.4012	loss:                     39.3310	mean_fire_level_mean:     21.1611
mi_loss:                   0.0231	q_taken_mean:            -13.0676	return_mean:             -741.2260	return_median:           -733.7000
return_std:              267.3560	target_mean:             -13.1729	td_error_abs:              1.6728	test_all_fires_out_mean:   0.0000
test_ep_length_mean:     100.0000	test_episode_limit_mean:   1.0000	test_mean_fire_level_mean: 22.4517	test_return_mean:        -101.0812
test_return_median:      -102.2000	test_return_std:          41.0383	
[INFO 15:26:46] my_main Recent Stats | t_env:    2026286 | Episode:    20266
all_fires_out_mean:        0.0000	entropy_loss:              0.0160	ep_length_mean:          100.0000	episode_limit_mean:        1.0000
epsilon:                   0.0500	grad_norm:               541.4012	loss:                     39.3310	mean_fire_level_mean:     21.1611
mi_loss:                   0.0231	q_taken_mean:            -13.0676	return_mean:             -741.2260	return_median:           -733.7000
return_std:              267.3560	target_mean:             -13.1729	td_error_abs:              1.6728	test_all_fires_out_mean:   0.0000
test_ep_length_mean:     100.0000	test_episode_limit_mean:   1.0000	test_mean_fire_level_mean: 22.4517	test_return_mean:        -101.0812
test_return_median:      -102.2000	test_return_std:          41.0383	
[INFO 15:27:29] my_main Recent Stats | t_env:    2028286 | Episode:    20286
all_fires_out_mean:        0.0000	entropy_loss:              0.0160	ep_length_mean:          100.0000	episode_limit_mean:        1.0000
epsilon:                   0.0500	grad_norm:               541.4012	loss:                     39.3310	mean_fire_level_mean:     21.1611
mi_loss:                   0.0231	q_taken_mean:            -13.0676	return_mean:             -741.2260	return_median:           -733.7000
return_std:              267.3560	target_mean:             -13.1729	td_error_abs:              1.6728	test_all_fires_out_mean:   0.0000
test_ep_length_mean:     100.0000	test_episode_limit_mean:   1.0000	test_mean_fire_level_mean: 22.4517	test_return_mean:        -101.0812
test_return_median:      -102.2000	test_return_std:          41.0383	
[INFO 15:28:13] my_main t_env: 2030286 / 2050000
[INFO 15:28:13] my_main Estimated time left: 7 minutes, 56 seconds. Time passed: 13 hours, 23 minutes, 38 seconds
[INFO 15:28:39] my_main Recent Stats | t_env:    2030286 | Episode:    20306
all_fires_out_mean:        0.0000	entropy_loss:              0.0160	ep_length_mean:          100.0000	episode_limit_mean:        1.0000
epsilon:                   0.0500	grad_norm:               541.4012	loss:                     39.3310	mean_fire_level_mean:     21.0562
mi_loss:                   0.0231	q_taken_mean:            -13.0676	return_mean:             -740.4200	return_median:           -734.4000
return_std:              261.0940	target_mean:             -13.1729	td_error_abs:              1.6728	test_all_fires_out_mean:   0.0000
test_ep_length_mean:     100.0000	test_episode_limit_mean:   1.0000	test_mean_fire_level_mean: 22.5653	test_return_mean:        -101.3375
test_return_median:      -101.3000	test_return_std:          42.4894	
[INFO 15:29:23] my_main Recent Stats | t_env:    2032286 | Episode:    20326
all_fires_out_mean:        0.0000	entropy_loss:              0.0160	ep_length_mean:          100.0000	episode_limit_mean:        1.0000
epsilon:                   0.0500	grad_norm:               541.4012	loss:                     39.3310	mean_fire_level_mean:     21.0562
mi_loss:                   0.0231	q_taken_mean:            -13.0676	return_mean:             -740.4200	return_median:           -734.4000
return_std:              261.0940	target_mean:             -13.1729	td_error_abs:              1.6728	test_all_fires_out_mean:   0.0000
test_ep_length_mean:     100.0000	test_episode_limit_mean:   1.0000	test_mean_fire_level_mean: 22.5653	test_return_mean:        -101.3375
test_return_median:      -101.3000	test_return_std:          42.4894	
[INFO 15:30:06] my_main Recent Stats | t_env:    2034286 | Episode:    20346
all_fires_out_mean:        0.0000	entropy_loss:              0.0163	ep_length_mean:          100.0000	episode_limit_mean:        1.0000
epsilon:                   0.0500	grad_norm:               538.3167	loss:                     30.6194	mean_fire_level_mean:     21.0562
mi_loss:                   0.0231	q_taken_mean:            -13.0867	return_mean:             -740.4200	return_median:           -734.4000
return_std:              261.0940	target_mean:             -13.1475	td_error_abs:              1.6061	test_all_fires_out_mean:   0.0000
test_ep_length_mean:     100.0000	test_episode_limit_mean:   1.0000	test_mean_fire_level_mean: 22.5653	test_return_mean:        -101.3375
test_return_median:      -101.3000	test_return_std:          42.4894	
[INFO 15:30:48] my_main Recent Stats | t_env:    2036286 | Episode:    20366
all_fires_out_mean:        0.0000	entropy_loss:              0.0163	ep_length_mean:          100.0000	episode_limit_mean:        1.0000
epsilon:                   0.0500	grad_norm:               538.3167	loss:                     30.6194	mean_fire_level_mean:     21.0562
mi_loss:                   0.0231	q_taken_mean:            -13.0867	return_mean:             -740.4200	return_median:           -734.4000
return_std:              261.0940	target_mean:             -13.1475	td_error_abs:              1.6061	test_all_fires_out_mean:   0.0000
test_ep_length_mean:     100.0000	test_episode_limit_mean:   1.0000	test_mean_fire_level_mean: 22.5653	test_return_mean:        -101.3375
test_return_median:      -101.3000	test_return_std:          42.4894	
[INFO 15:31:30] my_main Recent Stats | t_env:    2038286 | Episode:    20386
all_fires_out_mean:        0.0000	entropy_loss:              0.0163	ep_length_mean:          100.0000	episode_limit_mean:        1.0000
epsilon:                   0.0500	grad_norm:               538.3167	loss:                     30.6194	mean_fire_level_mean:     21.0562
mi_loss:                   0.0231	q_taken_mean:            -13.0867	return_mean:             -740.4200	return_median:           -734.4000
return_std:              261.0940	target_mean:             -13.1475	td_error_abs:              1.6061	test_all_fires_out_mean:   0.0000
test_ep_length_mean:     100.0000	test_episode_limit_mean:   1.0000	test_mean_fire_level_mean: 22.5653	test_return_mean:        -101.3375
test_return_median:      -101.3000	test_return_std:          42.4894	
[INFO 15:32:03] my_main Updated target network
[INFO 15:32:13] my_main t_env: 2040286 / 2050000
[INFO 15:32:13] my_main Estimated time left: 3 minutes, 53 seconds. Time passed: 13 hours, 27 minutes, 39 seconds
[INFO 15:32:40] my_main Recent Stats | t_env:    2040286 | Episode:    20406
all_fires_out_mean:        0.0000	entropy_loss:              0.0163	ep_length_mean:          100.0000	episode_limit_mean:        1.0000
epsilon:                   0.0500	grad_norm:               538.3167	loss:                     30.6194	mean_fire_level_mean:     21.0324
mi_loss:                   0.0231	q_taken_mean:            -13.0867	return_mean:             -733.6820	return_median:           -723.9000
return_std:              256.9374	target_mean:             -13.1475	td_error_abs:              1.6061	test_all_fires_out_mean:   0.0000
test_ep_length_mean:     100.0000	test_episode_limit_mean:   1.0000	test_mean_fire_level_mean: 22.5153	test_return_mean:        -102.8250
test_return_median:      -105.1000	test_return_std:          41.5672	
[INFO 15:33:22] my_main Recent Stats | t_env:    2042286 | Episode:    20426
all_fires_out_mean:        0.0000	entropy_loss:              0.0163	ep_length_mean:          100.0000	episode_limit_mean:        1.0000
epsilon:                   0.0500	grad_norm:               538.3167	loss:                     30.6194	mean_fire_level_mean:     21.0324
mi_loss:                   0.0231	q_taken_mean:            -13.0867	return_mean:             -733.6820	return_median:           -723.9000
return_std:              256.9374	target_mean:             -13.1475	td_error_abs:              1.6061	test_all_fires_out_mean:   0.0000
test_ep_length_mean:     100.0000	test_episode_limit_mean:   1.0000	test_mean_fire_level_mean: 22.5153	test_return_mean:        -102.8250
test_return_median:      -105.1000	test_return_std:          41.5672	
[INFO 15:34:05] my_main Recent Stats | t_env:    2044286 | Episode:    20446
all_fires_out_mean:        0.0000	entropy_loss:              0.0164	ep_length_mean:          100.0000	episode_limit_mean:        1.0000
epsilon:                   0.0500	grad_norm:               580.5811	loss:                     28.9096	mean_fire_level_mean:     21.0324
mi_loss:                   0.0231	q_taken_mean:            -13.1981	return_mean:             -733.6820	return_median:           -723.9000
return_std:              256.9374	target_mean:             -13.2672	td_error_abs:              1.6599	test_all_fires_out_mean:   0.0000
test_ep_length_mean:     100.0000	test_episode_limit_mean:   1.0000	test_mean_fire_level_mean: 22.5153	test_return_mean:        -102.8250
test_return_median:      -105.1000	test_return_std:          41.5672	
[INFO 15:34:43] my_main Recent Stats | t_env:    2046286 | Episode:    20466
all_fires_out_mean:        0.0000	entropy_loss:              0.0164	ep_length_mean:          100.0000	episode_limit_mean:        1.0000
epsilon:                   0.0500	grad_norm:               580.5811	loss:                     28.9096	mean_fire_level_mean:     21.0324
mi_loss:                   0.0231	q_taken_mean:            -13.1981	return_mean:             -733.6820	return_median:           -723.9000
return_std:              256.9374	target_mean:             -13.2672	td_error_abs:              1.6599	test_all_fires_out_mean:   0.0000
test_ep_length_mean:     100.0000	test_episode_limit_mean:   1.0000	test_mean_fire_level_mean: 22.5153	test_return_mean:        -102.8250
test_return_median:      -105.1000	test_return_std:          41.5672	
[INFO 15:35:17] my_main Recent Stats | t_env:    2048286 | Episode:    20486
all_fires_out_mean:        0.0000	entropy_loss:              0.0164	ep_length_mean:          100.0000	episode_limit_mean:        1.0000
epsilon:                   0.0500	grad_norm:               580.5811	loss:                     28.9096	mean_fire_level_mean:     21.0324
mi_loss:                   0.0231	q_taken_mean:            -13.1981	return_mean:             -733.6820	return_median:           -723.9000
return_std:              256.9374	target_mean:             -13.2672	td_error_abs:              1.6599	test_all_fires_out_mean:   0.0000
test_ep_length_mean:     100.0000	test_episode_limit_mean:   1.0000	test_mean_fire_level_mean: 22.5153	test_return_mean:        -102.8250
test_return_median:      -105.1000	test_return_std:          41.5672	
[INFO 15:35:48] my_main Finished Training
Export tensorboard scalars at /root/autodl-tmp/AAAI/LLM_Communication/Baseline-cognac/MAIC/results/tb_logs/cognac/MAIC_COGNAC/2026-07-19_02-04-33_MAIC_COGNAC_cognac_firefighting_10_1236 to json file /root/autodl-tmp/AAAI/LLM_Communication/Baseline-cognac/MAIC/results/cognac/MAIC_COGNAC/2026-07-19_02-04-33_MAIC_COGNAC_cognac_firefighting_10_1236.json
[DEBUG 15:35:48] tensorboard Opening a stub record reader pointing at /root/autodl-tmp/AAAI/LLM_Communication/Baseline-cognac/MAIC/results/tb_logs/cognac/MAIC_COGNAC/2026-07-19_02-04-33_MAIC_COGNAC_cognac_firefighting_10_1236/events.out.tfevents.1784397873.autodl-container-e9e04d9e7a-ea39e67f
[DEBUG 15:35:48] tensorboard Loading events from /root/autodl-tmp/AAAI/LLM_Communication/Baseline-cognac/MAIC/results/tb_logs/cognac/MAIC_COGNAC/2026-07-19_02-04-33_MAIC_COGNAC_cognac_firefighting_10_1236/events.out.tfevents.1784397873.autodl-container-e9e04d9e7a-ea39e67f
[DEBUG 15:35:49] tensorboard End of file in /root/autodl-tmp/AAAI/LLM_Communication/Baseline-cognac/MAIC/results/tb_logs/cognac/MAIC_COGNAC/2026-07-19_02-04-33_MAIC_COGNAC_cognac_firefighting_10_1236/events.out.tfevents.1784397873.autodl-container-e9e04d9e7a-ea39e67f
[DEBUG 15:35:49] tensorboard No more events in /root/autodl-tmp/AAAI/LLM_Communication/Baseline-cognac/MAIC/results/tb_logs/cognac/MAIC_COGNAC/2026-07-19_02-04-33_MAIC_COGNAC_cognac_firefighting_10_1236/events.out.tfevents.1784397873.autodl-container-e9e04d9e7a-ea39e67f
[INFO 15:35:49] tensorboard No path found after /root/autodl-tmp/AAAI/LLM_Communication/Baseline-cognac/MAIC/results/tb_logs/cognac/MAIC_COGNAC/2026-07-19_02-04-33_MAIC_COGNAC_cognac_firefighting_10_1236/events.out.tfevents.1784397873.autodl-container-e9e04d9e7a-ea39e67f
Exiting Main
Stopping all threads
Thread Thread-1 is alive! Is daemon: False
Thread joined
Thread Thread-2 is alive! Is daemon: True
Thread joined
Thread QueueFeederThread is alive! Is daemon: True
Thread joined
Exiting script
