[DEBUG 02:04:07] git.cmd Popen(['git', 'version'], cwd=/root/autodl-tmp/AAAI/LLM_Communication/Baseline-cognac/MAIC, stdin=None, shell=False, universal_newlines=False)
[DEBUG 02:04:07] git.cmd Popen(['git', 'version'], cwd=/root/autodl-tmp/AAAI/LLM_Communication/Baseline-cognac/MAIC, stdin=None, shell=False, universal_newlines=False)
[DEBUG 02:04:07] git.util sys.platform='linux', git_executable='git'
[DEBUG 02:04:07] git.util sys.platform='linux', git_executable='git'
[DEBUG 02:04:07] git.util sys.platform='linux', git_executable='git'
[INFO 02:04:07] root Saving to FileStorageObserver in results/sacred.
[DEBUG 02:04:08] pymarl Using capture mode "fd"
[INFO 02:04:08] pymarl Running command 'my_main'
[INFO 02:04:08] pymarl Started run with ID "3"
[DEBUG 02:04:08] pymarl Starting Heartbeat
[DEBUG 02:04:08] my_main Started
[INFO 02:04:08] my_main Experiment Parameters:
[INFO 02:04:08] my_main 

{   'action_selector': 'epsilon_greedy',
    'agent': 'maic',
    'agent_output_type': 'q',
    'attention_dim': 32,
    'batch_size': 32,
    'batch_size_run': 1,
    'buffer_cpu_only': True,
    'buffer_size': 5000,
    'burn_in_period': 32,
    'checkpoint_path': '',
    'comment': '',
    'critic_lr': 0.0005,
    'double_q': True,
    'entropy_loss_weight': 0.01,
    'env': 'cognac',
    'env_args': {   'graph_path': 'src/envs/cognac_assets/basic_directed_network_10.npy',
                    'map_name': 'sysadmin_10',
                    'max_steps': 100,
                    'seed': 1238,
                    'task': 'sysadmin_10'},
    'epsilon_anneal_time': 50000,
    'epsilon_finish': 0.05,
    'epsilon_start': 1.0,
    'evaluate': False,
    'gamma': 0.99,
    'grad_norm_clip': 10,
    'hypernet_embed': 64,
    'hypernet_layers': 2,
    'is_batch_rl': False,
    'is_from_start': True,
    'is_save_buffer': False,
    'label': 'default_label',
    'latent_dim': 8,
    'learner': 'maic_learner',
    'learner_log_interval': 10000,
    'load_buffer_id': 0,
    'load_step': 0,
    'local_results_path': 'results',
    'log_interval': 2000,
    'log_weights': True,
    'lr': 0.0005,
    'mac': 'maic_mac',
    'mi_loss_weight': 0.001,
    'mixer': 'qmix',
    'mixing_embed_dim': 32,
    'msg_l1_reg_loss_weight': 0,
    'name': 'MAIC_COGNAC',
    'nn_hidden_size': 64,
    'num_circle': 1,
    'obs_agent_id': True,
    'obs_last_action': True,
    'optim_alpha': 0.99,
    'optim_eps': 1e-05,
    'repeat_id': 1,
    'rnn_hidden_dim': 64,
    'runner': 'episode',
    'runner_log_interval': 10000,
    'save_buffer_id': 0,
    'save_buffer_interval': 1000,
    'save_buffer_size': 10000,
    'save_model': False,
    'save_model_interval': 1000000,
    'save_replay': False,
    'seed': 1238,
    't_max': 2050000,
    'target_update_interval': 200,
    'test_greedy': True,
    'test_interval': 10000,
    'test_nepisode': 32,
    'use_cuda': True,
    'use_tensorboard': True,
    'var_floor': 0.002}

<class 'envs.cognac_wrapper.COGNACWrapper'>
[INFO 02:04:09] my_main Beginning training for 2050000 timesteps
/root/autodl-tmp/AAAI/LLM_Communication/Baseline-cognac/MAIC/src/components/episode_buffer.py:104: UserWarning: Creating a tensor from a list of numpy.ndarrays is extremely slow. Please consider converting the list to a single numpy.ndarray with numpy.array() before converting to a tensor. (Triggered internally at ../torch/csrc/utils/tensor_new.cpp:278.)
  v = th.tensor(v, dtype=dtype, device=self.device)
/root/autodl-tmp/AAAI/LLM_Communication/Baseline-cognac/MAIC/src/components/episode_buffer.py:104: UserWarning: To copy construct from a tensor, it is recommended to use sourceTensor.clone().detach() or sourceTensor.clone().detach().requires_grad_(True), rather than torch.tensor(sourceTensor).
  v = th.tensor(v, dtype=dtype, device=self.device)
[INFO 02:04:10] my_main t_env: 100 / 2050000
[INFO 02:04:10] my_main Estimated time left: 2 minutes, 28 seconds. Time passed: 0 seconds
[INFO 02:04:34] my_main Recent Stats | t_env:       2000 | Episode:       20
ep_length_mean:          100.0000	episode_limit_mean:        1.0000	epsilon:                   1.0000	healthy_machine_fraction_mean:  0.2000
return_mean:               2.0000	return_median:             2.0000	return_std:                0.0000	test_ep_length_mean:     100.0000
test_episode_limit_mean:   1.0000	test_healthy_machine_fraction_mean:  0.8313	test_return_mean:          0.0000	test_return_median:        0.0000
test_return_std:           0.0000	
[INFO 02:04:53] my_main Recent Stats | t_env:       4000 | Episode:       40
entropy_loss:              0.0328	ep_length_mean:          100.0000	episode_limit_mean:        1.0000	epsilon:                   1.0000
grad_norm:                 1.8706	healthy_machine_fraction_mean:  0.2000	loss:                      0.1378	mi_loss:                   0.0028
q_taken_mean:             -0.0232	return_mean:               2.0000	return_median:             2.0000	return_std:                0.0000
target_mean:              -0.0010	td_error_abs:              0.2337	test_ep_length_mean:     100.0000	test_episode_limit_mean:   1.0000
test_healthy_machine_fraction_mean:  0.8313	test_return_mean:          0.0000	test_return_median:        0.0000	test_return_std:           0.0000

[INFO 02:05:24] my_main Recent Stats | t_env:       6000 | Episode:       60
entropy_loss:              0.0328	ep_length_mean:          100.0000	episode_limit_mean:        1.0000	epsilon:                   1.0000
grad_norm:                 1.8706	healthy_machine_fraction_mean:  0.2000	loss:                      0.1378	mi_loss:                   0.0028
q_taken_mean:             -0.0232	return_mean:               2.0000	return_median:             2.0000	return_std:                0.0000
target_mean:              -0.0010	td_error_abs:              0.2337	test_ep_length_mean:     100.0000	test_episode_limit_mean:   1.0000
test_healthy_machine_fraction_mean:  0.8313	test_return_mean:          0.0000	test_return_median:        0.0000	test_return_std:           0.0000

[INFO 02:05:54] my_main Recent Stats | t_env:       8000 | Episode:       80
entropy_loss:              0.0328	ep_length_mean:          100.0000	episode_limit_mean:        1.0000	epsilon:                   1.0000
grad_norm:                 1.8706	healthy_machine_fraction_mean:  0.2000	loss:                      0.1378	mi_loss:                   0.0028
q_taken_mean:             -0.0232	return_mean:               2.0000	return_median:             2.0000	return_std:                0.0000
target_mean:              -0.0010	td_error_abs:              0.2337	test_ep_length_mean:     100.0000	test_episode_limit_mean:   1.0000
test_healthy_machine_fraction_mean:  0.8313	test_return_mean:          0.0000	test_return_median:        0.0000	test_return_std:           0.0000

[INFO 02:06:24] my_main Recent Stats | t_env:      10000 | Episode:      100
entropy_loss:              0.0328	ep_length_mean:          100.0000	episode_limit_mean:        1.0000	epsilon:                   1.0000
grad_norm:                 1.8706	healthy_machine_fraction_mean:  0.2000	loss:                      0.1378	mi_loss:                   0.0028
q_taken_mean:             -0.0232	return_mean:               2.0000	return_median:             2.0000	return_std:                0.0000
target_mean:              -0.0010	td_error_abs:              0.2337	test_ep_length_mean:     100.0000	test_episode_limit_mean:   1.0000
test_healthy_machine_fraction_mean:  0.8313	test_return_mean:          0.0000	test_return_median:        0.0000	test_return_std:           0.0000

[INFO 02:06:26] my_main t_env: 10100 / 2050000
[INFO 02:06:26] my_main Estimated time left: 7 hours, 41 minutes, 53 seconds. Time passed: 2 minutes, 16 seconds
[INFO 02:07:09] my_main Recent Stats | t_env:      12000 | Episode:      120
entropy_loss:              0.0328	ep_length_mean:          100.0000	episode_limit_mean:        1.0000	epsilon:                   0.8100
grad_norm:                 1.8706	healthy_machine_fraction_mean:  0.3980	loss:                      0.1378	mi_loss:                   0.0028
q_taken_mean:             -0.0232	return_mean:               2.2700	return_median:             2.0000	return_std:                0.8198
target_mean:              -0.0010	td_error_abs:              0.2337	test_ep_length_mean:     100.0000	test_episode_limit_mean:   1.0000
test_healthy_machine_fraction_mean:  0.7875	test_return_mean:          0.5625	test_return_median:        0.5000	test_return_std:           0.4463

[INFO 02:07:42] my_main Recent Stats | t_env:      14000 | Episode:      140
entropy_loss:              0.0207	ep_length_mean:          100.0000	episode_limit_mean:        1.0000	epsilon:                   0.8100
grad_norm:                 0.9539	healthy_machine_fraction_mean:  0.3980	loss:                      0.0921	mi_loss:                   0.0016
q_taken_mean:             -0.0173	return_mean:               2.2700	return_median:             2.0000	return_std:                0.8198
target_mean:              -0.0059	td_error_abs:              0.1746	test_ep_length_mean:     100.0000	test_episode_limit_mean:   1.0000
test_healthy_machine_fraction_mean:  0.7875	test_return_mean:          0.5625	test_return_median:        0.5000	test_return_std:           0.4463

[INFO 02:08:26] my_main Recent Stats | t_env:      16000 | Episode:      160
entropy_loss:              0.0207	ep_length_mean:          100.0000	episode_limit_mean:        1.0000	epsilon:                   0.8100
grad_norm:                 0.9539	healthy_machine_fraction_mean:  0.3980	loss:                      0.0921	mi_loss:                   0.0016
q_taken_mean:             -0.0173	return_mean:               2.2700	return_median:             2.0000	return_std:                0.8198
target_mean:              -0.0059	td_error_abs:              0.1746	test_ep_length_mean:     100.0000	test_episode_limit_mean:   1.0000
test_healthy_machine_fraction_mean:  0.7875	test_return_mean:          0.5625	test_return_median:        0.5000	test_return_std:           0.4463

[INFO 02:09:10] my_main Recent Stats | t_env:      18000 | Episode:      180
entropy_loss:              0.0207	ep_length_mean:          100.0000	episode_limit_mean:        1.0000	epsilon:                   0.8100
grad_norm:                 0.9539	healthy_machine_fraction_mean:  0.3980	loss:                      0.0921	mi_loss:                   0.0016
q_taken_mean:             -0.0173	return_mean:               2.2700	return_median:             2.0000	return_std:                0.8198
target_mean:              -0.0059	td_error_abs:              0.1746	test_ep_length_mean:     100.0000	test_episode_limit_mean:   1.0000
test_healthy_machine_fraction_mean:  0.7875	test_return_mean:          0.5625	test_return_median:        0.5000	test_return_std:           0.4463

[INFO 02:09:53] my_main Recent Stats | t_env:      20000 | Episode:      200
entropy_loss:              0.0207	ep_length_mean:          100.0000	episode_limit_mean:        1.0000	epsilon:                   0.8100
grad_norm:                 0.9539	healthy_machine_fraction_mean:  0.3980	loss:                      0.0921	mi_loss:                   0.0016
q_taken_mean:             -0.0173	return_mean:               2.2700	return_median:             2.0000	return_std:                0.8198
target_mean:              -0.0059	td_error_abs:              0.1746	test_ep_length_mean:     100.0000	test_episode_limit_mean:   1.0000
test_healthy_machine_fraction_mean:  0.7875	test_return_mean:          0.5625	test_return_median:        0.5000	test_return_std:           0.4463

[INFO 02:09:55] my_main Updated target network
[INFO 02:09:55] my_main t_env: 20100 / 2050000
[INFO 02:09:55] my_main Estimated time left: 11 hours, 48 minutes, 16 seconds. Time passed: 5 minutes, 45 seconds
[INFO 02:11:02] my_main Recent Stats | t_env:      22000 | Episode:      220
entropy_loss:              0.0207	ep_length_mean:          100.0000	episode_limit_mean:        1.0000	epsilon:                   0.6200
grad_norm:                 0.9539	healthy_machine_fraction_mean:  0.4607	loss:                      0.0921	mi_loss:                   0.0016
q_taken_mean:             -0.0173	return_mean:               2.5100	return_median:             2.3333	return_std:                1.1268
target_mean:              -0.0059	td_error_abs:              0.1746	test_ep_length_mean:     100.0000	test_episode_limit_mean:   1.0000
test_healthy_machine_fraction_mean:  0.7802	test_return_mean:          0.8958	test_return_median:        0.6667	test_return_std:           0.6405

[INFO 02:11:53] my_main Recent Stats | t_env:      24000 | Episode:      240
entropy_loss:              0.0157	ep_length_mean:          100.0000	episode_limit_mean:        1.0000	epsilon:                   0.6200
grad_norm:                 0.6505	healthy_machine_fraction_mean:  0.4607	loss:                      0.0735	mi_loss:                   0.0011
q_taken_mean:             -0.0126	return_mean:               2.5100	return_median:             2.3333	return_std:                1.1268
target_mean:              -0.0053	td_error_abs:              0.1472	test_ep_length_mean:     100.0000	test_episode_limit_mean:   1.0000
test_healthy_machine_fraction_mean:  0.7802	test_return_mean:          0.8958	test_return_median:        0.6667	test_return_std:           0.6405

[INFO 02:12:56] my_main Recent Stats | t_env:      26000 | Episode:      260
entropy_loss:              0.0157	ep_length_mean:          100.0000	episode_limit_mean:        1.0000	epsilon:                   0.6200
grad_norm:                 0.6505	healthy_machine_fraction_mean:  0.4607	loss:                      0.0735	mi_loss:                   0.0011
q_taken_mean:             -0.0126	return_mean:               2.5100	return_median:             2.3333	return_std:                1.1268
target_mean:              -0.0053	td_error_abs:              0.1472	test_ep_length_mean:     100.0000	test_episode_limit_mean:   1.0000
test_healthy_machine_fraction_mean:  0.7802	test_return_mean:          0.8958	test_return_median:        0.6667	test_return_std:           0.6405

[INFO 02:14:11] my_main Recent Stats | t_env:      28000 | Episode:      280
entropy_loss:              0.0157	ep_length_mean:          100.0000	episode_limit_mean:        1.0000	epsilon:                   0.6200
grad_norm:                 0.6505	healthy_machine_fraction_mean:  0.4607	loss:                      0.0735	mi_loss:                   0.0011
q_taken_mean:             -0.0126	return_mean:               2.5100	return_median:             2.3333	return_std:                1.1268
target_mean:              -0.0053	td_error_abs:              0.1472	test_ep_length_mean:     100.0000	test_episode_limit_mean:   1.0000
test_healthy_machine_fraction_mean:  0.7802	test_return_mean:          0.8958	test_return_median:        0.6667	test_return_std:           0.6405

[INFO 02:15:33] my_main Recent Stats | t_env:      30000 | Episode:      300
entropy_loss:              0.0157	ep_length_mean:          100.0000	episode_limit_mean:        1.0000	epsilon:                   0.6200
grad_norm:                 0.6505	healthy_machine_fraction_mean:  0.4607	loss:                      0.0735	mi_loss:                   0.0011
q_taken_mean:             -0.0126	return_mean:               2.5100	return_median:             2.3333	return_std:                1.1268
target_mean:              -0.0053	td_error_abs:              0.1472	test_ep_length_mean:     100.0000	test_episode_limit_mean:   1.0000
test_healthy_machine_fraction_mean:  0.7802	test_return_mean:          0.8958	test_return_median:        0.6667	test_return_std:           0.6405

[INFO 02:15:37] my_main t_env: 30100 / 2050000
[INFO 02:15:37] my_main Estimated time left: 19 hours, 11 minutes, 46 seconds. Time passed: 11 minutes, 28 seconds
[INFO 02:17:10] my_main Recent Stats | t_env:      32000 | Episode:      320
entropy_loss:              0.0157	ep_length_mean:          100.0000	episode_limit_mean:        1.0000	epsilon:                   0.4300
grad_norm:                 0.6505	healthy_machine_fraction_mean:  0.4420	loss:                      0.0735	mi_loss:                   0.0011
q_taken_mean:             -0.0126	return_mean:               4.0625	return_median:             4.0000	return_std:                1.6781
target_mean:              -0.0053	td_error_abs:              0.1472	test_ep_length_mean:     100.0000	test_episode_limit_mean:   1.0000
test_healthy_machine_fraction_mean:  0.6930	test_return_mean:          1.5391	test_return_median:        1.2500	test_return_std:           0.9042

[INFO 02:18:01] my_main Recent Stats | t_env:      34000 | Episode:      340
entropy_loss:              0.0128	ep_length_mean:          100.0000	episode_limit_mean:        1.0000	epsilon:                   0.4300
grad_norm:                 0.5346	healthy_machine_fraction_mean:  0.4420	loss:                      0.0679	mi_loss:                   0.0009
q_taken_mean:             -0.0098	return_mean:               4.0625	return_median:             4.0000	return_std:                1.6781
target_mean:              -0.0038	td_error_abs:              0.1397	test_ep_length_mean:     100.0000	test_episode_limit_mean:   1.0000
test_healthy_machine_fraction_mean:  0.6930	test_return_mean:          1.5391	test_return_median:        1.2500	test_return_std:           0.9042

[INFO 02:18:52] my_main Recent Stats | t_env:      36000 | Episode:      360
entropy_loss:              0.0128	ep_length_mean:          100.0000	episode_limit_mean:        1.0000	epsilon:                   0.4300
grad_norm:                 0.5346	healthy_machine_fraction_mean:  0.4420	loss:                      0.0679	mi_loss:                   0.0009
q_taken_mean:             -0.0098	return_mean:               4.0625	return_median:             4.0000	return_std:                1.6781
target_mean:              -0.0038	td_error_abs:              0.1397	test_ep_length_mean:     100.0000	test_episode_limit_mean:   1.0000
test_healthy_machine_fraction_mean:  0.6930	test_return_mean:          1.5391	test_return_median:        1.2500	test_return_std:           0.9042

[INFO 02:19:44] my_main Recent Stats | t_env:      38000 | Episode:      380
entropy_loss:              0.0128	ep_length_mean:          100.0000	episode_limit_mean:        1.0000	epsilon:                   0.4300
grad_norm:                 0.5346	healthy_machine_fraction_mean:  0.4420	loss:                      0.0679	mi_loss:                   0.0009
q_taken_mean:             -0.0098	return_mean:               4.0625	return_median:             4.0000	return_std:                1.6781
target_mean:              -0.0038	td_error_abs:              0.1397	test_ep_length_mean:     100.0000	test_episode_limit_mean:   1.0000
test_healthy_machine_fraction_mean:  0.6930	test_return_mean:          1.5391	test_return_median:        1.2500	test_return_std:           0.9042

[INFO 02:20:35] my_main Recent Stats | t_env:      40000 | Episode:      400
entropy_loss:              0.0128	ep_length_mean:          100.0000	episode_limit_mean:        1.0000	epsilon:                   0.4300
grad_norm:                 0.5346	healthy_machine_fraction_mean:  0.4420	loss:                      0.0679	mi_loss:                   0.0009
q_taken_mean:             -0.0098	return_mean:               4.0625	return_median:             4.0000	return_std:                1.6781
target_mean:              -0.0038	td_error_abs:              0.1397	test_ep_length_mean:     100.0000	test_episode_limit_mean:   1.0000
test_healthy_machine_fraction_mean:  0.6930	test_return_mean:          1.5391	test_return_median:        1.2500	test_return_std:           0.9042

[INFO 02:20:38] my_main Updated target network
[INFO 02:20:38] my_main t_env: 40100 / 2050000
[INFO 02:20:38] my_main Estimated time left: 16 hours, 45 minutes, 49 seconds. Time passed: 16 minutes, 28 seconds
[INFO 02:21:56] my_main Recent Stats | t_env:      42000 | Episode:      420
entropy_loss:              0.0128	ep_length_mean:          100.0000	episode_limit_mean:        1.0000	epsilon:                   0.2400
grad_norm:                 0.5346	healthy_machine_fraction_mean:  0.4164	loss:                      0.0679	mi_loss:                   0.0009
q_taken_mean:             -0.0098	return_mean:               5.8980	return_median:             5.8000	return_std:                2.0719
target_mean:              -0.0038	td_error_abs:              0.1397	test_ep_length_mean:     100.0000	test_episode_limit_mean:   1.0000
test_healthy_machine_fraction_mean:  0.6681	test_return_mean:          1.7125	test_return_median:        1.3000	test_return_std:           1.1353

[INFO 02:22:47] my_main Recent Stats | t_env:      44000 | Episode:      440
entropy_loss:              0.0109	ep_length_mean:          100.0000	episode_limit_mean:        1.0000	epsilon:                   0.2400
grad_norm:                 0.4406	healthy_machine_fraction_mean:  0.4164	loss:                      0.0668	mi_loss:                   0.0008
q_taken_mean:             -0.0041	return_mean:               5.8980	return_median:             5.8000	return_std:                2.0719
target_mean:               0.0006	td_error_abs:              0.1431	test_ep_length_mean:     100.0000	test_episode_limit_mean:   1.0000
test_healthy_machine_fraction_mean:  0.6681	test_return_mean:          1.7125	test_return_median:        1.3000	test_return_std:           1.1353

[INFO 02:23:38] my_main Recent Stats | t_env:      46000 | Episode:      460
entropy_loss:              0.0109	ep_length_mean:          100.0000	episode_limit_mean:        1.0000	epsilon:                   0.2400
grad_norm:                 0.4406	healthy_machine_fraction_mean:  0.4164	loss:                      0.0668	mi_loss:                   0.0008
q_taken_mean:             -0.0041	return_mean:               5.8980	return_median:             5.8000	return_std:                2.0719
target_mean:               0.0006	td_error_abs:              0.1431	test_ep_length_mean:     100.0000	test_episode_limit_mean:   1.0000
test_healthy_machine_fraction_mean:  0.6681	test_return_mean:          1.7125	test_return_median:        1.3000	test_return_std:           1.1353

[INFO 02:24:29] my_main Recent Stats | t_env:      48000 | Episode:      480
entropy_loss:              0.0109	ep_length_mean:          100.0000	episode_limit_mean:        1.0000	epsilon:                   0.2400
grad_norm:                 0.4406	healthy_machine_fraction_mean:  0.4164	loss:                      0.0668	mi_loss:                   0.0008
q_taken_mean:             -0.0041	return_mean:               5.8980	return_median:             5.8000	return_std:                2.0719
target_mean:               0.0006	td_error_abs:              0.1431	test_ep_length_mean:     100.0000	test_episode_limit_mean:   1.0000
test_healthy_machine_fraction_mean:  0.6681	test_return_mean:          1.7125	test_return_median:        1.3000	test_return_std:           1.1353

[INFO 02:25:20] my_main Recent Stats | t_env:      50000 | Episode:      500
entropy_loss:              0.0109	ep_length_mean:          100.0000	episode_limit_mean:        1.0000	epsilon:                   0.2400
grad_norm:                 0.4406	healthy_machine_fraction_mean:  0.4164	loss:                      0.0668	mi_loss:                   0.0008
q_taken_mean:             -0.0041	return_mean:               5.8980	return_median:             5.8000	return_std:                2.0719
target_mean:               0.0006	td_error_abs:              0.1431	test_ep_length_mean:     100.0000	test_episode_limit_mean:   1.0000
test_healthy_machine_fraction_mean:  0.6681	test_return_mean:          1.7125	test_return_median:        1.3000	test_return_std:           1.1353

[INFO 02:25:22] my_main t_env: 50100 / 2050000
[INFO 02:25:22] my_main Estimated time left: 15 hours, 48 minutes, 15 seconds. Time passed: 21 minutes, 12 seconds
[INFO 02:26:40] my_main Recent Stats | t_env:      52000 | Episode:      520
entropy_loss:              0.0109	ep_length_mean:          100.0000	episode_limit_mean:        1.0000	epsilon:                   0.0500
grad_norm:                 0.4406	healthy_machine_fraction_mean:  0.4224	loss:                      0.0668	mi_loss:                   0.0008
q_taken_mean:             -0.0041	return_mean:               8.4080	return_median:             8.2000	return_std:                2.7976
target_mean:               0.0006	td_error_abs:              0.1431	test_ep_length_mean:     100.0000	test_episode_limit_mean:   1.0000
test_healthy_machine_fraction_mean:  0.5575	test_return_mean:          2.9125	test_return_median:        2.5000	test_return_std:           1.5740

[INFO 02:27:31] my_main Recent Stats | t_env:      54000 | Episode:      540
entropy_loss:              0.0049	ep_length_mean:          100.0000	episode_limit_mean:        1.0000	epsilon:                   0.0500
grad_norm:                 0.0992	healthy_machine_fraction_mean:  0.4224	loss:                      0.0497	mi_loss:                   0.0004
q_taken_mean:              0.0039	return_mean:               8.4080	return_median:             8.2000	return_std:                2.7976
target_mean:               0.0045	td_error_abs:              0.1241	test_ep_length_mean:     100.0000	test_episode_limit_mean:   1.0000
test_healthy_machine_fraction_mean:  0.5575	test_return_mean:          2.9125	test_return_median:        2.5000	test_return_std:           1.5740

[INFO 02:28:22] my_main Recent Stats | t_env:      56000 | Episode:      560
entropy_loss:              0.0049	ep_length_mean:          100.0000	episode_limit_mean:        1.0000	epsilon:                   0.0500
grad_norm:                 0.0992	healthy_machine_fraction_mean:  0.4224	loss:                      0.0497	mi_loss:                   0.0004
q_taken_mean:              0.0039	return_mean:               8.4080	return_median:             8.2000	return_std:                2.7976
target_mean:               0.0045	td_error_abs:              0.1241	test_ep_length_mean:     100.0000	test_episode_limit_mean:   1.0000
test_healthy_machine_fraction_mean:  0.5575	test_return_mean:          2.9125	test_return_median:        2.5000	test_return_std:           1.5740

[INFO 02:29:13] my_main Recent Stats | t_env:      58000 | Episode:      580
entropy_loss:              0.0049	ep_length_mean:          100.0000	episode_limit_mean:        1.0000	epsilon:                   0.0500
grad_norm:                 0.0992	healthy_machine_fraction_mean:  0.4224	loss:                      0.0497	mi_loss:                   0.0004
q_taken_mean:              0.0039	return_mean:               8.4080	return_median:             8.2000	return_std:                2.7976
target_mean:               0.0045	td_error_abs:              0.1241	test_ep_length_mean:     100.0000	test_episode_limit_mean:   1.0000
test_healthy_machine_fraction_mean:  0.5575	test_return_mean:          2.9125	test_return_median:        2.5000	test_return_std:           1.5740

[INFO 02:30:04] my_main Recent Stats | t_env:      60000 | Episode:      600
entropy_loss:              0.0049	ep_length_mean:          100.0000	episode_limit_mean:        1.0000	epsilon:                   0.0500
grad_norm:                 0.0992	healthy_machine_fraction_mean:  0.4224	loss:                      0.0497	mi_loss:                   0.0004
q_taken_mean:              0.0039	return_mean:               8.4080	return_median:             8.2000	return_std:                2.7976
target_mean:               0.0045	td_error_abs:              0.1241	test_ep_length_mean:     100.0000	test_episode_limit_mean:   1.0000
test_healthy_machine_fraction_mean:  0.5575	test_return_mean:          2.9125	test_return_median:        2.5000	test_return_std:           1.5740

[INFO 02:30:07] my_main Updated target network
[INFO 02:30:07] my_main t_env: 60100 / 2050000
[INFO 02:30:07] my_main Estimated time left: 15 hours, 43 minutes, 28 seconds. Time passed: 25 minutes, 57 seconds
[INFO 02:31:24] my_main Recent Stats | t_env:      62000 | Episode:      620
entropy_loss:              0.0049	ep_length_mean:          100.0000	episode_limit_mean:        1.0000	epsilon:                   0.0500
grad_norm:                 0.0992	healthy_machine_fraction_mean:  0.3572	loss:                      0.0497	mi_loss:                   0.0004
q_taken_mean:              0.0039	return_mean:              10.1760	return_median:            10.0000	return_std:                3.1823
target_mean:               0.0045	td_error_abs:              0.1241	test_ep_length_mean:     100.0000	test_episode_limit_mean:   1.0000
test_healthy_machine_fraction_mean:  0.4656	test_return_mean:          3.8625	test_return_median:        3.5000	test_return_std:           1.8219

[INFO 02:32:15] my_main Recent Stats | t_env:      64000 | Episode:      640
entropy_loss:              0.0035	ep_length_mean:          100.0000	episode_limit_mean:        1.0000	epsilon:                   0.0500
grad_norm:                 0.1122	healthy_machine_fraction_mean:  0.3572	loss:                      0.0631	mi_loss:                   0.0004
q_taken_mean:              0.0146	return_mean:              10.1760	return_median:            10.0000	return_std:                3.1823
target_mean:               0.0152	td_error_abs:              0.1415	test_ep_length_mean:     100.0000	test_episode_limit_mean:   1.0000
test_healthy_machine_fraction_mean:  0.4656	test_return_mean:          3.8625	test_return_median:        3.5000	test_return_std:           1.8219

[INFO 02:33:06] my_main Recent Stats | t_env:      66000 | Episode:      660
entropy_loss:              0.0035	ep_length_mean:          100.0000	episode_limit_mean:        1.0000	epsilon:                   0.0500
grad_norm:                 0.1122	healthy_machine_fraction_mean:  0.3572	loss:                      0.0631	mi_loss:                   0.0004
q_taken_mean:              0.0146	return_mean:              10.1760	return_median:            10.0000	return_std:                3.1823
target_mean:               0.0152	td_error_abs:              0.1415	test_ep_length_mean:     100.0000	test_episode_limit_mean:   1.0000
test_healthy_machine_fraction_mean:  0.4656	test_return_mean:          3.8625	test_return_median:        3.5000	test_return_std:           1.8219

[INFO 02:33:57] my_main Recent Stats | t_env:      68000 | Episode:      680
entropy_loss:              0.0035	ep_length_mean:          100.0000	episode_limit_mean:        1.0000	epsilon:                   0.0500
grad_norm:                 0.1122	healthy_machine_fraction_mean:  0.3572	loss:                      0.0631	mi_loss:                   0.0004
q_taken_mean:              0.0146	return_mean:              10.1760	return_median:            10.0000	return_std:                3.1823
target_mean:               0.0152	td_error_abs:              0.1415	test_ep_length_mean:     100.0000	test_episode_limit_mean:   1.0000
test_healthy_machine_fraction_mean:  0.4656	test_return_mean:          3.8625	test_return_median:        3.5000	test_return_std:           1.8219

[INFO 02:34:48] my_main Recent Stats | t_env:      70000 | Episode:      700
entropy_loss:              0.0035	ep_length_mean:          100.0000	episode_limit_mean:        1.0000	epsilon:                   0.0500
grad_norm:                 0.1122	healthy_machine_fraction_mean:  0.3572	loss:                      0.0631	mi_loss:                   0.0004
q_taken_mean:              0.0146	return_mean:              10.1760	return_median:            10.0000	return_std:                3.1823
target_mean:               0.0152	td_error_abs:              0.1415	test_ep_length_mean:     100.0000	test_episode_limit_mean:   1.0000
test_healthy_machine_fraction_mean:  0.4656	test_return_mean:          3.8625	test_return_median:        3.5000	test_return_std:           1.8219

[INFO 02:34:50] my_main t_env: 70100 / 2050000
[INFO 02:34:50] my_main Estimated time left: 15 hours, 36 minutes, 59 seconds. Time passed: 30 minutes, 41 seconds
[INFO 02:36:08] my_main Recent Stats | t_env:      72000 | Episode:      720
entropy_loss:              0.0035	ep_length_mean:          100.0000	episode_limit_mean:        1.0000	epsilon:                   0.0500
grad_norm:                 0.1122	healthy_machine_fraction_mean:  0.2544	loss:                      0.0631	mi_loss:                   0.0004
q_taken_mean:              0.0146	return_mean:              12.1580	return_median:            12.0000	return_std:                3.4345
target_mean:               0.0152	td_error_abs:              0.1415	test_ep_length_mean:     100.0000	test_episode_limit_mean:   1.0000
test_healthy_machine_fraction_mean:  0.3356	test_return_mean:          5.0438	test_return_median:        4.7000	test_return_std:           2.0130

[INFO 02:37:00] my_main Recent Stats | t_env:      74000 | Episode:      740
entropy_loss:              0.0028	ep_length_mean:          100.0000	episode_limit_mean:        1.0000	epsilon:                   0.0500
grad_norm:                 0.3303	healthy_machine_fraction_mean:  0.2544	loss:                      0.0825	mi_loss:                   0.0006
q_taken_mean:              0.0214	return_mean:              12.1580	return_median:            12.0000	return_std:                3.4345
target_mean:               0.0247	td_error_abs:              0.1620	test_ep_length_mean:     100.0000	test_episode_limit_mean:   1.0000
test_healthy_machine_fraction_mean:  0.3356	test_return_mean:          5.0438	test_return_median:        4.7000	test_return_std:           2.0130

[INFO 02:37:50] my_main Recent Stats | t_env:      76000 | Episode:      760
entropy_loss:              0.0028	ep_length_mean:          100.0000	episode_limit_mean:        1.0000	epsilon:                   0.0500
grad_norm:                 0.3303	healthy_machine_fraction_mean:  0.2544	loss:                      0.0825	mi_loss:                   0.0006
q_taken_mean:              0.0214	return_mean:              12.1580	return_median:            12.0000	return_std:                3.4345
target_mean:               0.0247	td_error_abs:              0.1620	test_ep_length_mean:     100.0000	test_episode_limit_mean:   1.0000
test_healthy_machine_fraction_mean:  0.3356	test_return_mean:          5.0438	test_return_median:        4.7000	test_return_std:           2.0130

[INFO 02:38:41] my_main Recent Stats | t_env:      78000 | Episode:      780
entropy_loss:              0.0028	ep_length_mean:          100.0000	episode_limit_mean:        1.0000	epsilon:                   0.0500
grad_norm:                 0.3303	healthy_machine_fraction_mean:  0.2544	loss:                      0.0825	mi_loss:                   0.0006
q_taken_mean:              0.0214	return_mean:              12.1580	return_median:            12.0000	return_std:                3.4345
target_mean:               0.0247	td_error_abs:              0.1620	test_ep_length_mean:     100.0000	test_episode_limit_mean:   1.0000
test_healthy_machine_fraction_mean:  0.3356	test_return_mean:          5.0438	test_return_median:        4.7000	test_return_std:           2.0130

[INFO 02:39:30] my_main Recent Stats | t_env:      80000 | Episode:      800
entropy_loss:              0.0028	ep_length_mean:          100.0000	episode_limit_mean:        1.0000	epsilon:                   0.0500
grad_norm:                 0.3303	healthy_machine_fraction_mean:  0.2544	loss:                      0.0825	mi_loss:                   0.0006
q_taken_mean:              0.0214	return_mean:              12.1580	return_median:            12.0000	return_std:                3.4345
target_mean:               0.0247	td_error_abs:              0.1620	test_ep_length_mean:     100.0000	test_episode_limit_mean:   1.0000
test_healthy_machine_fraction_mean:  0.3356	test_return_mean:          5.0438	test_return_median:        4.7000	test_return_std:           2.0130

[INFO 02:39:33] my_main Updated target network
[INFO 02:39:33] my_main t_env: 80100 / 2050000
[INFO 02:39:33] my_main Estimated time left: 15 hours, 26 minutes, 7 seconds. Time passed: 35 minutes, 23 seconds
[INFO 02:40:47] my_main Recent Stats | t_env:      82000 | Episode:      820
entropy_loss:              0.0028	ep_length_mean:          100.0000	episode_limit_mean:        1.0000	epsilon:                   0.0500
grad_norm:                 0.3303	healthy_machine_fraction_mean:  0.2022	loss:                      0.0825	mi_loss:                   0.0006
q_taken_mean:              0.0214	return_mean:              13.2140	return_median:            13.0000	return_std:                3.4199
target_mean:               0.0247	td_error_abs:              0.1620	test_ep_length_mean:     100.0000	test_episode_limit_mean:   1.0000
test_healthy_machine_fraction_mean:  0.2688	test_return_mean:          5.8312	test_return_median:        5.5000	test_return_std:           2.1426

[INFO 02:41:39] my_main Recent Stats | t_env:      84000 | Episode:      840
entropy_loss:              0.0023	ep_length_mean:          100.0000	episode_limit_mean:        1.0000	epsilon:                   0.0500
grad_norm:                 0.5242	healthy_machine_fraction_mean:  0.2022	loss:                      0.1035	mi_loss:                   0.0008
q_taken_mean:              0.0405	return_mean:              13.2140	return_median:            13.0000	return_std:                3.4199
target_mean:               0.0418	td_error_abs:              0.1929	test_ep_length_mean:     100.0000	test_episode_limit_mean:   1.0000
test_healthy_machine_fraction_mean:  0.2688	test_return_mean:          5.8312	test_return_median:        5.5000	test_return_std:           2.1426

[INFO 02:42:29] my_main Recent Stats | t_env:      86000 | Episode:      860
entropy_loss:              0.0023	ep_length_mean:          100.0000	episode_limit_mean:        1.0000	epsilon:                   0.0500
grad_norm:                 0.5242	healthy_machine_fraction_mean:  0.2022	loss:                      0.1035	mi_loss:                   0.0008
q_taken_mean:              0.0405	return_mean:              13.2140	return_median:            13.0000	return_std:                3.4199
target_mean:               0.0418	td_error_abs:              0.1929	test_ep_length_mean:     100.0000	test_episode_limit_mean:   1.0000
test_healthy_machine_fraction_mean:  0.2688	test_return_mean:          5.8312	test_return_median:        5.5000	test_return_std:           2.1426

[INFO 02:43:20] my_main Recent Stats | t_env:      88000 | Episode:      880
entropy_loss:              0.0023	ep_length_mean:          100.0000	episode_limit_mean:        1.0000	epsilon:                   0.0500
grad_norm:                 0.5242	healthy_machine_fraction_mean:  0.2022	loss:                      0.1035	mi_loss:                   0.0008
q_taken_mean:              0.0405	return_mean:              13.2140	return_median:            13.0000	return_std:                3.4199
target_mean:               0.0418	td_error_abs:              0.1929	test_ep_length_mean:     100.0000	test_episode_limit_mean:   1.0000
test_healthy_machine_fraction_mean:  0.2688	test_return_mean:          5.8312	test_return_median:        5.5000	test_return_std:           2.1426

[INFO 02:44:11] my_main Recent Stats | t_env:      90000 | Episode:      900
entropy_loss:              0.0023	ep_length_mean:          100.0000	episode_limit_mean:        1.0000	epsilon:                   0.0500
grad_norm:                 0.5242	healthy_machine_fraction_mean:  0.2022	loss:                      0.1035	mi_loss:                   0.0008
q_taken_mean:              0.0405	return_mean:              13.2140	return_median:            13.0000	return_std:                3.4199
target_mean:               0.0418	td_error_abs:              0.1929	test_ep_length_mean:     100.0000	test_episode_limit_mean:   1.0000
test_healthy_machine_fraction_mean:  0.2688	test_return_mean:          5.8312	test_return_median:        5.5000	test_return_std:           2.1426

[INFO 02:44:13] my_main t_env: 90100 / 2050000
[INFO 02:44:13] my_main Estimated time left: 15 hours, 15 minutes, 59 seconds. Time passed: 40 minutes, 3 seconds
[INFO 02:45:30] my_main Recent Stats | t_env:      92000 | Episode:      920
entropy_loss:              0.0023	ep_length_mean:          100.0000	episode_limit_mean:        1.0000	epsilon:                   0.0500
grad_norm:                 0.5242	healthy_machine_fraction_mean:  0.1502	loss:                      0.1035	mi_loss:                   0.0008
q_taken_mean:              0.0405	return_mean:              13.7800	return_median:            13.6000	return_std:                3.4495
target_mean:               0.0418	td_error_abs:              0.1929	test_ep_length_mean:     100.0000	test_episode_limit_mean:   1.0000
test_healthy_machine_fraction_mean:  0.1744	test_return_mean:          7.6562	test_return_median:        7.4000	test_return_std:           2.5069

[INFO 02:46:21] my_main Recent Stats | t_env:      94000 | Episode:      940
entropy_loss:              0.0019	ep_length_mean:          100.0000	episode_limit_mean:        1.0000	epsilon:                   0.0500
grad_norm:                 0.7559	healthy_machine_fraction_mean:  0.1502	loss:                      0.1233	mi_loss:                   0.0010
q_taken_mean:              0.0512	return_mean:              13.7800	return_median:            13.6000	return_std:                3.4495
target_mean:               0.0545	td_error_abs:              0.2050	test_ep_length_mean:     100.0000	test_episode_limit_mean:   1.0000
test_healthy_machine_fraction_mean:  0.1744	test_return_mean:          7.6562	test_return_median:        7.4000	test_return_std:           2.5069

[INFO 02:47:12] my_main Recent Stats | t_env:      96000 | Episode:      960
entropy_loss:              0.0019	ep_length_mean:          100.0000	episode_limit_mean:        1.0000	epsilon:                   0.0500
grad_norm:                 0.7559	healthy_machine_fraction_mean:  0.1502	loss:                      0.1233	mi_loss:                   0.0010
q_taken_mean:              0.0512	return_mean:              13.7800	return_median:            13.6000	return_std:                3.4495
target_mean:               0.0545	td_error_abs:              0.2050	test_ep_length_mean:     100.0000	test_episode_limit_mean:   1.0000
test_healthy_machine_fraction_mean:  0.1744	test_return_mean:          7.6562	test_return_median:        7.4000	test_return_std:           2.5069

[INFO 02:48:03] my_main Recent Stats | t_env:      98000 | Episode:      980
entropy_loss:              0.0019	ep_length_mean:          100.0000	episode_limit_mean:        1.0000	epsilon:                   0.0500
grad_norm:                 0.7559	healthy_machine_fraction_mean:  0.1502	loss:                      0.1233	mi_loss:                   0.0010
q_taken_mean:              0.0512	return_mean:              13.7800	return_median:            13.6000	return_std:                3.4495
target_mean:               0.0545	td_error_abs:              0.2050	test_ep_length_mean:     100.0000	test_episode_limit_mean:   1.0000
test_healthy_machine_fraction_mean:  0.1744	test_return_mean:          7.6562	test_return_median:        7.4000	test_return_std:           2.5069

[INFO 02:48:53] my_main Recent Stats | t_env:     100000 | Episode:     1000
entropy_loss:              0.0019	ep_length_mean:          100.0000	episode_limit_mean:        1.0000	epsilon:                   0.0500
grad_norm:                 0.7559	healthy_machine_fraction_mean:  0.1502	loss:                      0.1233	mi_loss:                   0.0010
q_taken_mean:              0.0512	return_mean:              13.7800	return_median:            13.6000	return_std:                3.4495
target_mean:               0.0545	td_error_abs:              0.2050	test_ep_length_mean:     100.0000	test_episode_limit_mean:   1.0000
test_healthy_machine_fraction_mean:  0.1744	test_return_mean:          7.6562	test_return_median:        7.4000	test_return_std:           2.5069

[INFO 02:48:56] my_main Updated target network
[INFO 02:48:56] my_main t_env: 100100 / 2050000
[INFO 02:48:56] my_main Estimated time left: 15 hours, 18 minutes, 55 seconds. Time passed: 44 minutes, 46 seconds
[INFO 02:50:13] my_main Recent Stats | t_env:     102000 | Episode:     1020
entropy_loss:              0.0019	ep_length_mean:          100.0000	episode_limit_mean:        1.0000	epsilon:                   0.0500
grad_norm:                 0.7559	healthy_machine_fraction_mean:  0.1126	loss:                      0.1233	mi_loss:                   0.0010
q_taken_mean:              0.0512	return_mean:              14.4160	return_median:            14.3000	return_std:                3.4515
target_mean:               0.0545	td_error_abs:              0.2050	test_ep_length_mean:     100.0000	test_episode_limit_mean:   1.0000
test_healthy_machine_fraction_mean:  0.1325	test_return_mean:          9.0875	test_return_median:        8.8000	test_return_std:           2.8914

[INFO 02:51:04] my_main Recent Stats | t_env:     104000 | Episode:     1040
entropy_loss:              0.0017	ep_length_mean:          100.0000	episode_limit_mean:        1.0000	epsilon:                   0.0500
grad_norm:                 1.0539	healthy_machine_fraction_mean:  0.1126	loss:                      0.1391	mi_loss:                   0.0011
q_taken_mean:              0.0665	return_mean:              14.4160	return_median:            14.3000	return_std:                3.4515
target_mean:               0.0718	td_error_abs:              0.2212	test_ep_length_mean:     100.0000	test_episode_limit_mean:   1.0000
test_healthy_machine_fraction_mean:  0.1325	test_return_mean:          9.0875	test_return_median:        8.8000	test_return_std:           2.8914

[INFO 02:51:54] my_main Recent Stats | t_env:     106000 | Episode:     1060
entropy_loss:              0.0017	ep_length_mean:          100.0000	episode_limit_mean:        1.0000	epsilon:                   0.0500
grad_norm:                 1.0539	healthy_machine_fraction_mean:  0.1126	loss:                      0.1391	mi_loss:                   0.0011
q_taken_mean:              0.0665	return_mean:              14.4160	return_median:            14.3000	return_std:                3.4515
target_mean:               0.0718	td_error_abs:              0.2212	test_ep_length_mean:     100.0000	test_episode_limit_mean:   1.0000
test_healthy_machine_fraction_mean:  0.1325	test_return_mean:          9.0875	test_return_median:        8.8000	test_return_std:           2.8914

[INFO 02:52:46] my_main Recent Stats | t_env:     108000 | Episode:     1080
entropy_loss:              0.0017	ep_length_mean:          100.0000	episode_limit_mean:        1.0000	epsilon:                   0.0500
grad_norm:                 1.0539	healthy_machine_fraction_mean:  0.1126	loss:                      0.1391	mi_loss:                   0.0011
q_taken_mean:              0.0665	return_mean:              14.4160	return_median:            14.3000	return_std:                3.4515
target_mean:               0.0718	td_error_abs:              0.2212	test_ep_length_mean:     100.0000	test_episode_limit_mean:   1.0000
test_healthy_machine_fraction_mean:  0.1325	test_return_mean:          9.0875	test_return_median:        8.8000	test_return_std:           2.8914

[INFO 02:53:37] my_main Recent Stats | t_env:     110000 | Episode:     1100
entropy_loss:              0.0017	ep_length_mean:          100.0000	episode_limit_mean:        1.0000	epsilon:                   0.0500
grad_norm:                 1.0539	healthy_machine_fraction_mean:  0.1126	loss:                      0.1391	mi_loss:                   0.0011
q_taken_mean:              0.0665	return_mean:              14.4160	return_median:            14.3000	return_std:                3.4515
target_mean:               0.0718	td_error_abs:              0.2212	test_ep_length_mean:     100.0000	test_episode_limit_mean:   1.0000
test_healthy_machine_fraction_mean:  0.1325	test_return_mean:          9.0875	test_return_median:        8.8000	test_return_std:           2.8914

[INFO 02:53:40] my_main t_env: 110100 / 2050000
[INFO 02:53:40] my_main Estimated time left: 15 hours, 17 minutes, 50 seconds. Time passed: 49 minutes, 30 seconds
[INFO 02:54:57] my_main Recent Stats | t_env:     112000 | Episode:     1120
entropy_loss:              0.0017	ep_length_mean:          100.0000	episode_limit_mean:        1.0000	epsilon:                   0.0500
grad_norm:                 1.0539	healthy_machine_fraction_mean:  0.0690	loss:                      0.1391	mi_loss:                   0.0011
q_taken_mean:              0.0665	return_mean:              16.8560	return_median:            16.9000	return_std:                3.6749
target_mean:               0.0718	td_error_abs:              0.2212	test_ep_length_mean:     100.0000	test_episode_limit_mean:   1.0000
test_healthy_machine_fraction_mean:  0.0819	test_return_mean:         11.6687	test_return_median:       11.4000	test_return_std:           3.5566

[INFO 02:55:48] my_main Recent Stats | t_env:     114000 | Episode:     1140
entropy_loss:              0.0015	ep_length_mean:          100.0000	episode_limit_mean:        1.0000	epsilon:                   0.0500
grad_norm:                 1.2641	healthy_machine_fraction_mean:  0.0690	loss:                      0.1418	mi_loss:                   0.0013
q_taken_mean:              0.0806	return_mean:              16.8560	return_median:            16.9000	return_std:                3.6749
target_mean:               0.0843	td_error_abs:              0.2313	test_ep_length_mean:     100.0000	test_episode_limit_mean:   1.0000
test_healthy_machine_fraction_mean:  0.0819	test_return_mean:         11.6687	test_return_median:       11.4000	test_return_std:           3.5566

[INFO 02:56:39] my_main Recent Stats | t_env:     116000 | Episode:     1160
entropy_loss:              0.0015	ep_length_mean:          100.0000	episode_limit_mean:        1.0000	epsilon:                   0.0500
grad_norm:                 1.2641	healthy_machine_fraction_mean:  0.0690	loss:                      0.1418	mi_loss:                   0.0013
q_taken_mean:              0.0806	return_mean:              16.8560	return_median:            16.9000	return_std:                3.6749
target_mean:               0.0843	td_error_abs:              0.2313	test_ep_length_mean:     100.0000	test_episode_limit_mean:   1.0000
test_healthy_machine_fraction_mean:  0.0819	test_return_mean:         11.6687	test_return_median:       11.4000	test_return_std:           3.5566

[INFO 02:57:30] my_main Recent Stats | t_env:     118000 | Episode:     1180
entropy_loss:              0.0015	ep_length_mean:          100.0000	episode_limit_mean:        1.0000	epsilon:                   0.0500
grad_norm:                 1.2641	healthy_machine_fraction_mean:  0.0690	loss:                      0.1418	mi_loss:                   0.0013
q_taken_mean:              0.0806	return_mean:              16.8560	return_median:            16.9000	return_std:                3.6749
target_mean:               0.0843	td_error_abs:              0.2313	test_ep_length_mean:     100.0000	test_episode_limit_mean:   1.0000
test_healthy_machine_fraction_mean:  0.0819	test_return_mean:         11.6687	test_return_median:       11.4000	test_return_std:           3.5566

[INFO 02:58:21] my_main Recent Stats | t_env:     120000 | Episode:     1200
entropy_loss:              0.0015	ep_length_mean:          100.0000	episode_limit_mean:        1.0000	epsilon:                   0.0500
grad_norm:                 1.2641	healthy_machine_fraction_mean:  0.0690	loss:                      0.1418	mi_loss:                   0.0013
q_taken_mean:              0.0806	return_mean:              16.8560	return_median:            16.9000	return_std:                3.6749
target_mean:               0.0843	td_error_abs:              0.2313	test_ep_length_mean:     100.0000	test_episode_limit_mean:   1.0000
test_healthy_machine_fraction_mean:  0.0819	test_return_mean:         11.6687	test_return_median:       11.4000	test_return_std:           3.5566

[INFO 02:58:24] my_main Updated target network
[INFO 02:58:24] my_main t_env: 120100 / 2050000
[INFO 02:58:24] my_main Estimated time left: 15 hours, 13 minutes, 22 seconds. Time passed: 54 minutes, 14 seconds
[INFO 02:59:41] my_main Recent Stats | t_env:     122000 | Episode:     1220
entropy_loss:              0.0015	ep_length_mean:          100.0000	episode_limit_mean:        1.0000	epsilon:                   0.0500
grad_norm:                 1.2641	healthy_machine_fraction_mean:  0.0686	loss:                      0.1418	mi_loss:                   0.0013
q_taken_mean:              0.0806	return_mean:              19.4360	return_median:            19.5000	return_std:                4.0721
target_mean:               0.0843	td_error_abs:              0.2313	test_ep_length_mean:     100.0000	test_episode_limit_mean:   1.0000
test_healthy_machine_fraction_mean:  0.0663	test_return_mean:         14.4875	test_return_median:       14.5000	test_return_std:           4.3732

[INFO 03:00:32] my_main Recent Stats | t_env:     124000 | Episode:     1240
entropy_loss:              0.0014	ep_length_mean:          100.0000	episode_limit_mean:        1.0000	epsilon:                   0.0500
grad_norm:                 1.2588	healthy_machine_fraction_mean:  0.0686	loss:                      0.1464	mi_loss:                   0.0014
q_taken_mean:              0.1043	return_mean:              19.4360	return_median:            19.5000	return_std:                4.0721
target_mean:               0.1041	td_error_abs:              0.2486	test_ep_length_mean:     100.0000	test_episode_limit_mean:   1.0000
test_healthy_machine_fraction_mean:  0.0663	test_return_mean:         14.4875	test_return_median:       14.5000	test_return_std:           4.3732

[INFO 03:01:23] my_main Recent Stats | t_env:     126000 | Episode:     1260
entropy_loss:              0.0014	ep_length_mean:          100.0000	episode_limit_mean:        1.0000	epsilon:                   0.0500
grad_norm:                 1.2588	healthy_machine_fraction_mean:  0.0686	loss:                      0.1464	mi_loss:                   0.0014
q_taken_mean:              0.1043	return_mean:              19.4360	return_median:            19.5000	return_std:                4.0721
target_mean:               0.1041	td_error_abs:              0.2486	test_ep_length_mean:     100.0000	test_episode_limit_mean:   1.0000
test_healthy_machine_fraction_mean:  0.0663	test_return_mean:         14.4875	test_return_median:       14.5000	test_return_std:           4.3732

[INFO 03:02:15] my_main Recent Stats | t_env:     128000 | Episode:     1280
entropy_loss:              0.0014	ep_length_mean:          100.0000	episode_limit_mean:        1.0000	epsilon:                   0.0500
grad_norm:                 1.2588	healthy_machine_fraction_mean:  0.0686	loss:                      0.1464	mi_loss:                   0.0014
q_taken_mean:              0.1043	return_mean:              19.4360	return_median:            19.5000	return_std:                4.0721
target_mean:               0.1041	td_error_abs:              0.2486	test_ep_length_mean:     100.0000	test_episode_limit_mean:   1.0000
test_healthy_machine_fraction_mean:  0.0663	test_return_mean:         14.4875	test_return_median:       14.5000	test_return_std:           4.3732

[INFO 03:03:06] my_main Recent Stats | t_env:     130000 | Episode:     1300
entropy_loss:              0.0014	ep_length_mean:          100.0000	episode_limit_mean:        1.0000	epsilon:                   0.0500
grad_norm:                 1.2588	healthy_machine_fraction_mean:  0.0686	loss:                      0.1464	mi_loss:                   0.0014
q_taken_mean:              0.1043	return_mean:              19.4360	return_median:            19.5000	return_std:                4.0721
target_mean:               0.1041	td_error_abs:              0.2486	test_ep_length_mean:     100.0000	test_episode_limit_mean:   1.0000
test_healthy_machine_fraction_mean:  0.0663	test_return_mean:         14.4875	test_return_median:       14.5000	test_return_std:           4.3732

[INFO 03:03:09] my_main t_env: 130100 / 2050000
[INFO 03:03:09] my_main Estimated time left: 15 hours, 11 minutes, 45 seconds. Time passed: 58 minutes, 59 seconds
[INFO 03:04:27] my_main Recent Stats | t_env:     132000 | Episode:     1320
entropy_loss:              0.0014	ep_length_mean:          100.0000	episode_limit_mean:        1.0000	epsilon:                   0.0500
grad_norm:                 1.2588	healthy_machine_fraction_mean:  0.0558	loss:                      0.1464	mi_loss:                   0.0014
q_taken_mean:              0.1043	return_mean:              22.4220	return_median:            22.5000	return_std:                4.6553
target_mean:               0.1041	td_error_abs:              0.2486	test_ep_length_mean:     100.0000	test_episode_limit_mean:   1.0000
test_healthy_machine_fraction_mean:  0.0531	test_return_mean:         18.5750	test_return_median:       18.4000	test_return_std:           5.2930

[INFO 03:05:18] my_main Recent Stats | t_env:     134000 | Episode:     1340
entropy_loss:              0.0013	ep_length_mean:          100.0000	episode_limit_mean:        1.0000	epsilon:                   0.0500
grad_norm:                 1.6686	healthy_machine_fraction_mean:  0.0558	loss:                      0.1589	mi_loss:                   0.0015
q_taken_mean:              0.1211	return_mean:              22.4220	return_median:            22.5000	return_std:                4.6553
target_mean:               0.1193	td_error_abs:              0.2632	test_ep_length_mean:     100.0000	test_episode_limit_mean:   1.0000
test_healthy_machine_fraction_mean:  0.0531	test_return_mean:         18.5750	test_return_median:       18.4000	test_return_std:           5.2930

[INFO 03:06:09] my_main Recent Stats | t_env:     136000 | Episode:     1360
entropy_loss:              0.0013	ep_length_mean:          100.0000	episode_limit_mean:        1.0000	epsilon:                   0.0500
grad_norm:                 1.6686	healthy_machine_fraction_mean:  0.0558	loss:                      0.1589	mi_loss:                   0.0015
q_taken_mean:              0.1211	return_mean:              22.4220	return_median:            22.5000	return_std:                4.6553
target_mean:               0.1193	td_error_abs:              0.2632	test_ep_length_mean:     100.0000	test_episode_limit_mean:   1.0000
test_healthy_machine_fraction_mean:  0.0531	test_return_mean:         18.5750	test_return_median:       18.4000	test_return_std:           5.2930

[INFO 03:07:00] my_main Recent Stats | t_env:     138000 | Episode:     1380
entropy_loss:              0.0013	ep_length_mean:          100.0000	episode_limit_mean:        1.0000	epsilon:                   0.0500
grad_norm:                 1.6686	healthy_machine_fraction_mean:  0.0558	loss:                      0.1589	mi_loss:                   0.0015
q_taken_mean:              0.1211	return_mean:              22.4220	return_median:            22.5000	return_std:                4.6553
target_mean:               0.1193	td_error_abs:              0.2632	test_ep_length_mean:     100.0000	test_episode_limit_mean:   1.0000
test_healthy_machine_fraction_mean:  0.0531	test_return_mean:         18.5750	test_return_median:       18.4000	test_return_std:           5.2930

[INFO 03:07:51] my_main Recent Stats | t_env:     140000 | Episode:     1400
entropy_loss:              0.0013	ep_length_mean:          100.0000	episode_limit_mean:        1.0000	epsilon:                   0.0500
grad_norm:                 1.6686	healthy_machine_fraction_mean:  0.0558	loss:                      0.1589	mi_loss:                   0.0015
q_taken_mean:              0.1211	return_mean:              22.4220	return_median:            22.5000	return_std:                4.6553
target_mean:               0.1193	td_error_abs:              0.2632	test_ep_length_mean:     100.0000	test_episode_limit_mean:   1.0000
test_healthy_machine_fraction_mean:  0.0531	test_return_mean:         18.5750	test_return_median:       18.4000	test_return_std:           5.2930

[INFO 03:07:54] my_main Updated target network
[INFO 03:07:54] my_main t_env: 140100 / 2050000
[INFO 03:07:54] my_main Estimated time left: 15 hours, 7 minutes, 14 seconds. Time passed: 1 hours, 3 minutes, 44 seconds
[INFO 03:09:12] my_main Recent Stats | t_env:     142000 | Episode:     1420
entropy_loss:              0.0013	ep_length_mean:          100.0000	episode_limit_mean:        1.0000	epsilon:                   0.0500
grad_norm:                 1.6686	healthy_machine_fraction_mean:  0.0620	loss:                      0.1589	mi_loss:                   0.0015
q_taken_mean:              0.1211	return_mean:              25.6080	return_median:            25.9000	return_std:                5.0992
target_mean:               0.1193	td_error_abs:              0.2632	test_ep_length_mean:     100.0000	test_episode_limit_mean:   1.0000
test_healthy_machine_fraction_mean:  0.0444	test_return_mean:         22.6000	test_return_median:       22.5000	test_return_std:           6.1071

[INFO 03:10:03] my_main Recent Stats | t_env:     144000 | Episode:     1440
entropy_loss:              0.0013	ep_length_mean:          100.0000	episode_limit_mean:        1.0000	epsilon:                   0.0500
grad_norm:                 2.1301	healthy_machine_fraction_mean:  0.0620	loss:                      0.1758	mi_loss:                   0.0016
q_taken_mean:              0.1411	return_mean:              25.6080	return_median:            25.9000	return_std:                5.0992
target_mean:               0.1415	td_error_abs:              0.2823	test_ep_length_mean:     100.0000	test_episode_limit_mean:   1.0000
test_healthy_machine_fraction_mean:  0.0444	test_return_mean:         22.6000	test_return_median:       22.5000	test_return_std:           6.1071

[INFO 03:10:54] my_main Recent Stats | t_env:     146000 | Episode:     1460
entropy_loss:              0.0013	ep_length_mean:          100.0000	episode_limit_mean:        1.0000	epsilon:                   0.0500
grad_norm:                 2.1301	healthy_machine_fraction_mean:  0.0620	loss:                      0.1758	mi_loss:                   0.0016
q_taken_mean:              0.1411	return_mean:              25.6080	return_median:            25.9000	return_std:                5.0992
target_mean:               0.1415	td_error_abs:              0.2823	test_ep_length_mean:     100.0000	test_episode_limit_mean:   1.0000
test_healthy_machine_fraction_mean:  0.0444	test_return_mean:         22.6000	test_return_median:       22.5000	test_return_std:           6.1071

[INFO 03:11:46] my_main Recent Stats | t_env:     148000 | Episode:     1480
entropy_loss:              0.0013	ep_length_mean:          100.0000	episode_limit_mean:        1.0000	epsilon:                   0.0500
grad_norm:                 2.1301	healthy_machine_fraction_mean:  0.0620	loss:                      0.1758	mi_loss:                   0.0016
q_taken_mean:              0.1411	return_mean:              25.6080	return_median:            25.9000	return_std:                5.0992
target_mean:               0.1415	td_error_abs:              0.2823	test_ep_length_mean:     100.0000	test_episode_limit_mean:   1.0000
test_healthy_machine_fraction_mean:  0.0444	test_return_mean:         22.6000	test_return_median:       22.5000	test_return_std:           6.1071

[INFO 03:12:36] my_main Recent Stats | t_env:     150000 | Episode:     1500
entropy_loss:              0.0013	ep_length_mean:          100.0000	episode_limit_mean:        1.0000	epsilon:                   0.0500
grad_norm:                 2.1301	healthy_machine_fraction_mean:  0.0620	loss:                      0.1758	mi_loss:                   0.0016
q_taken_mean:              0.1411	return_mean:              25.6080	return_median:            25.9000	return_std:                5.0992
target_mean:               0.1415	td_error_abs:              0.2823	test_ep_length_mean:     100.0000	test_episode_limit_mean:   1.0000
test_healthy_machine_fraction_mean:  0.0444	test_return_mean:         22.6000	test_return_median:       22.5000	test_return_std:           6.1071

[INFO 03:12:39] my_main t_env: 150100 / 2050000
[INFO 03:12:39] my_main Estimated time left: 15 hours, 2 minutes, 40 seconds. Time passed: 1 hours, 8 minutes, 29 seconds
[INFO 03:13:57] my_main Recent Stats | t_env:     152000 | Episode:     1520
entropy_loss:              0.0013	ep_length_mean:          100.0000	episode_limit_mean:        1.0000	epsilon:                   0.0500
grad_norm:                 2.1301	healthy_machine_fraction_mean:  0.0732	loss:                      0.1758	mi_loss:                   0.0016
q_taken_mean:              0.1411	return_mean:              29.0660	return_median:            29.6000	return_std:                5.6358
target_mean:               0.1415	td_error_abs:              0.2823	test_ep_length_mean:     100.0000	test_episode_limit_mean:   1.0000
test_healthy_machine_fraction_mean:  0.0394	test_return_mean:         26.8188	test_return_median:       26.9000	test_return_std:           6.9482

[INFO 03:14:48] my_main Recent Stats | t_env:     154000 | Episode:     1540
entropy_loss:              0.0012	ep_length_mean:          100.0000	episode_limit_mean:        1.0000	epsilon:                   0.0500
grad_norm:                 2.3926	healthy_machine_fraction_mean:  0.0732	loss:                      0.1869	mi_loss:                   0.0017
q_taken_mean:              0.1634	return_mean:              29.0660	return_median:            29.6000	return_std:                5.6358
target_mean:               0.1581	td_error_abs:              0.3059	test_ep_length_mean:     100.0000	test_episode_limit_mean:   1.0000
test_healthy_machine_fraction_mean:  0.0394	test_return_mean:         26.8188	test_return_median:       26.9000	test_return_std:           6.9482

[INFO 03:15:39] my_main Recent Stats | t_env:     156000 | Episode:     1560
entropy_loss:              0.0012	ep_length_mean:          100.0000	episode_limit_mean:        1.0000	epsilon:                   0.0500
grad_norm:                 2.3926	healthy_machine_fraction_mean:  0.0732	loss:                      0.1869	mi_loss:                   0.0017
q_taken_mean:              0.1634	return_mean:              29.0660	return_median:            29.6000	return_std:                5.6358
target_mean:               0.1581	td_error_abs:              0.3059	test_ep_length_mean:     100.0000	test_episode_limit_mean:   1.0000
test_healthy_machine_fraction_mean:  0.0394	test_return_mean:         26.8188	test_return_median:       26.9000	test_return_std:           6.9482

[INFO 03:16:27] my_main Recent Stats | t_env:     158000 | Episode:     1580
entropy_loss:              0.0012	ep_length_mean:          100.0000	episode_limit_mean:        1.0000	epsilon:                   0.0500
grad_norm:                 2.3926	healthy_machine_fraction_mean:  0.0732	loss:                      0.1869	mi_loss:                   0.0017
q_taken_mean:              0.1634	return_mean:              29.0660	return_median:            29.6000	return_std:                5.6358
target_mean:               0.1581	td_error_abs:              0.3059	test_ep_length_mean:     100.0000	test_episode_limit_mean:   1.0000
test_healthy_machine_fraction_mean:  0.0394	test_return_mean:         26.8188	test_return_median:       26.9000	test_return_std:           6.9482

[INFO 03:17:17] my_main Recent Stats | t_env:     160000 | Episode:     1600
entropy_loss:              0.0012	ep_length_mean:          100.0000	episode_limit_mean:        1.0000	epsilon:                   0.0500
grad_norm:                 2.3926	healthy_machine_fraction_mean:  0.0732	loss:                      0.1869	mi_loss:                   0.0017
q_taken_mean:              0.1634	return_mean:              29.0660	return_median:            29.6000	return_std:                5.6358
target_mean:               0.1581	td_error_abs:              0.3059	test_ep_length_mean:     100.0000	test_episode_limit_mean:   1.0000
test_healthy_machine_fraction_mean:  0.0394	test_return_mean:         26.8188	test_return_median:       26.9000	test_return_std:           6.9482

[INFO 03:17:19] my_main Updated target network
[INFO 03:17:19] my_main t_env: 160100 / 2050000
[INFO 03:17:19] my_main Estimated time left: 14 hours, 43 minutes, 32 seconds. Time passed: 1 hours, 13 minutes, 9 seconds
[INFO 03:18:37] my_main Recent Stats | t_env:     162000 | Episode:     1620
entropy_loss:              0.0012	ep_length_mean:          100.0000	episode_limit_mean:        1.0000	epsilon:                   0.0500
grad_norm:                 2.3926	healthy_machine_fraction_mean:  0.0860	loss:                      0.1869	mi_loss:                   0.0017
q_taken_mean:              0.1634	return_mean:              31.7580	return_median:            32.1000	return_std:                5.9548
target_mean:               0.1581	td_error_abs:              0.3059	test_ep_length_mean:     100.0000	test_episode_limit_mean:   1.0000
test_healthy_machine_fraction_mean:  0.0381	test_return_mean:         28.5688	test_return_median:       28.9000	test_return_std:           7.4743

[INFO 03:19:28] my_main Recent Stats | t_env:     164000 | Episode:     1640
entropy_loss:              0.0012	ep_length_mean:          100.0000	episode_limit_mean:        1.0000	epsilon:                   0.0500
grad_norm:                 2.2573	healthy_machine_fraction_mean:  0.0860	loss:                      0.2053	mi_loss:                   0.0019
q_taken_mean:              0.1901	return_mean:              31.7580	return_median:            32.1000	return_std:                5.9548
target_mean:               0.1867	td_error_abs:              0.3204	test_ep_length_mean:     100.0000	test_episode_limit_mean:   1.0000
test_healthy_machine_fraction_mean:  0.0381	test_return_mean:         28.5688	test_return_median:       28.9000	test_return_std:           7.4743

[INFO 03:20:18] my_main Recent Stats | t_env:     166000 | Episode:     1660
entropy_loss:              0.0012	ep_length_mean:          100.0000	episode_limit_mean:        1.0000	epsilon:                   0.0500
grad_norm:                 2.2573	healthy_machine_fraction_mean:  0.0860	loss:                      0.2053	mi_loss:                   0.0019
q_taken_mean:              0.1901	return_mean:              31.7580	return_median:            32.1000	return_std:                5.9548
target_mean:               0.1867	td_error_abs:              0.3204	test_ep_length_mean:     100.0000	test_episode_limit_mean:   1.0000
test_healthy_machine_fraction_mean:  0.0381	test_return_mean:         28.5688	test_return_median:       28.9000	test_return_std:           7.4743

[INFO 03:21:09] my_main Recent Stats | t_env:     168000 | Episode:     1680
entropy_loss:              0.0012	ep_length_mean:          100.0000	episode_limit_mean:        1.0000	epsilon:                   0.0500
grad_norm:                 2.2573	healthy_machine_fraction_mean:  0.0860	loss:                      0.2053	mi_loss:                   0.0019
q_taken_mean:              0.1901	return_mean:              31.7580	return_median:            32.1000	return_std:                5.9548
target_mean:               0.1867	td_error_abs:              0.3204	test_ep_length_mean:     100.0000	test_episode_limit_mean:   1.0000
test_healthy_machine_fraction_mean:  0.0381	test_return_mean:         28.5688	test_return_median:       28.9000	test_return_std:           7.4743

[INFO 03:22:00] my_main Recent Stats | t_env:     170000 | Episode:     1700
entropy_loss:              0.0012	ep_length_mean:          100.0000	episode_limit_mean:        1.0000	epsilon:                   0.0500
grad_norm:                 2.2573	healthy_machine_fraction_mean:  0.0860	loss:                      0.2053	mi_loss:                   0.0019
q_taken_mean:              0.1901	return_mean:              31.7580	return_median:            32.1000	return_std:                5.9548
target_mean:               0.1867	td_error_abs:              0.3204	test_ep_length_mean:     100.0000	test_episode_limit_mean:   1.0000
test_healthy_machine_fraction_mean:  0.0381	test_return_mean:         28.5688	test_return_median:       28.9000	test_return_std:           7.4743

[INFO 03:22:02] my_main t_env: 170100 / 2050000
[INFO 03:22:02] my_main Estimated time left: 14 hours, 47 minutes, 35 seconds. Time passed: 1 hours, 17 minutes, 53 seconds
[INFO 03:23:20] my_main Recent Stats | t_env:     172000 | Episode:     1720
entropy_loss:              0.0012	ep_length_mean:          100.0000	episode_limit_mean:        1.0000	epsilon:                   0.0500
grad_norm:                 2.2573	healthy_machine_fraction_mean:  0.0904	loss:                      0.2053	mi_loss:                   0.0019
q_taken_mean:              0.1901	return_mean:              34.2160	return_median:            34.5000	return_std:                6.2766
target_mean:               0.1867	td_error_abs:              0.3204	test_ep_length_mean:     100.0000	test_episode_limit_mean:   1.0000
test_healthy_machine_fraction_mean:  0.0319	test_return_mean:         31.2063	test_return_median:       31.2000	test_return_std:           8.3840

[INFO 03:24:12] my_main Recent Stats | t_env:     174000 | Episode:     1740
entropy_loss:              0.0012	ep_length_mean:          100.0000	episode_limit_mean:        1.0000	epsilon:                   0.0500
grad_norm:                 2.3970	healthy_machine_fraction_mean:  0.0904	loss:                      0.2204	mi_loss:                   0.0020
q_taken_mean:              0.2117	return_mean:              34.2160	return_median:            34.5000	return_std:                6.2766
target_mean:               0.2116	td_error_abs:              0.3317	test_ep_length_mean:     100.0000	test_episode_limit_mean:   1.0000
test_healthy_machine_fraction_mean:  0.0319	test_return_mean:         31.2063	test_return_median:       31.2000	test_return_std:           8.3840

[INFO 03:25:02] my_main Recent Stats | t_env:     176000 | Episode:     1760
entropy_loss:              0.0012	ep_length_mean:          100.0000	episode_limit_mean:        1.0000	epsilon:                   0.0500
grad_norm:                 2.3970	healthy_machine_fraction_mean:  0.0904	loss:                      0.2204	mi_loss:                   0.0020
q_taken_mean:              0.2117	return_mean:              34.2160	return_median:            34.5000	return_std:                6.2766
target_mean:               0.2116	td_error_abs:              0.3317	test_ep_length_mean:     100.0000	test_episode_limit_mean:   1.0000
test_healthy_machine_fraction_mean:  0.0319	test_return_mean:         31.2063	test_return_median:       31.2000	test_return_std:           8.3840

[INFO 03:25:53] my_main Recent Stats | t_env:     178000 | Episode:     1780
entropy_loss:              0.0012	ep_length_mean:          100.0000	episode_limit_mean:        1.0000	epsilon:                   0.0500
grad_norm:                 2.3970	healthy_machine_fraction_mean:  0.0904	loss:                      0.2204	mi_loss:                   0.0020
q_taken_mean:              0.2117	return_mean:              34.2160	return_median:            34.5000	return_std:                6.2766
target_mean:               0.2116	td_error_abs:              0.3317	test_ep_length_mean:     100.0000	test_episode_limit_mean:   1.0000
test_healthy_machine_fraction_mean:  0.0319	test_return_mean:         31.2063	test_return_median:       31.2000	test_return_std:           8.3840

[INFO 03:26:45] my_main Recent Stats | t_env:     180000 | Episode:     1800
entropy_loss:              0.0012	ep_length_mean:          100.0000	episode_limit_mean:        1.0000	epsilon:                   0.0500
grad_norm:                 2.3970	healthy_machine_fraction_mean:  0.0904	loss:                      0.2204	mi_loss:                   0.0020
q_taken_mean:              0.2117	return_mean:              34.2160	return_median:            34.5000	return_std:                6.2766
target_mean:               0.2116	td_error_abs:              0.3317	test_ep_length_mean:     100.0000	test_episode_limit_mean:   1.0000
test_healthy_machine_fraction_mean:  0.0319	test_return_mean:         31.2063	test_return_median:       31.2000	test_return_std:           8.3840

[INFO 03:26:47] my_main Updated target network
[INFO 03:26:47] my_main t_env: 180100 / 2050000
[INFO 03:26:47] my_main Estimated time left: 14 hours, 48 minutes, 13 seconds. Time passed: 1 hours, 22 minutes, 38 seconds
[INFO 03:28:06] my_main Recent Stats | t_env:     182000 | Episode:     1820
entropy_loss:              0.0012	ep_length_mean:          100.0000	episode_limit_mean:        1.0000	epsilon:                   0.0500
grad_norm:                 2.3970	healthy_machine_fraction_mean:  0.1024	loss:                      0.2204	mi_loss:                   0.0020
q_taken_mean:              0.2117	return_mean:              36.0840	return_median:            36.4000	return_std:                6.4925
target_mean:               0.2116	td_error_abs:              0.3317	test_ep_length_mean:     100.0000	test_episode_limit_mean:   1.0000
test_healthy_machine_fraction_mean:  0.0331	test_return_mean:         32.5688	test_return_median:       33.4000	test_return_std:           9.3818

[INFO 03:28:57] my_main Recent Stats | t_env:     184000 | Episode:     1840
entropy_loss:              0.0012	ep_length_mean:          100.0000	episode_limit_mean:        1.0000	epsilon:                   0.0500
grad_norm:                 2.2888	healthy_machine_fraction_mean:  0.1024	loss:                      0.2187	mi_loss:                   0.0021
q_taken_mean:              0.2328	return_mean:              36.0840	return_median:            36.4000	return_std:                6.4925
target_mean:               0.2385	td_error_abs:              0.3251	test_ep_length_mean:     100.0000	test_episode_limit_mean:   1.0000
test_healthy_machine_fraction_mean:  0.0331	test_return_mean:         32.5688	test_return_median:       33.4000	test_return_std:           9.3818

[INFO 03:29:48] my_main Recent Stats | t_env:     186000 | Episode:     1860
entropy_loss:              0.0012	ep_length_mean:          100.0000	episode_limit_mean:        1.0000	epsilon:                   0.0500
grad_norm:                 2.2888	healthy_machine_fraction_mean:  0.1024	loss:                      0.2187	mi_loss:                   0.0021
q_taken_mean:              0.2328	return_mean:              36.0840	return_median:            36.4000	return_std:                6.4925
target_mean:               0.2385	td_error_abs:              0.3251	test_ep_length_mean:     100.0000	test_episode_limit_mean:   1.0000
test_healthy_machine_fraction_mean:  0.0331	test_return_mean:         32.5688	test_return_median:       33.4000	test_return_std:           9.3818

[INFO 03:30:39] my_main Recent Stats | t_env:     188000 | Episode:     1880
entropy_loss:              0.0012	ep_length_mean:          100.0000	episode_limit_mean:        1.0000	epsilon:                   0.0500
grad_norm:                 2.2888	healthy_machine_fraction_mean:  0.1024	loss:                      0.2187	mi_loss:                   0.0021
q_taken_mean:              0.2328	return_mean:              36.0840	return_median:            36.4000	return_std:                6.4925
target_mean:               0.2385	td_error_abs:              0.3251	test_ep_length_mean:     100.0000	test_episode_limit_mean:   1.0000
test_healthy_machine_fraction_mean:  0.0331	test_return_mean:         32.5688	test_return_median:       33.4000	test_return_std:           9.3818

[INFO 03:31:30] my_main Recent Stats | t_env:     190000 | Episode:     1900
entropy_loss:              0.0012	ep_length_mean:          100.0000	episode_limit_mean:        1.0000	epsilon:                   0.0500
grad_norm:                 2.2888	healthy_machine_fraction_mean:  0.1024	loss:                      0.2187	mi_loss:                   0.0021
q_taken_mean:              0.2328	return_mean:              36.0840	return_median:            36.4000	return_std:                6.4925
target_mean:               0.2385	td_error_abs:              0.3251	test_ep_length_mean:     100.0000	test_episode_limit_mean:   1.0000
test_healthy_machine_fraction_mean:  0.0331	test_return_mean:         32.5688	test_return_median:       33.4000	test_return_std:           9.3818

[INFO 03:31:33] my_main t_env: 190100 / 2050000
[INFO 03:31:33] my_main Estimated time left: 14 hours, 44 minutes, 22 seconds. Time passed: 1 hours, 27 minutes, 23 seconds
[INFO 03:32:51] my_main Recent Stats | t_env:     192000 | Episode:     1920
entropy_loss:              0.0012	ep_length_mean:          100.0000	episode_limit_mean:        1.0000	epsilon:                   0.0500
grad_norm:                 2.2888	healthy_machine_fraction_mean:  0.1090	loss:                      0.2187	mi_loss:                   0.0021
q_taken_mean:              0.2328	return_mean:              38.1640	return_median:            38.4000	return_std:                6.6878
target_mean:               0.2385	td_error_abs:              0.3251	test_ep_length_mean:     100.0000	test_episode_limit_mean:   1.0000
test_healthy_machine_fraction_mean:  0.0325	test_return_mean:         34.4375	test_return_median:       35.4000	test_return_std:          10.0817

[INFO 03:33:42] my_main Recent Stats | t_env:     194000 | Episode:     1940
entropy_loss:              0.0012	ep_length_mean:          100.0000	episode_limit_mean:        1.0000	epsilon:                   0.0500
grad_norm:                 2.6162	healthy_machine_fraction_mean:  0.1090	loss:                      0.2205	mi_loss:                   0.0022
q_taken_mean:              0.2627	return_mean:              38.1640	return_median:            38.4000	return_std:                6.6878
target_mean:               0.2599	td_error_abs:              0.3416	test_ep_length_mean:     100.0000	test_episode_limit_mean:   1.0000
test_healthy_machine_fraction_mean:  0.0325	test_return_mean:         34.4375	test_return_median:       35.4000	test_return_std:          10.0817

[INFO 03:34:33] my_main Recent Stats | t_env:     196000 | Episode:     1960
entropy_loss:              0.0012	ep_length_mean:          100.0000	episode_limit_mean:        1.0000	epsilon:                   0.0500
grad_norm:                 2.6162	healthy_machine_fraction_mean:  0.1090	loss:                      0.2205	mi_loss:                   0.0022
q_taken_mean:              0.2627	return_mean:              38.1640	return_median:            38.4000	return_std:                6.6878
target_mean:               0.2599	td_error_abs:              0.3416	test_ep_length_mean:     100.0000	test_episode_limit_mean:   1.0000
test_healthy_machine_fraction_mean:  0.0325	test_return_mean:         34.4375	test_return_median:       35.4000	test_return_std:          10.0817

[INFO 03:35:25] my_main Recent Stats | t_env:     198000 | Episode:     1980
entropy_loss:              0.0012	ep_length_mean:          100.0000	episode_limit_mean:        1.0000	epsilon:                   0.0500
grad_norm:                 2.6162	healthy_machine_fraction_mean:  0.1090	loss:                      0.2205	mi_loss:                   0.0022
q_taken_mean:              0.2627	return_mean:              38.1640	return_median:            38.4000	return_std:                6.6878
target_mean:               0.2599	td_error_abs:              0.3416	test_ep_length_mean:     100.0000	test_episode_limit_mean:   1.0000
test_healthy_machine_fraction_mean:  0.0325	test_return_mean:         34.4375	test_return_median:       35.4000	test_return_std:          10.0817

[INFO 03:36:16] my_main Recent Stats | t_env:     200000 | Episode:     2000
entropy_loss:              0.0012	ep_length_mean:          100.0000	episode_limit_mean:        1.0000	epsilon:                   0.0500
grad_norm:                 2.6162	healthy_machine_fraction_mean:  0.1090	loss:                      0.2205	mi_loss:                   0.0022
q_taken_mean:              0.2627	return_mean:              38.1640	return_median:            38.4000	return_std:                6.6878
target_mean:               0.2599	td_error_abs:              0.3416	test_ep_length_mean:     100.0000	test_episode_limit_mean:   1.0000
test_healthy_machine_fraction_mean:  0.0325	test_return_mean:         34.4375	test_return_median:       35.4000	test_return_std:          10.0817

[INFO 03:36:18] my_main Updated target network
[INFO 03:36:18] my_main t_env: 200100 / 2050000
[INFO 03:36:18] my_main Estimated time left: 14 hours, 40 minutes, 40 seconds. Time passed: 1 hours, 32 minutes, 9 seconds
[INFO 03:37:37] my_main Recent Stats | t_env:     202000 | Episode:     2020
entropy_loss:              0.0012	ep_length_mean:          100.0000	episode_limit_mean:        1.0000	epsilon:                   0.0500
grad_norm:                 2.6162	healthy_machine_fraction_mean:  0.1130	loss:                      0.2205	mi_loss:                   0.0022
q_taken_mean:              0.2627	return_mean:              40.1320	return_median:            40.1000	return_std:                6.8189
target_mean:               0.2599	td_error_abs:              0.3416	test_ep_length_mean:     100.0000	test_episode_limit_mean:   1.0000
test_healthy_machine_fraction_mean:  0.0406	test_return_mean:         35.8000	test_return_median:       37.0000	test_return_std:          10.2941

[INFO 03:38:28] my_main Recent Stats | t_env:     204000 | Episode:     2040
entropy_loss:              0.0012	ep_length_mean:          100.0000	episode_limit_mean:        1.0000	epsilon:                   0.0500
grad_norm:                 2.5898	healthy_machine_fraction_mean:  0.1130	loss:                      0.2327	mi_loss:                   0.0023
q_taken_mean:              0.2957	return_mean:              40.1320	return_median:            40.1000	return_std:                6.8189
target_mean:               0.2988	td_error_abs:              0.3440	test_ep_length_mean:     100.0000	test_episode_limit_mean:   1.0000
test_healthy_machine_fraction_mean:  0.0406	test_return_mean:         35.8000	test_return_median:       37.0000	test_return_std:          10.2941

[INFO 03:39:19] my_main Recent Stats | t_env:     206000 | Episode:     2060
entropy_loss:              0.0012	ep_length_mean:          100.0000	episode_limit_mean:        1.0000	epsilon:                   0.0500
grad_norm:                 2.5898	healthy_machine_fraction_mean:  0.1130	loss:                      0.2327	mi_loss:                   0.0023
q_taken_mean:              0.2957	return_mean:              40.1320	return_median:            40.1000	return_std:                6.8189
target_mean:               0.2988	td_error_abs:              0.3440	test_ep_length_mean:     100.0000	test_episode_limit_mean:   1.0000
test_healthy_machine_fraction_mean:  0.0406	test_return_mean:         35.8000	test_return_median:       37.0000	test_return_std:          10.2941

[INFO 03:40:10] my_main Recent Stats | t_env:     208000 | Episode:     2080
entropy_loss:              0.0012	ep_length_mean:          100.0000	episode_limit_mean:        1.0000	epsilon:                   0.0500
grad_norm:                 2.5898	healthy_machine_fraction_mean:  0.1130	loss:                      0.2327	mi_loss:                   0.0023
q_taken_mean:              0.2957	return_mean:              40.1320	return_median:            40.1000	return_std:                6.8189
target_mean:               0.2988	td_error_abs:              0.3440	test_ep_length_mean:     100.0000	test_episode_limit_mean:   1.0000
test_healthy_machine_fraction_mean:  0.0406	test_return_mean:         35.8000	test_return_median:       37.0000	test_return_std:          10.2941

[INFO 03:41:01] my_main Recent Stats | t_env:     210000 | Episode:     2100
entropy_loss:              0.0012	ep_length_mean:          100.0000	episode_limit_mean:        1.0000	epsilon:                   0.0500
grad_norm:                 2.5898	healthy_machine_fraction_mean:  0.1130	loss:                      0.2327	mi_loss:                   0.0023
q_taken_mean:              0.2957	return_mean:              40.1320	return_median:            40.1000	return_std:                6.8189
target_mean:               0.2988	td_error_abs:              0.3440	test_ep_length_mean:     100.0000	test_episode_limit_mean:   1.0000
test_healthy_machine_fraction_mean:  0.0406	test_return_mean:         35.8000	test_return_median:       37.0000	test_return_std:          10.2941

[INFO 03:41:04] my_main t_env: 210100 / 2050000
[INFO 03:41:04] my_main Estimated time left: 14 hours, 34 minutes, 55 seconds. Time passed: 1 hours, 36 minutes, 54 seconds
[INFO 03:42:22] my_main Recent Stats | t_env:     212000 | Episode:     2120
entropy_loss:              0.0012	ep_length_mean:          100.0000	episode_limit_mean:        1.0000	epsilon:                   0.0500
grad_norm:                 2.5898	healthy_machine_fraction_mean:  0.1122	loss:                      0.2327	mi_loss:                   0.0023
q_taken_mean:              0.2957	return_mean:              41.8840	return_median:            42.0000	return_std:                7.0693
target_mean:               0.2988	td_error_abs:              0.3440	test_ep_length_mean:     100.0000	test_episode_limit_mean:   1.0000
test_healthy_machine_fraction_mean:  0.0425	test_return_mean:         39.5938	test_return_median:       41.0000	test_return_std:          10.9028

[INFO 03:43:13] my_main Recent Stats | t_env:     214000 | Episode:     2140
entropy_loss:              0.0012	ep_length_mean:          100.0000	episode_limit_mean:        1.0000	epsilon:                   0.0500
grad_norm:                 2.6381	healthy_machine_fraction_mean:  0.1122	loss:                      0.2350	mi_loss:                   0.0025
q_taken_mean:              0.3249	return_mean:              41.8840	return_median:            42.0000	return_std:                7.0693
target_mean:               0.3281	td_error_abs:              0.3490	test_ep_length_mean:     100.0000	test_episode_limit_mean:   1.0000
test_healthy_machine_fraction_mean:  0.0425	test_return_mean:         39.5938	test_return_median:       41.0000	test_return_std:          10.9028

[INFO 03:44:04] my_main Recent Stats | t_env:     216000 | Episode:     2160
entropy_loss:              0.0012	ep_length_mean:          100.0000	episode_limit_mean:        1.0000	epsilon:                   0.0500
grad_norm:                 2.6381	healthy_machine_fraction_mean:  0.1122	loss:                      0.2350	mi_loss:                   0.0025
q_taken_mean:              0.3249	return_mean:              41.8840	return_median:            42.0000	return_std:                7.0693
target_mean:               0.3281	td_error_abs:              0.3490	test_ep_length_mean:     100.0000	test_episode_limit_mean:   1.0000
test_healthy_machine_fraction_mean:  0.0425	test_return_mean:         39.5938	test_return_median:       41.0000	test_return_std:          10.9028

[INFO 03:44:55] my_main Recent Stats | t_env:     218000 | Episode:     2180
entropy_loss:              0.0012	ep_length_mean:          100.0000	episode_limit_mean:        1.0000	epsilon:                   0.0500
grad_norm:                 2.6381	healthy_machine_fraction_mean:  0.1122	loss:                      0.2350	mi_loss:                   0.0025
q_taken_mean:              0.3249	return_mean:              41.8840	return_median:            42.0000	return_std:                7.0693
target_mean:               0.3281	td_error_abs:              0.3490	test_ep_length_mean:     100.0000	test_episode_limit_mean:   1.0000
test_healthy_machine_fraction_mean:  0.0425	test_return_mean:         39.5938	test_return_median:       41.0000	test_return_std:          10.9028

[INFO 03:45:46] my_main Recent Stats | t_env:     220000 | Episode:     2200
entropy_loss:              0.0012	ep_length_mean:          100.0000	episode_limit_mean:        1.0000	epsilon:                   0.0500
grad_norm:                 2.6381	healthy_machine_fraction_mean:  0.1122	loss:                      0.2350	mi_loss:                   0.0025
q_taken_mean:              0.3249	return_mean:              41.8840	return_median:            42.0000	return_std:                7.0693
target_mean:               0.3281	td_error_abs:              0.3490	test_ep_length_mean:     100.0000	test_episode_limit_mean:   1.0000
test_healthy_machine_fraction_mean:  0.0425	test_return_mean:         39.5938	test_return_median:       41.0000	test_return_std:          10.9028

[INFO 03:45:48] my_main Updated target network
[INFO 03:45:48] my_main t_env: 220100 / 2050000
[INFO 03:45:48] my_main Estimated time left: 14 hours, 28 minutes, 13 seconds. Time passed: 1 hours, 41 minutes, 39 seconds
[INFO 03:47:07] my_main Recent Stats | t_env:     222000 | Episode:     2220
entropy_loss:              0.0012	ep_length_mean:          100.0000	episode_limit_mean:        1.0000	epsilon:                   0.0500
grad_norm:                 2.6381	healthy_machine_fraction_mean:  0.1184	loss:                      0.2350	mi_loss:                   0.0025
q_taken_mean:              0.3249	return_mean:              43.6140	return_median:            43.8000	return_std:                7.2931
target_mean:               0.3281	td_error_abs:              0.3490	test_ep_length_mean:     100.0000	test_episode_limit_mean:   1.0000
test_healthy_machine_fraction_mean:  0.0500	test_return_mean:         41.2875	test_return_median:       43.2000	test_return_std:          10.4891

[INFO 03:47:58] my_main Recent Stats | t_env:     224000 | Episode:     2240
entropy_loss:              0.0013	ep_length_mean:          100.0000	episode_limit_mean:        1.0000	epsilon:                   0.0500
grad_norm:                 3.6258	healthy_machine_fraction_mean:  0.1184	loss:                      0.2530	mi_loss:                   0.0026
q_taken_mean:              0.3540	return_mean:              43.6140	return_median:            43.8000	return_std:                7.2931
target_mean:               0.3609	td_error_abs:              0.3604	test_ep_length_mean:     100.0000	test_episode_limit_mean:   1.0000
test_healthy_machine_fraction_mean:  0.0500	test_return_mean:         41.2875	test_return_median:       43.2000	test_return_std:          10.4891

[INFO 03:48:50] my_main Recent Stats | t_env:     226000 | Episode:     2260
entropy_loss:              0.0013	ep_length_mean:          100.0000	episode_limit_mean:        1.0000	epsilon:                   0.0500
grad_norm:                 3.6258	healthy_machine_fraction_mean:  0.1184	loss:                      0.2530	mi_loss:                   0.0026
q_taken_mean:              0.3540	return_mean:              43.6140	return_median:            43.8000	return_std:                7.2931
target_mean:               0.3609	td_error_abs:              0.3604	test_ep_length_mean:     100.0000	test_episode_limit_mean:   1.0000
test_healthy_machine_fraction_mean:  0.0500	test_return_mean:         41.2875	test_return_median:       43.2000	test_return_std:          10.4891

[INFO 03:49:41] my_main Recent Stats | t_env:     228000 | Episode:     2280
entropy_loss:              0.0013	ep_length_mean:          100.0000	episode_limit_mean:        1.0000	epsilon:                   0.0500
grad_norm:                 3.6258	healthy_machine_fraction_mean:  0.1184	loss:                      0.2530	mi_loss:                   0.0026
q_taken_mean:              0.3540	return_mean:              43.6140	return_median:            43.8000	return_std:                7.2931
target_mean:               0.3609	td_error_abs:              0.3604	test_ep_length_mean:     100.0000	test_episode_limit_mean:   1.0000
test_healthy_machine_fraction_mean:  0.0500	test_return_mean:         41.2875	test_return_median:       43.2000	test_return_std:          10.4891

[INFO 03:50:32] my_main Recent Stats | t_env:     230000 | Episode:     2300
entropy_loss:              0.0013	ep_length_mean:          100.0000	episode_limit_mean:        1.0000	epsilon:                   0.0500
grad_norm:                 3.6258	healthy_machine_fraction_mean:  0.1184	loss:                      0.2530	mi_loss:                   0.0026
q_taken_mean:              0.3540	return_mean:              43.6140	return_median:            43.8000	return_std:                7.2931
target_mean:               0.3609	td_error_abs:              0.3604	test_ep_length_mean:     100.0000	test_episode_limit_mean:   1.0000
test_healthy_machine_fraction_mean:  0.0500	test_return_mean:         41.2875	test_return_median:       43.2000	test_return_std:          10.4891

[INFO 03:50:35] my_main t_env: 230100 / 2050000
[INFO 03:50:35] my_main Estimated time left: 14 hours, 28 minutes, 34 seconds. Time passed: 1 hours, 46 minutes, 25 seconds
[INFO 03:51:53] my_main Recent Stats | t_env:     232000 | Episode:     2320
entropy_loss:              0.0013	ep_length_mean:          100.0000	episode_limit_mean:        1.0000	epsilon:                   0.0500
grad_norm:                 3.6258	healthy_machine_fraction_mean:  0.1314	loss:                      0.2530	mi_loss:                   0.0026
q_taken_mean:              0.3540	return_mean:              45.8060	return_median:            45.9000	return_std:                7.2026
target_mean:               0.3609	td_error_abs:              0.3604	test_ep_length_mean:     100.0000	test_episode_limit_mean:   1.0000
test_healthy_machine_fraction_mean:  0.0700	test_return_mean:         44.5125	test_return_median:       45.7000	test_return_std:          10.1739

[INFO 03:52:44] my_main Recent Stats | t_env:     234000 | Episode:     2340
entropy_loss:              0.0013	ep_length_mean:          100.0000	episode_limit_mean:        1.0000	epsilon:                   0.0500
grad_norm:                 4.8023	healthy_machine_fraction_mean:  0.1314	loss:                      0.2869	mi_loss:                   0.0026
q_taken_mean:              0.3807	return_mean:              45.8060	return_median:            45.9000	return_std:                7.2026
target_mean:               0.3919	td_error_abs:              0.3867	test_ep_length_mean:     100.0000	test_episode_limit_mean:   1.0000
test_healthy_machine_fraction_mean:  0.0700	test_return_mean:         44.5125	test_return_median:       45.7000	test_return_std:          10.1739

[INFO 03:53:31] my_main Recent Stats | t_env:     236000 | Episode:     2360
entropy_loss:              0.0013	ep_length_mean:          100.0000	episode_limit_mean:        1.0000	epsilon:                   0.0500
grad_norm:                 4.8023	healthy_machine_fraction_mean:  0.1314	loss:                      0.2869	mi_loss:                   0.0026
q_taken_mean:              0.3807	return_mean:              45.8060	return_median:            45.9000	return_std:                7.2026
target_mean:               0.3919	td_error_abs:              0.3867	test_ep_length_mean:     100.0000	test_episode_limit_mean:   1.0000
test_healthy_machine_fraction_mean:  0.0700	test_return_mean:         44.5125	test_return_median:       45.7000	test_return_std:          10.1739

[INFO 03:54:21] my_main Recent Stats | t_env:     238000 | Episode:     2380
entropy_loss:              0.0013	ep_length_mean:          100.0000	episode_limit_mean:        1.0000	epsilon:                   0.0500
grad_norm:                 4.8023	healthy_machine_fraction_mean:  0.1314	loss:                      0.2869	mi_loss:                   0.0026
q_taken_mean:              0.3807	return_mean:              45.8060	return_median:            45.9000	return_std:                7.2026
target_mean:               0.3919	td_error_abs:              0.3867	test_ep_length_mean:     100.0000	test_episode_limit_mean:   1.0000
test_healthy_machine_fraction_mean:  0.0700	test_return_mean:         44.5125	test_return_median:       45.7000	test_return_std:          10.1739

[INFO 03:55:13] my_main Recent Stats | t_env:     240000 | Episode:     2400
entropy_loss:              0.0013	ep_length_mean:          100.0000	episode_limit_mean:        1.0000	epsilon:                   0.0500
grad_norm:                 4.8023	healthy_machine_fraction_mean:  0.1314	loss:                      0.2869	mi_loss:                   0.0026
q_taken_mean:              0.3807	return_mean:              45.8060	return_median:            45.9000	return_std:                7.2026
target_mean:               0.3919	td_error_abs:              0.3867	test_ep_length_mean:     100.0000	test_episode_limit_mean:   1.0000
test_healthy_machine_fraction_mean:  0.0700	test_return_mean:         44.5125	test_return_median:       45.7000	test_return_std:          10.1739

[INFO 03:55:15] my_main Updated target network
[INFO 03:55:15] my_main t_env: 240100 / 2050000
[INFO 03:55:15] my_main Estimated time left: 14 hours, 5 minutes, 42 seconds. Time passed: 1 hours, 51 minutes, 5 seconds
[INFO 03:56:33] my_main Recent Stats | t_env:     242000 | Episode:     2420
entropy_loss:              0.0013	ep_length_mean:          100.0000	episode_limit_mean:        1.0000	epsilon:                   0.0500
grad_norm:                 4.8023	healthy_machine_fraction_mean:  0.1458	loss:                      0.2869	mi_loss:                   0.0026
q_taken_mean:              0.3807	return_mean:              47.3120	return_median:            47.3000	return_std:                7.1646
target_mean:               0.3919	td_error_abs:              0.3867	test_ep_length_mean:     100.0000	test_episode_limit_mean:   1.0000
test_healthy_machine_fraction_mean:  0.0869	test_return_mean:         46.2125	test_return_median:       47.4000	test_return_std:          10.2915

[INFO 03:57:24] my_main Recent Stats | t_env:     244000 | Episode:     2440
entropy_loss:              0.0014	ep_length_mean:          100.0000	episode_limit_mean:        1.0000	epsilon:                   0.0500
grad_norm:                 4.2693	healthy_machine_fraction_mean:  0.1458	loss:                      0.2905	mi_loss:                   0.0027
q_taken_mean:              0.4218	return_mean:              47.3120	return_median:            47.3000	return_std:                7.1646
target_mean:               0.4392	td_error_abs:              0.3828	test_ep_length_mean:     100.0000	test_episode_limit_mean:   1.0000
test_healthy_machine_fraction_mean:  0.0869	test_return_mean:         46.2125	test_return_median:       47.4000	test_return_std:          10.2915

[INFO 03:58:15] my_main Recent Stats | t_env:     246000 | Episode:     2460
entropy_loss:              0.0014	ep_length_mean:          100.0000	episode_limit_mean:        1.0000	epsilon:                   0.0500
grad_norm:                 4.2693	healthy_machine_fraction_mean:  0.1458	loss:                      0.2905	mi_loss:                   0.0027
q_taken_mean:              0.4218	return_mean:              47.3120	return_median:            47.3000	return_std:                7.1646
target_mean:               0.4392	td_error_abs:              0.3828	test_ep_length_mean:     100.0000	test_episode_limit_mean:   1.0000
test_healthy_machine_fraction_mean:  0.0869	test_return_mean:         46.2125	test_return_median:       47.4000	test_return_std:          10.2915

[INFO 03:59:06] my_main Recent Stats | t_env:     248000 | Episode:     2480
entropy_loss:              0.0014	ep_length_mean:          100.0000	episode_limit_mean:        1.0000	epsilon:                   0.0500
grad_norm:                 4.2693	healthy_machine_fraction_mean:  0.1458	loss:                      0.2905	mi_loss:                   0.0027
q_taken_mean:              0.4218	return_mean:              47.3120	return_median:            47.3000	return_std:                7.1646
target_mean:               0.4392	td_error_abs:              0.3828	test_ep_length_mean:     100.0000	test_episode_limit_mean:   1.0000
test_healthy_machine_fraction_mean:  0.0869	test_return_mean:         46.2125	test_return_median:       47.4000	test_return_std:          10.2915

[INFO 03:59:57] my_main Recent Stats | t_env:     250000 | Episode:     2500
entropy_loss:              0.0014	ep_length_mean:          100.0000	episode_limit_mean:        1.0000	epsilon:                   0.0500
grad_norm:                 4.2693	healthy_machine_fraction_mean:  0.1458	loss:                      0.2905	mi_loss:                   0.0027
q_taken_mean:              0.4218	return_mean:              47.3120	return_median:            47.3000	return_std:                7.1646
target_mean:               0.4392	td_error_abs:              0.3828	test_ep_length_mean:     100.0000	test_episode_limit_mean:   1.0000
test_healthy_machine_fraction_mean:  0.0869	test_return_mean:         46.2125	test_return_median:       47.4000	test_return_std:          10.2915

[INFO 04:00:00] my_main t_env: 250100 / 2050000
[INFO 04:00:00] my_main Estimated time left: 14 hours, 13 minutes, 26 seconds. Time passed: 1 hours, 55 minutes, 50 seconds
[INFO 04:01:17] my_main Recent Stats | t_env:     252000 | Episode:     2520
entropy_loss:              0.0014	ep_length_mean:          100.0000	episode_limit_mean:        1.0000	epsilon:                   0.0500
grad_norm:                 4.2693	healthy_machine_fraction_mean:  0.1634	loss:                      0.2905	mi_loss:                   0.0027
q_taken_mean:              0.4218	return_mean:              48.6560	return_median:            48.8000	return_std:                7.1351
target_mean:               0.4392	td_error_abs:              0.3828	test_ep_length_mean:     100.0000	test_episode_limit_mean:   1.0000
test_healthy_machine_fraction_mean:  0.0938	test_return_mean:         48.7250	test_return_median:       49.5000	test_return_std:          10.5600

[INFO 04:02:09] my_main Recent Stats | t_env:     254000 | Episode:     2540
entropy_loss:              0.0015	ep_length_mean:          100.0000	episode_limit_mean:        1.0000	epsilon:                   0.0500
grad_norm:                 4.5569	healthy_machine_fraction_mean:  0.1634	loss:                      0.2970	mi_loss:                   0.0028
q_taken_mean:              0.4571	return_mean:              48.6560	return_median:            48.8000	return_std:                7.1351
target_mean:               0.4690	td_error_abs:              0.3959	test_ep_length_mean:     100.0000	test_episode_limit_mean:   1.0000
test_healthy_machine_fraction_mean:  0.0938	test_return_mean:         48.7250	test_return_median:       49.5000	test_return_std:          10.5600

[INFO 04:03:00] my_main Recent Stats | t_env:     256000 | Episode:     2560
entropy_loss:              0.0015	ep_length_mean:          100.0000	episode_limit_mean:        1.0000	epsilon:                   0.0500
grad_norm:                 4.5569	healthy_machine_fraction_mean:  0.1634	loss:                      0.2970	mi_loss:                   0.0028
q_taken_mean:              0.4571	return_mean:              48.6560	return_median:            48.8000	return_std:                7.1351
target_mean:               0.4690	td_error_abs:              0.3959	test_ep_length_mean:     100.0000	test_episode_limit_mean:   1.0000
test_healthy_machine_fraction_mean:  0.0938	test_return_mean:         48.7250	test_return_median:       49.5000	test_return_std:          10.5600

[INFO 04:03:51] my_main Recent Stats | t_env:     258000 | Episode:     2580
entropy_loss:              0.0015	ep_length_mean:          100.0000	episode_limit_mean:        1.0000	epsilon:                   0.0500
grad_norm:                 4.5569	healthy_machine_fraction_mean:  0.1634	loss:                      0.2970	mi_loss:                   0.0028
q_taken_mean:              0.4571	return_mean:              48.6560	return_median:            48.8000	return_std:                7.1351
target_mean:               0.4690	td_error_abs:              0.3959	test_ep_length_mean:     100.0000	test_episode_limit_mean:   1.0000
test_healthy_machine_fraction_mean:  0.0938	test_return_mean:         48.7250	test_return_median:       49.5000	test_return_std:          10.5600

[INFO 04:04:42] my_main Recent Stats | t_env:     260000 | Episode:     2600
entropy_loss:              0.0015	ep_length_mean:          100.0000	episode_limit_mean:        1.0000	epsilon:                   0.0500
grad_norm:                 4.5569	healthy_machine_fraction_mean:  0.1634	loss:                      0.2970	mi_loss:                   0.0028
q_taken_mean:              0.4571	return_mean:              48.6560	return_median:            48.8000	return_std:                7.1351
target_mean:               0.4690	td_error_abs:              0.3959	test_ep_length_mean:     100.0000	test_episode_limit_mean:   1.0000
test_healthy_machine_fraction_mean:  0.0938	test_return_mean:         48.7250	test_return_median:       49.5000	test_return_std:          10.5600

[INFO 04:04:44] my_main Updated target network
[INFO 04:04:44] my_main t_env: 260100 / 2050000
[INFO 04:04:44] my_main Estimated time left: 14 hours, 9 minutes, 26 seconds. Time passed: 2 hours, 35 seconds
[INFO 04:06:03] my_main Recent Stats | t_env:     262000 | Episode:     2620
entropy_loss:              0.0015	ep_length_mean:          100.0000	episode_limit_mean:        1.0000	epsilon:                   0.0500
grad_norm:                 4.5569	healthy_machine_fraction_mean:  0.1880	loss:                      0.2970	mi_loss:                   0.0028
q_taken_mean:              0.4571	return_mean:              49.6600	return_median:            49.7000	return_std:                6.9924
target_mean:               0.4690	td_error_abs:              0.3959	test_ep_length_mean:     100.0000	test_episode_limit_mean:   1.0000
test_healthy_machine_fraction_mean:  0.1150	test_return_mean:         50.2812	test_return_median:       50.9000	test_return_std:          10.3860

[INFO 04:06:53] my_main Recent Stats | t_env:     264000 | Episode:     2640
entropy_loss:              0.0016	ep_length_mean:          100.0000	episode_limit_mean:        1.0000	epsilon:                   0.0500
grad_norm:                 5.9683	healthy_machine_fraction_mean:  0.1880	loss:                      0.3193	mi_loss:                   0.0028
q_taken_mean:              0.4889	return_mean:              49.6600	return_median:            49.7000	return_std:                6.9924
target_mean:               0.5055	td_error_abs:              0.4088	test_ep_length_mean:     100.0000	test_episode_limit_mean:   1.0000
test_healthy_machine_fraction_mean:  0.1150	test_return_mean:         50.2812	test_return_median:       50.9000	test_return_std:          10.3860

[INFO 04:07:44] my_main Recent Stats | t_env:     266000 | Episode:     2660
entropy_loss:              0.0016	ep_length_mean:          100.0000	episode_limit_mean:        1.0000	epsilon:                   0.0500
grad_norm:                 5.9683	healthy_machine_fraction_mean:  0.1880	loss:                      0.3193	mi_loss:                   0.0028
q_taken_mean:              0.4889	return_mean:              49.6600	return_median:            49.7000	return_std:                6.9924
target_mean:               0.5055	td_error_abs:              0.4088	test_ep_length_mean:     100.0000	test_episode_limit_mean:   1.0000
test_healthy_machine_fraction_mean:  0.1150	test_return_mean:         50.2812	test_return_median:       50.9000	test_return_std:          10.3860

[INFO 04:08:35] my_main Recent Stats | t_env:     268000 | Episode:     2680
entropy_loss:              0.0016	ep_length_mean:          100.0000	episode_limit_mean:        1.0000	epsilon:                   0.0500
grad_norm:                 5.9683	healthy_machine_fraction_mean:  0.1880	loss:                      0.3193	mi_loss:                   0.0028
q_taken_mean:              0.4889	return_mean:              49.6600	return_median:            49.7000	return_std:                6.9924
target_mean:               0.5055	td_error_abs:              0.4088	test_ep_length_mean:     100.0000	test_episode_limit_mean:   1.0000
test_healthy_machine_fraction_mean:  0.1150	test_return_mean:         50.2812	test_return_median:       50.9000	test_return_std:          10.3860

[INFO 04:09:26] my_main Recent Stats | t_env:     270000 | Episode:     2700
entropy_loss:              0.0016	ep_length_mean:          100.0000	episode_limit_mean:        1.0000	epsilon:                   0.0500
grad_norm:                 5.9683	healthy_machine_fraction_mean:  0.1880	loss:                      0.3193	mi_loss:                   0.0028
q_taken_mean:              0.4889	return_mean:              49.6600	return_median:            49.7000	return_std:                6.9924
target_mean:               0.5055	td_error_abs:              0.4088	test_ep_length_mean:     100.0000	test_episode_limit_mean:   1.0000
test_healthy_machine_fraction_mean:  0.1150	test_return_mean:         50.2812	test_return_median:       50.9000	test_return_std:          10.3860

[INFO 04:09:29] my_main t_env: 270100 / 2050000
[INFO 04:09:29] my_main Estimated time left: 14 hours, 3 minutes, 26 seconds. Time passed: 2 hours, 5 minutes, 19 seconds
[INFO 04:10:48] my_main Recent Stats | t_env:     272000 | Episode:     2720
entropy_loss:              0.0016	ep_length_mean:          100.0000	episode_limit_mean:        1.0000	epsilon:                   0.0500
grad_norm:                 5.9683	healthy_machine_fraction_mean:  0.2122	loss:                      0.3193	mi_loss:                   0.0028
q_taken_mean:              0.4889	return_mean:              50.7800	return_median:            50.7000	return_std:                6.7811
target_mean:               0.5055	td_error_abs:              0.4088	test_ep_length_mean:     100.0000	test_episode_limit_mean:   1.0000
test_healthy_machine_fraction_mean:  0.1250	test_return_mean:         52.3687	test_return_median:       52.5000	test_return_std:          10.6783

[INFO 04:11:39] my_main Recent Stats | t_env:     274000 | Episode:     2740
entropy_loss:              0.0017	ep_length_mean:          100.0000	episode_limit_mean:        1.0000	epsilon:                   0.0500
grad_norm:                 4.8443	healthy_machine_fraction_mean:  0.2122	loss:                      0.3056	mi_loss:                   0.0029
q_taken_mean:              0.5246	return_mean:              50.7800	return_median:            50.7000	return_std:                6.7811
target_mean:               0.5351	td_error_abs:              0.4046	test_ep_length_mean:     100.0000	test_episode_limit_mean:   1.0000
test_healthy_machine_fraction_mean:  0.1250	test_return_mean:         52.3687	test_return_median:       52.5000	test_return_std:          10.6783

[INFO 04:12:30] my_main Recent Stats | t_env:     276000 | Episode:     2760
entropy_loss:              0.0017	ep_length_mean:          100.0000	episode_limit_mean:        1.0000	epsilon:                   0.0500
grad_norm:                 4.8443	healthy_machine_fraction_mean:  0.2122	loss:                      0.3056	mi_loss:                   0.0029
q_taken_mean:              0.5246	return_mean:              50.7800	return_median:            50.7000	return_std:                6.7811
target_mean:               0.5351	td_error_abs:              0.4046	test_ep_length_mean:     100.0000	test_episode_limit_mean:   1.0000
test_healthy_machine_fraction_mean:  0.1250	test_return_mean:         52.3687	test_return_median:       52.5000	test_return_std:          10.6783

[INFO 04:13:21] my_main Recent Stats | t_env:     278000 | Episode:     2780
entropy_loss:              0.0017	ep_length_mean:          100.0000	episode_limit_mean:        1.0000	epsilon:                   0.0500
grad_norm:                 4.8443	healthy_machine_fraction_mean:  0.2122	loss:                      0.3056	mi_loss:                   0.0029
q_taken_mean:              0.5246	return_mean:              50.7800	return_median:            50.7000	return_std:                6.7811
target_mean:               0.5351	td_error_abs:              0.4046	test_ep_length_mean:     100.0000	test_episode_limit_mean:   1.0000
test_healthy_machine_fraction_mean:  0.1250	test_return_mean:         52.3687	test_return_median:       52.5000	test_return_std:          10.6783

[INFO 04:14:12] my_main Recent Stats | t_env:     280000 | Episode:     2800
entropy_loss:              0.0017	ep_length_mean:          100.0000	episode_limit_mean:        1.0000	epsilon:                   0.0500
grad_norm:                 4.8443	healthy_machine_fraction_mean:  0.2122	loss:                      0.3056	mi_loss:                   0.0029
q_taken_mean:              0.5246	return_mean:              50.7800	return_median:            50.7000	return_std:                6.7811
target_mean:               0.5351	td_error_abs:              0.4046	test_ep_length_mean:     100.0000	test_episode_limit_mean:   1.0000
test_healthy_machine_fraction_mean:  0.1250	test_return_mean:         52.3687	test_return_median:       52.5000	test_return_std:          10.6783

[INFO 04:14:14] my_main Updated target network
[INFO 04:14:14] my_main t_env: 280100 / 2050000
[INFO 04:14:14] my_main Estimated time left: 14 hours, 2 minutes, 42 seconds. Time passed: 2 hours, 10 minutes, 5 seconds
[INFO 04:15:33] my_main Recent Stats | t_env:     282000 | Episode:     2820
entropy_loss:              0.0017	ep_length_mean:          100.0000	episode_limit_mean:        1.0000	epsilon:                   0.0500
grad_norm:                 4.8443	healthy_machine_fraction_mean:  0.2196	loss:                      0.3056	mi_loss:                   0.0029
q_taken_mean:              0.5246	return_mean:              51.4960	return_median:            51.5000	return_std:                6.6307
target_mean:               0.5351	td_error_abs:              0.4046	test_ep_length_mean:     100.0000	test_episode_limit_mean:   1.0000
test_healthy_machine_fraction_mean:  0.1344	test_return_mean:         53.2188	test_return_median:       53.6000	test_return_std:          10.1816

[INFO 04:16:23] my_main Recent Stats | t_env:     284000 | Episode:     2840
entropy_loss:              0.0017	ep_length_mean:          100.0000	episode_limit_mean:        1.0000	epsilon:                   0.0500
grad_norm:                 5.1015	healthy_machine_fraction_mean:  0.2196	loss:                      0.3125	mi_loss:                   0.0030
q_taken_mean:              0.5670	return_mean:              51.4960	return_median:            51.5000	return_std:                6.6307
target_mean:               0.5768	td_error_abs:              0.4078	test_ep_length_mean:     100.0000	test_episode_limit_mean:   1.0000
test_healthy_machine_fraction_mean:  0.1344	test_return_mean:         53.2188	test_return_median:       53.6000	test_return_std:          10.1816

[INFO 04:17:15] my_main Recent Stats | t_env:     286000 | Episode:     2860
entropy_loss:              0.0017	ep_length_mean:          100.0000	episode_limit_mean:        1.0000	epsilon:                   0.0500
grad_norm:                 5.1015	healthy_machine_fraction_mean:  0.2196	loss:                      0.3125	mi_loss:                   0.0030
q_taken_mean:              0.5670	return_mean:              51.4960	return_median:            51.5000	return_std:                6.6307
target_mean:               0.5768	td_error_abs:              0.4078	test_ep_length_mean:     100.0000	test_episode_limit_mean:   1.0000
test_healthy_machine_fraction_mean:  0.1344	test_return_mean:         53.2188	test_return_median:       53.6000	test_return_std:          10.1816

[INFO 04:18:06] my_main Recent Stats | t_env:     288000 | Episode:     2880
entropy_loss:              0.0017	ep_length_mean:          100.0000	episode_limit_mean:        1.0000	epsilon:                   0.0500
grad_norm:                 5.1015	healthy_machine_fraction_mean:  0.2196	loss:                      0.3125	mi_loss:                   0.0030
q_taken_mean:              0.5670	return_mean:              51.4960	return_median:            51.5000	return_std:                6.6307
target_mean:               0.5768	td_error_abs:              0.4078	test_ep_length_mean:     100.0000	test_episode_limit_mean:   1.0000
test_healthy_machine_fraction_mean:  0.1344	test_return_mean:         53.2188	test_return_median:       53.6000	test_return_std:          10.1816

[INFO 04:18:57] my_main Recent Stats | t_env:     290000 | Episode:     2900
entropy_loss:              0.0017	ep_length_mean:          100.0000	episode_limit_mean:        1.0000	epsilon:                   0.0500
grad_norm:                 5.1015	healthy_machine_fraction_mean:  0.2196	loss:                      0.3125	mi_loss:                   0.0030
q_taken_mean:              0.5670	return_mean:              51.4960	return_median:            51.5000	return_std:                6.6307
target_mean:               0.5768	td_error_abs:              0.4078	test_ep_length_mean:     100.0000	test_episode_limit_mean:   1.0000
test_healthy_machine_fraction_mean:  0.1344	test_return_mean:         53.2188	test_return_median:       53.6000	test_return_std:          10.1816

[INFO 04:18:59] my_main t_env: 290100 / 2050000
[INFO 04:18:59] my_main Estimated time left: 13 hours, 56 minutes, 11 seconds. Time passed: 2 hours, 14 minutes, 50 seconds
[INFO 04:20:18] my_main Recent Stats | t_env:     292000 | Episode:     2920
entropy_loss:              0.0017	ep_length_mean:          100.0000	episode_limit_mean:        1.0000	epsilon:                   0.0500
grad_norm:                 5.1015	healthy_machine_fraction_mean:  0.2306	loss:                      0.3125	mi_loss:                   0.0030
q_taken_mean:              0.5670	return_mean:              52.0780	return_median:            52.3000	return_std:                6.4696
target_mean:               0.5768	td_error_abs:              0.4078	test_ep_length_mean:     100.0000	test_episode_limit_mean:   1.0000
test_healthy_machine_fraction_mean:  0.1394	test_return_mean:         54.6437	test_return_median:       54.8000	test_return_std:           9.1992

[INFO 04:21:09] my_main Recent Stats | t_env:     294000 | Episode:     2940
entropy_loss:              0.0018	ep_length_mean:          100.0000	episode_limit_mean:        1.0000	epsilon:                   0.0500
grad_norm:                 5.4366	healthy_machine_fraction_mean:  0.2306	loss:                      0.3157	mi_loss:                   0.0031
q_taken_mean:              0.5870	return_mean:              52.0780	return_median:            52.3000	return_std:                6.4696
target_mean:               0.5977	td_error_abs:              0.4083	test_ep_length_mean:     100.0000	test_episode_limit_mean:   1.0000
test_healthy_machine_fraction_mean:  0.1394	test_return_mean:         54.6437	test_return_median:       54.8000	test_return_std:           9.1992

[INFO 04:22:00] my_main Recent Stats | t_env:     296000 | Episode:     2960
entropy_loss:              0.0018	ep_length_mean:          100.0000	episode_limit_mean:        1.0000	epsilon:                   0.0500
grad_norm:                 5.4366	healthy_machine_fraction_mean:  0.2306	loss:                      0.3157	mi_loss:                   0.0031
q_taken_mean:              0.5870	return_mean:              52.0780	return_median:            52.3000	return_std:                6.4696
target_mean:               0.5977	td_error_abs:              0.4083	test_ep_length_mean:     100.0000	test_episode_limit_mean:   1.0000
test_healthy_machine_fraction_mean:  0.1394	test_return_mean:         54.6437	test_return_median:       54.8000	test_return_std:           9.1992

[INFO 04:22:51] my_main Recent Stats | t_env:     298000 | Episode:     2980
entropy_loss:              0.0018	ep_length_mean:          100.0000	episode_limit_mean:        1.0000	epsilon:                   0.0500
grad_norm:                 5.4366	healthy_machine_fraction_mean:  0.2306	loss:                      0.3157	mi_loss:                   0.0031
q_taken_mean:              0.5870	return_mean:              52.0780	return_median:            52.3000	return_std:                6.4696
target_mean:               0.5977	td_error_abs:              0.4083	test_ep_length_mean:     100.0000	test_episode_limit_mean:   1.0000
test_healthy_machine_fraction_mean:  0.1394	test_return_mean:         54.6437	test_return_median:       54.8000	test_return_std:           9.1992

[INFO 04:23:42] my_main Recent Stats | t_env:     300000 | Episode:     3000
entropy_loss:              0.0018	ep_length_mean:          100.0000	episode_limit_mean:        1.0000	epsilon:                   0.0500
grad_norm:                 5.4366	healthy_machine_fraction_mean:  0.2306	loss:                      0.3157	mi_loss:                   0.0031
q_taken_mean:              0.5870	return_mean:              52.0780	return_median:            52.3000	return_std:                6.4696
target_mean:               0.5977	td_error_abs:              0.4083	test_ep_length_mean:     100.0000	test_episode_limit_mean:   1.0000
test_healthy_machine_fraction_mean:  0.1394	test_return_mean:         54.6437	test_return_median:       54.8000	test_return_std:           9.1992

[INFO 04:23:45] my_main Updated target network
[INFO 04:23:45] my_main t_env: 300100 / 2050000
[INFO 04:23:45] my_main Estimated time left: 13 hours, 52 minutes, 10 seconds. Time passed: 2 hours, 19 minutes, 35 seconds
[INFO 04:25:03] my_main Recent Stats | t_env:     302000 | Episode:     3020
entropy_loss:              0.0018	ep_length_mean:          100.0000	episode_limit_mean:        1.0000	epsilon:                   0.0500
grad_norm:                 5.4366	healthy_machine_fraction_mean:  0.2382	loss:                      0.3157	mi_loss:                   0.0031
q_taken_mean:              0.5870	return_mean:              52.0020	return_median:            52.1000	return_std:                6.3395
target_mean:               0.5977	td_error_abs:              0.4083	test_ep_length_mean:     100.0000	test_episode_limit_mean:   1.0000
test_healthy_machine_fraction_mean:  0.1506	test_return_mean:         55.0688	test_return_median:       55.4000	test_return_std:           8.7701

[INFO 04:25:54] my_main Recent Stats | t_env:     304000 | Episode:     3040
entropy_loss:              0.0019	ep_length_mean:          100.0000	episode_limit_mean:        1.0000	epsilon:                   0.0500
grad_norm:                 6.9225	healthy_machine_fraction_mean:  0.2382	loss:                      0.3444	mi_loss:                   0.0031
q_taken_mean:              0.6166	return_mean:              52.0020	return_median:            52.1000	return_std:                6.3395
target_mean:               0.6373	td_error_abs:              0.4185	test_ep_length_mean:     100.0000	test_episode_limit_mean:   1.0000
test_healthy_machine_fraction_mean:  0.1506	test_return_mean:         55.0688	test_return_median:       55.4000	test_return_std:           8.7701

[INFO 04:26:45] my_main Recent Stats | t_env:     306000 | Episode:     3060
entropy_loss:              0.0019	ep_length_mean:          100.0000	episode_limit_mean:        1.0000	epsilon:                   0.0500
grad_norm:                 6.9225	healthy_machine_fraction_mean:  0.2382	loss:                      0.3444	mi_loss:                   0.0031
q_taken_mean:              0.6166	return_mean:              52.0020	return_median:            52.1000	return_std:                6.3395
target_mean:               0.6373	td_error_abs:              0.4185	test_ep_length_mean:     100.0000	test_episode_limit_mean:   1.0000
test_healthy_machine_fraction_mean:  0.1506	test_return_mean:         55.0688	test_return_median:       55.4000	test_return_std:           8.7701

[INFO 04:27:36] my_main Recent Stats | t_env:     308000 | Episode:     3080
entropy_loss:              0.0019	ep_length_mean:          100.0000	episode_limit_mean:        1.0000	epsilon:                   0.0500
grad_norm:                 6.9225	healthy_machine_fraction_mean:  0.2382	loss:                      0.3444	mi_loss:                   0.0031
q_taken_mean:              0.6166	return_mean:              52.0020	return_median:            52.1000	return_std:                6.3395
target_mean:               0.6373	td_error_abs:              0.4185	test_ep_length_mean:     100.0000	test_episode_limit_mean:   1.0000
test_healthy_machine_fraction_mean:  0.1506	test_return_mean:         55.0688	test_return_median:       55.4000	test_return_std:           8.7701

[INFO 04:28:27] my_main Recent Stats | t_env:     310000 | Episode:     3100
entropy_loss:              0.0019	ep_length_mean:          100.0000	episode_limit_mean:        1.0000	epsilon:                   0.0500
grad_norm:                 6.9225	healthy_machine_fraction_mean:  0.2382	loss:                      0.3444	mi_loss:                   0.0031
q_taken_mean:              0.6166	return_mean:              52.0020	return_median:            52.1000	return_std:                6.3395
target_mean:               0.6373	td_error_abs:              0.4185	test_ep_length_mean:     100.0000	test_episode_limit_mean:   1.0000
test_healthy_machine_fraction_mean:  0.1506	test_return_mean:         55.0688	test_return_median:       55.4000	test_return_std:           8.7701

[INFO 04:28:30] my_main t_env: 310100 / 2050000
[INFO 04:28:30] my_main Estimated time left: 13 hours, 45 minutes, 50 seconds. Time passed: 2 hours, 24 minutes, 20 seconds
[INFO 04:29:48] my_main Recent Stats | t_env:     312000 | Episode:     3120
entropy_loss:              0.0019	ep_length_mean:          100.0000	episode_limit_mean:        1.0000	epsilon:                   0.0500
grad_norm:                 6.9225	healthy_machine_fraction_mean:  0.2372	loss:                      0.3444	mi_loss:                   0.0031
q_taken_mean:              0.6166	return_mean:              52.2400	return_median:            52.4000	return_std:                6.1331
target_mean:               0.6373	td_error_abs:              0.4185	test_ep_length_mean:     100.0000	test_episode_limit_mean:   1.0000
test_healthy_machine_fraction_mean:  0.1656	test_return_mean:         56.2062	test_return_median:       56.6000	test_return_std:           8.2096

[INFO 04:30:35] my_main Recent Stats | t_env:     314000 | Episode:     3140
entropy_loss:              0.0019	ep_length_mean:          100.0000	episode_limit_mean:        1.0000	epsilon:                   0.0500
grad_norm:                 7.2031	healthy_machine_fraction_mean:  0.2372	loss:                      0.3587	mi_loss:                   0.0032
q_taken_mean:              0.6512	return_mean:              52.2400	return_median:            52.4000	return_std:                6.1331
target_mean:               0.6719	td_error_abs:              0.4263	test_ep_length_mean:     100.0000	test_episode_limit_mean:   1.0000
test_healthy_machine_fraction_mean:  0.1656	test_return_mean:         56.2062	test_return_median:       56.6000	test_return_std:           8.2096

[INFO 04:31:25] my_main Recent Stats | t_env:     316000 | Episode:     3160
entropy_loss:              0.0019	ep_length_mean:          100.0000	episode_limit_mean:        1.0000	epsilon:                   0.0500
grad_norm:                 7.2031	healthy_machine_fraction_mean:  0.2372	loss:                      0.3587	mi_loss:                   0.0032
q_taken_mean:              0.6512	return_mean:              52.2400	return_median:            52.4000	return_std:                6.1331
target_mean:               0.6719	td_error_abs:              0.4263	test_ep_length_mean:     100.0000	test_episode_limit_mean:   1.0000
test_healthy_machine_fraction_mean:  0.1656	test_return_mean:         56.2062	test_return_median:       56.6000	test_return_std:           8.2096

[INFO 04:32:17] my_main Recent Stats | t_env:     318000 | Episode:     3180
entropy_loss:              0.0019	ep_length_mean:          100.0000	episode_limit_mean:        1.0000	epsilon:                   0.0500
grad_norm:                 7.2031	healthy_machine_fraction_mean:  0.2372	loss:                      0.3587	mi_loss:                   0.0032
q_taken_mean:              0.6512	return_mean:              52.2400	return_median:            52.4000	return_std:                6.1331
target_mean:               0.6719	td_error_abs:              0.4263	test_ep_length_mean:     100.0000	test_episode_limit_mean:   1.0000
test_healthy_machine_fraction_mean:  0.1656	test_return_mean:         56.2062	test_return_median:       56.6000	test_return_std:           8.2096

[INFO 04:33:08] my_main Recent Stats | t_env:     320000 | Episode:     3200
entropy_loss:              0.0019	ep_length_mean:          100.0000	episode_limit_mean:        1.0000	epsilon:                   0.0500
grad_norm:                 7.2031	healthy_machine_fraction_mean:  0.2372	loss:                      0.3587	mi_loss:                   0.0032
q_taken_mean:              0.6512	return_mean:              52.2400	return_median:            52.4000	return_std:                6.1331
target_mean:               0.6719	td_error_abs:              0.4263	test_ep_length_mean:     100.0000	test_episode_limit_mean:   1.0000
test_healthy_machine_fraction_mean:  0.1656	test_return_mean:         56.2062	test_return_median:       56.6000	test_return_std:           8.2096

[INFO 04:33:11] my_main Updated target network
[INFO 04:33:11] my_main t_env: 320100 / 2050000
[INFO 04:33:11] my_main Estimated time left: 13 hours, 30 minutes, 41 seconds. Time passed: 2 hours, 29 minutes, 1 seconds
[INFO 04:34:29] my_main Recent Stats | t_env:     322000 | Episode:     3220
entropy_loss:              0.0019	ep_length_mean:          100.0000	episode_limit_mean:        1.0000	epsilon:                   0.0500
grad_norm:                 7.2031	healthy_machine_fraction_mean:  0.2486	loss:                      0.3587	mi_loss:                   0.0032
q_taken_mean:              0.6512	return_mean:              52.3380	return_median:            52.6000	return_std:                5.8679
target_mean:               0.6719	td_error_abs:              0.4263	test_ep_length_mean:     100.0000	test_episode_limit_mean:   1.0000
test_healthy_machine_fraction_mean:  0.1937	test_return_mean:         56.9750	test_return_median:       57.7000	test_return_std:           7.9263

[INFO 04:35:20] my_main Recent Stats | t_env:     324000 | Episode:     3240
entropy_loss:              0.0020	ep_length_mean:          100.0000	episode_limit_mean:        1.0000	epsilon:                   0.0500
grad_norm:                 9.5966	healthy_machine_fraction_mean:  0.2486	loss:                      0.4051	mi_loss:                   0.0033
q_taken_mean:              0.6910	return_mean:              52.3380	return_median:            52.6000	return_std:                5.8679
target_mean:               0.7193	td_error_abs:              0.4504	test_ep_length_mean:     100.0000	test_episode_limit_mean:   1.0000
test_healthy_machine_fraction_mean:  0.1937	test_return_mean:         56.9750	test_return_median:       57.7000	test_return_std:           7.9263

[INFO 04:36:10] my_main Recent Stats | t_env:     326000 | Episode:     3260
entropy_loss:              0.0020	ep_length_mean:          100.0000	episode_limit_mean:        1.0000	epsilon:                   0.0500
grad_norm:                 9.5966	healthy_machine_fraction_mean:  0.2486	loss:                      0.4051	mi_loss:                   0.0033
q_taken_mean:              0.6910	return_mean:              52.3380	return_median:            52.6000	return_std:                5.8679
target_mean:               0.7193	td_error_abs:              0.4504	test_ep_length_mean:     100.0000	test_episode_limit_mean:   1.0000
test_healthy_machine_fraction_mean:  0.1937	test_return_mean:         56.9750	test_return_median:       57.7000	test_return_std:           7.9263

[INFO 04:37:02] my_main Recent Stats | t_env:     328000 | Episode:     3280
entropy_loss:              0.0020	ep_length_mean:          100.0000	episode_limit_mean:        1.0000	epsilon:                   0.0500
grad_norm:                 9.5966	healthy_machine_fraction_mean:  0.2486	loss:                      0.4051	mi_loss:                   0.0033
q_taken_mean:              0.6910	return_mean:              52.3380	return_median:            52.6000	return_std:                5.8679
target_mean:               0.7193	td_error_abs:              0.4504	test_ep_length_mean:     100.0000	test_episode_limit_mean:   1.0000
test_healthy_machine_fraction_mean:  0.1937	test_return_mean:         56.9750	test_return_median:       57.7000	test_return_std:           7.9263

[INFO 04:37:53] my_main Recent Stats | t_env:     330000 | Episode:     3300
entropy_loss:              0.0020	ep_length_mean:          100.0000	episode_limit_mean:        1.0000	epsilon:                   0.0500
grad_norm:                 9.5966	healthy_machine_fraction_mean:  0.2486	loss:                      0.4051	mi_loss:                   0.0033
q_taken_mean:              0.6910	return_mean:              52.3380	return_median:            52.6000	return_std:                5.8679
target_mean:               0.7193	td_error_abs:              0.4504	test_ep_length_mean:     100.0000	test_episode_limit_mean:   1.0000
test_healthy_machine_fraction_mean:  0.1937	test_return_mean:         56.9750	test_return_median:       57.7000	test_return_std:           7.9263

[INFO 04:37:56] my_main t_env: 330100 / 2050000
[INFO 04:37:56] my_main Estimated time left: 13 hours, 36 minutes, 49 seconds. Time passed: 2 hours, 33 minutes, 46 seconds
[INFO 04:39:14] my_main Recent Stats | t_env:     332000 | Episode:     3320
entropy_loss:              0.0020	ep_length_mean:          100.0000	episode_limit_mean:        1.0000	epsilon:                   0.0500
grad_norm:                 9.5966	healthy_machine_fraction_mean:  0.2558	loss:                      0.4051	mi_loss:                   0.0033
q_taken_mean:              0.6910	return_mean:              52.4080	return_median:            52.6000	return_std:                6.0176
target_mean:               0.7193	td_error_abs:              0.4504	test_ep_length_mean:     100.0000	test_episode_limit_mean:   1.0000
test_healthy_machine_fraction_mean:  0.2406	test_return_mean:         57.5625	test_return_median:       58.1000	test_return_std:           7.7647

[INFO 04:40:06] my_main Recent Stats | t_env:     334000 | Episode:     3340
entropy_loss:              0.0020	ep_length_mean:          100.0000	episode_limit_mean:        1.0000	epsilon:                   0.0500
grad_norm:                 8.9214	healthy_machine_fraction_mean:  0.2558	loss:                      0.3955	mi_loss:                   0.0034
q_taken_mean:              0.7226	return_mean:              52.4080	return_median:            52.6000	return_std:                6.0176
target_mean:               0.7481	td_error_abs:              0.4452	test_ep_length_mean:     100.0000	test_episode_limit_mean:   1.0000
test_healthy_machine_fraction_mean:  0.2406	test_return_mean:         57.5625	test_return_median:       58.1000	test_return_std:           7.7647

[INFO 04:40:57] my_main Recent Stats | t_env:     336000 | Episode:     3360
entropy_loss:              0.0020	ep_length_mean:          100.0000	episode_limit_mean:        1.0000	epsilon:                   0.0500
grad_norm:                 8.9214	healthy_machine_fraction_mean:  0.2558	loss:                      0.3955	mi_loss:                   0.0034
q_taken_mean:              0.7226	return_mean:              52.4080	return_median:            52.6000	return_std:                6.0176
target_mean:               0.7481	td_error_abs:              0.4452	test_ep_length_mean:     100.0000	test_episode_limit_mean:   1.0000
test_healthy_machine_fraction_mean:  0.2406	test_return_mean:         57.5625	test_return_median:       58.1000	test_return_std:           7.7647

[INFO 04:41:48] my_main Recent Stats | t_env:     338000 | Episode:     3380
entropy_loss:              0.0020	ep_length_mean:          100.0000	episode_limit_mean:        1.0000	epsilon:                   0.0500
grad_norm:                 8.9214	healthy_machine_fraction_mean:  0.2558	loss:                      0.3955	mi_loss:                   0.0034
q_taken_mean:              0.7226	return_mean:              52.4080	return_median:            52.6000	return_std:                6.0176
target_mean:               0.7481	td_error_abs:              0.4452	test_ep_length_mean:     100.0000	test_episode_limit_mean:   1.0000
test_healthy_machine_fraction_mean:  0.2406	test_return_mean:         57.5625	test_return_median:       58.1000	test_return_std:           7.7647

[INFO 04:42:40] my_main Recent Stats | t_env:     340000 | Episode:     3400
entropy_loss:              0.0020	ep_length_mean:          100.0000	episode_limit_mean:        1.0000	epsilon:                   0.0500
grad_norm:                 8.9214	healthy_machine_fraction_mean:  0.2558	loss:                      0.3955	mi_loss:                   0.0034
q_taken_mean:              0.7226	return_mean:              52.4080	return_median:            52.6000	return_std:                6.0176
target_mean:               0.7481	td_error_abs:              0.4452	test_ep_length_mean:     100.0000	test_episode_limit_mean:   1.0000
test_healthy_machine_fraction_mean:  0.2406	test_return_mean:         57.5625	test_return_median:       58.1000	test_return_std:           7.7647

[INFO 04:42:42] my_main Updated target network
[INFO 04:42:42] my_main t_env: 340100 / 2050000
[INFO 04:42:42] my_main Estimated time left: 13 hours, 37 minutes, 1 seconds. Time passed: 2 hours, 38 minutes, 33 seconds
[INFO 04:44:00] my_main Recent Stats | t_env:     342000 | Episode:     3420
entropy_loss:              0.0020	ep_length_mean:          100.0000	episode_limit_mean:        1.0000	epsilon:                   0.0500
grad_norm:                 8.9214	healthy_machine_fraction_mean:  0.2666	loss:                      0.3955	mi_loss:                   0.0034
q_taken_mean:              0.7226	return_mean:              52.5980	return_median:            52.6000	return_std:                6.0806
target_mean:               0.7481	td_error_abs:              0.4452	test_ep_length_mean:     100.0000	test_episode_limit_mean:   1.0000
test_healthy_machine_fraction_mean:  0.2581	test_return_mean:         57.4625	test_return_median:       58.3000	test_return_std:           7.8996

[INFO 04:44:52] my_main Recent Stats | t_env:     344000 | Episode:     3440
entropy_loss:              0.0020	ep_length_mean:          100.0000	episode_limit_mean:        1.0000	epsilon:                   0.0500
grad_norm:                10.2082	healthy_machine_fraction_mean:  0.2666	loss:                      0.4154	mi_loss:                   0.0035
q_taken_mean:              0.7577	return_mean:              52.5980	return_median:            52.6000	return_std:                6.0806
target_mean:               0.7866	td_error_abs:              0.4604	test_ep_length_mean:     100.0000	test_episode_limit_mean:   1.0000
test_healthy_machine_fraction_mean:  0.2581	test_return_mean:         57.4625	test_return_median:       58.3000	test_return_std:           7.8996

[INFO 04:45:43] my_main Recent Stats | t_env:     346000 | Episode:     3460
entropy_loss:              0.0020	ep_length_mean:          100.0000	episode_limit_mean:        1.0000	epsilon:                   0.0500
grad_norm:                10.2082	healthy_machine_fraction_mean:  0.2666	loss:                      0.4154	mi_loss:                   0.0035
q_taken_mean:              0.7577	return_mean:              52.5980	return_median:            52.6000	return_std:                6.0806
target_mean:               0.7866	td_error_abs:              0.4604	test_ep_length_mean:     100.0000	test_episode_limit_mean:   1.0000
test_healthy_machine_fraction_mean:  0.2581	test_return_mean:         57.4625	test_return_median:       58.3000	test_return_std:           7.8996

[INFO 04:46:35] my_main Recent Stats | t_env:     348000 | Episode:     3480
entropy_loss:              0.0020	ep_length_mean:          100.0000	episode_limit_mean:        1.0000	epsilon:                   0.0500
grad_norm:                10.2082	healthy_machine_fraction_mean:  0.2666	loss:                      0.4154	mi_loss:                   0.0035
q_taken_mean:              0.7577	return_mean:              52.5980	return_median:            52.6000	return_std:                6.0806
target_mean:               0.7866	td_error_abs:              0.4604	test_ep_length_mean:     100.0000	test_episode_limit_mean:   1.0000
test_healthy_machine_fraction_mean:  0.2581	test_return_mean:         57.4625	test_return_median:       58.3000	test_return_std:           7.8996

[INFO 04:47:26] my_main Recent Stats | t_env:     350000 | Episode:     3500
entropy_loss:              0.0020	ep_length_mean:          100.0000	episode_limit_mean:        1.0000	epsilon:                   0.0500
grad_norm:                10.2082	healthy_machine_fraction_mean:  0.2666	loss:                      0.4154	mi_loss:                   0.0035
q_taken_mean:              0.7577	return_mean:              52.5980	return_median:            52.6000	return_std:                6.0806
target_mean:               0.7866	td_error_abs:              0.4604	test_ep_length_mean:     100.0000	test_episode_limit_mean:   1.0000
test_healthy_machine_fraction_mean:  0.2581	test_return_mean:         57.4625	test_return_median:       58.3000	test_return_std:           7.8996

[INFO 04:47:29] my_main t_env: 350100 / 2050000
[INFO 04:47:29] my_main Estimated time left: 13 hours, 31 minutes, 41 seconds. Time passed: 2 hours, 43 minutes, 19 seconds
[INFO 04:48:48] my_main Recent Stats | t_env:     352000 | Episode:     3520
entropy_loss:              0.0020	ep_length_mean:          100.0000	episode_limit_mean:        1.0000	epsilon:                   0.0500
grad_norm:                10.2082	healthy_machine_fraction_mean:  0.2772	loss:                      0.4154	mi_loss:                   0.0035
q_taken_mean:              0.7577	return_mean:              53.4120	return_median:            53.4000	return_std:                6.1125
target_mean:               0.7866	td_error_abs:              0.4604	test_ep_length_mean:     100.0000	test_episode_limit_mean:   1.0000
test_healthy_machine_fraction_mean:  0.2819	test_return_mean:         58.0562	test_return_median:       58.8000	test_return_std:           7.4933

[INFO 04:49:39] my_main Recent Stats | t_env:     354000 | Episode:     3540
entropy_loss:              0.0021	ep_length_mean:          100.0000	episode_limit_mean:        1.0000	epsilon:                   0.0500
grad_norm:                 9.5979	healthy_machine_fraction_mean:  0.2772	loss:                      0.3996	mi_loss:                   0.0035
q_taken_mean:              0.7801	return_mean:              53.4120	return_median:            53.4000	return_std:                6.1125
target_mean:               0.8066	td_error_abs:              0.4506	test_ep_length_mean:     100.0000	test_episode_limit_mean:   1.0000
test_healthy_machine_fraction_mean:  0.2819	test_return_mean:         58.0562	test_return_median:       58.8000	test_return_std:           7.4933

[INFO 04:50:29] my_main Recent Stats | t_env:     356000 | Episode:     3560
entropy_loss:              0.0021	ep_length_mean:          100.0000	episode_limit_mean:        1.0000	epsilon:                   0.0500
grad_norm:                 9.5979	healthy_machine_fraction_mean:  0.2772	loss:                      0.3996	mi_loss:                   0.0035
q_taken_mean:              0.7801	return_mean:              53.4120	return_median:            53.4000	return_std:                6.1125
target_mean:               0.8066	td_error_abs:              0.4506	test_ep_length_mean:     100.0000	test_episode_limit_mean:   1.0000
test_healthy_machine_fraction_mean:  0.2819	test_return_mean:         58.0562	test_return_median:       58.8000	test_return_std:           7.4933

[INFO 04:51:21] my_main Recent Stats | t_env:     358000 | Episode:     3580
entropy_loss:              0.0021	ep_length_mean:          100.0000	episode_limit_mean:        1.0000	epsilon:                   0.0500
grad_norm:                 9.5979	healthy_machine_fraction_mean:  0.2772	loss:                      0.3996	mi_loss:                   0.0035
q_taken_mean:              0.7801	return_mean:              53.4120	return_median:            53.4000	return_std:                6.1125
target_mean:               0.8066	td_error_abs:              0.4506	test_ep_length_mean:     100.0000	test_episode_limit_mean:   1.0000
test_healthy_machine_fraction_mean:  0.2819	test_return_mean:         58.0562	test_return_median:       58.8000	test_return_std:           7.4933

[INFO 04:52:12] my_main Recent Stats | t_env:     360000 | Episode:     3600
entropy_loss:              0.0021	ep_length_mean:          100.0000	episode_limit_mean:        1.0000	epsilon:                   0.0500
grad_norm:                 9.5979	healthy_machine_fraction_mean:  0.2772	loss:                      0.3996	mi_loss:                   0.0035
q_taken_mean:              0.7801	return_mean:              53.4120	return_median:            53.4000	return_std:                6.1125
target_mean:               0.8066	td_error_abs:              0.4506	test_ep_length_mean:     100.0000	test_episode_limit_mean:   1.0000
test_healthy_machine_fraction_mean:  0.2819	test_return_mean:         58.0562	test_return_median:       58.8000	test_return_std:           7.4933

[INFO 04:52:14] my_main Updated target network
[INFO 04:52:14] my_main t_env: 360100 / 2050000
[INFO 04:52:14] my_main Estimated time left: 13 hours, 23 minutes, 48 seconds. Time passed: 2 hours, 48 minutes, 5 seconds
[INFO 04:53:33] my_main Recent Stats | t_env:     362000 | Episode:     3620
entropy_loss:              0.0021	ep_length_mean:          100.0000	episode_limit_mean:        1.0000	epsilon:                   0.0500
grad_norm:                 9.5979	healthy_machine_fraction_mean:  0.2860	loss:                      0.3996	mi_loss:                   0.0035
q_taken_mean:              0.7801	return_mean:              54.0040	return_median:            54.0000	return_std:                6.0005
target_mean:               0.8066	td_error_abs:              0.4506	test_ep_length_mean:     100.0000	test_episode_limit_mean:   1.0000
test_healthy_machine_fraction_mean:  0.2844	test_return_mean:         57.2750	test_return_median:       58.2000	test_return_std:           7.4691

[INFO 04:54:24] my_main Recent Stats | t_env:     364000 | Episode:     3640
entropy_loss:              0.0021	ep_length_mean:          100.0000	episode_limit_mean:        1.0000	epsilon:                   0.0500
grad_norm:                10.1762	healthy_machine_fraction_mean:  0.2860	loss:                      0.4016	mi_loss:                   0.0036
q_taken_mean:              0.8112	return_mean:              54.0040	return_median:            54.0000	return_std:                6.0005
target_mean:               0.8386	td_error_abs:              0.4515	test_ep_length_mean:     100.0000	test_episode_limit_mean:   1.0000
test_healthy_machine_fraction_mean:  0.2844	test_return_mean:         57.2750	test_return_median:       58.2000	test_return_std:           7.4691

[INFO 04:55:15] my_main Recent Stats | t_env:     366000 | Episode:     3660
entropy_loss:              0.0021	ep_length_mean:          100.0000	episode_limit_mean:        1.0000	epsilon:                   0.0500
grad_norm:                10.1762	healthy_machine_fraction_mean:  0.2860	loss:                      0.4016	mi_loss:                   0.0036
q_taken_mean:              0.8112	return_mean:              54.0040	return_median:            54.0000	return_std:                6.0005
target_mean:               0.8386	td_error_abs:              0.4515	test_ep_length_mean:     100.0000	test_episode_limit_mean:   1.0000
test_healthy_machine_fraction_mean:  0.2844	test_return_mean:         57.2750	test_return_median:       58.2000	test_return_std:           7.4691

[INFO 04:56:05] my_main Recent Stats | t_env:     368000 | Episode:     3680
entropy_loss:              0.0021	ep_length_mean:          100.0000	episode_limit_mean:        1.0000	epsilon:                   0.0500
grad_norm:                10.1762	healthy_machine_fraction_mean:  0.2860	loss:                      0.4016	mi_loss:                   0.0036
q_taken_mean:              0.8112	return_mean:              54.0040	return_median:            54.0000	return_std:                6.0005
target_mean:               0.8386	td_error_abs:              0.4515	test_ep_length_mean:     100.0000	test_episode_limit_mean:   1.0000
test_healthy_machine_fraction_mean:  0.2844	test_return_mean:         57.2750	test_return_median:       58.2000	test_return_std:           7.4691

[INFO 04:56:57] my_main Recent Stats | t_env:     370000 | Episode:     3700
entropy_loss:              0.0021	ep_length_mean:          100.0000	episode_limit_mean:        1.0000	epsilon:                   0.0500
grad_norm:                10.1762	healthy_machine_fraction_mean:  0.2860	loss:                      0.4016	mi_loss:                   0.0036
q_taken_mean:              0.8112	return_mean:              54.0040	return_median:            54.0000	return_std:                6.0005
target_mean:               0.8386	td_error_abs:              0.4515	test_ep_length_mean:     100.0000	test_episode_limit_mean:   1.0000
test_healthy_machine_fraction_mean:  0.2844	test_return_mean:         57.2750	test_return_median:       58.2000	test_return_std:           7.4691

[INFO 04:56:59] my_main t_env: 370100 / 2050000
[INFO 04:56:59] my_main Estimated time left: 13 hours, 18 minutes, 2 seconds. Time passed: 2 hours, 52 minutes, 50 seconds
[INFO 04:58:17] my_main Recent Stats | t_env:     372000 | Episode:     3720
entropy_loss:              0.0021	ep_length_mean:          100.0000	episode_limit_mean:        1.0000	epsilon:                   0.0500
grad_norm:                10.1762	healthy_machine_fraction_mean:  0.2860	loss:                      0.4016	mi_loss:                   0.0036
q_taken_mean:              0.8112	return_mean:              54.2860	return_median:            54.2000	return_std:                6.2427
target_mean:               0.8386	td_error_abs:              0.4515	test_ep_length_mean:     100.0000	test_episode_limit_mean:   1.0000
test_healthy_machine_fraction_mean:  0.2894	test_return_mean:         57.2812	test_return_median:       58.1000	test_return_std:           7.2542

[INFO 04:59:08] my_main Recent Stats | t_env:     374000 | Episode:     3740
entropy_loss:              0.0021	ep_length_mean:          100.0000	episode_limit_mean:        1.0000	epsilon:                   0.0500
grad_norm:                 9.8446	healthy_machine_fraction_mean:  0.2860	loss:                      0.3893	mi_loss:                   0.0036
q_taken_mean:              0.8360	return_mean:              54.2860	return_median:            54.2000	return_std:                6.2427
target_mean:               0.8621	td_error_abs:              0.4455	test_ep_length_mean:     100.0000	test_episode_limit_mean:   1.0000
test_healthy_machine_fraction_mean:  0.2894	test_return_mean:         57.2812	test_return_median:       58.1000	test_return_std:           7.2542

[INFO 04:59:59] my_main Recent Stats | t_env:     376000 | Episode:     3760
entropy_loss:              0.0021	ep_length_mean:          100.0000	episode_limit_mean:        1.0000	epsilon:                   0.0500
grad_norm:                 9.8446	healthy_machine_fraction_mean:  0.2860	loss:                      0.3893	mi_loss:                   0.0036
q_taken_mean:              0.8360	return_mean:              54.2860	return_median:            54.2000	return_std:                6.2427
target_mean:               0.8621	td_error_abs:              0.4455	test_ep_length_mean:     100.0000	test_episode_limit_mean:   1.0000
test_healthy_machine_fraction_mean:  0.2894	test_return_mean:         57.2812	test_return_median:       58.1000	test_return_std:           7.2542

[INFO 05:00:50] my_main Recent Stats | t_env:     378000 | Episode:     3780
entropy_loss:              0.0021	ep_length_mean:          100.0000	episode_limit_mean:        1.0000	epsilon:                   0.0500
grad_norm:                 9.8446	healthy_machine_fraction_mean:  0.2860	loss:                      0.3893	mi_loss:                   0.0036
q_taken_mean:              0.8360	return_mean:              54.2860	return_median:            54.2000	return_std:                6.2427
target_mean:               0.8621	td_error_abs:              0.4455	test_ep_length_mean:     100.0000	test_episode_limit_mean:   1.0000
test_healthy_machine_fraction_mean:  0.2894	test_return_mean:         57.2812	test_return_median:       58.1000	test_return_std:           7.2542

[INFO 05:01:41] my_main Recent Stats | t_env:     380000 | Episode:     3800
entropy_loss:              0.0021	ep_length_mean:          100.0000	episode_limit_mean:        1.0000	epsilon:                   0.0500
grad_norm:                 9.8446	healthy_machine_fraction_mean:  0.2860	loss:                      0.3893	mi_loss:                   0.0036
q_taken_mean:              0.8360	return_mean:              54.2860	return_median:            54.2000	return_std:                6.2427
target_mean:               0.8621	td_error_abs:              0.4455	test_ep_length_mean:     100.0000	test_episode_limit_mean:   1.0000
test_healthy_machine_fraction_mean:  0.2894	test_return_mean:         57.2812	test_return_median:       58.1000	test_return_std:           7.2542

[INFO 05:01:44] my_main Updated target network
[INFO 05:01:44] my_main t_env: 380100 / 2050000
[INFO 05:01:44] my_main Estimated time left: 13 hours, 11 minutes, 32 seconds. Time passed: 2 hours, 57 minutes, 34 seconds
[INFO 05:03:02] my_main Recent Stats | t_env:     382000 | Episode:     3820
entropy_loss:              0.0021	ep_length_mean:          100.0000	episode_limit_mean:        1.0000	epsilon:                   0.0500
grad_norm:                 9.8446	healthy_machine_fraction_mean:  0.2912	loss:                      0.3893	mi_loss:                   0.0036
q_taken_mean:              0.8360	return_mean:              54.6680	return_median:            54.7000	return_std:                6.0152
target_mean:               0.8621	td_error_abs:              0.4455	test_ep_length_mean:     100.0000	test_episode_limit_mean:   1.0000
test_healthy_machine_fraction_mean:  0.2431	test_return_mean:         57.5000	test_return_median:       58.7000	test_return_std:           7.4821

[INFO 05:03:53] my_main Recent Stats | t_env:     384000 | Episode:     3840
entropy_loss:              0.0022	ep_length_mean:          100.0000	episode_limit_mean:        1.0000	epsilon:                   0.0500
grad_norm:                10.8498	healthy_machine_fraction_mean:  0.2912	loss:                      0.3951	mi_loss:                   0.0036
q_taken_mean:              0.8662	return_mean:              54.6680	return_median:            54.7000	return_std:                6.0152
target_mean:               0.8946	td_error_abs:              0.4496	test_ep_length_mean:     100.0000	test_episode_limit_mean:   1.0000
test_healthy_machine_fraction_mean:  0.2431	test_return_mean:         57.5000	test_return_median:       58.7000	test_return_std:           7.4821

[INFO 05:04:44] my_main Recent Stats | t_env:     386000 | Episode:     3860
entropy_loss:              0.0022	ep_length_mean:          100.0000	episode_limit_mean:        1.0000	epsilon:                   0.0500
grad_norm:                10.8498	healthy_machine_fraction_mean:  0.2912	loss:                      0.3951	mi_loss:                   0.0036
q_taken_mean:              0.8662	return_mean:              54.6680	return_median:            54.7000	return_std:                6.0152
target_mean:               0.8946	td_error_abs:              0.4496	test_ep_length_mean:     100.0000	test_episode_limit_mean:   1.0000
test_healthy_machine_fraction_mean:  0.2431	test_return_mean:         57.5000	test_return_median:       58.7000	test_return_std:           7.4821

[INFO 05:05:36] my_main Recent Stats | t_env:     388000 | Episode:     3880
entropy_loss:              0.0022	ep_length_mean:          100.0000	episode_limit_mean:        1.0000	epsilon:                   0.0500
grad_norm:                10.8498	healthy_machine_fraction_mean:  0.2912	loss:                      0.3951	mi_loss:                   0.0036
q_taken_mean:              0.8662	return_mean:              54.6680	return_median:            54.7000	return_std:                6.0152
target_mean:               0.8946	td_error_abs:              0.4496	test_ep_length_mean:     100.0000	test_episode_limit_mean:   1.0000
test_healthy_machine_fraction_mean:  0.2431	test_return_mean:         57.5000	test_return_median:       58.7000	test_return_std:           7.4821

[INFO 05:06:27] my_main Recent Stats | t_env:     390000 | Episode:     3900
entropy_loss:              0.0022	ep_length_mean:          100.0000	episode_limit_mean:        1.0000	epsilon:                   0.0500
grad_norm:                10.8498	healthy_machine_fraction_mean:  0.2912	loss:                      0.3951	mi_loss:                   0.0036
q_taken_mean:              0.8662	return_mean:              54.6680	return_median:            54.7000	return_std:                6.0152
target_mean:               0.8946	td_error_abs:              0.4496	test_ep_length_mean:     100.0000	test_episode_limit_mean:   1.0000
test_healthy_machine_fraction_mean:  0.2431	test_return_mean:         57.5000	test_return_median:       58.7000	test_return_std:           7.4821

[INFO 05:06:29] my_main t_env: 390100 / 2050000
[INFO 05:06:29] my_main Estimated time left: 13 hours, 9 minutes, 28 seconds. Time passed: 3 hours, 2 minutes, 19 seconds
[INFO 05:07:43] my_main Recent Stats | t_env:     392000 | Episode:     3920
entropy_loss:              0.0022	ep_length_mean:          100.0000	episode_limit_mean:        1.0000	epsilon:                   0.0500
grad_norm:                10.8498	healthy_machine_fraction_mean:  0.2874	loss:                      0.3951	mi_loss:                   0.0036
q_taken_mean:              0.8662	return_mean:              54.9860	return_median:            55.1000	return_std:                5.8854
target_mean:               0.8946	td_error_abs:              0.4496	test_ep_length_mean:     100.0000	test_episode_limit_mean:   1.0000
test_healthy_machine_fraction_mean:  0.2425	test_return_mean:         58.0938	test_return_median:       59.1000	test_return_std:           7.2232

[INFO 05:08:34] my_main Recent Stats | t_env:     394000 | Episode:     3940
entropy_loss:              0.0022	ep_length_mean:          100.0000	episode_limit_mean:        1.0000	epsilon:                   0.0500
grad_norm:                11.0433	healthy_machine_fraction_mean:  0.2874	loss:                      0.3990	mi_loss:                   0.0037
q_taken_mean:              0.8930	return_mean:              54.9860	return_median:            55.1000	return_std:                5.8854
target_mean:               0.9211	td_error_abs:              0.4502	test_ep_length_mean:     100.0000	test_episode_limit_mean:   1.0000
test_healthy_machine_fraction_mean:  0.2425	test_return_mean:         58.0938	test_return_median:       59.1000	test_return_std:           7.2232

[INFO 05:09:25] my_main Recent Stats | t_env:     396000 | Episode:     3960
entropy_loss:              0.0022	ep_length_mean:          100.0000	episode_limit_mean:        1.0000	epsilon:                   0.0500
grad_norm:                11.0433	healthy_machine_fraction_mean:  0.2874	loss:                      0.3990	mi_loss:                   0.0037
q_taken_mean:              0.8930	return_mean:              54.9860	return_median:            55.1000	return_std:                5.8854
target_mean:               0.9211	td_error_abs:              0.4502	test_ep_length_mean:     100.0000	test_episode_limit_mean:   1.0000
test_healthy_machine_fraction_mean:  0.2425	test_return_mean:         58.0938	test_return_median:       59.1000	test_return_std:           7.2232

[INFO 05:10:15] my_main Recent Stats | t_env:     398000 | Episode:     3980
entropy_loss:              0.0022	ep_length_mean:          100.0000	episode_limit_mean:        1.0000	epsilon:                   0.0500
grad_norm:                11.0433	healthy_machine_fraction_mean:  0.2874	loss:                      0.3990	mi_loss:                   0.0037
q_taken_mean:              0.8930	return_mean:              54.9860	return_median:            55.1000	return_std:                5.8854
target_mean:               0.9211	td_error_abs:              0.4502	test_ep_length_mean:     100.0000	test_episode_limit_mean:   1.0000
test_healthy_machine_fraction_mean:  0.2425	test_return_mean:         58.0938	test_return_median:       59.1000	test_return_std:           7.2232

[INFO 05:11:07] my_main Recent Stats | t_env:     400000 | Episode:     4000
entropy_loss:              0.0022	ep_length_mean:          100.0000	episode_limit_mean:        1.0000	epsilon:                   0.0500
grad_norm:                11.0433	healthy_machine_fraction_mean:  0.2874	loss:                      0.3990	mi_loss:                   0.0037
q_taken_mean:              0.8930	return_mean:              54.9860	return_median:            55.1000	return_std:                5.8854
target_mean:               0.9211	td_error_abs:              0.4502	test_ep_length_mean:     100.0000	test_episode_limit_mean:   1.0000
test_healthy_machine_fraction_mean:  0.2425	test_return_mean:         58.0938	test_return_median:       59.1000	test_return_std:           7.2232

[INFO 05:11:09] my_main Updated target network
[INFO 05:11:09] my_main t_env: 400100 / 2050000
[INFO 05:11:09] my_main Estimated time left: 12 hours, 50 minutes, 6 seconds. Time passed: 3 hours, 6 minutes, 59 seconds
[INFO 05:12:27] my_main Recent Stats | t_env:     402000 | Episode:     4020
entropy_loss:              0.0022	ep_length_mean:          100.0000	episode_limit_mean:        1.0000	epsilon:                   0.0500
grad_norm:                11.0433	healthy_machine_fraction_mean:  0.2852	loss:                      0.3990	mi_loss:                   0.0037
q_taken_mean:              0.8930	return_mean:              55.0740	return_median:            55.3000	return_std:                6.0567
target_mean:               0.9211	td_error_abs:              0.4502	test_ep_length_mean:     100.0000	test_episode_limit_mean:   1.0000
test_healthy_machine_fraction_mean:  0.2294	test_return_mean:         58.3312	test_return_median:       59.5000	test_return_std:           7.3244

[INFO 05:13:19] my_main Recent Stats | t_env:     404000 | Episode:     4040
entropy_loss:              0.0022	ep_length_mean:          100.0000	episode_limit_mean:        1.0000	epsilon:                   0.0500
grad_norm:                11.6859	healthy_machine_fraction_mean:  0.2852	loss:                      0.4045	mi_loss:                   0.0037
q_taken_mean:              0.9327	return_mean:              55.0740	return_median:            55.3000	return_std:                6.0567
target_mean:               0.9505	td_error_abs:              0.4645	test_ep_length_mean:     100.0000	test_episode_limit_mean:   1.0000
test_healthy_machine_fraction_mean:  0.2294	test_return_mean:         58.3312	test_return_median:       59.5000	test_return_std:           7.3244

[INFO 05:14:10] my_main Recent Stats | t_env:     406000 | Episode:     4060
entropy_loss:              0.0022	ep_length_mean:          100.0000	episode_limit_mean:        1.0000	epsilon:                   0.0500
grad_norm:                11.6859	healthy_machine_fraction_mean:  0.2852	loss:                      0.4045	mi_loss:                   0.0037
q_taken_mean:              0.9327	return_mean:              55.0740	return_median:            55.3000	return_std:                6.0567
target_mean:               0.9505	td_error_abs:              0.4645	test_ep_length_mean:     100.0000	test_episode_limit_mean:   1.0000
test_healthy_machine_fraction_mean:  0.2294	test_return_mean:         58.3312	test_return_median:       59.5000	test_return_std:           7.3244

[INFO 05:15:01] my_main Recent Stats | t_env:     408000 | Episode:     4080
entropy_loss:              0.0022	ep_length_mean:          100.0000	episode_limit_mean:        1.0000	epsilon:                   0.0500
grad_norm:                11.6859	healthy_machine_fraction_mean:  0.2852	loss:                      0.4045	mi_loss:                   0.0037
q_taken_mean:              0.9327	return_mean:              55.0740	return_median:            55.3000	return_std:                6.0567
target_mean:               0.9505	td_error_abs:              0.4645	test_ep_length_mean:     100.0000	test_episode_limit_mean:   1.0000
test_healthy_machine_fraction_mean:  0.2294	test_return_mean:         58.3312	test_return_median:       59.5000	test_return_std:           7.3244

[INFO 05:15:53] my_main Recent Stats | t_env:     410000 | Episode:     4100
entropy_loss:              0.0022	ep_length_mean:          100.0000	episode_limit_mean:        1.0000	epsilon:                   0.0500
grad_norm:                11.6859	healthy_machine_fraction_mean:  0.2852	loss:                      0.4045	mi_loss:                   0.0037
q_taken_mean:              0.9327	return_mean:              55.0740	return_median:            55.3000	return_std:                6.0567
target_mean:               0.9505	td_error_abs:              0.4645	test_ep_length_mean:     100.0000	test_episode_limit_mean:   1.0000
test_healthy_machine_fraction_mean:  0.2294	test_return_mean:         58.3312	test_return_median:       59.5000	test_return_std:           7.3244

[INFO 05:15:55] my_main t_env: 410100 / 2050000
[INFO 05:15:55] my_main Estimated time left: 13 hours, 2 minutes, 22 seconds. Time passed: 3 hours, 11 minutes, 46 seconds
[INFO 05:17:14] my_main Recent Stats | t_env:     412000 | Episode:     4120
entropy_loss:              0.0022	ep_length_mean:          100.0000	episode_limit_mean:        1.0000	epsilon:                   0.0500
grad_norm:                11.6859	healthy_machine_fraction_mean:  0.2874	loss:                      0.4045	mi_loss:                   0.0037
q_taken_mean:              0.9327	return_mean:              55.2120	return_median:            55.5000	return_std:                6.1216
target_mean:               0.9505	td_error_abs:              0.4645	test_ep_length_mean:     100.0000	test_episode_limit_mean:   1.0000
test_healthy_machine_fraction_mean:  0.2294	test_return_mean:         59.0187	test_return_median:       59.8000	test_return_std:           7.7004

[INFO 05:18:05] my_main Recent Stats | t_env:     414000 | Episode:     4140
entropy_loss:              0.0021	ep_length_mean:          100.0000	episode_limit_mean:        1.0000	epsilon:                   0.0500
grad_norm:                11.3085	healthy_machine_fraction_mean:  0.2874	loss:                      0.3919	mi_loss:                   0.0038
q_taken_mean:              0.9587	return_mean:              55.2120	return_median:            55.5000	return_std:                6.1216
target_mean:               0.9657	td_error_abs:              0.4663	test_ep_length_mean:     100.0000	test_episode_limit_mean:   1.0000
test_healthy_machine_fraction_mean:  0.2294	test_return_mean:         59.0187	test_return_median:       59.8000	test_return_std:           7.7004

[INFO 05:18:56] my_main Recent Stats | t_env:     416000 | Episode:     4160
entropy_loss:              0.0021	ep_length_mean:          100.0000	episode_limit_mean:        1.0000	epsilon:                   0.0500
grad_norm:                11.3085	healthy_machine_fraction_mean:  0.2874	loss:                      0.3919	mi_loss:                   0.0038
q_taken_mean:              0.9587	return_mean:              55.2120	return_median:            55.5000	return_std:                6.1216
target_mean:               0.9657	td_error_abs:              0.4663	test_ep_length_mean:     100.0000	test_episode_limit_mean:   1.0000
test_healthy_machine_fraction_mean:  0.2294	test_return_mean:         59.0187	test_return_median:       59.8000	test_return_std:           7.7004

[INFO 05:19:47] my_main Recent Stats | t_env:     418000 | Episode:     4180
entropy_loss:              0.0021	ep_length_mean:          100.0000	episode_limit_mean:        1.0000	epsilon:                   0.0500
grad_norm:                11.3085	healthy_machine_fraction_mean:  0.2874	loss:                      0.3919	mi_loss:                   0.0038
q_taken_mean:              0.9587	return_mean:              55.2120	return_median:            55.5000	return_std:                6.1216
target_mean:               0.9657	td_error_abs:              0.4663	test_ep_length_mean:     100.0000	test_episode_limit_mean:   1.0000
test_healthy_machine_fraction_mean:  0.2294	test_return_mean:         59.0187	test_return_median:       59.8000	test_return_std:           7.7004

[INFO 05:20:38] my_main Recent Stats | t_env:     420000 | Episode:     4200
entropy_loss:              0.0021	ep_length_mean:          100.0000	episode_limit_mean:        1.0000	epsilon:                   0.0500
grad_norm:                11.3085	healthy_machine_fraction_mean:  0.2874	loss:                      0.3919	mi_loss:                   0.0038
q_taken_mean:              0.9587	return_mean:              55.2120	return_median:            55.5000	return_std:                6.1216
target_mean:               0.9657	td_error_abs:              0.4663	test_ep_length_mean:     100.0000	test_episode_limit_mean:   1.0000
test_healthy_machine_fraction_mean:  0.2294	test_return_mean:         59.0187	test_return_median:       59.8000	test_return_std:           7.7004

[INFO 05:20:41] my_main Updated target network
[INFO 05:20:41] my_main t_env: 420100 / 2050000
[INFO 05:20:41] my_main Estimated time left: 12 hours, 55 minutes, 13 seconds. Time passed: 3 hours, 16 minutes, 31 seconds
[INFO 05:21:59] my_main Recent Stats | t_env:     422000 | Episode:     4220
entropy_loss:              0.0021	ep_length_mean:          100.0000	episode_limit_mean:        1.0000	epsilon:                   0.0500
grad_norm:                11.3085	healthy_machine_fraction_mean:  0.2806	loss:                      0.3919	mi_loss:                   0.0038
q_taken_mean:              0.9587	return_mean:              55.8480	return_median:            56.1000	return_std:                6.0212
target_mean:               0.9657	td_error_abs:              0.4663	test_ep_length_mean:     100.0000	test_episode_limit_mean:   1.0000
test_healthy_machine_fraction_mean:  0.2406	test_return_mean:         60.4250	test_return_median:       61.1000	test_return_std:           7.4786

[INFO 05:22:50] my_main Recent Stats | t_env:     424000 | Episode:     4240
entropy_loss:              0.0021	ep_length_mean:          100.0000	episode_limit_mean:        1.0000	epsilon:                   0.0500
grad_norm:                10.7902	healthy_machine_fraction_mean:  0.2806	loss:                      0.3781	mi_loss:                   0.0038
q_taken_mean:              0.9964	return_mean:              55.8480	return_median:            56.1000	return_std:                6.0212
target_mean:               0.9938	td_error_abs:              0.4675	test_ep_length_mean:     100.0000	test_episode_limit_mean:   1.0000
test_healthy_machine_fraction_mean:  0.2406	test_return_mean:         60.4250	test_return_median:       61.1000	test_return_std:           7.4786

[INFO 05:23:41] my_main Recent Stats | t_env:     426000 | Episode:     4260
entropy_loss:              0.0021	ep_length_mean:          100.0000	episode_limit_mean:        1.0000	epsilon:                   0.0500
grad_norm:                10.7902	healthy_machine_fraction_mean:  0.2806	loss:                      0.3781	mi_loss:                   0.0038
q_taken_mean:              0.9964	return_mean:              55.8480	return_median:            56.1000	return_std:                6.0212
target_mean:               0.9938	td_error_abs:              0.4675	test_ep_length_mean:     100.0000	test_episode_limit_mean:   1.0000
test_healthy_machine_fraction_mean:  0.2406	test_return_mean:         60.4250	test_return_median:       61.1000	test_return_std:           7.4786

[INFO 05:24:32] my_main Recent Stats | t_env:     428000 | Episode:     4280
entropy_loss:              0.0021	ep_length_mean:          100.0000	episode_limit_mean:        1.0000	epsilon:                   0.0500
grad_norm:                10.7902	healthy_machine_fraction_mean:  0.2806	loss:                      0.3781	mi_loss:                   0.0038
q_taken_mean:              0.9964	return_mean:              55.8480	return_median:            56.1000	return_std:                6.0212
target_mean:               0.9938	td_error_abs:              0.4675	test_ep_length_mean:     100.0000	test_episode_limit_mean:   1.0000
test_healthy_machine_fraction_mean:  0.2406	test_return_mean:         60.4250	test_return_median:       61.1000	test_return_std:           7.4786

[INFO 05:25:22] my_main Recent Stats | t_env:     430000 | Episode:     4300
entropy_loss:              0.0021	ep_length_mean:          100.0000	episode_limit_mean:        1.0000	epsilon:                   0.0500
grad_norm:                10.7902	healthy_machine_fraction_mean:  0.2806	loss:                      0.3781	mi_loss:                   0.0038
q_taken_mean:              0.9964	return_mean:              55.8480	return_median:            56.1000	return_std:                6.0212
target_mean:               0.9938	td_error_abs:              0.4675	test_ep_length_mean:     100.0000	test_episode_limit_mean:   1.0000
test_healthy_machine_fraction_mean:  0.2406	test_return_mean:         60.4250	test_return_median:       61.1000	test_return_std:           7.4786

[INFO 05:25:25] my_main t_env: 430100 / 2050000
[INFO 05:25:25] my_main Estimated time left: 12 hours, 47 minutes, 35 seconds. Time passed: 3 hours, 21 minutes, 15 seconds
[INFO 05:26:44] my_main Recent Stats | t_env:     432000 | Episode:     4320
entropy_loss:              0.0021	ep_length_mean:          100.0000	episode_limit_mean:        1.0000	epsilon:                   0.0500
grad_norm:                10.7902	healthy_machine_fraction_mean:  0.2764	loss:                      0.3781	mi_loss:                   0.0038
q_taken_mean:              0.9964	return_mean:              56.0440	return_median:            56.4000	return_std:                6.1750
target_mean:               0.9938	td_error_abs:              0.4675	test_ep_length_mean:     100.0000	test_episode_limit_mean:   1.0000
test_healthy_machine_fraction_mean:  0.2681	test_return_mean:         60.8438	test_return_median:       61.7000	test_return_std:           7.3806

[INFO 05:27:35] my_main Recent Stats | t_env:     434000 | Episode:     4340
entropy_loss:              0.0021	ep_length_mean:          100.0000	episode_limit_mean:        1.0000	epsilon:                   0.0500
grad_norm:                10.7569	healthy_machine_fraction_mean:  0.2764	loss:                      0.3750	mi_loss:                   0.0038
q_taken_mean:              1.0273	return_mean:              56.0440	return_median:            56.4000	return_std:                6.1750
target_mean:               1.0138	td_error_abs:              0.4756	test_ep_length_mean:     100.0000	test_episode_limit_mean:   1.0000
test_healthy_machine_fraction_mean:  0.2681	test_return_mean:         60.8438	test_return_median:       61.7000	test_return_std:           7.3806

[INFO 05:28:25] my_main Recent Stats | t_env:     436000 | Episode:     4360
entropy_loss:              0.0021	ep_length_mean:          100.0000	episode_limit_mean:        1.0000	epsilon:                   0.0500
grad_norm:                10.7569	healthy_machine_fraction_mean:  0.2764	loss:                      0.3750	mi_loss:                   0.0038
q_taken_mean:              1.0273	return_mean:              56.0440	return_median:            56.4000	return_std:                6.1750
target_mean:               1.0138	td_error_abs:              0.4756	test_ep_length_mean:     100.0000	test_episode_limit_mean:   1.0000
test_healthy_machine_fraction_mean:  0.2681	test_return_mean:         60.8438	test_return_median:       61.7000	test_return_std:           7.3806

[INFO 05:29:17] my_main Recent Stats | t_env:     438000 | Episode:     4380
entropy_loss:              0.0021	ep_length_mean:          100.0000	episode_limit_mean:        1.0000	epsilon:                   0.0500
grad_norm:                10.7569	healthy_machine_fraction_mean:  0.2764	loss:                      0.3750	mi_loss:                   0.0038
q_taken_mean:              1.0273	return_mean:              56.0440	return_median:            56.4000	return_std:                6.1750
target_mean:               1.0138	td_error_abs:              0.4756	test_ep_length_mean:     100.0000	test_episode_limit_mean:   1.0000
test_healthy_machine_fraction_mean:  0.2681	test_return_mean:         60.8438	test_return_median:       61.7000	test_return_std:           7.3806

[INFO 05:30:08] my_main Recent Stats | t_env:     440000 | Episode:     4400
entropy_loss:              0.0021	ep_length_mean:          100.0000	episode_limit_mean:        1.0000	epsilon:                   0.0500
grad_norm:                10.7569	healthy_machine_fraction_mean:  0.2764	loss:                      0.3750	mi_loss:                   0.0038
q_taken_mean:              1.0273	return_mean:              56.0440	return_median:            56.4000	return_std:                6.1750
target_mean:               1.0138	td_error_abs:              0.4756	test_ep_length_mean:     100.0000	test_episode_limit_mean:   1.0000
test_healthy_machine_fraction_mean:  0.2681	test_return_mean:         60.8438	test_return_median:       61.7000	test_return_std:           7.3806

[INFO 05:30:10] my_main Updated target network
[INFO 05:30:10] my_main t_env: 440100 / 2050000
[INFO 05:30:10] my_main Estimated time left: 12 hours, 45 minutes, 53 seconds. Time passed: 3 hours, 26 minutes, 1 seconds
[INFO 05:31:29] my_main Recent Stats | t_env:     442000 | Episode:     4420
entropy_loss:              0.0021	ep_length_mean:          100.0000	episode_limit_mean:        1.0000	epsilon:                   0.0500
grad_norm:                10.7569	healthy_machine_fraction_mean:  0.2776	loss:                      0.3750	mi_loss:                   0.0038
q_taken_mean:              1.0273	return_mean:              56.0480	return_median:            56.2000	return_std:                6.1634
target_mean:               1.0138	td_error_abs:              0.4756	test_ep_length_mean:     100.0000	test_episode_limit_mean:   1.0000
test_healthy_machine_fraction_mean:  0.2825	test_return_mean:         60.8375	test_return_median:       61.8000	test_return_std:           8.0170

[INFO 05:32:20] my_main Recent Stats | t_env:     444000 | Episode:     4440
entropy_loss:              0.0022	ep_length_mean:          100.0000	episode_limit_mean:        1.0000	epsilon:                   0.0500
grad_norm:                10.4527	healthy_machine_fraction_mean:  0.2776	loss:                      0.3728	mi_loss:                   0.0039
q_taken_mean:              1.0749	return_mean:              56.0480	return_median:            56.2000	return_std:                6.1634
target_mean:               1.0513	td_error_abs:              0.4840	test_ep_length_mean:     100.0000	test_episode_limit_mean:   1.0000
test_healthy_machine_fraction_mean:  0.2825	test_return_mean:         60.8375	test_return_median:       61.8000	test_return_std:           8.0170

[INFO 05:33:11] my_main Recent Stats | t_env:     446000 | Episode:     4460
entropy_loss:              0.0022	ep_length_mean:          100.0000	episode_limit_mean:        1.0000	epsilon:                   0.0500
grad_norm:                10.4527	healthy_machine_fraction_mean:  0.2776	loss:                      0.3728	mi_loss:                   0.0039
q_taken_mean:              1.0749	return_mean:              56.0480	return_median:            56.2000	return_std:                6.1634
target_mean:               1.0513	td_error_abs:              0.4840	test_ep_length_mean:     100.0000	test_episode_limit_mean:   1.0000
test_healthy_machine_fraction_mean:  0.2825	test_return_mean:         60.8375	test_return_median:       61.8000	test_return_std:           8.0170

[INFO 05:34:02] my_main Recent Stats | t_env:     448000 | Episode:     4480
entropy_loss:              0.0022	ep_length_mean:          100.0000	episode_limit_mean:        1.0000	epsilon:                   0.0500
grad_norm:                10.4527	healthy_machine_fraction_mean:  0.2776	loss:                      0.3728	mi_loss:                   0.0039
q_taken_mean:              1.0749	return_mean:              56.0480	return_median:            56.2000	return_std:                6.1634
target_mean:               1.0513	td_error_abs:              0.4840	test_ep_length_mean:     100.0000	test_episode_limit_mean:   1.0000
test_healthy_machine_fraction_mean:  0.2825	test_return_mean:         60.8375	test_return_median:       61.8000	test_return_std:           8.0170

[INFO 05:34:53] my_main Recent Stats | t_env:     450000 | Episode:     4500
entropy_loss:              0.0022	ep_length_mean:          100.0000	episode_limit_mean:        1.0000	epsilon:                   0.0500
grad_norm:                10.4527	healthy_machine_fraction_mean:  0.2776	loss:                      0.3728	mi_loss:                   0.0039
q_taken_mean:              1.0749	return_mean:              56.0480	return_median:            56.2000	return_std:                6.1634
target_mean:               1.0513	td_error_abs:              0.4840	test_ep_length_mean:     100.0000	test_episode_limit_mean:   1.0000
test_healthy_machine_fraction_mean:  0.2825	test_return_mean:         60.8375	test_return_median:       61.8000	test_return_std:           8.0170

[INFO 05:34:56] my_main t_env: 450100 / 2050000
[INFO 05:34:56] my_main Estimated time left: 12 hours, 41 minutes, 17 seconds. Time passed: 3 hours, 30 minutes, 46 seconds
[INFO 05:36:15] my_main Recent Stats | t_env:     452000 | Episode:     4520
entropy_loss:              0.0022	ep_length_mean:          100.0000	episode_limit_mean:        1.0000	epsilon:                   0.0500
grad_norm:                10.4527	healthy_machine_fraction_mean:  0.2808	loss:                      0.3728	mi_loss:                   0.0039
q_taken_mean:              1.0749	return_mean:              55.8320	return_median:            56.0000	return_std:                5.9133
target_mean:               1.0513	td_error_abs:              0.4840	test_ep_length_mean:     100.0000	test_episode_limit_mean:   1.0000
test_healthy_machine_fraction_mean:  0.2931	test_return_mean:         60.4000	test_return_median:       61.0000	test_return_std:           8.2007

[INFO 05:37:07] my_main Recent Stats | t_env:     454000 | Episode:     4540
entropy_loss:              0.0022	ep_length_mean:          100.0000	episode_limit_mean:        1.0000	epsilon:                   0.0500
grad_norm:                10.0858	healthy_machine_fraction_mean:  0.2808	loss:                      0.3794	mi_loss:                   0.0039
q_taken_mean:              1.1153	return_mean:              55.8320	return_median:            56.0000	return_std:                5.9133
target_mean:               1.0932	td_error_abs:              0.4866	test_ep_length_mean:     100.0000	test_episode_limit_mean:   1.0000
test_healthy_machine_fraction_mean:  0.2931	test_return_mean:         60.4000	test_return_median:       61.0000	test_return_std:           8.2007

[INFO 05:37:57] my_main Recent Stats | t_env:     456000 | Episode:     4560
entropy_loss:              0.0022	ep_length_mean:          100.0000	episode_limit_mean:        1.0000	epsilon:                   0.0500
grad_norm:                10.0858	healthy_machine_fraction_mean:  0.2808	loss:                      0.3794	mi_loss:                   0.0039
q_taken_mean:              1.1153	return_mean:              55.8320	return_median:            56.0000	return_std:                5.9133
target_mean:               1.0932	td_error_abs:              0.4866	test_ep_length_mean:     100.0000	test_episode_limit_mean:   1.0000
test_healthy_machine_fraction_mean:  0.2931	test_return_mean:         60.4000	test_return_median:       61.0000	test_return_std:           8.2007

[INFO 05:38:49] my_main Recent Stats | t_env:     458000 | Episode:     4580
entropy_loss:              0.0022	ep_length_mean:          100.0000	episode_limit_mean:        1.0000	epsilon:                   0.0500
grad_norm:                10.0858	healthy_machine_fraction_mean:  0.2808	loss:                      0.3794	mi_loss:                   0.0039
q_taken_mean:              1.1153	return_mean:              55.8320	return_median:            56.0000	return_std:                5.9133
target_mean:               1.0932	td_error_abs:              0.4866	test_ep_length_mean:     100.0000	test_episode_limit_mean:   1.0000
test_healthy_machine_fraction_mean:  0.2931	test_return_mean:         60.4000	test_return_median:       61.0000	test_return_std:           8.2007

[INFO 05:39:40] my_main Recent Stats | t_env:     460000 | Episode:     4600
entropy_loss:              0.0022	ep_length_mean:          100.0000	episode_limit_mean:        1.0000	epsilon:                   0.0500
grad_norm:                10.0858	healthy_machine_fraction_mean:  0.2808	loss:                      0.3794	mi_loss:                   0.0039
q_taken_mean:              1.1153	return_mean:              55.8320	return_median:            56.0000	return_std:                5.9133
target_mean:               1.0932	td_error_abs:              0.4866	test_ep_length_mean:     100.0000	test_episode_limit_mean:   1.0000
test_healthy_machine_fraction_mean:  0.2931	test_return_mean:         60.4000	test_return_median:       61.0000	test_return_std:           8.2007

[INFO 05:39:43] my_main Updated target network
[INFO 05:39:43] my_main t_env: 460100 / 2050000
[INFO 05:39:43] my_main Estimated time left: 12 hours, 40 minutes, 28 seconds. Time passed: 3 hours, 35 minutes, 33 seconds
[INFO 05:41:01] my_main Recent Stats | t_env:     462000 | Episode:     4620
entropy_loss:              0.0022	ep_length_mean:          100.0000	episode_limit_mean:        1.0000	epsilon:                   0.0500
grad_norm:                10.0858	healthy_machine_fraction_mean:  0.2766	loss:                      0.3794	mi_loss:                   0.0039
q_taken_mean:              1.1153	return_mean:              55.5740	return_median:            55.6000	return_std:                6.2477
target_mean:               1.0932	td_error_abs:              0.4866	test_ep_length_mean:     100.0000	test_episode_limit_mean:   1.0000
test_healthy_machine_fraction_mean:  0.2950	test_return_mean:         60.7062	test_return_median:       61.4000	test_return_std:           7.8804

[INFO 05:41:52] my_main Recent Stats | t_env:     464000 | Episode:     4640
entropy_loss:              0.0022	ep_length_mean:          100.0000	episode_limit_mean:        1.0000	epsilon:                   0.0500
grad_norm:                11.3639	healthy_machine_fraction_mean:  0.2766	loss:                      0.3990	mi_loss:                   0.0040
q_taken_mean:              1.1600	return_mean:              55.5740	return_median:            55.6000	return_std:                6.2477
target_mean:               1.1492	td_error_abs:              0.4934	test_ep_length_mean:     100.0000	test_episode_limit_mean:   1.0000
test_healthy_machine_fraction_mean:  0.2950	test_return_mean:         60.7062	test_return_median:       61.4000	test_return_std:           7.8804

[INFO 05:42:44] my_main Recent Stats | t_env:     466000 | Episode:     4660
entropy_loss:              0.0022	ep_length_mean:          100.0000	episode_limit_mean:        1.0000	epsilon:                   0.0500
grad_norm:                11.3639	healthy_machine_fraction_mean:  0.2766	loss:                      0.3990	mi_loss:                   0.0040
q_taken_mean:              1.1600	return_mean:              55.5740	return_median:            55.6000	return_std:                6.2477
target_mean:               1.1492	td_error_abs:              0.4934	test_ep_length_mean:     100.0000	test_episode_limit_mean:   1.0000
test_healthy_machine_fraction_mean:  0.2950	test_return_mean:         60.7062	test_return_median:       61.4000	test_return_std:           7.8804

[INFO 05:43:33] my_main Recent Stats | t_env:     468000 | Episode:     4680
entropy_loss:              0.0022	ep_length_mean:          100.0000	episode_limit_mean:        1.0000	epsilon:                   0.0500
grad_norm:                11.3639	healthy_machine_fraction_mean:  0.2766	loss:                      0.3990	mi_loss:                   0.0040
q_taken_mean:              1.1600	return_mean:              55.5740	return_median:            55.6000	return_std:                6.2477
target_mean:               1.1492	td_error_abs:              0.4934	test_ep_length_mean:     100.0000	test_episode_limit_mean:   1.0000
test_healthy_machine_fraction_mean:  0.2950	test_return_mean:         60.7062	test_return_median:       61.4000	test_return_std:           7.8804

[INFO 05:44:22] my_main Recent Stats | t_env:     470000 | Episode:     4700
entropy_loss:              0.0022	ep_length_mean:          100.0000	episode_limit_mean:        1.0000	epsilon:                   0.0500
grad_norm:                11.3639	healthy_machine_fraction_mean:  0.2766	loss:                      0.3990	mi_loss:                   0.0040
q_taken_mean:              1.1600	return_mean:              55.5740	return_median:            55.6000	return_std:                6.2477
target_mean:               1.1492	td_error_abs:              0.4934	test_ep_length_mean:     100.0000	test_episode_limit_mean:   1.0000
test_healthy_machine_fraction_mean:  0.2950	test_return_mean:         60.7062	test_return_median:       61.4000	test_return_std:           7.8804

[INFO 05:44:25] my_main t_env: 470100 / 2050000
[INFO 05:44:25] my_main Estimated time left: 12 hours, 21 minutes, 28 seconds. Time passed: 3 hours, 40 minutes, 15 seconds
[INFO 05:45:43] my_main Recent Stats | t_env:     472000 | Episode:     4720
entropy_loss:              0.0022	ep_length_mean:          100.0000	episode_limit_mean:        1.0000	epsilon:                   0.0500
grad_norm:                11.3639	healthy_machine_fraction_mean:  0.2756	loss:                      0.3990	mi_loss:                   0.0040
q_taken_mean:              1.1600	return_mean:              55.3260	return_median:            55.5000	return_std:                6.3226
target_mean:               1.1492	td_error_abs:              0.4934	test_ep_length_mean:     100.0000	test_episode_limit_mean:   1.0000
test_healthy_machine_fraction_mean:  0.2894	test_return_mean:         60.2625	test_return_median:       61.5000	test_return_std:           8.3262

[INFO 05:46:34] my_main Recent Stats | t_env:     474000 | Episode:     4740
entropy_loss:              0.0022	ep_length_mean:          100.0000	episode_limit_mean:        1.0000	epsilon:                   0.0500
grad_norm:                12.8215	healthy_machine_fraction_mean:  0.2756	loss:                      0.4206	mi_loss:                   0.0040
q_taken_mean:              1.1838	return_mean:              55.3260	return_median:            55.5000	return_std:                6.3226
target_mean:               1.1833	td_error_abs:              0.4978	test_ep_length_mean:     100.0000	test_episode_limit_mean:   1.0000
test_healthy_machine_fraction_mean:  0.2894	test_return_mean:         60.2625	test_return_median:       61.5000	test_return_std:           8.3262

[INFO 05:47:24] my_main Recent Stats | t_env:     476000 | Episode:     4760
entropy_loss:              0.0022	ep_length_mean:          100.0000	episode_limit_mean:        1.0000	epsilon:                   0.0500
grad_norm:                12.8215	healthy_machine_fraction_mean:  0.2756	loss:                      0.4206	mi_loss:                   0.0040
q_taken_mean:              1.1838	return_mean:              55.3260	return_median:            55.5000	return_std:                6.3226
target_mean:               1.1833	td_error_abs:              0.4978	test_ep_length_mean:     100.0000	test_episode_limit_mean:   1.0000
test_healthy_machine_fraction_mean:  0.2894	test_return_mean:         60.2625	test_return_median:       61.5000	test_return_std:           8.3262

[INFO 05:48:16] my_main Recent Stats | t_env:     478000 | Episode:     4780
entropy_loss:              0.0022	ep_length_mean:          100.0000	episode_limit_mean:        1.0000	epsilon:                   0.0500
grad_norm:                12.8215	healthy_machine_fraction_mean:  0.2756	loss:                      0.4206	mi_loss:                   0.0040
q_taken_mean:              1.1838	return_mean:              55.3260	return_median:            55.5000	return_std:                6.3226
target_mean:               1.1833	td_error_abs:              0.4978	test_ep_length_mean:     100.0000	test_episode_limit_mean:   1.0000
test_healthy_machine_fraction_mean:  0.2894	test_return_mean:         60.2625	test_return_median:       61.5000	test_return_std:           8.3262

[INFO 05:49:07] my_main Recent Stats | t_env:     480000 | Episode:     4800
entropy_loss:              0.0022	ep_length_mean:          100.0000	episode_limit_mean:        1.0000	epsilon:                   0.0500
grad_norm:                12.8215	healthy_machine_fraction_mean:  0.2756	loss:                      0.4206	mi_loss:                   0.0040
q_taken_mean:              1.1838	return_mean:              55.3260	return_median:            55.5000	return_std:                6.3226
target_mean:               1.1833	td_error_abs:              0.4978	test_ep_length_mean:     100.0000	test_episode_limit_mean:   1.0000
test_healthy_machine_fraction_mean:  0.2894	test_return_mean:         60.2625	test_return_median:       61.5000	test_return_std:           8.3262

[INFO 05:49:09] my_main Updated target network
[INFO 05:49:09] my_main t_env: 480100 / 2050000
[INFO 05:49:09] my_main Estimated time left: 12 hours, 25 minutes, 25 seconds. Time passed: 3 hours, 45 minutes, 0 seconds
[INFO 05:50:28] my_main Recent Stats | t_env:     482000 | Episode:     4820
entropy_loss:              0.0022	ep_length_mean:          100.0000	episode_limit_mean:        1.0000	epsilon:                   0.0500
grad_norm:                12.8215	healthy_machine_fraction_mean:  0.2774	loss:                      0.4206	mi_loss:                   0.0040
q_taken_mean:              1.1838	return_mean:              55.2800	return_median:            55.1000	return_std:                6.1652
target_mean:               1.1833	td_error_abs:              0.4978	test_ep_length_mean:     100.0000	test_episode_limit_mean:   1.0000
test_healthy_machine_fraction_mean:  0.2744	test_return_mean:         60.9312	test_return_median:       62.0000	test_return_std:           8.2283

[INFO 05:51:19] my_main Recent Stats | t_env:     484000 | Episode:     4840
entropy_loss:              0.0022	ep_length_mean:          100.0000	episode_limit_mean:        1.0000	epsilon:                   0.0500
grad_norm:                12.5658	healthy_machine_fraction_mean:  0.2774	loss:                      0.4131	mi_loss:                   0.0040
q_taken_mean:              1.2220	return_mean:              55.2800	return_median:            55.1000	return_std:                6.1652
target_mean:               1.2227	td_error_abs:              0.4908	test_ep_length_mean:     100.0000	test_episode_limit_mean:   1.0000
test_healthy_machine_fraction_mean:  0.2744	test_return_mean:         60.9312	test_return_median:       62.0000	test_return_std:           8.2283

[INFO 05:52:11] my_main Recent Stats | t_env:     486000 | Episode:     4860
entropy_loss:              0.0022	ep_length_mean:          100.0000	episode_limit_mean:        1.0000	epsilon:                   0.0500
grad_norm:                12.5658	healthy_machine_fraction_mean:  0.2774	loss:                      0.4131	mi_loss:                   0.0040
q_taken_mean:              1.2220	return_mean:              55.2800	return_median:            55.1000	return_std:                6.1652
target_mean:               1.2227	td_error_abs:              0.4908	test_ep_length_mean:     100.0000	test_episode_limit_mean:   1.0000
test_healthy_machine_fraction_mean:  0.2744	test_return_mean:         60.9312	test_return_median:       62.0000	test_return_std:           8.2283

[INFO 05:53:02] my_main Recent Stats | t_env:     488000 | Episode:     4880
entropy_loss:              0.0022	ep_length_mean:          100.0000	episode_limit_mean:        1.0000	epsilon:                   0.0500
grad_norm:                12.5658	healthy_machine_fraction_mean:  0.2774	loss:                      0.4131	mi_loss:                   0.0040
q_taken_mean:              1.2220	return_mean:              55.2800	return_median:            55.1000	return_std:                6.1652
target_mean:               1.2227	td_error_abs:              0.4908	test_ep_length_mean:     100.0000	test_episode_limit_mean:   1.0000
test_healthy_machine_fraction_mean:  0.2744	test_return_mean:         60.9312	test_return_median:       62.0000	test_return_std:           8.2283

[INFO 05:53:54] my_main Recent Stats | t_env:     490000 | Episode:     4900
entropy_loss:              0.0022	ep_length_mean:          100.0000	episode_limit_mean:        1.0000	epsilon:                   0.0500
grad_norm:                12.5658	healthy_machine_fraction_mean:  0.2774	loss:                      0.4131	mi_loss:                   0.0040
q_taken_mean:              1.2220	return_mean:              55.2800	return_median:            55.1000	return_std:                6.1652
target_mean:               1.2227	td_error_abs:              0.4908	test_ep_length_mean:     100.0000	test_episode_limit_mean:   1.0000
test_healthy_machine_fraction_mean:  0.2744	test_return_mean:         60.9312	test_return_median:       62.0000	test_return_std:           8.2283

[INFO 05:53:56] my_main t_env: 490100 / 2050000
[INFO 05:53:56] my_main Estimated time left: 12 hours, 26 minutes, 8 seconds. Time passed: 3 hours, 49 minutes, 47 seconds
[INFO 05:55:15] my_main Recent Stats | t_env:     492000 | Episode:     4920
entropy_loss:              0.0022	ep_length_mean:          100.0000	episode_limit_mean:        1.0000	epsilon:                   0.0500
grad_norm:                12.5658	healthy_machine_fraction_mean:  0.2744	loss:                      0.4131	mi_loss:                   0.0040
q_taken_mean:              1.2220	return_mean:              55.6520	return_median:            55.5000	return_std:                6.2507
target_mean:               1.2227	td_error_abs:              0.4908	test_ep_length_mean:     100.0000	test_episode_limit_mean:   1.0000
test_healthy_machine_fraction_mean:  0.2750	test_return_mean:         61.4937	test_return_median:       62.6000	test_return_std:           7.4004

[INFO 05:56:06] my_main Recent Stats | t_env:     494000 | Episode:     4940
entropy_loss:              0.0022	ep_length_mean:          100.0000	episode_limit_mean:        1.0000	epsilon:                   0.0500
grad_norm:                12.9144	healthy_machine_fraction_mean:  0.2744	loss:                      0.4065	mi_loss:                   0.0041
q_taken_mean:              1.2485	return_mean:              55.6520	return_median:            55.5000	return_std:                6.2507
target_mean:               1.2492	td_error_abs:              0.4864	test_ep_length_mean:     100.0000	test_episode_limit_mean:   1.0000
test_healthy_machine_fraction_mean:  0.2750	test_return_mean:         61.4937	test_return_median:       62.6000	test_return_std:           7.4004

[INFO 05:56:57] my_main Recent Stats | t_env:     496000 | Episode:     4960
entropy_loss:              0.0022	ep_length_mean:          100.0000	episode_limit_mean:        1.0000	epsilon:                   0.0500
grad_norm:                12.9144	healthy_machine_fraction_mean:  0.2744	loss:                      0.4065	mi_loss:                   0.0041
q_taken_mean:              1.2485	return_mean:              55.6520	return_median:            55.5000	return_std:                6.2507
target_mean:               1.2492	td_error_abs:              0.4864	test_ep_length_mean:     100.0000	test_episode_limit_mean:   1.0000
test_healthy_machine_fraction_mean:  0.2750	test_return_mean:         61.4937	test_return_median:       62.6000	test_return_std:           7.4004

[INFO 05:57:48] my_main Recent Stats | t_env:     498000 | Episode:     4980
entropy_loss:              0.0022	ep_length_mean:          100.0000	episode_limit_mean:        1.0000	epsilon:                   0.0500
grad_norm:                12.9144	healthy_machine_fraction_mean:  0.2744	loss:                      0.4065	mi_loss:                   0.0041
q_taken_mean:              1.2485	return_mean:              55.6520	return_median:            55.5000	return_std:                6.2507
target_mean:               1.2492	td_error_abs:              0.4864	test_ep_length_mean:     100.0000	test_episode_limit_mean:   1.0000
test_healthy_machine_fraction_mean:  0.2750	test_return_mean:         61.4937	test_return_median:       62.6000	test_return_std:           7.4004

[INFO 05:58:40] my_main Recent Stats | t_env:     500000 | Episode:     5000
entropy_loss:              0.0022	ep_length_mean:          100.0000	episode_limit_mean:        1.0000	epsilon:                   0.0500
grad_norm:                12.9144	healthy_machine_fraction_mean:  0.2744	loss:                      0.4065	mi_loss:                   0.0041
q_taken_mean:              1.2485	return_mean:              55.6520	return_median:            55.5000	return_std:                6.2507
target_mean:               1.2492	td_error_abs:              0.4864	test_ep_length_mean:     100.0000	test_episode_limit_mean:   1.0000
test_healthy_machine_fraction_mean:  0.2750	test_return_mean:         61.4937	test_return_median:       62.6000	test_return_std:           7.4004

[INFO 05:58:42] my_main Updated target network
[INFO 05:58:42] my_main t_env: 500100 / 2050000
[INFO 05:58:42] my_main Estimated time left: 12 hours, 18 minutes, 33 seconds. Time passed: 3 hours, 54 minutes, 33 seconds
[INFO 06:00:00] my_main Recent Stats | t_env:     502000 | Episode:     5020
entropy_loss:              0.0022	ep_length_mean:          100.0000	episode_limit_mean:        1.0000	epsilon:                   0.0500
grad_norm:                12.9144	healthy_machine_fraction_mean:  0.2736	loss:                      0.4065	mi_loss:                   0.0041
q_taken_mean:              1.2485	return_mean:              56.1080	return_median:            55.9000	return_std:                6.3148
target_mean:               1.2492	td_error_abs:              0.4864	test_ep_length_mean:     100.0000	test_episode_limit_mean:   1.0000
test_healthy_machine_fraction_mean:  0.2731	test_return_mean:         62.5812	test_return_median:       63.7000	test_return_std:           6.9383

[INFO 06:00:52] my_main Recent Stats | t_env:     504000 | Episode:     5040
entropy_loss:              0.0022	ep_length_mean:          100.0000	episode_limit_mean:        1.0000	epsilon:                   0.0500
grad_norm:                14.0948	healthy_machine_fraction_mean:  0.2736	loss:                      0.4132	mi_loss:                   0.0041
q_taken_mean:              1.2826	return_mean:              56.1080	return_median:            55.9000	return_std:                6.3148
target_mean:               1.2816	td_error_abs:              0.4915	test_ep_length_mean:     100.0000	test_episode_limit_mean:   1.0000
test_healthy_machine_fraction_mean:  0.2731	test_return_mean:         62.5812	test_return_median:       63.7000	test_return_std:           6.9383

[INFO 06:01:43] my_main Recent Stats | t_env:     506000 | Episode:     5060
entropy_loss:              0.0022	ep_length_mean:          100.0000	episode_limit_mean:        1.0000	epsilon:                   0.0500
grad_norm:                14.0948	healthy_machine_fraction_mean:  0.2736	loss:                      0.4132	mi_loss:                   0.0041
q_taken_mean:              1.2826	return_mean:              56.1080	return_median:            55.9000	return_std:                6.3148
target_mean:               1.2816	td_error_abs:              0.4915	test_ep_length_mean:     100.0000	test_episode_limit_mean:   1.0000
test_healthy_machine_fraction_mean:  0.2731	test_return_mean:         62.5812	test_return_median:       63.7000	test_return_std:           6.9383

[INFO 06:02:35] my_main Recent Stats | t_env:     508000 | Episode:     5080
entropy_loss:              0.0022	ep_length_mean:          100.0000	episode_limit_mean:        1.0000	epsilon:                   0.0500
grad_norm:                14.0948	healthy_machine_fraction_mean:  0.2736	loss:                      0.4132	mi_loss:                   0.0041
q_taken_mean:              1.2826	return_mean:              56.1080	return_median:            55.9000	return_std:                6.3148
target_mean:               1.2816	td_error_abs:              0.4915	test_ep_length_mean:     100.0000	test_episode_limit_mean:   1.0000
test_healthy_machine_fraction_mean:  0.2731	test_return_mean:         62.5812	test_return_median:       63.7000	test_return_std:           6.9383

[INFO 06:03:26] my_main Recent Stats | t_env:     510000 | Episode:     5100
entropy_loss:              0.0022	ep_length_mean:          100.0000	episode_limit_mean:        1.0000	epsilon:                   0.0500
grad_norm:                14.0948	healthy_machine_fraction_mean:  0.2736	loss:                      0.4132	mi_loss:                   0.0041
q_taken_mean:              1.2826	return_mean:              56.1080	return_median:            55.9000	return_std:                6.3148
target_mean:               1.2816	td_error_abs:              0.4915	test_ep_length_mean:     100.0000	test_episode_limit_mean:   1.0000
test_healthy_machine_fraction_mean:  0.2731	test_return_mean:         62.5812	test_return_median:       63.7000	test_return_std:           6.9383

[INFO 06:03:28] my_main t_env: 510100 / 2050000
[INFO 06:03:28] my_main Estimated time left: 12 hours, 13 minutes, 41 seconds. Time passed: 3 hours, 59 minutes, 19 seconds
[INFO 06:04:46] my_main Recent Stats | t_env:     512000 | Episode:     5120
entropy_loss:              0.0022	ep_length_mean:          100.0000	episode_limit_mean:        1.0000	epsilon:                   0.0500
grad_norm:                14.0948	healthy_machine_fraction_mean:  0.2682	loss:                      0.4132	mi_loss:                   0.0041
q_taken_mean:              1.2826	return_mean:              56.6160	return_median:            56.5000	return_std:                6.0410
target_mean:               1.2816	td_error_abs:              0.4915	test_ep_length_mean:     100.0000	test_episode_limit_mean:   1.0000
test_healthy_machine_fraction_mean:  0.2800	test_return_mean:         62.6313	test_return_median:       63.6000	test_return_std:           6.9191

[INFO 06:05:38] my_main Recent Stats | t_env:     514000 | Episode:     5140
entropy_loss:              0.0022	ep_length_mean:          100.0000	episode_limit_mean:        1.0000	epsilon:                   0.0500
grad_norm:                13.0998	healthy_machine_fraction_mean:  0.2682	loss:                      0.4019	mi_loss:                   0.0041
q_taken_mean:              1.3100	return_mean:              56.6160	return_median:            56.5000	return_std:                6.0410
target_mean:               1.2980	td_error_abs:              0.4915	test_ep_length_mean:     100.0000	test_episode_limit_mean:   1.0000
test_healthy_machine_fraction_mean:  0.2800	test_return_mean:         62.6313	test_return_median:       63.6000	test_return_std:           6.9191

[INFO 06:06:29] my_main Recent Stats | t_env:     516000 | Episode:     5160
entropy_loss:              0.0022	ep_length_mean:          100.0000	episode_limit_mean:        1.0000	epsilon:                   0.0500
grad_norm:                13.0998	healthy_machine_fraction_mean:  0.2682	loss:                      0.4019	mi_loss:                   0.0041
q_taken_mean:              1.3100	return_mean:              56.6160	return_median:            56.5000	return_std:                6.0410
target_mean:               1.2980	td_error_abs:              0.4915	test_ep_length_mean:     100.0000	test_episode_limit_mean:   1.0000
test_healthy_machine_fraction_mean:  0.2800	test_return_mean:         62.6313	test_return_median:       63.6000	test_return_std:           6.9191

[INFO 06:07:19] my_main Recent Stats | t_env:     518000 | Episode:     5180
entropy_loss:              0.0022	ep_length_mean:          100.0000	episode_limit_mean:        1.0000	epsilon:                   0.0500
grad_norm:                13.0998	healthy_machine_fraction_mean:  0.2682	loss:                      0.4019	mi_loss:                   0.0041
q_taken_mean:              1.3100	return_mean:              56.6160	return_median:            56.5000	return_std:                6.0410
target_mean:               1.2980	td_error_abs:              0.4915	test_ep_length_mean:     100.0000	test_episode_limit_mean:   1.0000
test_healthy_machine_fraction_mean:  0.2800	test_return_mean:         62.6313	test_return_median:       63.6000	test_return_std:           6.9191

[INFO 06:08:10] my_main Recent Stats | t_env:     520000 | Episode:     5200
entropy_loss:              0.0022	ep_length_mean:          100.0000	episode_limit_mean:        1.0000	epsilon:                   0.0500
grad_norm:                13.0998	healthy_machine_fraction_mean:  0.2682	loss:                      0.4019	mi_loss:                   0.0041
q_taken_mean:              1.3100	return_mean:              56.6160	return_median:            56.5000	return_std:                6.0410
target_mean:               1.2980	td_error_abs:              0.4915	test_ep_length_mean:     100.0000	test_episode_limit_mean:   1.0000
test_healthy_machine_fraction_mean:  0.2800	test_return_mean:         62.6313	test_return_median:       63.6000	test_return_std:           6.9191

[INFO 06:08:13] my_main Updated target network
[INFO 06:08:13] my_main t_env: 520100 / 2050000
[INFO 06:08:13] my_main Estimated time left: 12 hours, 6 minutes, 1 seconds. Time passed: 4 hours, 4 minutes, 3 seconds
[INFO 06:09:32] my_main Recent Stats | t_env:     522000 | Episode:     5220
entropy_loss:              0.0022	ep_length_mean:          100.0000	episode_limit_mean:        1.0000	epsilon:                   0.0500
grad_norm:                13.0998	healthy_machine_fraction_mean:  0.2706	loss:                      0.4019	mi_loss:                   0.0041
q_taken_mean:              1.3100	return_mean:              56.6880	return_median:            56.6000	return_std:                5.8526
target_mean:               1.2980	td_error_abs:              0.4915	test_ep_length_mean:     100.0000	test_episode_limit_mean:   1.0000
test_healthy_machine_fraction_mean:  0.2713	test_return_mean:         62.6250	test_return_median:       62.8000	test_return_std:           6.6027

[INFO 06:10:23] my_main Recent Stats | t_env:     524000 | Episode:     5240
entropy_loss:              0.0022	ep_length_mean:          100.0000	episode_limit_mean:        1.0000	epsilon:                   0.0500
grad_norm:                13.2659	healthy_machine_fraction_mean:  0.2706	loss:                      0.3982	mi_loss:                   0.0042
q_taken_mean:              1.3457	return_mean:              56.6880	return_median:            56.6000	return_std:                5.8526
target_mean:               1.3336	td_error_abs:              0.4910	test_ep_length_mean:     100.0000	test_episode_limit_mean:   1.0000
test_healthy_machine_fraction_mean:  0.2713	test_return_mean:         62.6250	test_return_median:       62.8000	test_return_std:           6.6027

[INFO 06:11:14] my_main Recent Stats | t_env:     526000 | Episode:     5260
entropy_loss:              0.0022	ep_length_mean:          100.0000	episode_limit_mean:        1.0000	epsilon:                   0.0500
grad_norm:                13.2659	healthy_machine_fraction_mean:  0.2706	loss:                      0.3982	mi_loss:                   0.0042
q_taken_mean:              1.3457	return_mean:              56.6880	return_median:            56.6000	return_std:                5.8526
target_mean:               1.3336	td_error_abs:              0.4910	test_ep_length_mean:     100.0000	test_episode_limit_mean:   1.0000
test_healthy_machine_fraction_mean:  0.2713	test_return_mean:         62.6250	test_return_median:       62.8000	test_return_std:           6.6027

[INFO 06:12:04] my_main Recent Stats | t_env:     528000 | Episode:     5280
entropy_loss:              0.0022	ep_length_mean:          100.0000	episode_limit_mean:        1.0000	epsilon:                   0.0500
grad_norm:                13.2659	healthy_machine_fraction_mean:  0.2706	loss:                      0.3982	mi_loss:                   0.0042
q_taken_mean:              1.3457	return_mean:              56.6880	return_median:            56.6000	return_std:                5.8526
target_mean:               1.3336	td_error_abs:              0.4910	test_ep_length_mean:     100.0000	test_episode_limit_mean:   1.0000
test_healthy_machine_fraction_mean:  0.2713	test_return_mean:         62.6250	test_return_median:       62.8000	test_return_std:           6.6027

[INFO 06:12:55] my_main Recent Stats | t_env:     530000 | Episode:     5300
entropy_loss:              0.0022	ep_length_mean:          100.0000	episode_limit_mean:        1.0000	epsilon:                   0.0500
grad_norm:                13.2659	healthy_machine_fraction_mean:  0.2706	loss:                      0.3982	mi_loss:                   0.0042
q_taken_mean:              1.3457	return_mean:              56.6880	return_median:            56.6000	return_std:                5.8526
target_mean:               1.3336	td_error_abs:              0.4910	test_ep_length_mean:     100.0000	test_episode_limit_mean:   1.0000
test_healthy_machine_fraction_mean:  0.2713	test_return_mean:         62.6250	test_return_median:       62.8000	test_return_std:           6.6027

[INFO 06:12:58] my_main t_env: 530100 / 2050000
[INFO 06:12:58] my_main Estimated time left: 12 hours, 1 minutes, 53 seconds. Time passed: 4 hours, 8 minutes, 48 seconds
[INFO 06:14:17] my_main Recent Stats | t_env:     532000 | Episode:     5320
entropy_loss:              0.0022	ep_length_mean:          100.0000	episode_limit_mean:        1.0000	epsilon:                   0.0500
grad_norm:                13.2659	healthy_machine_fraction_mean:  0.2732	loss:                      0.3982	mi_loss:                   0.0042
q_taken_mean:              1.3457	return_mean:              56.8380	return_median:            57.0000	return_std:                5.9940
target_mean:               1.3336	td_error_abs:              0.4910	test_ep_length_mean:     100.0000	test_episode_limit_mean:   1.0000
test_healthy_machine_fraction_mean:  0.2744	test_return_mean:         62.0875	test_return_median:       62.2000	test_return_std:           6.2876

[INFO 06:15:08] my_main Recent Stats | t_env:     534000 | Episode:     5340
entropy_loss:              0.0022	ep_length_mean:          100.0000	episode_limit_mean:        1.0000	epsilon:                   0.0500
grad_norm:                15.8122	healthy_machine_fraction_mean:  0.2732	loss:                      0.4315	mi_loss:                   0.0042
q_taken_mean:              1.3614	return_mean:              56.8380	return_median:            57.0000	return_std:                5.9940
target_mean:               1.3618	td_error_abs:              0.5066	test_ep_length_mean:     100.0000	test_episode_limit_mean:   1.0000
test_healthy_machine_fraction_mean:  0.2744	test_return_mean:         62.0875	test_return_median:       62.2000	test_return_std:           6.2876

[INFO 06:15:59] my_main Recent Stats | t_env:     536000 | Episode:     5360
entropy_loss:              0.0022	ep_length_mean:          100.0000	episode_limit_mean:        1.0000	epsilon:                   0.0500
grad_norm:                15.8122	healthy_machine_fraction_mean:  0.2732	loss:                      0.4315	mi_loss:                   0.0042
q_taken_mean:              1.3614	return_mean:              56.8380	return_median:            57.0000	return_std:                5.9940
target_mean:               1.3618	td_error_abs:              0.5066	test_ep_length_mean:     100.0000	test_episode_limit_mean:   1.0000
test_healthy_machine_fraction_mean:  0.2744	test_return_mean:         62.0875	test_return_median:       62.2000	test_return_std:           6.2876

[INFO 06:16:51] my_main Recent Stats | t_env:     538000 | Episode:     5380
entropy_loss:              0.0022	ep_length_mean:          100.0000	episode_limit_mean:        1.0000	epsilon:                   0.0500
grad_norm:                15.8122	healthy_machine_fraction_mean:  0.2732	loss:                      0.4315	mi_loss:                   0.0042
q_taken_mean:              1.3614	return_mean:              56.8380	return_median:            57.0000	return_std:                5.9940
target_mean:               1.3618	td_error_abs:              0.5066	test_ep_length_mean:     100.0000	test_episode_limit_mean:   1.0000
test_healthy_machine_fraction_mean:  0.2744	test_return_mean:         62.0875	test_return_median:       62.2000	test_return_std:           6.2876

[INFO 06:17:42] my_main Recent Stats | t_env:     540000 | Episode:     5400
entropy_loss:              0.0022	ep_length_mean:          100.0000	episode_limit_mean:        1.0000	epsilon:                   0.0500
grad_norm:                15.8122	healthy_machine_fraction_mean:  0.2732	loss:                      0.4315	mi_loss:                   0.0042
q_taken_mean:              1.3614	return_mean:              56.8380	return_median:            57.0000	return_std:                5.9940
target_mean:               1.3618	td_error_abs:              0.5066	test_ep_length_mean:     100.0000	test_episode_limit_mean:   1.0000
test_healthy_machine_fraction_mean:  0.2744	test_return_mean:         62.0875	test_return_median:       62.2000	test_return_std:           6.2876

[INFO 06:17:45] my_main Updated target network
[INFO 06:17:45] my_main t_env: 540100 / 2050000
[INFO 06:17:45] my_main Estimated time left: 12 hours, 2 minutes, 22 seconds. Time passed: 4 hours, 13 minutes, 35 seconds
[INFO 06:19:03] my_main Recent Stats | t_env:     542000 | Episode:     5420
entropy_loss:              0.0022	ep_length_mean:          100.0000	episode_limit_mean:        1.0000	epsilon:                   0.0500
grad_norm:                15.8122	healthy_machine_fraction_mean:  0.2782	loss:                      0.4315	mi_loss:                   0.0042
q_taken_mean:              1.3614	return_mean:              56.5720	return_median:            56.8000	return_std:                6.0272
target_mean:               1.3618	td_error_abs:              0.5066	test_ep_length_mean:     100.0000	test_episode_limit_mean:   1.0000
test_healthy_machine_fraction_mean:  0.2612	test_return_mean:         62.1500	test_return_median:       62.1000	test_return_std:           6.3582

[INFO 06:19:54] my_main Recent Stats | t_env:     544000 | Episode:     5440
entropy_loss:              0.0022	ep_length_mean:          100.0000	episode_limit_mean:        1.0000	epsilon:                   0.0500
grad_norm:                16.3976	healthy_machine_fraction_mean:  0.2782	loss:                      0.4391	mi_loss:                   0.0042
q_taken_mean:              1.3844	return_mean:              56.5720	return_median:            56.8000	return_std:                6.0272
target_mean:               1.3947	td_error_abs:              0.5042	test_ep_length_mean:     100.0000	test_episode_limit_mean:   1.0000
test_healthy_machine_fraction_mean:  0.2612	test_return_mean:         62.1500	test_return_median:       62.1000	test_return_std:           6.3582

[INFO 06:20:41] my_main Recent Stats | t_env:     546000 | Episode:     5460
entropy_loss:              0.0022	ep_length_mean:          100.0000	episode_limit_mean:        1.0000	epsilon:                   0.0500
grad_norm:                16.3976	healthy_machine_fraction_mean:  0.2782	loss:                      0.4391	mi_loss:                   0.0042
q_taken_mean:              1.3844	return_mean:              56.5720	return_median:            56.8000	return_std:                6.0272
target_mean:               1.3947	td_error_abs:              0.5042	test_ep_length_mean:     100.0000	test_episode_limit_mean:   1.0000
test_healthy_machine_fraction_mean:  0.2612	test_return_mean:         62.1500	test_return_median:       62.1000	test_return_std:           6.3582

[INFO 06:21:32] my_main Recent Stats | t_env:     548000 | Episode:     5480
entropy_loss:              0.0022	ep_length_mean:          100.0000	episode_limit_mean:        1.0000	epsilon:                   0.0500
grad_norm:                16.3976	healthy_machine_fraction_mean:  0.2782	loss:                      0.4391	mi_loss:                   0.0042
q_taken_mean:              1.3844	return_mean:              56.5720	return_median:            56.8000	return_std:                6.0272
target_mean:               1.3947	td_error_abs:              0.5042	test_ep_length_mean:     100.0000	test_episode_limit_mean:   1.0000
test_healthy_machine_fraction_mean:  0.2612	test_return_mean:         62.1500	test_return_median:       62.1000	test_return_std:           6.3582

[INFO 06:22:23] my_main Recent Stats | t_env:     550000 | Episode:     5500
entropy_loss:              0.0022	ep_length_mean:          100.0000	episode_limit_mean:        1.0000	epsilon:                   0.0500
grad_norm:                16.3976	healthy_machine_fraction_mean:  0.2782	loss:                      0.4391	mi_loss:                   0.0042
q_taken_mean:              1.3844	return_mean:              56.5720	return_median:            56.8000	return_std:                6.0272
target_mean:               1.3947	td_error_abs:              0.5042	test_ep_length_mean:     100.0000	test_episode_limit_mean:   1.0000
test_healthy_machine_fraction_mean:  0.2612	test_return_mean:         62.1500	test_return_median:       62.1000	test_return_std:           6.3582

[INFO 06:22:25] my_main t_env: 550100 / 2050000
[INFO 06:22:25] my_main Estimated time left: 11 hours, 40 minutes, 48 seconds. Time passed: 4 hours, 18 minutes, 16 seconds
[INFO 06:23:44] my_main Recent Stats | t_env:     552000 | Episode:     5520
entropy_loss:              0.0022	ep_length_mean:          100.0000	episode_limit_mean:        1.0000	epsilon:                   0.0500
grad_norm:                16.3976	healthy_machine_fraction_mean:  0.2764	loss:                      0.4391	mi_loss:                   0.0042
q_taken_mean:              1.3844	return_mean:              56.0820	return_median:            56.4000	return_std:                6.0077
target_mean:               1.3947	td_error_abs:              0.5042	test_ep_length_mean:     100.0000	test_episode_limit_mean:   1.0000
test_healthy_machine_fraction_mean:  0.2575	test_return_mean:         61.8438	test_return_median:       62.3000	test_return_std:           6.7874

[INFO 06:24:36] my_main Recent Stats | t_env:     554000 | Episode:     5540
entropy_loss:              0.0022	ep_length_mean:          100.0000	episode_limit_mean:        1.0000	epsilon:                   0.0500
grad_norm:                17.7857	healthy_machine_fraction_mean:  0.2764	loss:                      0.4544	mi_loss:                   0.0042
q_taken_mean:              1.3940	return_mean:              56.0820	return_median:            56.4000	return_std:                6.0077
target_mean:               1.4184	td_error_abs:              0.5060	test_ep_length_mean:     100.0000	test_episode_limit_mean:   1.0000
test_healthy_machine_fraction_mean:  0.2575	test_return_mean:         61.8438	test_return_median:       62.3000	test_return_std:           6.7874

[INFO 06:25:27] my_main Recent Stats | t_env:     556000 | Episode:     5560
entropy_loss:              0.0022	ep_length_mean:          100.0000	episode_limit_mean:        1.0000	epsilon:                   0.0500
grad_norm:                17.7857	healthy_machine_fraction_mean:  0.2764	loss:                      0.4544	mi_loss:                   0.0042
q_taken_mean:              1.3940	return_mean:              56.0820	return_median:            56.4000	return_std:                6.0077
target_mean:               1.4184	td_error_abs:              0.5060	test_ep_length_mean:     100.0000	test_episode_limit_mean:   1.0000
test_healthy_machine_fraction_mean:  0.2575	test_return_mean:         61.8438	test_return_median:       62.3000	test_return_std:           6.7874

[INFO 06:26:18] my_main Recent Stats | t_env:     558000 | Episode:     5580
entropy_loss:              0.0022	ep_length_mean:          100.0000	episode_limit_mean:        1.0000	epsilon:                   0.0500
grad_norm:                17.7857	healthy_machine_fraction_mean:  0.2764	loss:                      0.4544	mi_loss:                   0.0042
q_taken_mean:              1.3940	return_mean:              56.0820	return_median:            56.4000	return_std:                6.0077
target_mean:               1.4184	td_error_abs:              0.5060	test_ep_length_mean:     100.0000	test_episode_limit_mean:   1.0000
test_healthy_machine_fraction_mean:  0.2575	test_return_mean:         61.8438	test_return_median:       62.3000	test_return_std:           6.7874

[INFO 06:27:10] my_main Recent Stats | t_env:     560000 | Episode:     5600
entropy_loss:              0.0022	ep_length_mean:          100.0000	episode_limit_mean:        1.0000	epsilon:                   0.0500
grad_norm:                17.7857	healthy_machine_fraction_mean:  0.2764	loss:                      0.4544	mi_loss:                   0.0042
q_taken_mean:              1.3940	return_mean:              56.0820	return_median:            56.4000	return_std:                6.0077
target_mean:               1.4184	td_error_abs:              0.5060	test_ep_length_mean:     100.0000	test_episode_limit_mean:   1.0000
test_healthy_machine_fraction_mean:  0.2575	test_return_mean:         61.8438	test_return_median:       62.3000	test_return_std:           6.7874

[INFO 06:27:13] my_main Updated target network
[INFO 06:27:13] my_main t_env: 560100 / 2050000
[INFO 06:27:13] my_main Estimated time left: 11 hours, 53 minutes, 37 seconds. Time passed: 4 hours, 23 minutes, 3 seconds
[INFO 06:28:31] my_main Recent Stats | t_env:     562000 | Episode:     5620
entropy_loss:              0.0022	ep_length_mean:          100.0000	episode_limit_mean:        1.0000	epsilon:                   0.0500
grad_norm:                17.7857	healthy_machine_fraction_mean:  0.2792	loss:                      0.4544	mi_loss:                   0.0042
q_taken_mean:              1.3940	return_mean:              55.5860	return_median:            55.8000	return_std:                6.0381
target_mean:               1.4184	td_error_abs:              0.5060	test_ep_length_mean:     100.0000	test_episode_limit_mean:   1.0000
test_healthy_machine_fraction_mean:  0.2588	test_return_mean:         62.6625	test_return_median:       62.6000	test_return_std:           6.4490

[INFO 06:29:23] my_main Recent Stats | t_env:     564000 | Episode:     5640
entropy_loss:              0.0021	ep_length_mean:          100.0000	episode_limit_mean:        1.0000	epsilon:                   0.0500
grad_norm:                18.8021	healthy_machine_fraction_mean:  0.2792	loss:                      0.4578	mi_loss:                   0.0042
q_taken_mean:              1.4096	return_mean:              55.5860	return_median:            55.8000	return_std:                6.0381
target_mean:               1.4445	td_error_abs:              0.5005	test_ep_length_mean:     100.0000	test_episode_limit_mean:   1.0000
test_healthy_machine_fraction_mean:  0.2588	test_return_mean:         62.6625	test_return_median:       62.6000	test_return_std:           6.4490

[INFO 06:30:14] my_main Recent Stats | t_env:     566000 | Episode:     5660
entropy_loss:              0.0021	ep_length_mean:          100.0000	episode_limit_mean:        1.0000	epsilon:                   0.0500
grad_norm:                18.8021	healthy_machine_fraction_mean:  0.2792	loss:                      0.4578	mi_loss:                   0.0042
q_taken_mean:              1.4096	return_mean:              55.5860	return_median:            55.8000	return_std:                6.0381
target_mean:               1.4445	td_error_abs:              0.5005	test_ep_length_mean:     100.0000	test_episode_limit_mean:   1.0000
test_healthy_machine_fraction_mean:  0.2588	test_return_mean:         62.6625	test_return_median:       62.6000	test_return_std:           6.4490

[INFO 06:31:04] my_main Recent Stats | t_env:     568000 | Episode:     5680
entropy_loss:              0.0021	ep_length_mean:          100.0000	episode_limit_mean:        1.0000	epsilon:                   0.0500
grad_norm:                18.8021	healthy_machine_fraction_mean:  0.2792	loss:                      0.4578	mi_loss:                   0.0042
q_taken_mean:              1.4096	return_mean:              55.5860	return_median:            55.8000	return_std:                6.0381
target_mean:               1.4445	td_error_abs:              0.5005	test_ep_length_mean:     100.0000	test_episode_limit_mean:   1.0000
test_healthy_machine_fraction_mean:  0.2588	test_return_mean:         62.6625	test_return_median:       62.6000	test_return_std:           6.4490

[INFO 06:31:56] my_main Recent Stats | t_env:     570000 | Episode:     5700
entropy_loss:              0.0021	ep_length_mean:          100.0000	episode_limit_mean:        1.0000	epsilon:                   0.0500
grad_norm:                18.8021	healthy_machine_fraction_mean:  0.2792	loss:                      0.4578	mi_loss:                   0.0042
q_taken_mean:              1.4096	return_mean:              55.5860	return_median:            55.8000	return_std:                6.0381
target_mean:               1.4445	td_error_abs:              0.5005	test_ep_length_mean:     100.0000	test_episode_limit_mean:   1.0000
test_healthy_machine_fraction_mean:  0.2588	test_return_mean:         62.6625	test_return_median:       62.6000	test_return_std:           6.4490

[INFO 06:31:58] my_main t_env: 570100 / 2050000
[INFO 06:31:58] my_main Estimated time left: 11 hours, 44 minutes, 13 seconds. Time passed: 4 hours, 27 minutes, 49 seconds
[INFO 06:33:17] my_main Recent Stats | t_env:     572000 | Episode:     5720
entropy_loss:              0.0021	ep_length_mean:          100.0000	episode_limit_mean:        1.0000	epsilon:                   0.0500
grad_norm:                18.8021	healthy_machine_fraction_mean:  0.2626	loss:                      0.4578	mi_loss:                   0.0042
q_taken_mean:              1.4096	return_mean:              54.8740	return_median:            55.1000	return_std:                6.2232
target_mean:               1.4445	td_error_abs:              0.5005	test_ep_length_mean:     100.0000	test_episode_limit_mean:   1.0000
test_healthy_machine_fraction_mean:  0.2575	test_return_mean:         62.4250	test_return_median:       62.8000	test_return_std:           6.3577

[INFO 06:34:08] my_main Recent Stats | t_env:     574000 | Episode:     5740
entropy_loss:              0.0021	ep_length_mean:          100.0000	episode_limit_mean:        1.0000	epsilon:                   0.0500
grad_norm:                20.1941	healthy_machine_fraction_mean:  0.2626	loss:                      0.4703	mi_loss:                   0.0042
q_taken_mean:              1.4210	return_mean:              54.8740	return_median:            55.1000	return_std:                6.2232
target_mean:               1.4582	td_error_abs:              0.5091	test_ep_length_mean:     100.0000	test_episode_limit_mean:   1.0000
test_healthy_machine_fraction_mean:  0.2575	test_return_mean:         62.4250	test_return_median:       62.8000	test_return_std:           6.3577

[INFO 06:34:59] my_main Recent Stats | t_env:     576000 | Episode:     5760
entropy_loss:              0.0021	ep_length_mean:          100.0000	episode_limit_mean:        1.0000	epsilon:                   0.0500
grad_norm:                20.1941	healthy_machine_fraction_mean:  0.2626	loss:                      0.4703	mi_loss:                   0.0042
q_taken_mean:              1.4210	return_mean:              54.8740	return_median:            55.1000	return_std:                6.2232
target_mean:               1.4582	td_error_abs:              0.5091	test_ep_length_mean:     100.0000	test_episode_limit_mean:   1.0000
test_healthy_machine_fraction_mean:  0.2575	test_return_mean:         62.4250	test_return_median:       62.8000	test_return_std:           6.3577

[INFO 06:35:50] my_main Recent Stats | t_env:     578000 | Episode:     5780
entropy_loss:              0.0021	ep_length_mean:          100.0000	episode_limit_mean:        1.0000	epsilon:                   0.0500
grad_norm:                20.1941	healthy_machine_fraction_mean:  0.2626	loss:                      0.4703	mi_loss:                   0.0042
q_taken_mean:              1.4210	return_mean:              54.8740	return_median:            55.1000	return_std:                6.2232
target_mean:               1.4582	td_error_abs:              0.5091	test_ep_length_mean:     100.0000	test_episode_limit_mean:   1.0000
test_healthy_machine_fraction_mean:  0.2575	test_return_mean:         62.4250	test_return_median:       62.8000	test_return_std:           6.3577

[INFO 06:36:42] my_main Recent Stats | t_env:     580000 | Episode:     5800
entropy_loss:              0.0021	ep_length_mean:          100.0000	episode_limit_mean:        1.0000	epsilon:                   0.0500
grad_norm:                20.1941	healthy_machine_fraction_mean:  0.2626	loss:                      0.4703	mi_loss:                   0.0042
q_taken_mean:              1.4210	return_mean:              54.8740	return_median:            55.1000	return_std:                6.2232
target_mean:               1.4582	td_error_abs:              0.5091	test_ep_length_mean:     100.0000	test_episode_limit_mean:   1.0000
test_healthy_machine_fraction_mean:  0.2575	test_return_mean:         62.4250	test_return_median:       62.8000	test_return_std:           6.3577

[INFO 06:36:45] my_main Updated target network
[INFO 06:36:45] my_main t_env: 580100 / 2050000
[INFO 06:36:45] my_main Estimated time left: 11 hours, 41 minutes, 46 seconds. Time passed: 4 hours, 32 minutes, 35 seconds
[INFO 06:38:03] my_main Recent Stats | t_env:     582000 | Episode:     5820
entropy_loss:              0.0021	ep_length_mean:          100.0000	episode_limit_mean:        1.0000	epsilon:                   0.0500
grad_norm:                20.1941	healthy_machine_fraction_mean:  0.2566	loss:                      0.4703	mi_loss:                   0.0042
q_taken_mean:              1.4210	return_mean:              54.3060	return_median:            54.5000	return_std:                6.1162
target_mean:               1.4582	td_error_abs:              0.5091	test_ep_length_mean:     100.0000	test_episode_limit_mean:   1.0000
test_healthy_machine_fraction_mean:  0.2463	test_return_mean:         61.9125	test_return_median:       61.8000	test_return_std:           6.4467

[INFO 06:38:54] my_main Recent Stats | t_env:     584000 | Episode:     5840
entropy_loss:              0.0021	ep_length_mean:          100.0000	episode_limit_mean:        1.0000	epsilon:                   0.0500
grad_norm:                19.4200	healthy_machine_fraction_mean:  0.2566	loss:                      0.4568	mi_loss:                   0.0042
q_taken_mean:              1.4408	return_mean:              54.3060	return_median:            54.5000	return_std:                6.1162
target_mean:               1.4763	td_error_abs:              0.4993	test_ep_length_mean:     100.0000	test_episode_limit_mean:   1.0000
test_healthy_machine_fraction_mean:  0.2463	test_return_mean:         61.9125	test_return_median:       61.8000	test_return_std:           6.4467

[INFO 06:39:45] my_main Recent Stats | t_env:     586000 | Episode:     5860
entropy_loss:              0.0021	ep_length_mean:          100.0000	episode_limit_mean:        1.0000	epsilon:                   0.0500
grad_norm:                19.4200	healthy_machine_fraction_mean:  0.2566	loss:                      0.4568	mi_loss:                   0.0042
q_taken_mean:              1.4408	return_mean:              54.3060	return_median:            54.5000	return_std:                6.1162
target_mean:               1.4763	td_error_abs:              0.4993	test_ep_length_mean:     100.0000	test_episode_limit_mean:   1.0000
test_healthy_machine_fraction_mean:  0.2463	test_return_mean:         61.9125	test_return_median:       61.8000	test_return_std:           6.4467

[INFO 06:40:37] my_main Recent Stats | t_env:     588000 | Episode:     5880
entropy_loss:              0.0021	ep_length_mean:          100.0000	episode_limit_mean:        1.0000	epsilon:                   0.0500
grad_norm:                19.4200	healthy_machine_fraction_mean:  0.2566	loss:                      0.4568	mi_loss:                   0.0042
q_taken_mean:              1.4408	return_mean:              54.3060	return_median:            54.5000	return_std:                6.1162
target_mean:               1.4763	td_error_abs:              0.4993	test_ep_length_mean:     100.0000	test_episode_limit_mean:   1.0000
test_healthy_machine_fraction_mean:  0.2463	test_return_mean:         61.9125	test_return_median:       61.8000	test_return_std:           6.4467

[INFO 06:41:28] my_main Recent Stats | t_env:     590000 | Episode:     5900
entropy_loss:              0.0021	ep_length_mean:          100.0000	episode_limit_mean:        1.0000	epsilon:                   0.0500
grad_norm:                19.4200	healthy_machine_fraction_mean:  0.2566	loss:                      0.4568	mi_loss:                   0.0042
q_taken_mean:              1.4408	return_mean:              54.3060	return_median:            54.5000	return_std:                6.1162
target_mean:               1.4763	td_error_abs:              0.4993	test_ep_length_mean:     100.0000	test_episode_limit_mean:   1.0000
test_healthy_machine_fraction_mean:  0.2463	test_return_mean:         61.9125	test_return_median:       61.8000	test_return_std:           6.4467

[INFO 06:41:30] my_main t_env: 590100 / 2050000
[INFO 06:41:30] my_main Estimated time left: 11 hours, 35 minutes, 14 seconds. Time passed: 4 hours, 37 minutes, 21 seconds
[INFO 06:42:49] my_main Recent Stats | t_env:     592000 | Episode:     5920
entropy_loss:              0.0021	ep_length_mean:          100.0000	episode_limit_mean:        1.0000	epsilon:                   0.0500
grad_norm:                19.4200	healthy_machine_fraction_mean:  0.2350	loss:                      0.4568	mi_loss:                   0.0042
q_taken_mean:              1.4408	return_mean:              53.5840	return_median:            53.6000	return_std:                6.1139
target_mean:               1.4763	td_error_abs:              0.4993	test_ep_length_mean:     100.0000	test_episode_limit_mean:   1.0000
test_healthy_machine_fraction_mean:  0.2538	test_return_mean:         62.0688	test_return_median:       62.1000	test_return_std:           6.4404

[INFO 06:43:40] my_main Recent Stats | t_env:     594000 | Episode:     5940
entropy_loss:              0.0021	ep_length_mean:          100.0000	episode_limit_mean:        1.0000	epsilon:                   0.0500
grad_norm:                20.4444	healthy_machine_fraction_mean:  0.2350	loss:                      0.4657	mi_loss:                   0.0042
q_taken_mean:              1.4469	return_mean:              53.5840	return_median:            53.6000	return_std:                6.1139
target_mean:               1.4844	td_error_abs:              0.5051	test_ep_length_mean:     100.0000	test_episode_limit_mean:   1.0000
test_healthy_machine_fraction_mean:  0.2538	test_return_mean:         62.0688	test_return_median:       62.1000	test_return_std:           6.4404

[INFO 06:44:31] my_main Recent Stats | t_env:     596000 | Episode:     5960
entropy_loss:              0.0021	ep_length_mean:          100.0000	episode_limit_mean:        1.0000	epsilon:                   0.0500
grad_norm:                20.4444	healthy_machine_fraction_mean:  0.2350	loss:                      0.4657	mi_loss:                   0.0042
q_taken_mean:              1.4469	return_mean:              53.5840	return_median:            53.6000	return_std:                6.1139
target_mean:               1.4844	td_error_abs:              0.5051	test_ep_length_mean:     100.0000	test_episode_limit_mean:   1.0000
test_healthy_machine_fraction_mean:  0.2538	test_return_mean:         62.0688	test_return_median:       62.1000	test_return_std:           6.4404

[INFO 06:45:22] my_main Recent Stats | t_env:     598000 | Episode:     5980
entropy_loss:              0.0021	ep_length_mean:          100.0000	episode_limit_mean:        1.0000	epsilon:                   0.0500
grad_norm:                20.4444	healthy_machine_fraction_mean:  0.2350	loss:                      0.4657	mi_loss:                   0.0042
q_taken_mean:              1.4469	return_mean:              53.5840	return_median:            53.6000	return_std:                6.1139
target_mean:               1.4844	td_error_abs:              0.5051	test_ep_length_mean:     100.0000	test_episode_limit_mean:   1.0000
test_healthy_machine_fraction_mean:  0.2538	test_return_mean:         62.0688	test_return_median:       62.1000	test_return_std:           6.4404

[INFO 06:46:13] my_main Recent Stats | t_env:     600000 | Episode:     6000
entropy_loss:              0.0021	ep_length_mean:          100.0000	episode_limit_mean:        1.0000	epsilon:                   0.0500
grad_norm:                20.4444	healthy_machine_fraction_mean:  0.2350	loss:                      0.4657	mi_loss:                   0.0042
q_taken_mean:              1.4469	return_mean:              53.5840	return_median:            53.6000	return_std:                6.1139
target_mean:               1.4844	td_error_abs:              0.5051	test_ep_length_mean:     100.0000	test_episode_limit_mean:   1.0000
test_healthy_machine_fraction_mean:  0.2538	test_return_mean:         62.0688	test_return_median:       62.1000	test_return_std:           6.4404

[INFO 06:46:16] my_main Updated target network
[INFO 06:46:16] my_main t_env: 600100 / 2050000
[INFO 06:46:16] my_main Estimated time left: 11 hours, 28 minutes, 54 seconds. Time passed: 4 hours, 42 minutes, 6 seconds
[INFO 06:47:34] my_main Recent Stats | t_env:     602000 | Episode:     6020
entropy_loss:              0.0021	ep_length_mean:          100.0000	episode_limit_mean:        1.0000	epsilon:                   0.0500
grad_norm:                20.4444	healthy_machine_fraction_mean:  0.2218	loss:                      0.4657	mi_loss:                   0.0042
q_taken_mean:              1.4469	return_mean:              53.3560	return_median:            53.2000	return_std:                5.9719
target_mean:               1.4844	td_error_abs:              0.5051	test_ep_length_mean:     100.0000	test_episode_limit_mean:   1.0000
test_healthy_machine_fraction_mean:  0.2400	test_return_mean:         61.1313	test_return_median:       60.8000	test_return_std:           6.0478

[INFO 06:48:26] my_main Recent Stats | t_env:     604000 | Episode:     6040
entropy_loss:              0.0021	ep_length_mean:          100.0000	episode_limit_mean:        1.0000	epsilon:                   0.0500
grad_norm:                18.9191	healthy_machine_fraction_mean:  0.2218	loss:                      0.4429	mi_loss:                   0.0042
q_taken_mean:              1.4556	return_mean:              53.3560	return_median:            53.2000	return_std:                5.9719
target_mean:               1.4904	td_error_abs:              0.4899	test_ep_length_mean:     100.0000	test_episode_limit_mean:   1.0000
test_healthy_machine_fraction_mean:  0.2400	test_return_mean:         61.1313	test_return_median:       60.8000	test_return_std:           6.0478

[INFO 06:49:17] my_main Recent Stats | t_env:     606000 | Episode:     6060
entropy_loss:              0.0021	ep_length_mean:          100.0000	episode_limit_mean:        1.0000	epsilon:                   0.0500
grad_norm:                18.9191	healthy_machine_fraction_mean:  0.2218	loss:                      0.4429	mi_loss:                   0.0042
q_taken_mean:              1.4556	return_mean:              53.3560	return_median:            53.2000	return_std:                5.9719
target_mean:               1.4904	td_error_abs:              0.4899	test_ep_length_mean:     100.0000	test_episode_limit_mean:   1.0000
test_healthy_machine_fraction_mean:  0.2400	test_return_mean:         61.1313	test_return_median:       60.8000	test_return_std:           6.0478

[INFO 06:50:08] my_main Recent Stats | t_env:     608000 | Episode:     6080
entropy_loss:              0.0021	ep_length_mean:          100.0000	episode_limit_mean:        1.0000	epsilon:                   0.0500
grad_norm:                18.9191	healthy_machine_fraction_mean:  0.2218	loss:                      0.4429	mi_loss:                   0.0042
q_taken_mean:              1.4556	return_mean:              53.3560	return_median:            53.2000	return_std:                5.9719
target_mean:               1.4904	td_error_abs:              0.4899	test_ep_length_mean:     100.0000	test_episode_limit_mean:   1.0000
test_healthy_machine_fraction_mean:  0.2400	test_return_mean:         61.1313	test_return_median:       60.8000	test_return_std:           6.0478

[INFO 06:50:59] my_main Recent Stats | t_env:     610000 | Episode:     6100
entropy_loss:              0.0021	ep_length_mean:          100.0000	episode_limit_mean:        1.0000	epsilon:                   0.0500
grad_norm:                18.9191	healthy_machine_fraction_mean:  0.2218	loss:                      0.4429	mi_loss:                   0.0042
q_taken_mean:              1.4556	return_mean:              53.3560	return_median:            53.2000	return_std:                5.9719
target_mean:               1.4904	td_error_abs:              0.4899	test_ep_length_mean:     100.0000	test_episode_limit_mean:   1.0000
test_healthy_machine_fraction_mean:  0.2400	test_return_mean:         61.1313	test_return_median:       60.8000	test_return_std:           6.0478

[INFO 06:51:02] my_main t_env: 610100 / 2050000
[INFO 06:51:02] my_main Estimated time left: 11 hours, 26 minutes, 39 seconds. Time passed: 4 hours, 46 minutes, 52 seconds
[INFO 06:52:20] my_main Recent Stats | t_env:     612000 | Episode:     6120
entropy_loss:              0.0021	ep_length_mean:          100.0000	episode_limit_mean:        1.0000	epsilon:                   0.0500
grad_norm:                18.9191	healthy_machine_fraction_mean:  0.2034	loss:                      0.4429	mi_loss:                   0.0042
q_taken_mean:              1.4556	return_mean:              52.7980	return_median:            52.6000	return_std:                6.0582
target_mean:               1.4904	td_error_abs:              0.4899	test_ep_length_mean:     100.0000	test_episode_limit_mean:   1.0000
test_healthy_machine_fraction_mean:  0.2188	test_return_mean:         58.9750	test_return_median:       59.3000	test_return_std:           6.2800

[INFO 06:53:11] my_main Recent Stats | t_env:     614000 | Episode:     6140
entropy_loss:              0.0020	ep_length_mean:          100.0000	episode_limit_mean:        1.0000	epsilon:                   0.0500
grad_norm:                19.5401	healthy_machine_fraction_mean:  0.2034	loss:                      0.4484	mi_loss:                   0.0042
q_taken_mean:              1.4604	return_mean:              52.7980	return_median:            52.6000	return_std:                6.0582
target_mean:               1.4966	td_error_abs:              0.4957	test_ep_length_mean:     100.0000	test_episode_limit_mean:   1.0000
test_healthy_machine_fraction_mean:  0.2188	test_return_mean:         58.9750	test_return_median:       59.3000	test_return_std:           6.2800

[INFO 06:54:02] my_main Recent Stats | t_env:     616000 | Episode:     6160
entropy_loss:              0.0020	ep_length_mean:          100.0000	episode_limit_mean:        1.0000	epsilon:                   0.0500
grad_norm:                19.5401	healthy_machine_fraction_mean:  0.2034	loss:                      0.4484	mi_loss:                   0.0042
q_taken_mean:              1.4604	return_mean:              52.7980	return_median:            52.6000	return_std:                6.0582
target_mean:               1.4966	td_error_abs:              0.4957	test_ep_length_mean:     100.0000	test_episode_limit_mean:   1.0000
test_healthy_machine_fraction_mean:  0.2188	test_return_mean:         58.9750	test_return_median:       59.3000	test_return_std:           6.2800

[INFO 06:54:53] my_main Recent Stats | t_env:     618000 | Episode:     6180
entropy_loss:              0.0020	ep_length_mean:          100.0000	episode_limit_mean:        1.0000	epsilon:                   0.0500
grad_norm:                19.5401	healthy_machine_fraction_mean:  0.2034	loss:                      0.4484	mi_loss:                   0.0042
q_taken_mean:              1.4604	return_mean:              52.7980	return_median:            52.6000	return_std:                6.0582
target_mean:               1.4966	td_error_abs:              0.4957	test_ep_length_mean:     100.0000	test_episode_limit_mean:   1.0000
test_healthy_machine_fraction_mean:  0.2188	test_return_mean:         58.9750	test_return_median:       59.3000	test_return_std:           6.2800

[INFO 06:55:45] my_main Recent Stats | t_env:     620000 | Episode:     6200
entropy_loss:              0.0020	ep_length_mean:          100.0000	episode_limit_mean:        1.0000	epsilon:                   0.0500
grad_norm:                19.5401	healthy_machine_fraction_mean:  0.2034	loss:                      0.4484	mi_loss:                   0.0042
q_taken_mean:              1.4604	return_mean:              52.7980	return_median:            52.6000	return_std:                6.0582
target_mean:               1.4966	td_error_abs:              0.4957	test_ep_length_mean:     100.0000	test_episode_limit_mean:   1.0000
test_healthy_machine_fraction_mean:  0.2188	test_return_mean:         58.9750	test_return_median:       59.3000	test_return_std:           6.2800

[INFO 06:55:47] my_main Updated target network
[INFO 06:55:47] my_main t_env: 620100 / 2050000
[INFO 06:55:47] my_main Estimated time left: 11 hours, 20 minutes, 55 seconds. Time passed: 4 hours, 51 minutes, 38 seconds
[INFO 06:57:03] my_main Recent Stats | t_env:     622000 | Episode:     6220
entropy_loss:              0.0020	ep_length_mean:          100.0000	episode_limit_mean:        1.0000	epsilon:                   0.0500
grad_norm:                19.5401	healthy_machine_fraction_mean:  0.2048	loss:                      0.4484	mi_loss:                   0.0042
q_taken_mean:              1.4604	return_mean:              52.6380	return_median:            52.5000	return_std:                5.9520
target_mean:               1.4966	td_error_abs:              0.4957	test_ep_length_mean:     100.0000	test_episode_limit_mean:   1.0000
test_healthy_machine_fraction_mean:  0.2037	test_return_mean:         58.0063	test_return_median:       58.1000	test_return_std:           6.1893

[INFO 06:57:53] my_main Recent Stats | t_env:     624000 | Episode:     6240
entropy_loss:              0.0020	ep_length_mean:          100.0000	episode_limit_mean:        1.0000	epsilon:                   0.0500
grad_norm:                18.7638	healthy_machine_fraction_mean:  0.2048	loss:                      0.4363	mi_loss:                   0.0041
q_taken_mean:              1.4680	return_mean:              52.6380	return_median:            52.5000	return_std:                5.9520
target_mean:               1.5029	td_error_abs:              0.4889	test_ep_length_mean:     100.0000	test_episode_limit_mean:   1.0000
test_healthy_machine_fraction_mean:  0.2037	test_return_mean:         58.0063	test_return_median:       58.1000	test_return_std:           6.1893

[INFO 06:58:45] my_main Recent Stats | t_env:     626000 | Episode:     6260
entropy_loss:              0.0020	ep_length_mean:          100.0000	episode_limit_mean:        1.0000	epsilon:                   0.0500
grad_norm:                18.7638	healthy_machine_fraction_mean:  0.2048	loss:                      0.4363	mi_loss:                   0.0041
q_taken_mean:              1.4680	return_mean:              52.6380	return_median:            52.5000	return_std:                5.9520
target_mean:               1.5029	td_error_abs:              0.4889	test_ep_length_mean:     100.0000	test_episode_limit_mean:   1.0000
test_healthy_machine_fraction_mean:  0.2037	test_return_mean:         58.0063	test_return_median:       58.1000	test_return_std:           6.1893

[INFO 06:59:36] my_main Recent Stats | t_env:     628000 | Episode:     6280
entropy_loss:              0.0020	ep_length_mean:          100.0000	episode_limit_mean:        1.0000	epsilon:                   0.0500
grad_norm:                18.7638	healthy_machine_fraction_mean:  0.2048	loss:                      0.4363	mi_loss:                   0.0041
q_taken_mean:              1.4680	return_mean:              52.6380	return_median:            52.5000	return_std:                5.9520
target_mean:               1.5029	td_error_abs:              0.4889	test_ep_length_mean:     100.0000	test_episode_limit_mean:   1.0000
test_healthy_machine_fraction_mean:  0.2037	test_return_mean:         58.0063	test_return_median:       58.1000	test_return_std:           6.1893

[INFO 07:00:27] my_main Recent Stats | t_env:     630000 | Episode:     6300
entropy_loss:              0.0020	ep_length_mean:          100.0000	episode_limit_mean:        1.0000	epsilon:                   0.0500
grad_norm:                18.7638	healthy_machine_fraction_mean:  0.2048	loss:                      0.4363	mi_loss:                   0.0041
q_taken_mean:              1.4680	return_mean:              52.6380	return_median:            52.5000	return_std:                5.9520
target_mean:               1.5029	td_error_abs:              0.4889	test_ep_length_mean:     100.0000	test_episode_limit_mean:   1.0000
test_healthy_machine_fraction_mean:  0.2037	test_return_mean:         58.0063	test_return_median:       58.1000	test_return_std:           6.1893

[INFO 07:00:30] my_main t_env: 630100 / 2050000
[INFO 07:00:30] my_main Estimated time left: 11 hours, 8 minutes, 41 seconds. Time passed: 4 hours, 56 minutes, 20 seconds
[INFO 07:01:49] my_main Recent Stats | t_env:     632000 | Episode:     6320
entropy_loss:              0.0020	ep_length_mean:          100.0000	episode_limit_mean:        1.0000	epsilon:                   0.0500
grad_norm:                18.7638	healthy_machine_fraction_mean:  0.1986	loss:                      0.4363	mi_loss:                   0.0041
q_taken_mean:              1.4680	return_mean:              52.2840	return_median:            52.1000	return_std:                6.0098
target_mean:               1.5029	td_error_abs:              0.4889	test_ep_length_mean:     100.0000	test_episode_limit_mean:   1.0000
test_healthy_machine_fraction_mean:  0.2000	test_return_mean:         57.5250	test_return_median:       58.0000	test_return_std:           6.3929

[INFO 07:02:40] my_main Recent Stats | t_env:     634000 | Episode:     6340
entropy_loss:              0.0021	ep_length_mean:          100.0000	episode_limit_mean:        1.0000	epsilon:                   0.0500
grad_norm:                19.3698	healthy_machine_fraction_mean:  0.1986	loss:                      0.4463	mi_loss:                   0.0041
q_taken_mean:              1.4739	return_mean:              52.2840	return_median:            52.1000	return_std:                6.0098
target_mean:               1.5099	td_error_abs:              0.4958	test_ep_length_mean:     100.0000	test_episode_limit_mean:   1.0000
test_healthy_machine_fraction_mean:  0.2000	test_return_mean:         57.5250	test_return_median:       58.0000	test_return_std:           6.3929

[INFO 07:03:32] my_main Recent Stats | t_env:     636000 | Episode:     6360
entropy_loss:              0.0021	ep_length_mean:          100.0000	episode_limit_mean:        1.0000	epsilon:                   0.0500
grad_norm:                19.3698	healthy_machine_fraction_mean:  0.1986	loss:                      0.4463	mi_loss:                   0.0041
q_taken_mean:              1.4739	return_mean:              52.2840	return_median:            52.1000	return_std:                6.0098
target_mean:               1.5099	td_error_abs:              0.4958	test_ep_length_mean:     100.0000	test_episode_limit_mean:   1.0000
test_healthy_machine_fraction_mean:  0.2000	test_return_mean:         57.5250	test_return_median:       58.0000	test_return_std:           6.3929

[INFO 07:04:24] my_main Recent Stats | t_env:     638000 | Episode:     6380
entropy_loss:              0.0021	ep_length_mean:          100.0000	episode_limit_mean:        1.0000	epsilon:                   0.0500
grad_norm:                19.3698	healthy_machine_fraction_mean:  0.1986	loss:                      0.4463	mi_loss:                   0.0041
q_taken_mean:              1.4739	return_mean:              52.2840	return_median:            52.1000	return_std:                6.0098
target_mean:               1.5099	td_error_abs:              0.4958	test_ep_length_mean:     100.0000	test_episode_limit_mean:   1.0000
test_healthy_machine_fraction_mean:  0.2000	test_return_mean:         57.5250	test_return_median:       58.0000	test_return_std:           6.3929

[INFO 07:05:15] my_main Recent Stats | t_env:     640000 | Episode:     6400
entropy_loss:              0.0021	ep_length_mean:          100.0000	episode_limit_mean:        1.0000	epsilon:                   0.0500
grad_norm:                19.3698	healthy_machine_fraction_mean:  0.1986	loss:                      0.4463	mi_loss:                   0.0041
q_taken_mean:              1.4739	return_mean:              52.2840	return_median:            52.1000	return_std:                6.0098
target_mean:               1.5099	td_error_abs:              0.4958	test_ep_length_mean:     100.0000	test_episode_limit_mean:   1.0000
test_healthy_machine_fraction_mean:  0.2000	test_return_mean:         57.5250	test_return_median:       58.0000	test_return_std:           6.3929

[INFO 07:05:18] my_main Updated target network
[INFO 07:05:18] my_main t_env: 640100 / 2050000
[INFO 07:05:18] my_main Estimated time left: 11 hours, 16 minutes, 24 seconds. Time passed: 5 hours, 1 minutes, 8 seconds
[INFO 07:06:36] my_main Recent Stats | t_env:     642000 | Episode:     6420
entropy_loss:              0.0021	ep_length_mean:          100.0000	episode_limit_mean:        1.0000	epsilon:                   0.0500
grad_norm:                19.3698	healthy_machine_fraction_mean:  0.2004	loss:                      0.4463	mi_loss:                   0.0041
q_taken_mean:              1.4739	return_mean:              52.5580	return_median:            52.4000	return_std:                5.8779
target_mean:               1.5099	td_error_abs:              0.4958	test_ep_length_mean:     100.0000	test_episode_limit_mean:   1.0000
test_healthy_machine_fraction_mean:  0.1819	test_return_mean:         57.0375	test_return_median:       57.7000	test_return_std:           6.6661

[INFO 07:07:27] my_main Recent Stats | t_env:     644000 | Episode:     6440
entropy_loss:              0.0020	ep_length_mean:          100.0000	episode_limit_mean:        1.0000	epsilon:                   0.0500
grad_norm:                19.0731	healthy_machine_fraction_mean:  0.2004	loss:                      0.4426	mi_loss:                   0.0041
q_taken_mean:              1.4852	return_mean:              52.5580	return_median:            52.4000	return_std:                5.8779
target_mean:               1.5206	td_error_abs:              0.4928	test_ep_length_mean:     100.0000	test_episode_limit_mean:   1.0000
test_healthy_machine_fraction_mean:  0.1819	test_return_mean:         57.0375	test_return_median:       57.7000	test_return_std:           6.6661

[INFO 07:08:19] my_main Recent Stats | t_env:     646000 | Episode:     6460
entropy_loss:              0.0020	ep_length_mean:          100.0000	episode_limit_mean:        1.0000	epsilon:                   0.0500
grad_norm:                19.0731	healthy_machine_fraction_mean:  0.2004	loss:                      0.4426	mi_loss:                   0.0041
q_taken_mean:              1.4852	return_mean:              52.5580	return_median:            52.4000	return_std:                5.8779
target_mean:               1.5206	td_error_abs:              0.4928	test_ep_length_mean:     100.0000	test_episode_limit_mean:   1.0000
test_healthy_machine_fraction_mean:  0.1819	test_return_mean:         57.0375	test_return_median:       57.7000	test_return_std:           6.6661

[INFO 07:09:10] my_main Recent Stats | t_env:     648000 | Episode:     6480
entropy_loss:              0.0020	ep_length_mean:          100.0000	episode_limit_mean:        1.0000	epsilon:                   0.0500
grad_norm:                19.0731	healthy_machine_fraction_mean:  0.2004	loss:                      0.4426	mi_loss:                   0.0041
q_taken_mean:              1.4852	return_mean:              52.5580	return_median:            52.4000	return_std:                5.8779
target_mean:               1.5206	td_error_abs:              0.4928	test_ep_length_mean:     100.0000	test_episode_limit_mean:   1.0000
test_healthy_machine_fraction_mean:  0.1819	test_return_mean:         57.0375	test_return_median:       57.7000	test_return_std:           6.6661

[INFO 07:10:01] my_main Recent Stats | t_env:     650000 | Episode:     6500
entropy_loss:              0.0020	ep_length_mean:          100.0000	episode_limit_mean:        1.0000	epsilon:                   0.0500
grad_norm:                19.0731	healthy_machine_fraction_mean:  0.2004	loss:                      0.4426	mi_loss:                   0.0041
q_taken_mean:              1.4852	return_mean:              52.5580	return_median:            52.4000	return_std:                5.8779
target_mean:               1.5206	td_error_abs:              0.4928	test_ep_length_mean:     100.0000	test_episode_limit_mean:   1.0000
test_healthy_machine_fraction_mean:  0.1819	test_return_mean:         57.0375	test_return_median:       57.7000	test_return_std:           6.6661

[INFO 07:10:04] my_main t_env: 650100 / 2050000
[INFO 07:10:04] my_main Estimated time left: 11 hours, 7 minutes, 2 seconds. Time passed: 5 hours, 5 minutes, 54 seconds
[INFO 07:11:23] my_main Recent Stats | t_env:     652000 | Episode:     6520
entropy_loss:              0.0020	ep_length_mean:          100.0000	episode_limit_mean:        1.0000	epsilon:                   0.0500
grad_norm:                19.0731	healthy_machine_fraction_mean:  0.1930	loss:                      0.4426	mi_loss:                   0.0041
q_taken_mean:              1.4852	return_mean:              52.8180	return_median:            52.6000	return_std:                6.1361
target_mean:               1.5206	td_error_abs:              0.4928	test_ep_length_mean:     100.0000	test_episode_limit_mean:   1.0000
test_healthy_machine_fraction_mean:  0.1850	test_return_mean:         56.9438	test_return_median:       57.7000	test_return_std:           6.9758

[INFO 07:12:14] my_main Recent Stats | t_env:     654000 | Episode:     6540
entropy_loss:              0.0020	ep_length_mean:          100.0000	episode_limit_mean:        1.0000	epsilon:                   0.0500
grad_norm:                19.9898	healthy_machine_fraction_mean:  0.1930	loss:                      0.4521	mi_loss:                   0.0041
q_taken_mean:              1.4919	return_mean:              52.8180	return_median:            52.6000	return_std:                6.1361
target_mean:               1.5289	td_error_abs:              0.4997	test_ep_length_mean:     100.0000	test_episode_limit_mean:   1.0000
test_healthy_machine_fraction_mean:  0.1850	test_return_mean:         56.9438	test_return_median:       57.7000	test_return_std:           6.9758

[INFO 07:13:06] my_main Recent Stats | t_env:     656000 | Episode:     6560
entropy_loss:              0.0020	ep_length_mean:          100.0000	episode_limit_mean:        1.0000	epsilon:                   0.0500
grad_norm:                19.9898	healthy_machine_fraction_mean:  0.1930	loss:                      0.4521	mi_loss:                   0.0041
q_taken_mean:              1.4919	return_mean:              52.8180	return_median:            52.6000	return_std:                6.1361
target_mean:               1.5289	td_error_abs:              0.4997	test_ep_length_mean:     100.0000	test_episode_limit_mean:   1.0000
test_healthy_machine_fraction_mean:  0.1850	test_return_mean:         56.9438	test_return_median:       57.7000	test_return_std:           6.9758

[INFO 07:13:57] my_main Recent Stats | t_env:     658000 | Episode:     6580
entropy_loss:              0.0020	ep_length_mean:          100.0000	episode_limit_mean:        1.0000	epsilon:                   0.0500
grad_norm:                19.9898	healthy_machine_fraction_mean:  0.1930	loss:                      0.4521	mi_loss:                   0.0041
q_taken_mean:              1.4919	return_mean:              52.8180	return_median:            52.6000	return_std:                6.1361
target_mean:               1.5289	td_error_abs:              0.4997	test_ep_length_mean:     100.0000	test_episode_limit_mean:   1.0000
test_healthy_machine_fraction_mean:  0.1850	test_return_mean:         56.9438	test_return_median:       57.7000	test_return_std:           6.9758

[INFO 07:14:48] my_main Recent Stats | t_env:     660000 | Episode:     6600
entropy_loss:              0.0020	ep_length_mean:          100.0000	episode_limit_mean:        1.0000	epsilon:                   0.0500
grad_norm:                19.9898	healthy_machine_fraction_mean:  0.1930	loss:                      0.4521	mi_loss:                   0.0041
q_taken_mean:              1.4919	return_mean:              52.8180	return_median:            52.6000	return_std:                6.1361
target_mean:               1.5289	td_error_abs:              0.4997	test_ep_length_mean:     100.0000	test_episode_limit_mean:   1.0000
test_healthy_machine_fraction_mean:  0.1850	test_return_mean:         56.9438	test_return_median:       57.7000	test_return_std:           6.9758

[INFO 07:14:51] my_main Updated target network
[INFO 07:14:51] my_main t_env: 660100 / 2050000
[INFO 07:14:51] my_main Estimated time left: 11 hours, 5 minutes, 34 seconds. Time passed: 5 hours, 10 minutes, 41 seconds
[INFO 07:16:10] my_main Recent Stats | t_env:     662000 | Episode:     6620
entropy_loss:              0.0020	ep_length_mean:          100.0000	episode_limit_mean:        1.0000	epsilon:                   0.0500
grad_norm:                19.9898	healthy_machine_fraction_mean:  0.1992	loss:                      0.4521	mi_loss:                   0.0041
q_taken_mean:              1.4919	return_mean:              53.3700	return_median:            53.3000	return_std:                6.0481
target_mean:               1.5289	td_error_abs:              0.4997	test_ep_length_mean:     100.0000	test_episode_limit_mean:   1.0000
test_healthy_machine_fraction_mean:  0.1981	test_return_mean:         57.9000	test_return_median:       58.2000	test_return_std:           6.7458

[INFO 07:17:02] my_main Recent Stats | t_env:     664000 | Episode:     6640
entropy_loss:              0.0020	ep_length_mean:          100.0000	episode_limit_mean:        1.0000	epsilon:                   0.0500
grad_norm:                19.9265	healthy_machine_fraction_mean:  0.1992	loss:                      0.4526	mi_loss:                   0.0041
q_taken_mean:              1.5018	return_mean:              53.3700	return_median:            53.3000	return_std:                6.0481
target_mean:               1.5383	td_error_abs:              0.4978	test_ep_length_mean:     100.0000	test_episode_limit_mean:   1.0000
test_healthy_machine_fraction_mean:  0.1981	test_return_mean:         57.9000	test_return_median:       58.2000	test_return_std:           6.7458

[INFO 07:17:53] my_main Recent Stats | t_env:     666000 | Episode:     6660
entropy_loss:              0.0020	ep_length_mean:          100.0000	episode_limit_mean:        1.0000	epsilon:                   0.0500
grad_norm:                19.9265	healthy_machine_fraction_mean:  0.1992	loss:                      0.4526	mi_loss:                   0.0041
q_taken_mean:              1.5018	return_mean:              53.3700	return_median:            53.3000	return_std:                6.0481
target_mean:               1.5383	td_error_abs:              0.4978	test_ep_length_mean:     100.0000	test_episode_limit_mean:   1.0000
test_healthy_machine_fraction_mean:  0.1981	test_return_mean:         57.9000	test_return_median:       58.2000	test_return_std:           6.7458

[INFO 07:18:45] my_main Recent Stats | t_env:     668000 | Episode:     6680
entropy_loss:              0.0020	ep_length_mean:          100.0000	episode_limit_mean:        1.0000	epsilon:                   0.0500
grad_norm:                19.9265	healthy_machine_fraction_mean:  0.1992	loss:                      0.4526	mi_loss:                   0.0041
q_taken_mean:              1.5018	return_mean:              53.3700	return_median:            53.3000	return_std:                6.0481
target_mean:               1.5383	td_error_abs:              0.4978	test_ep_length_mean:     100.0000	test_episode_limit_mean:   1.0000
test_healthy_machine_fraction_mean:  0.1981	test_return_mean:         57.9000	test_return_median:       58.2000	test_return_std:           6.7458

[INFO 07:19:36] my_main Recent Stats | t_env:     670000 | Episode:     6700
entropy_loss:              0.0020	ep_length_mean:          100.0000	episode_limit_mean:        1.0000	epsilon:                   0.0500
grad_norm:                19.9265	healthy_machine_fraction_mean:  0.1992	loss:                      0.4526	mi_loss:                   0.0041
q_taken_mean:              1.5018	return_mean:              53.3700	return_median:            53.3000	return_std:                6.0481
target_mean:               1.5383	td_error_abs:              0.4978	test_ep_length_mean:     100.0000	test_episode_limit_mean:   1.0000
test_healthy_machine_fraction_mean:  0.1981	test_return_mean:         57.9000	test_return_median:       58.2000	test_return_std:           6.7458

[INFO 07:19:39] my_main t_env: 670100 / 2050000
[INFO 07:19:39] my_main Estimated time left: 11 hours, 1 minutes, 32 seconds. Time passed: 5 hours, 15 minutes, 29 seconds
[INFO 07:20:57] my_main Recent Stats | t_env:     672000 | Episode:     6720
entropy_loss:              0.0020	ep_length_mean:          100.0000	episode_limit_mean:        1.0000	epsilon:                   0.0500
grad_norm:                19.9265	healthy_machine_fraction_mean:  0.2006	loss:                      0.4526	mi_loss:                   0.0041
q_taken_mean:              1.5018	return_mean:              53.8220	return_median:            53.6000	return_std:                5.9128
target_mean:               1.5383	td_error_abs:              0.4978	test_ep_length_mean:     100.0000	test_episode_limit_mean:   1.0000
test_healthy_machine_fraction_mean:  0.1987	test_return_mean:         58.2938	test_return_median:       59.0000	test_return_std:           6.7178

[INFO 07:21:49] my_main Recent Stats | t_env:     674000 | Episode:     6740
entropy_loss:              0.0020	ep_length_mean:          100.0000	episode_limit_mean:        1.0000	epsilon:                   0.0500
grad_norm:                19.8212	healthy_machine_fraction_mean:  0.2006	loss:                      0.4545	mi_loss:                   0.0041
q_taken_mean:              1.5103	return_mean:              53.8220	return_median:            53.6000	return_std:                5.9128
target_mean:               1.5468	td_error_abs:              0.4991	test_ep_length_mean:     100.0000	test_episode_limit_mean:   1.0000
test_healthy_machine_fraction_mean:  0.1987	test_return_mean:         58.2938	test_return_median:       59.0000	test_return_std:           6.7178

[INFO 07:22:40] my_main Recent Stats | t_env:     676000 | Episode:     6760
entropy_loss:              0.0020	ep_length_mean:          100.0000	episode_limit_mean:        1.0000	epsilon:                   0.0500
grad_norm:                19.8212	healthy_machine_fraction_mean:  0.2006	loss:                      0.4545	mi_loss:                   0.0041
q_taken_mean:              1.5103	return_mean:              53.8220	return_median:            53.6000	return_std:                5.9128
target_mean:               1.5468	td_error_abs:              0.4991	test_ep_length_mean:     100.0000	test_episode_limit_mean:   1.0000
test_healthy_machine_fraction_mean:  0.1987	test_return_mean:         58.2938	test_return_median:       59.0000	test_return_std:           6.7178

[INFO 07:23:32] my_main Recent Stats | t_env:     678000 | Episode:     6780
entropy_loss:              0.0020	ep_length_mean:          100.0000	episode_limit_mean:        1.0000	epsilon:                   0.0500
grad_norm:                19.8212	healthy_machine_fraction_mean:  0.2006	loss:                      0.4545	mi_loss:                   0.0041
q_taken_mean:              1.5103	return_mean:              53.8220	return_median:            53.6000	return_std:                5.9128
target_mean:               1.5468	td_error_abs:              0.4991	test_ep_length_mean:     100.0000	test_episode_limit_mean:   1.0000
test_healthy_machine_fraction_mean:  0.1987	test_return_mean:         58.2938	test_return_median:       59.0000	test_return_std:           6.7178

[INFO 07:24:23] my_main Recent Stats | t_env:     680000 | Episode:     6800
entropy_loss:              0.0020	ep_length_mean:          100.0000	episode_limit_mean:        1.0000	epsilon:                   0.0500
grad_norm:                19.8212	healthy_machine_fraction_mean:  0.2006	loss:                      0.4545	mi_loss:                   0.0041
q_taken_mean:              1.5103	return_mean:              53.8220	return_median:            53.6000	return_std:                5.9128
target_mean:               1.5468	td_error_abs:              0.4991	test_ep_length_mean:     100.0000	test_episode_limit_mean:   1.0000
test_healthy_machine_fraction_mean:  0.1987	test_return_mean:         58.2938	test_return_median:       59.0000	test_return_std:           6.7178

[INFO 07:24:26] my_main Updated target network
[INFO 07:24:26] my_main t_env: 680100 / 2050000
[INFO 07:24:26] my_main Estimated time left: 10 hours, 55 minutes, 11 seconds. Time passed: 5 hours, 20 minutes, 16 seconds
[INFO 07:25:44] my_main Recent Stats | t_env:     682000 | Episode:     6820
entropy_loss:              0.0020	ep_length_mean:          100.0000	episode_limit_mean:        1.0000	epsilon:                   0.0500
grad_norm:                19.8212	healthy_machine_fraction_mean:  0.1872	loss:                      0.4545	mi_loss:                   0.0041
q_taken_mean:              1.5103	return_mean:              54.1000	return_median:            53.8000	return_std:                5.9363
target_mean:               1.5468	td_error_abs:              0.4991	test_ep_length_mean:     100.0000	test_episode_limit_mean:   1.0000
test_healthy_machine_fraction_mean:  0.2019	test_return_mean:         59.4375	test_return_median:       60.1000	test_return_std:           6.3620

[INFO 07:26:36] my_main Recent Stats | t_env:     684000 | Episode:     6840
entropy_loss:              0.0020	ep_length_mean:          100.0000	episode_limit_mean:        1.0000	epsilon:                   0.0500
grad_norm:                19.0534	healthy_machine_fraction_mean:  0.1872	loss:                      0.4362	mi_loss:                   0.0041
q_taken_mean:              1.5208	return_mean:              54.1000	return_median:            53.8000	return_std:                5.9363
target_mean:               1.5559	td_error_abs:              0.4899	test_ep_length_mean:     100.0000	test_episode_limit_mean:   1.0000
test_healthy_machine_fraction_mean:  0.2019	test_return_mean:         59.4375	test_return_median:       60.1000	test_return_std:           6.3620

[INFO 07:27:27] my_main Recent Stats | t_env:     686000 | Episode:     6860
entropy_loss:              0.0020	ep_length_mean:          100.0000	episode_limit_mean:        1.0000	epsilon:                   0.0500
grad_norm:                19.0534	healthy_machine_fraction_mean:  0.1872	loss:                      0.4362	mi_loss:                   0.0041
q_taken_mean:              1.5208	return_mean:              54.1000	return_median:            53.8000	return_std:                5.9363
target_mean:               1.5559	td_error_abs:              0.4899	test_ep_length_mean:     100.0000	test_episode_limit_mean:   1.0000
test_healthy_machine_fraction_mean:  0.2019	test_return_mean:         59.4375	test_return_median:       60.1000	test_return_std:           6.3620

[INFO 07:28:19] my_main Recent Stats | t_env:     688000 | Episode:     6880
entropy_loss:              0.0020	ep_length_mean:          100.0000	episode_limit_mean:        1.0000	epsilon:                   0.0500
grad_norm:                19.0534	healthy_machine_fraction_mean:  0.1872	loss:                      0.4362	mi_loss:                   0.0041
q_taken_mean:              1.5208	return_mean:              54.1000	return_median:            53.8000	return_std:                5.9363
target_mean:               1.5559	td_error_abs:              0.4899	test_ep_length_mean:     100.0000	test_episode_limit_mean:   1.0000
test_healthy_machine_fraction_mean:  0.2019	test_return_mean:         59.4375	test_return_median:       60.1000	test_return_std:           6.3620

[INFO 07:29:10] my_main Recent Stats | t_env:     690000 | Episode:     6900
entropy_loss:              0.0020	ep_length_mean:          100.0000	episode_limit_mean:        1.0000	epsilon:                   0.0500
grad_norm:                19.0534	healthy_machine_fraction_mean:  0.1872	loss:                      0.4362	mi_loss:                   0.0041
q_taken_mean:              1.5208	return_mean:              54.1000	return_median:            53.8000	return_std:                5.9363
target_mean:               1.5559	td_error_abs:              0.4899	test_ep_length_mean:     100.0000	test_episode_limit_mean:   1.0000
test_healthy_machine_fraction_mean:  0.2019	test_return_mean:         59.4375	test_return_median:       60.1000	test_return_std:           6.3620

[INFO 07:29:13] my_main t_env: 690100 / 2050000
[INFO 07:29:13] my_main Estimated time left: 10 hours, 50 minutes, 43 seconds. Time passed: 5 hours, 25 minutes, 3 seconds
[INFO 07:30:31] my_main Recent Stats | t_env:     692000 | Episode:     6920
entropy_loss:              0.0020	ep_length_mean:          100.0000	episode_limit_mean:        1.0000	epsilon:                   0.0500
grad_norm:                19.0534	healthy_machine_fraction_mean:  0.1984	loss:                      0.4362	mi_loss:                   0.0041
q_taken_mean:              1.5208	return_mean:              55.1120	return_median:            54.8000	return_std:                5.9958
target_mean:               1.5559	td_error_abs:              0.4899	test_ep_length_mean:     100.0000	test_episode_limit_mean:   1.0000
test_healthy_machine_fraction_mean:  0.2044	test_return_mean:         60.1313	test_return_median:       60.3000	test_return_std:           5.9939

[INFO 07:31:23] my_main Recent Stats | t_env:     694000 | Episode:     6940
entropy_loss:              0.0020	ep_length_mean:          100.0000	episode_limit_mean:        1.0000	epsilon:                   0.0500
grad_norm:                18.9562	healthy_machine_fraction_mean:  0.1984	loss:                      0.4334	mi_loss:                   0.0041
q_taken_mean:              1.5293	return_mean:              55.1120	return_median:            54.8000	return_std:                5.9958
target_mean:               1.5642	td_error_abs:              0.4903	test_ep_length_mean:     100.0000	test_episode_limit_mean:   1.0000
test_healthy_machine_fraction_mean:  0.2044	test_return_mean:         60.1313	test_return_median:       60.3000	test_return_std:           5.9939

[INFO 07:32:14] my_main Recent Stats | t_env:     696000 | Episode:     6960
entropy_loss:              0.0020	ep_length_mean:          100.0000	episode_limit_mean:        1.0000	epsilon:                   0.0500
grad_norm:                18.9562	healthy_machine_fraction_mean:  0.1984	loss:                      0.4334	mi_loss:                   0.0041
q_taken_mean:              1.5293	return_mean:              55.1120	return_median:            54.8000	return_std:                5.9958
target_mean:               1.5642	td_error_abs:              0.4903	test_ep_length_mean:     100.0000	test_episode_limit_mean:   1.0000
test_healthy_machine_fraction_mean:  0.2044	test_return_mean:         60.1313	test_return_median:       60.3000	test_return_std:           5.9939

[INFO 07:33:05] my_main Recent Stats | t_env:     698000 | Episode:     6980
entropy_loss:              0.0020	ep_length_mean:          100.0000	episode_limit_mean:        1.0000	epsilon:                   0.0500
grad_norm:                18.9562	healthy_machine_fraction_mean:  0.1984	loss:                      0.4334	mi_loss:                   0.0041
q_taken_mean:              1.5293	return_mean:              55.1120	return_median:            54.8000	return_std:                5.9958
target_mean:               1.5642	td_error_abs:              0.4903	test_ep_length_mean:     100.0000	test_episode_limit_mean:   1.0000
test_healthy_machine_fraction_mean:  0.2044	test_return_mean:         60.1313	test_return_median:       60.3000	test_return_std:           5.9939

[INFO 07:33:53] my_main Recent Stats | t_env:     700000 | Episode:     7000
entropy_loss:              0.0020	ep_length_mean:          100.0000	episode_limit_mean:        1.0000	epsilon:                   0.0500
grad_norm:                18.9562	healthy_machine_fraction_mean:  0.1984	loss:                      0.4334	mi_loss:                   0.0041
q_taken_mean:              1.5293	return_mean:              55.1120	return_median:            54.8000	return_std:                5.9958
target_mean:               1.5642	td_error_abs:              0.4903	test_ep_length_mean:     100.0000	test_episode_limit_mean:   1.0000
test_healthy_machine_fraction_mean:  0.2044	test_return_mean:         60.1313	test_return_median:       60.3000	test_return_std:           5.9939

[INFO 07:33:55] my_main Updated target network
[INFO 07:33:55] my_main t_env: 700100 / 2050000
[INFO 07:33:55] my_main Estimated time left: 10 hours, 35 minutes, 48 seconds. Time passed: 5 hours, 29 minutes, 46 seconds
[INFO 07:35:13] my_main Recent Stats | t_env:     702000 | Episode:     7020
entropy_loss:              0.0020	ep_length_mean:          100.0000	episode_limit_mean:        1.0000	epsilon:                   0.0500
grad_norm:                18.9562	healthy_machine_fraction_mean:  0.2150	loss:                      0.4334	mi_loss:                   0.0041
q_taken_mean:              1.5293	return_mean:              55.8580	return_median:            55.9000	return_std:                5.7559
target_mean:               1.5642	td_error_abs:              0.4903	test_ep_length_mean:     100.0000	test_episode_limit_mean:   1.0000
test_healthy_machine_fraction_mean:  0.2169	test_return_mean:         61.6250	test_return_median:       61.8000	test_return_std:           5.5849

[INFO 07:36:04] my_main Recent Stats | t_env:     704000 | Episode:     7040
entropy_loss:              0.0020	ep_length_mean:          100.0000	episode_limit_mean:        1.0000	epsilon:                   0.0500
grad_norm:                18.5023	healthy_machine_fraction_mean:  0.2150	loss:                      0.4266	mi_loss:                   0.0041
q_taken_mean:              1.5430	return_mean:              55.8580	return_median:            55.9000	return_std:                5.7559
target_mean:               1.5771	td_error_abs:              0.4875	test_ep_length_mean:     100.0000	test_episode_limit_mean:   1.0000
test_healthy_machine_fraction_mean:  0.2169	test_return_mean:         61.6250	test_return_median:       61.8000	test_return_std:           5.5849

[INFO 07:36:56] my_main Recent Stats | t_env:     706000 | Episode:     7060
entropy_loss:              0.0020	ep_length_mean:          100.0000	episode_limit_mean:        1.0000	epsilon:                   0.0500
grad_norm:                18.5023	healthy_machine_fraction_mean:  0.2150	loss:                      0.4266	mi_loss:                   0.0041
q_taken_mean:              1.5430	return_mean:              55.8580	return_median:            55.9000	return_std:                5.7559
target_mean:               1.5771	td_error_abs:              0.4875	test_ep_length_mean:     100.0000	test_episode_limit_mean:   1.0000
test_healthy_machine_fraction_mean:  0.2169	test_return_mean:         61.6250	test_return_median:       61.8000	test_return_std:           5.5849

[INFO 07:37:47] my_main Recent Stats | t_env:     708000 | Episode:     7080
entropy_loss:              0.0020	ep_length_mean:          100.0000	episode_limit_mean:        1.0000	epsilon:                   0.0500
grad_norm:                18.5023	healthy_machine_fraction_mean:  0.2150	loss:                      0.4266	mi_loss:                   0.0041
q_taken_mean:              1.5430	return_mean:              55.8580	return_median:            55.9000	return_std:                5.7559
target_mean:               1.5771	td_error_abs:              0.4875	test_ep_length_mean:     100.0000	test_episode_limit_mean:   1.0000
test_healthy_machine_fraction_mean:  0.2169	test_return_mean:         61.6250	test_return_median:       61.8000	test_return_std:           5.5849

[INFO 07:38:38] my_main Recent Stats | t_env:     710000 | Episode:     7100
entropy_loss:              0.0020	ep_length_mean:          100.0000	episode_limit_mean:        1.0000	epsilon:                   0.0500
grad_norm:                18.5023	healthy_machine_fraction_mean:  0.2150	loss:                      0.4266	mi_loss:                   0.0041
q_taken_mean:              1.5430	return_mean:              55.8580	return_median:            55.9000	return_std:                5.7559
target_mean:               1.5771	td_error_abs:              0.4875	test_ep_length_mean:     100.0000	test_episode_limit_mean:   1.0000
test_healthy_machine_fraction_mean:  0.2169	test_return_mean:         61.6250	test_return_median:       61.8000	test_return_std:           5.5849

[INFO 07:38:41] my_main t_env: 710100 / 2050000
[INFO 07:38:41] my_main Estimated time left: 10 hours, 37 minutes, 39 seconds. Time passed: 5 hours, 34 minutes, 31 seconds
[INFO 07:40:00] my_main Recent Stats | t_env:     712000 | Episode:     7120
entropy_loss:              0.0020	ep_length_mean:          100.0000	episode_limit_mean:        1.0000	epsilon:                   0.0500
grad_norm:                18.5023	healthy_machine_fraction_mean:  0.2332	loss:                      0.4266	mi_loss:                   0.0041
q_taken_mean:              1.5430	return_mean:              56.6080	return_median:            56.6000	return_std:                5.7311
target_mean:               1.5771	td_error_abs:              0.4875	test_ep_length_mean:     100.0000	test_episode_limit_mean:   1.0000
test_healthy_machine_fraction_mean:  0.2175	test_return_mean:         62.5187	test_return_median:       62.9000	test_return_std:           5.4044

[INFO 07:40:52] my_main Recent Stats | t_env:     714000 | Episode:     7140
entropy_loss:              0.0020	ep_length_mean:          100.0000	episode_limit_mean:        1.0000	epsilon:                   0.0500
grad_norm:                18.7140	healthy_machine_fraction_mean:  0.2332	loss:                      0.4314	mi_loss:                   0.0040
q_taken_mean:              1.5525	return_mean:              56.6080	return_median:            56.6000	return_std:                5.7311
target_mean:               1.5871	td_error_abs:              0.4918	test_ep_length_mean:     100.0000	test_episode_limit_mean:   1.0000
test_healthy_machine_fraction_mean:  0.2175	test_return_mean:         62.5187	test_return_median:       62.9000	test_return_std:           5.4044

[INFO 07:41:44] my_main Recent Stats | t_env:     716000 | Episode:     7160
entropy_loss:              0.0020	ep_length_mean:          100.0000	episode_limit_mean:        1.0000	epsilon:                   0.0500
grad_norm:                18.7140	healthy_machine_fraction_mean:  0.2332	loss:                      0.4314	mi_loss:                   0.0040
q_taken_mean:              1.5525	return_mean:              56.6080	return_median:            56.6000	return_std:                5.7311
target_mean:               1.5871	td_error_abs:              0.4918	test_ep_length_mean:     100.0000	test_episode_limit_mean:   1.0000
test_healthy_machine_fraction_mean:  0.2175	test_return_mean:         62.5187	test_return_median:       62.9000	test_return_std:           5.4044

[INFO 07:42:35] my_main Recent Stats | t_env:     718000 | Episode:     7180
entropy_loss:              0.0020	ep_length_mean:          100.0000	episode_limit_mean:        1.0000	epsilon:                   0.0500
grad_norm:                18.7140	healthy_machine_fraction_mean:  0.2332	loss:                      0.4314	mi_loss:                   0.0040
q_taken_mean:              1.5525	return_mean:              56.6080	return_median:            56.6000	return_std:                5.7311
target_mean:               1.5871	td_error_abs:              0.4918	test_ep_length_mean:     100.0000	test_episode_limit_mean:   1.0000
test_healthy_machine_fraction_mean:  0.2175	test_return_mean:         62.5187	test_return_median:       62.9000	test_return_std:           5.4044

[INFO 07:43:26] my_main Recent Stats | t_env:     720000 | Episode:     7200
entropy_loss:              0.0020	ep_length_mean:          100.0000	episode_limit_mean:        1.0000	epsilon:                   0.0500
grad_norm:                18.7140	healthy_machine_fraction_mean:  0.2332	loss:                      0.4314	mi_loss:                   0.0040
q_taken_mean:              1.5525	return_mean:              56.6080	return_median:            56.6000	return_std:                5.7311
target_mean:               1.5871	td_error_abs:              0.4918	test_ep_length_mean:     100.0000	test_episode_limit_mean:   1.0000
test_healthy_machine_fraction_mean:  0.2175	test_return_mean:         62.5187	test_return_median:       62.9000	test_return_std:           5.4044

[INFO 07:43:28] my_main Updated target network
[INFO 07:43:28] my_main t_env: 720100 / 2050000
[INFO 07:43:28] my_main Estimated time left: 10 hours, 36 minutes, 30 seconds. Time passed: 5 hours, 39 minutes, 18 seconds
[INFO 07:44:47] my_main Recent Stats | t_env:     722000 | Episode:     7220
entropy_loss:              0.0020	ep_length_mean:          100.0000	episode_limit_mean:        1.0000	epsilon:                   0.0500
grad_norm:                18.7140	healthy_machine_fraction_mean:  0.2430	loss:                      0.4314	mi_loss:                   0.0040
q_taken_mean:              1.5525	return_mean:              57.3680	return_median:            57.3000	return_std:                5.7444
target_mean:               1.5871	td_error_abs:              0.4918	test_ep_length_mean:     100.0000	test_episode_limit_mean:   1.0000
test_healthy_machine_fraction_mean:  0.2362	test_return_mean:         63.6500	test_return_median:       63.8000	test_return_std:           5.1630

[INFO 07:45:39] my_main Recent Stats | t_env:     724000 | Episode:     7240
entropy_loss:              0.0019	ep_length_mean:          100.0000	episode_limit_mean:        1.0000	epsilon:                   0.0500
grad_norm:                18.4531	healthy_machine_fraction_mean:  0.2430	loss:                      0.4286	mi_loss:                   0.0040
q_taken_mean:              1.5645	return_mean:              57.3680	return_median:            57.3000	return_std:                5.7444
target_mean:               1.5985	td_error_abs:              0.4903	test_ep_length_mean:     100.0000	test_episode_limit_mean:   1.0000
test_healthy_machine_fraction_mean:  0.2362	test_return_mean:         63.6500	test_return_median:       63.8000	test_return_std:           5.1630

[INFO 07:46:30] my_main Recent Stats | t_env:     726000 | Episode:     7260
entropy_loss:              0.0019	ep_length_mean:          100.0000	episode_limit_mean:        1.0000	epsilon:                   0.0500
grad_norm:                18.4531	healthy_machine_fraction_mean:  0.2430	loss:                      0.4286	mi_loss:                   0.0040
q_taken_mean:              1.5645	return_mean:              57.3680	return_median:            57.3000	return_std:                5.7444
target_mean:               1.5985	td_error_abs:              0.4903	test_ep_length_mean:     100.0000	test_episode_limit_mean:   1.0000
test_healthy_machine_fraction_mean:  0.2362	test_return_mean:         63.6500	test_return_median:       63.8000	test_return_std:           5.1630

[INFO 07:47:22] my_main Recent Stats | t_env:     728000 | Episode:     7280
entropy_loss:              0.0019	ep_length_mean:          100.0000	episode_limit_mean:        1.0000	epsilon:                   0.0500
grad_norm:                18.4531	healthy_machine_fraction_mean:  0.2430	loss:                      0.4286	mi_loss:                   0.0040
q_taken_mean:              1.5645	return_mean:              57.3680	return_median:            57.3000	return_std:                5.7444
target_mean:               1.5985	td_error_abs:              0.4903	test_ep_length_mean:     100.0000	test_episode_limit_mean:   1.0000
test_healthy_machine_fraction_mean:  0.2362	test_return_mean:         63.6500	test_return_median:       63.8000	test_return_std:           5.1630

[INFO 07:48:14] my_main Recent Stats | t_env:     730000 | Episode:     7300
entropy_loss:              0.0019	ep_length_mean:          100.0000	episode_limit_mean:        1.0000	epsilon:                   0.0500
grad_norm:                18.4531	healthy_machine_fraction_mean:  0.2430	loss:                      0.4286	mi_loss:                   0.0040
q_taken_mean:              1.5645	return_mean:              57.3680	return_median:            57.3000	return_std:                5.7444
target_mean:               1.5985	td_error_abs:              0.4903	test_ep_length_mean:     100.0000	test_episode_limit_mean:   1.0000
test_healthy_machine_fraction_mean:  0.2362	test_return_mean:         63.6500	test_return_median:       63.8000	test_return_std:           5.1630

[INFO 07:48:16] my_main t_env: 730100 / 2050000
[INFO 07:48:16] my_main Estimated time left: 10 hours, 34 minutes, 18 seconds. Time passed: 5 hours, 44 minutes, 7 seconds
[INFO 07:49:35] my_main Recent Stats | t_env:     732000 | Episode:     7320
entropy_loss:              0.0019	ep_length_mean:          100.0000	episode_limit_mean:        1.0000	epsilon:                   0.0500
grad_norm:                18.4531	healthy_machine_fraction_mean:  0.2668	loss:                      0.4286	mi_loss:                   0.0040
q_taken_mean:              1.5645	return_mean:              58.3380	return_median:            58.3000	return_std:                5.5682
target_mean:               1.5985	td_error_abs:              0.4903	test_ep_length_mean:     100.0000	test_episode_limit_mean:   1.0000
test_healthy_machine_fraction_mean:  0.2550	test_return_mean:         63.9062	test_return_median:       64.0000	test_return_std:           5.3714

[INFO 07:50:26] my_main Recent Stats | t_env:     734000 | Episode:     7340
entropy_loss:              0.0019	ep_length_mean:          100.0000	episode_limit_mean:        1.0000	epsilon:                   0.0500
grad_norm:                18.5923	healthy_machine_fraction_mean:  0.2668	loss:                      0.4406	mi_loss:                   0.0040
q_taken_mean:              1.5717	return_mean:              58.3380	return_median:            58.3000	return_std:                5.5682
target_mean:               1.6060	td_error_abs:              0.4951	test_ep_length_mean:     100.0000	test_episode_limit_mean:   1.0000
test_healthy_machine_fraction_mean:  0.2550	test_return_mean:         63.9062	test_return_median:       64.0000	test_return_std:           5.3714

[INFO 07:51:17] my_main Recent Stats | t_env:     736000 | Episode:     7360
entropy_loss:              0.0019	ep_length_mean:          100.0000	episode_limit_mean:        1.0000	epsilon:                   0.0500
grad_norm:                18.5923	healthy_machine_fraction_mean:  0.2668	loss:                      0.4406	mi_loss:                   0.0040
q_taken_mean:              1.5717	return_mean:              58.3380	return_median:            58.3000	return_std:                5.5682
target_mean:               1.6060	td_error_abs:              0.4951	test_ep_length_mean:     100.0000	test_episode_limit_mean:   1.0000
test_healthy_machine_fraction_mean:  0.2550	test_return_mean:         63.9062	test_return_median:       64.0000	test_return_std:           5.3714

[INFO 07:52:09] my_main Recent Stats | t_env:     738000 | Episode:     7380
entropy_loss:              0.0019	ep_length_mean:          100.0000	episode_limit_mean:        1.0000	epsilon:                   0.0500
grad_norm:                18.5923	healthy_machine_fraction_mean:  0.2668	loss:                      0.4406	mi_loss:                   0.0040
q_taken_mean:              1.5717	return_mean:              58.3380	return_median:            58.3000	return_std:                5.5682
target_mean:               1.6060	td_error_abs:              0.4951	test_ep_length_mean:     100.0000	test_episode_limit_mean:   1.0000
test_healthy_machine_fraction_mean:  0.2550	test_return_mean:         63.9062	test_return_median:       64.0000	test_return_std:           5.3714

[INFO 07:53:00] my_main Recent Stats | t_env:     740000 | Episode:     7400
entropy_loss:              0.0019	ep_length_mean:          100.0000	episode_limit_mean:        1.0000	epsilon:                   0.0500
grad_norm:                18.5923	healthy_machine_fraction_mean:  0.2668	loss:                      0.4406	mi_loss:                   0.0040
q_taken_mean:              1.5717	return_mean:              58.3380	return_median:            58.3000	return_std:                5.5682
target_mean:               1.6060	td_error_abs:              0.4951	test_ep_length_mean:     100.0000	test_episode_limit_mean:   1.0000
test_healthy_machine_fraction_mean:  0.2550	test_return_mean:         63.9062	test_return_median:       64.0000	test_return_std:           5.3714

[INFO 07:53:02] my_main Updated target network
[INFO 07:53:02] my_main t_env: 740100 / 2050000
[INFO 07:53:02] my_main Estimated time left: 10 hours, 23 minutes, 36 seconds. Time passed: 5 hours, 48 minutes, 52 seconds
[INFO 07:54:20] my_main Recent Stats | t_env:     742000 | Episode:     7420
entropy_loss:              0.0019	ep_length_mean:          100.0000	episode_limit_mean:        1.0000	epsilon:                   0.0500
grad_norm:                18.5923	healthy_machine_fraction_mean:  0.2846	loss:                      0.4406	mi_loss:                   0.0040
q_taken_mean:              1.5717	return_mean:              58.2280	return_median:            58.3000	return_std:                5.6345
target_mean:               1.6060	td_error_abs:              0.4951	test_ep_length_mean:     100.0000	test_episode_limit_mean:   1.0000
test_healthy_machine_fraction_mean:  0.2756	test_return_mean:         63.6688	test_return_median:       64.0000	test_return_std:           5.4239

[INFO 07:55:12] my_main Recent Stats | t_env:     744000 | Episode:     7440
entropy_loss:              0.0019	ep_length_mean:          100.0000	episode_limit_mean:        1.0000	epsilon:                   0.0500
grad_norm:                18.8697	healthy_machine_fraction_mean:  0.2846	loss:                      0.4552	mi_loss:                   0.0040
q_taken_mean:              1.5808	return_mean:              58.2280	return_median:            58.3000	return_std:                5.6345
target_mean:               1.6156	td_error_abs:              0.5034	test_ep_length_mean:     100.0000	test_episode_limit_mean:   1.0000
test_healthy_machine_fraction_mean:  0.2756	test_return_mean:         63.6688	test_return_median:       64.0000	test_return_std:           5.4239

[INFO 07:56:03] my_main Recent Stats | t_env:     746000 | Episode:     7460
entropy_loss:              0.0019	ep_length_mean:          100.0000	episode_limit_mean:        1.0000	epsilon:                   0.0500
grad_norm:                18.8697	healthy_machine_fraction_mean:  0.2846	loss:                      0.4552	mi_loss:                   0.0040
q_taken_mean:              1.5808	return_mean:              58.2280	return_median:            58.3000	return_std:                5.6345
target_mean:               1.6156	td_error_abs:              0.5034	test_ep_length_mean:     100.0000	test_episode_limit_mean:   1.0000
test_healthy_machine_fraction_mean:  0.2756	test_return_mean:         63.6688	test_return_median:       64.0000	test_return_std:           5.4239

[INFO 07:56:55] my_main Recent Stats | t_env:     748000 | Episode:     7480
entropy_loss:              0.0019	ep_length_mean:          100.0000	episode_limit_mean:        1.0000	epsilon:                   0.0500
grad_norm:                18.8697	healthy_machine_fraction_mean:  0.2846	loss:                      0.4552	mi_loss:                   0.0040
q_taken_mean:              1.5808	return_mean:              58.2280	return_median:            58.3000	return_std:                5.6345
target_mean:               1.6156	td_error_abs:              0.5034	test_ep_length_mean:     100.0000	test_episode_limit_mean:   1.0000
test_healthy_machine_fraction_mean:  0.2756	test_return_mean:         63.6688	test_return_median:       64.0000	test_return_std:           5.4239

[INFO 07:57:47] my_main Recent Stats | t_env:     750000 | Episode:     7500
entropy_loss:              0.0019	ep_length_mean:          100.0000	episode_limit_mean:        1.0000	epsilon:                   0.0500
grad_norm:                18.8697	healthy_machine_fraction_mean:  0.2846	loss:                      0.4552	mi_loss:                   0.0040
q_taken_mean:              1.5808	return_mean:              58.2280	return_median:            58.3000	return_std:                5.6345
target_mean:               1.6156	td_error_abs:              0.5034	test_ep_length_mean:     100.0000	test_episode_limit_mean:   1.0000
test_healthy_machine_fraction_mean:  0.2756	test_return_mean:         63.6688	test_return_median:       64.0000	test_return_std:           5.4239

[INFO 07:57:50] my_main t_env: 750100 / 2050000
[INFO 07:57:50] my_main Estimated time left: 10 hours, 23 minutes, 20 seconds. Time passed: 5 hours, 53 minutes, 40 seconds
[INFO 07:59:09] my_main Recent Stats | t_env:     752000 | Episode:     7520
entropy_loss:              0.0019	ep_length_mean:          100.0000	episode_limit_mean:        1.0000	epsilon:                   0.0500
grad_norm:                18.8697	healthy_machine_fraction_mean:  0.2988	loss:                      0.4552	mi_loss:                   0.0040
q_taken_mean:              1.5808	return_mean:              58.5080	return_median:            58.4000	return_std:                5.5836
target_mean:               1.6156	td_error_abs:              0.5034	test_ep_length_mean:     100.0000	test_episode_limit_mean:   1.0000
test_healthy_machine_fraction_mean:  0.2800	test_return_mean:         63.9312	test_return_median:       64.1000	test_return_std:           5.3676

[INFO 08:00:01] my_main Recent Stats | t_env:     754000 | Episode:     7540
entropy_loss:              0.0019	ep_length_mean:          100.0000	episode_limit_mean:        1.0000	epsilon:                   0.0500
grad_norm:                19.1407	healthy_machine_fraction_mean:  0.2988	loss:                      0.4706	mi_loss:                   0.0040
q_taken_mean:              1.5864	return_mean:              58.5080	return_median:            58.4000	return_std:                5.5836
target_mean:               1.6218	td_error_abs:              0.5130	test_ep_length_mean:     100.0000	test_episode_limit_mean:   1.0000
test_healthy_machine_fraction_mean:  0.2800	test_return_mean:         63.9312	test_return_median:       64.1000	test_return_std:           5.3676

[INFO 08:00:51] my_main Recent Stats | t_env:     756000 | Episode:     7560
entropy_loss:              0.0019	ep_length_mean:          100.0000	episode_limit_mean:        1.0000	epsilon:                   0.0500
grad_norm:                19.1407	healthy_machine_fraction_mean:  0.2988	loss:                      0.4706	mi_loss:                   0.0040
q_taken_mean:              1.5864	return_mean:              58.5080	return_median:            58.4000	return_std:                5.5836
target_mean:               1.6218	td_error_abs:              0.5130	test_ep_length_mean:     100.0000	test_episode_limit_mean:   1.0000
test_healthy_machine_fraction_mean:  0.2800	test_return_mean:         63.9312	test_return_median:       64.1000	test_return_std:           5.3676

[INFO 08:01:43] my_main Recent Stats | t_env:     758000 | Episode:     7580
entropy_loss:              0.0019	ep_length_mean:          100.0000	episode_limit_mean:        1.0000	epsilon:                   0.0500
grad_norm:                19.1407	healthy_machine_fraction_mean:  0.2988	loss:                      0.4706	mi_loss:                   0.0040
q_taken_mean:              1.5864	return_mean:              58.5080	return_median:            58.4000	return_std:                5.5836
target_mean:               1.6218	td_error_abs:              0.5130	test_ep_length_mean:     100.0000	test_episode_limit_mean:   1.0000
test_healthy_machine_fraction_mean:  0.2800	test_return_mean:         63.9312	test_return_median:       64.1000	test_return_std:           5.3676

[INFO 08:02:34] my_main Recent Stats | t_env:     760000 | Episode:     7600
entropy_loss:              0.0019	ep_length_mean:          100.0000	episode_limit_mean:        1.0000	epsilon:                   0.0500
grad_norm:                19.1407	healthy_machine_fraction_mean:  0.2988	loss:                      0.4706	mi_loss:                   0.0040
q_taken_mean:              1.5864	return_mean:              58.5080	return_median:            58.4000	return_std:                5.5836
target_mean:               1.6218	td_error_abs:              0.5130	test_ep_length_mean:     100.0000	test_episode_limit_mean:   1.0000
test_healthy_machine_fraction_mean:  0.2800	test_return_mean:         63.9312	test_return_median:       64.1000	test_return_std:           5.3676

[INFO 08:02:36] my_main Updated target network
[INFO 08:02:36] my_main t_env: 760100 / 2050000
[INFO 08:02:36] my_main Estimated time left: 10 hours, 16 minutes, 13 seconds. Time passed: 5 hours, 58 minutes, 27 seconds
[INFO 08:03:55] my_main Recent Stats | t_env:     762000 | Episode:     7620
entropy_loss:              0.0019	ep_length_mean:          100.0000	episode_limit_mean:        1.0000	epsilon:                   0.0500
grad_norm:                19.1407	healthy_machine_fraction_mean:  0.3216	loss:                      0.4706	mi_loss:                   0.0040
q_taken_mean:              1.5864	return_mean:              58.7240	return_median:            58.6000	return_std:                5.5953
target_mean:               1.6218	td_error_abs:              0.5130	test_ep_length_mean:     100.0000	test_episode_limit_mean:   1.0000
test_healthy_machine_fraction_mean:  0.2988	test_return_mean:         64.3500	test_return_median:       64.5000	test_return_std:           5.5135

[INFO 08:04:47] my_main Recent Stats | t_env:     764000 | Episode:     7640
entropy_loss:              0.0018	ep_length_mean:          100.0000	episode_limit_mean:        1.0000	epsilon:                   0.0500
grad_norm:                18.1300	healthy_machine_fraction_mean:  0.3216	loss:                      0.4584	mi_loss:                   0.0040
q_taken_mean:              1.6081	return_mean:              58.7240	return_median:            58.6000	return_std:                5.5953
target_mean:               1.6305	td_error_abs:              0.5141	test_ep_length_mean:     100.0000	test_episode_limit_mean:   1.0000
test_healthy_machine_fraction_mean:  0.2988	test_return_mean:         64.3500	test_return_median:       64.5000	test_return_std:           5.5135

[INFO 08:05:39] my_main Recent Stats | t_env:     766000 | Episode:     7660
entropy_loss:              0.0018	ep_length_mean:          100.0000	episode_limit_mean:        1.0000	epsilon:                   0.0500
grad_norm:                18.1300	healthy_machine_fraction_mean:  0.3216	loss:                      0.4584	mi_loss:                   0.0040
q_taken_mean:              1.6081	return_mean:              58.7240	return_median:            58.6000	return_std:                5.5953
target_mean:               1.6305	td_error_abs:              0.5141	test_ep_length_mean:     100.0000	test_episode_limit_mean:   1.0000
test_healthy_machine_fraction_mean:  0.2988	test_return_mean:         64.3500	test_return_median:       64.5000	test_return_std:           5.5135

[INFO 08:06:30] my_main Recent Stats | t_env:     768000 | Episode:     7680
entropy_loss:              0.0018	ep_length_mean:          100.0000	episode_limit_mean:        1.0000	epsilon:                   0.0500
grad_norm:                18.1300	healthy_machine_fraction_mean:  0.3216	loss:                      0.4584	mi_loss:                   0.0040
q_taken_mean:              1.6081	return_mean:              58.7240	return_median:            58.6000	return_std:                5.5953
target_mean:               1.6305	td_error_abs:              0.5141	test_ep_length_mean:     100.0000	test_episode_limit_mean:   1.0000
test_healthy_machine_fraction_mean:  0.2988	test_return_mean:         64.3500	test_return_median:       64.5000	test_return_std:           5.5135

[INFO 08:07:22] my_main Recent Stats | t_env:     770000 | Episode:     7700
entropy_loss:              0.0018	ep_length_mean:          100.0000	episode_limit_mean:        1.0000	epsilon:                   0.0500
grad_norm:                18.1300	healthy_machine_fraction_mean:  0.3216	loss:                      0.4584	mi_loss:                   0.0040
q_taken_mean:              1.6081	return_mean:              58.7240	return_median:            58.6000	return_std:                5.5953
target_mean:               1.6305	td_error_abs:              0.5141	test_ep_length_mean:     100.0000	test_episode_limit_mean:   1.0000
test_healthy_machine_fraction_mean:  0.2988	test_return_mean:         64.3500	test_return_median:       64.5000	test_return_std:           5.5135

[INFO 08:07:24] my_main t_env: 770100 / 2050000
[INFO 08:07:24] my_main Estimated time left: 10 hours, 14 minutes, 23 seconds. Time passed: 6 hours, 3 minutes, 15 seconds
[INFO 08:08:43] my_main Recent Stats | t_env:     772000 | Episode:     7720
entropy_loss:              0.0018	ep_length_mean:          100.0000	episode_limit_mean:        1.0000	epsilon:                   0.0500
grad_norm:                18.1300	healthy_machine_fraction_mean:  0.3386	loss:                      0.4584	mi_loss:                   0.0040
q_taken_mean:              1.6081	return_mean:              58.5920	return_median:            58.4000	return_std:                5.7711
target_mean:               1.6305	td_error_abs:              0.5141	test_ep_length_mean:     100.0000	test_episode_limit_mean:   1.0000
test_healthy_machine_fraction_mean:  0.3044	test_return_mean:         64.2062	test_return_median:       64.0000	test_return_std:           5.6372

[INFO 08:09:35] my_main Recent Stats | t_env:     774000 | Episode:     7740
entropy_loss:              0.0018	ep_length_mean:          100.0000	episode_limit_mean:        1.0000	epsilon:                   0.0500
grad_norm:                16.9045	healthy_machine_fraction_mean:  0.3386	loss:                      0.4521	mi_loss:                   0.0040
q_taken_mean:              1.6258	return_mean:              58.5920	return_median:            58.4000	return_std:                5.7711
target_mean:               1.6373	td_error_abs:              0.5168	test_ep_length_mean:     100.0000	test_episode_limit_mean:   1.0000
test_healthy_machine_fraction_mean:  0.3044	test_return_mean:         64.2062	test_return_median:       64.0000	test_return_std:           5.6372

[INFO 08:10:24] my_main Recent Stats | t_env:     776000 | Episode:     7760
entropy_loss:              0.0018	ep_length_mean:          100.0000	episode_limit_mean:        1.0000	epsilon:                   0.0500
grad_norm:                16.9045	healthy_machine_fraction_mean:  0.3386	loss:                      0.4521	mi_loss:                   0.0040
q_taken_mean:              1.6258	return_mean:              58.5920	return_median:            58.4000	return_std:                5.7711
target_mean:               1.6373	td_error_abs:              0.5168	test_ep_length_mean:     100.0000	test_episode_limit_mean:   1.0000
test_healthy_machine_fraction_mean:  0.3044	test_return_mean:         64.2062	test_return_median:       64.0000	test_return_std:           5.6372

[INFO 08:11:13] my_main Recent Stats | t_env:     778000 | Episode:     7780
entropy_loss:              0.0018	ep_length_mean:          100.0000	episode_limit_mean:        1.0000	epsilon:                   0.0500
grad_norm:                16.9045	healthy_machine_fraction_mean:  0.3386	loss:                      0.4521	mi_loss:                   0.0040
q_taken_mean:              1.6258	return_mean:              58.5920	return_median:            58.4000	return_std:                5.7711
target_mean:               1.6373	td_error_abs:              0.5168	test_ep_length_mean:     100.0000	test_episode_limit_mean:   1.0000
test_healthy_machine_fraction_mean:  0.3044	test_return_mean:         64.2062	test_return_median:       64.0000	test_return_std:           5.6372

[INFO 08:12:05] my_main Recent Stats | t_env:     780000 | Episode:     7800
entropy_loss:              0.0018	ep_length_mean:          100.0000	episode_limit_mean:        1.0000	epsilon:                   0.0500
grad_norm:                16.9045	healthy_machine_fraction_mean:  0.3386	loss:                      0.4521	mi_loss:                   0.0040
q_taken_mean:              1.6258	return_mean:              58.5920	return_median:            58.4000	return_std:                5.7711
target_mean:               1.6373	td_error_abs:              0.5168	test_ep_length_mean:     100.0000	test_episode_limit_mean:   1.0000
test_healthy_machine_fraction_mean:  0.3044	test_return_mean:         64.2062	test_return_median:       64.0000	test_return_std:           5.6372

[INFO 08:12:08] my_main Updated target network
[INFO 08:12:08] my_main t_env: 780100 / 2050000
[INFO 08:12:08] my_main Estimated time left: 9 hours, 59 minutes, 15 seconds. Time passed: 6 hours, 7 minutes, 58 seconds
[INFO 08:13:26] my_main Recent Stats | t_env:     782000 | Episode:     7820
entropy_loss:              0.0018	ep_length_mean:          100.0000	episode_limit_mean:        1.0000	epsilon:                   0.0500
grad_norm:                16.9045	healthy_machine_fraction_mean:  0.3504	loss:                      0.4521	mi_loss:                   0.0040
q_taken_mean:              1.6258	return_mean:              58.6800	return_median:            58.6000	return_std:                5.8388
target_mean:               1.6373	td_error_abs:              0.5168	test_ep_length_mean:     100.0000	test_episode_limit_mean:   1.0000
test_healthy_machine_fraction_mean:  0.3044	test_return_mean:         64.3125	test_return_median:       64.1000	test_return_std:           5.1382

[INFO 08:14:17] my_main Recent Stats | t_env:     784000 | Episode:     7840
entropy_loss:              0.0018	ep_length_mean:          100.0000	episode_limit_mean:        1.0000	epsilon:                   0.0500
grad_norm:                17.7658	healthy_machine_fraction_mean:  0.3504	loss:                      0.4794	mi_loss:                   0.0040
q_taken_mean:              1.6479	return_mean:              58.6800	return_median:            58.6000	return_std:                5.8388
target_mean:               1.6605	td_error_abs:              0.5302	test_ep_length_mean:     100.0000	test_episode_limit_mean:   1.0000
test_healthy_machine_fraction_mean:  0.3044	test_return_mean:         64.3125	test_return_median:       64.1000	test_return_std:           5.1382

[INFO 08:15:09] my_main Recent Stats | t_env:     786000 | Episode:     7860
entropy_loss:              0.0018	ep_length_mean:          100.0000	episode_limit_mean:        1.0000	epsilon:                   0.0500
grad_norm:                17.7658	healthy_machine_fraction_mean:  0.3504	loss:                      0.4794	mi_loss:                   0.0040
q_taken_mean:              1.6479	return_mean:              58.6800	return_median:            58.6000	return_std:                5.8388
target_mean:               1.6605	td_error_abs:              0.5302	test_ep_length_mean:     100.0000	test_episode_limit_mean:   1.0000
test_healthy_machine_fraction_mean:  0.3044	test_return_mean:         64.3125	test_return_median:       64.1000	test_return_std:           5.1382

[INFO 08:16:00] my_main Recent Stats | t_env:     788000 | Episode:     7880
entropy_loss:              0.0018	ep_length_mean:          100.0000	episode_limit_mean:        1.0000	epsilon:                   0.0500
grad_norm:                17.7658	healthy_machine_fraction_mean:  0.3504	loss:                      0.4794	mi_loss:                   0.0040
q_taken_mean:              1.6479	return_mean:              58.6800	return_median:            58.6000	return_std:                5.8388
target_mean:               1.6605	td_error_abs:              0.5302	test_ep_length_mean:     100.0000	test_episode_limit_mean:   1.0000
test_healthy_machine_fraction_mean:  0.3044	test_return_mean:         64.3125	test_return_median:       64.1000	test_return_std:           5.1382

[INFO 08:16:52] my_main Recent Stats | t_env:     790000 | Episode:     7900
entropy_loss:              0.0018	ep_length_mean:          100.0000	episode_limit_mean:        1.0000	epsilon:                   0.0500
grad_norm:                17.7658	healthy_machine_fraction_mean:  0.3504	loss:                      0.4794	mi_loss:                   0.0040
q_taken_mean:              1.6479	return_mean:              58.6800	return_median:            58.6000	return_std:                5.8388
target_mean:               1.6605	td_error_abs:              0.5302	test_ep_length_mean:     100.0000	test_episode_limit_mean:   1.0000
test_healthy_machine_fraction_mean:  0.3044	test_return_mean:         64.3125	test_return_median:       64.1000	test_return_std:           5.1382

[INFO 08:16:54] my_main t_env: 790100 / 2050000
[INFO 08:16:54] my_main Estimated time left: 10 hours, 1 minutes, 45 seconds. Time passed: 6 hours, 12 minutes, 44 seconds
[INFO 08:18:13] my_main Recent Stats | t_env:     792000 | Episode:     7920
entropy_loss:              0.0018	ep_length_mean:          100.0000	episode_limit_mean:        1.0000	epsilon:                   0.0500
grad_norm:                17.7658	healthy_machine_fraction_mean:  0.3574	loss:                      0.4794	mi_loss:                   0.0040
q_taken_mean:              1.6479	return_mean:              58.5200	return_median:            58.5000	return_std:                5.7897
target_mean:               1.6605	td_error_abs:              0.5302	test_ep_length_mean:     100.0000	test_episode_limit_mean:   1.0000
test_healthy_machine_fraction_mean:  0.3187	test_return_mean:         64.6000	test_return_median:       64.5000	test_return_std:           4.9745

[INFO 08:19:04] my_main Recent Stats | t_env:     794000 | Episode:     7940
entropy_loss:              0.0018	ep_length_mean:          100.0000	episode_limit_mean:        1.0000	epsilon:                   0.0500
grad_norm:                18.0365	healthy_machine_fraction_mean:  0.3574	loss:                      0.4896	mi_loss:                   0.0040
q_taken_mean:              1.6656	return_mean:              58.5200	return_median:            58.5000	return_std:                5.7897
target_mean:               1.6786	td_error_abs:              0.5365	test_ep_length_mean:     100.0000	test_episode_limit_mean:   1.0000
test_healthy_machine_fraction_mean:  0.3187	test_return_mean:         64.6000	test_return_median:       64.5000	test_return_std:           4.9745

[INFO 08:19:56] my_main Recent Stats | t_env:     796000 | Episode:     7960
entropy_loss:              0.0018	ep_length_mean:          100.0000	episode_limit_mean:        1.0000	epsilon:                   0.0500
grad_norm:                18.0365	healthy_machine_fraction_mean:  0.3574	loss:                      0.4896	mi_loss:                   0.0040
q_taken_mean:              1.6656	return_mean:              58.5200	return_median:            58.5000	return_std:                5.7897
target_mean:               1.6786	td_error_abs:              0.5365	test_ep_length_mean:     100.0000	test_episode_limit_mean:   1.0000
test_healthy_machine_fraction_mean:  0.3187	test_return_mean:         64.6000	test_return_median:       64.5000	test_return_std:           4.9745

[INFO 08:20:47] my_main Recent Stats | t_env:     798000 | Episode:     7980
entropy_loss:              0.0018	ep_length_mean:          100.0000	episode_limit_mean:        1.0000	epsilon:                   0.0500
grad_norm:                18.0365	healthy_machine_fraction_mean:  0.3574	loss:                      0.4896	mi_loss:                   0.0040
q_taken_mean:              1.6656	return_mean:              58.5200	return_median:            58.5000	return_std:                5.7897
target_mean:               1.6786	td_error_abs:              0.5365	test_ep_length_mean:     100.0000	test_episode_limit_mean:   1.0000
test_healthy_machine_fraction_mean:  0.3187	test_return_mean:         64.6000	test_return_median:       64.5000	test_return_std:           4.9745

[INFO 08:21:38] my_main Recent Stats | t_env:     800000 | Episode:     8000
entropy_loss:              0.0018	ep_length_mean:          100.0000	episode_limit_mean:        1.0000	epsilon:                   0.0500
grad_norm:                18.0365	healthy_machine_fraction_mean:  0.3574	loss:                      0.4896	mi_loss:                   0.0040
q_taken_mean:              1.6656	return_mean:              58.5200	return_median:            58.5000	return_std:                5.7897
target_mean:               1.6786	td_error_abs:              0.5365	test_ep_length_mean:     100.0000	test_episode_limit_mean:   1.0000
test_healthy_machine_fraction_mean:  0.3187	test_return_mean:         64.6000	test_return_median:       64.5000	test_return_std:           4.9745

[INFO 08:21:41] my_main Updated target network
[INFO 08:21:41] my_main t_env: 800100 / 2050000
[INFO 08:21:41] my_main Estimated time left: 9 hours, 57 minutes, 40 seconds. Time passed: 6 hours, 17 minutes, 31 seconds
[INFO 08:23:00] my_main Recent Stats | t_env:     802000 | Episode:     8020
entropy_loss:              0.0018	ep_length_mean:          100.0000	episode_limit_mean:        1.0000	epsilon:                   0.0500
grad_norm:                18.0365	healthy_machine_fraction_mean:  0.3616	loss:                      0.4896	mi_loss:                   0.0040
q_taken_mean:              1.6656	return_mean:              57.9880	return_median:            57.9000	return_std:                5.7594
target_mean:               1.6786	td_error_abs:              0.5365	test_ep_length_mean:     100.0000	test_episode_limit_mean:   1.0000
test_healthy_machine_fraction_mean:  0.3156	test_return_mean:         64.2687	test_return_median:       64.1000	test_return_std:           4.9595

[INFO 08:23:52] my_main Recent Stats | t_env:     804000 | Episode:     8040
entropy_loss:              0.0018	ep_length_mean:          100.0000	episode_limit_mean:        1.0000	epsilon:                   0.0500
grad_norm:                17.6900	healthy_machine_fraction_mean:  0.3616	loss:                      0.4840	mi_loss:                   0.0040
q_taken_mean:              1.6890	return_mean:              57.9880	return_median:            57.9000	return_std:                5.7594
target_mean:               1.7009	td_error_abs:              0.5299	test_ep_length_mean:     100.0000	test_episode_limit_mean:   1.0000
test_healthy_machine_fraction_mean:  0.3156	test_return_mean:         64.2687	test_return_median:       64.1000	test_return_std:           4.9595

[INFO 08:24:43] my_main Recent Stats | t_env:     806000 | Episode:     8060
entropy_loss:              0.0018	ep_length_mean:          100.0000	episode_limit_mean:        1.0000	epsilon:                   0.0500
grad_norm:                17.6900	healthy_machine_fraction_mean:  0.3616	loss:                      0.4840	mi_loss:                   0.0040
q_taken_mean:              1.6890	return_mean:              57.9880	return_median:            57.9000	return_std:                5.7594
target_mean:               1.7009	td_error_abs:              0.5299	test_ep_length_mean:     100.0000	test_episode_limit_mean:   1.0000
test_healthy_machine_fraction_mean:  0.3156	test_return_mean:         64.2687	test_return_median:       64.1000	test_return_std:           4.9595

[INFO 08:25:34] my_main Recent Stats | t_env:     808000 | Episode:     8080
entropy_loss:              0.0018	ep_length_mean:          100.0000	episode_limit_mean:        1.0000	epsilon:                   0.0500
grad_norm:                17.6900	healthy_machine_fraction_mean:  0.3616	loss:                      0.4840	mi_loss:                   0.0040
q_taken_mean:              1.6890	return_mean:              57.9880	return_median:            57.9000	return_std:                5.7594
target_mean:               1.7009	td_error_abs:              0.5299	test_ep_length_mean:     100.0000	test_episode_limit_mean:   1.0000
test_healthy_machine_fraction_mean:  0.3156	test_return_mean:         64.2687	test_return_median:       64.1000	test_return_std:           4.9595

[INFO 08:26:26] my_main Recent Stats | t_env:     810000 | Episode:     8100
entropy_loss:              0.0018	ep_length_mean:          100.0000	episode_limit_mean:        1.0000	epsilon:                   0.0500
grad_norm:                17.6900	healthy_machine_fraction_mean:  0.3616	loss:                      0.4840	mi_loss:                   0.0040
q_taken_mean:              1.6890	return_mean:              57.9880	return_median:            57.9000	return_std:                5.7594
target_mean:               1.7009	td_error_abs:              0.5299	test_ep_length_mean:     100.0000	test_episode_limit_mean:   1.0000
test_healthy_machine_fraction_mean:  0.3156	test_return_mean:         64.2687	test_return_median:       64.1000	test_return_std:           4.9595

[INFO 08:26:28] my_main t_env: 810100 / 2050000
[INFO 08:26:28] my_main Estimated time left: 9 hours, 53 minutes, 38 seconds. Time passed: 6 hours, 22 minutes, 19 seconds
[INFO 08:27:48] my_main Recent Stats | t_env:     812000 | Episode:     8120
entropy_loss:              0.0018	ep_length_mean:          100.0000	episode_limit_mean:        1.0000	epsilon:                   0.0500
grad_norm:                17.6900	healthy_machine_fraction_mean:  0.3424	loss:                      0.4840	mi_loss:                   0.0040
q_taken_mean:              1.6890	return_mean:              57.6360	return_median:            57.5000	return_std:                5.6473
target_mean:               1.7009	td_error_abs:              0.5299	test_ep_length_mean:     100.0000	test_episode_limit_mean:   1.0000
test_healthy_machine_fraction_mean:  0.3037	test_return_mean:         63.6875	test_return_median:       63.5000	test_return_std:           4.9400

[INFO 08:28:39] my_main Recent Stats | t_env:     814000 | Episode:     8140
entropy_loss:              0.0018	ep_length_mean:          100.0000	episode_limit_mean:        1.0000	epsilon:                   0.0500
grad_norm:                18.7330	healthy_machine_fraction_mean:  0.3424	loss:                      0.4996	mi_loss:                   0.0040
q_taken_mean:              1.6945	return_mean:              57.6360	return_median:            57.5000	return_std:                5.6473
target_mean:               1.7191	td_error_abs:              0.5292	test_ep_length_mean:     100.0000	test_episode_limit_mean:   1.0000
test_healthy_machine_fraction_mean:  0.3037	test_return_mean:         63.6875	test_return_median:       63.5000	test_return_std:           4.9400

[INFO 08:29:31] my_main Recent Stats | t_env:     816000 | Episode:     8160
entropy_loss:              0.0018	ep_length_mean:          100.0000	episode_limit_mean:        1.0000	epsilon:                   0.0500
grad_norm:                18.7330	healthy_machine_fraction_mean:  0.3424	loss:                      0.4996	mi_loss:                   0.0040
q_taken_mean:              1.6945	return_mean:              57.6360	return_median:            57.5000	return_std:                5.6473
target_mean:               1.7191	td_error_abs:              0.5292	test_ep_length_mean:     100.0000	test_episode_limit_mean:   1.0000
test_healthy_machine_fraction_mean:  0.3037	test_return_mean:         63.6875	test_return_median:       63.5000	test_return_std:           4.9400

[INFO 08:30:22] my_main Recent Stats | t_env:     818000 | Episode:     8180
entropy_loss:              0.0018	ep_length_mean:          100.0000	episode_limit_mean:        1.0000	epsilon:                   0.0500
grad_norm:                18.7330	healthy_machine_fraction_mean:  0.3424	loss:                      0.4996	mi_loss:                   0.0040
q_taken_mean:              1.6945	return_mean:              57.6360	return_median:            57.5000	return_std:                5.6473
target_mean:               1.7191	td_error_abs:              0.5292	test_ep_length_mean:     100.0000	test_episode_limit_mean:   1.0000
test_healthy_machine_fraction_mean:  0.3037	test_return_mean:         63.6875	test_return_median:       63.5000	test_return_std:           4.9400

[INFO 08:31:14] my_main Recent Stats | t_env:     820000 | Episode:     8200
entropy_loss:              0.0018	ep_length_mean:          100.0000	episode_limit_mean:        1.0000	epsilon:                   0.0500
grad_norm:                18.7330	healthy_machine_fraction_mean:  0.3424	loss:                      0.4996	mi_loss:                   0.0040
q_taken_mean:              1.6945	return_mean:              57.6360	return_median:            57.5000	return_std:                5.6473
target_mean:               1.7191	td_error_abs:              0.5292	test_ep_length_mean:     100.0000	test_episode_limit_mean:   1.0000
test_healthy_machine_fraction_mean:  0.3037	test_return_mean:         63.6875	test_return_median:       63.5000	test_return_std:           4.9400

[INFO 08:31:17] my_main Updated target network
[INFO 08:31:17] my_main t_env: 820100 / 2050000
[INFO 08:31:17] my_main Estimated time left: 9 hours, 51 minutes, 4 seconds. Time passed: 6 hours, 27 minutes, 7 seconds
[INFO 08:32:35] my_main Recent Stats | t_env:     822000 | Episode:     8220
entropy_loss:              0.0018	ep_length_mean:          100.0000	episode_limit_mean:        1.0000	epsilon:                   0.0500
grad_norm:                18.7330	healthy_machine_fraction_mean:  0.3402	loss:                      0.4996	mi_loss:                   0.0040
q_taken_mean:              1.6945	return_mean:              57.6980	return_median:            57.7000	return_std:                5.5117
target_mean:               1.7191	td_error_abs:              0.5292	test_ep_length_mean:     100.0000	test_episode_limit_mean:   1.0000
test_healthy_machine_fraction_mean:  0.3100	test_return_mean:         63.6187	test_return_median:       63.6000	test_return_std:           4.9937

[INFO 08:33:27] my_main Recent Stats | t_env:     824000 | Episode:     8240
entropy_loss:              0.0018	ep_length_mean:          100.0000	episode_limit_mean:        1.0000	epsilon:                   0.0500
grad_norm:                19.9781	healthy_machine_fraction_mean:  0.3402	loss:                      0.5051	mi_loss:                   0.0040
q_taken_mean:              1.7041	return_mean:              57.6980	return_median:            57.7000	return_std:                5.5117
target_mean:               1.7395	td_error_abs:              0.5228	test_ep_length_mean:     100.0000	test_episode_limit_mean:   1.0000
test_healthy_machine_fraction_mean:  0.3100	test_return_mean:         63.6187	test_return_median:       63.6000	test_return_std:           4.9937

[INFO 08:34:19] my_main Recent Stats | t_env:     826000 | Episode:     8260
entropy_loss:              0.0018	ep_length_mean:          100.0000	episode_limit_mean:        1.0000	epsilon:                   0.0500
grad_norm:                19.9781	healthy_machine_fraction_mean:  0.3402	loss:                      0.5051	mi_loss:                   0.0040
q_taken_mean:              1.7041	return_mean:              57.6980	return_median:            57.7000	return_std:                5.5117
target_mean:               1.7395	td_error_abs:              0.5228	test_ep_length_mean:     100.0000	test_episode_limit_mean:   1.0000
test_healthy_machine_fraction_mean:  0.3100	test_return_mean:         63.6187	test_return_median:       63.6000	test_return_std:           4.9937

[INFO 08:35:11] my_main Recent Stats | t_env:     828000 | Episode:     8280
entropy_loss:              0.0018	ep_length_mean:          100.0000	episode_limit_mean:        1.0000	epsilon:                   0.0500
grad_norm:                19.9781	healthy_machine_fraction_mean:  0.3402	loss:                      0.5051	mi_loss:                   0.0040
q_taken_mean:              1.7041	return_mean:              57.6980	return_median:            57.7000	return_std:                5.5117
target_mean:               1.7395	td_error_abs:              0.5228	test_ep_length_mean:     100.0000	test_episode_limit_mean:   1.0000
test_healthy_machine_fraction_mean:  0.3100	test_return_mean:         63.6187	test_return_median:       63.6000	test_return_std:           4.9937

[INFO 08:36:02] my_main Recent Stats | t_env:     830000 | Episode:     8300
entropy_loss:              0.0018	ep_length_mean:          100.0000	episode_limit_mean:        1.0000	epsilon:                   0.0500
grad_norm:                19.9781	healthy_machine_fraction_mean:  0.3402	loss:                      0.5051	mi_loss:                   0.0040
q_taken_mean:              1.7041	return_mean:              57.6980	return_median:            57.7000	return_std:                5.5117
target_mean:               1.7395	td_error_abs:              0.5228	test_ep_length_mean:     100.0000	test_episode_limit_mean:   1.0000
test_healthy_machine_fraction_mean:  0.3100	test_return_mean:         63.6187	test_return_median:       63.6000	test_return_std:           4.9937

[INFO 08:36:05] my_main t_env: 830100 / 2050000
[INFO 08:36:05] my_main Estimated time left: 9 hours, 45 minutes, 30 seconds. Time passed: 6 hours, 31 minutes, 55 seconds
[INFO 08:37:23] my_main Recent Stats | t_env:     832000 | Episode:     8320
entropy_loss:              0.0018	ep_length_mean:          100.0000	episode_limit_mean:        1.0000	epsilon:                   0.0500
grad_norm:                19.9781	healthy_machine_fraction_mean:  0.3254	loss:                      0.5051	mi_loss:                   0.0040
q_taken_mean:              1.7041	return_mean:              57.3900	return_median:            57.3000	return_std:                5.4903
target_mean:               1.7395	td_error_abs:              0.5228	test_ep_length_mean:     100.0000	test_episode_limit_mean:   1.0000
test_healthy_machine_fraction_mean:  0.2856	test_return_mean:         62.7188	test_return_median:       62.7000	test_return_std:           5.2038

[INFO 08:38:15] my_main Recent Stats | t_env:     834000 | Episode:     8340
entropy_loss:              0.0018	ep_length_mean:          100.0000	episode_limit_mean:        1.0000	epsilon:                   0.0500
grad_norm:                19.3351	healthy_machine_fraction_mean:  0.3254	loss:                      0.4791	mi_loss:                   0.0040
q_taken_mean:              1.7102	return_mean:              57.3900	return_median:            57.3000	return_std:                5.4903
target_mean:               1.7445	td_error_abs:              0.5102	test_ep_length_mean:     100.0000	test_episode_limit_mean:   1.0000
test_healthy_machine_fraction_mean:  0.2856	test_return_mean:         62.7188	test_return_median:       62.7000	test_return_std:           5.2038

[INFO 08:39:07] my_main Recent Stats | t_env:     836000 | Episode:     8360
entropy_loss:              0.0018	ep_length_mean:          100.0000	episode_limit_mean:        1.0000	epsilon:                   0.0500
grad_norm:                19.3351	healthy_machine_fraction_mean:  0.3254	loss:                      0.4791	mi_loss:                   0.0040
q_taken_mean:              1.7102	return_mean:              57.3900	return_median:            57.3000	return_std:                5.4903
target_mean:               1.7445	td_error_abs:              0.5102	test_ep_length_mean:     100.0000	test_episode_limit_mean:   1.0000
test_healthy_machine_fraction_mean:  0.2856	test_return_mean:         62.7188	test_return_median:       62.7000	test_return_std:           5.2038

[INFO 08:39:58] my_main Recent Stats | t_env:     838000 | Episode:     8380
entropy_loss:              0.0018	ep_length_mean:          100.0000	episode_limit_mean:        1.0000	epsilon:                   0.0500
grad_norm:                19.3351	healthy_machine_fraction_mean:  0.3254	loss:                      0.4791	mi_loss:                   0.0040
q_taken_mean:              1.7102	return_mean:              57.3900	return_median:            57.3000	return_std:                5.4903
target_mean:               1.7445	td_error_abs:              0.5102	test_ep_length_mean:     100.0000	test_episode_limit_mean:   1.0000
test_healthy_machine_fraction_mean:  0.2856	test_return_mean:         62.7188	test_return_median:       62.7000	test_return_std:           5.2038

[INFO 08:40:50] my_main Recent Stats | t_env:     840000 | Episode:     8400
entropy_loss:              0.0018	ep_length_mean:          100.0000	episode_limit_mean:        1.0000	epsilon:                   0.0500
grad_norm:                19.3351	healthy_machine_fraction_mean:  0.3254	loss:                      0.4791	mi_loss:                   0.0040
q_taken_mean:              1.7102	return_mean:              57.3900	return_median:            57.3000	return_std:                5.4903
target_mean:               1.7445	td_error_abs:              0.5102	test_ep_length_mean:     100.0000	test_episode_limit_mean:   1.0000
test_healthy_machine_fraction_mean:  0.2856	test_return_mean:         62.7188	test_return_median:       62.7000	test_return_std:           5.2038

[INFO 08:40:52] my_main Updated target network
[INFO 08:40:53] my_main t_env: 840100 / 2050000
[INFO 08:40:53] my_main Estimated time left: 9 hours, 40 minutes, 29 seconds. Time passed: 6 hours, 36 minutes, 43 seconds
[INFO 08:42:12] my_main Recent Stats | t_env:     842000 | Episode:     8420
entropy_loss:              0.0018	ep_length_mean:          100.0000	episode_limit_mean:        1.0000	epsilon:                   0.0500
grad_norm:                19.3351	healthy_machine_fraction_mean:  0.3044	loss:                      0.4791	mi_loss:                   0.0040
q_taken_mean:              1.7102	return_mean:              57.0240	return_median:            57.0000	return_std:                5.3126
target_mean:               1.7445	td_error_abs:              0.5102	test_ep_length_mean:     100.0000	test_episode_limit_mean:   1.0000
test_healthy_machine_fraction_mean:  0.2581	test_return_mean:         62.1000	test_return_median:       61.7000	test_return_std:           5.4135

[INFO 08:43:03] my_main Recent Stats | t_env:     844000 | Episode:     8440
entropy_loss:              0.0018	ep_length_mean:          100.0000	episode_limit_mean:        1.0000	epsilon:                   0.0500
grad_norm:                19.5491	healthy_machine_fraction_mean:  0.3044	loss:                      0.4703	mi_loss:                   0.0039
q_taken_mean:              1.7192	return_mean:              57.0240	return_median:            57.0000	return_std:                5.3126
target_mean:               1.7538	td_error_abs:              0.5032	test_ep_length_mean:     100.0000	test_episode_limit_mean:   1.0000
test_healthy_machine_fraction_mean:  0.2581	test_return_mean:         62.1000	test_return_median:       61.7000	test_return_std:           5.4135

[INFO 08:43:55] my_main Recent Stats | t_env:     846000 | Episode:     8460
entropy_loss:              0.0018	ep_length_mean:          100.0000	episode_limit_mean:        1.0000	epsilon:                   0.0500
grad_norm:                19.5491	healthy_machine_fraction_mean:  0.3044	loss:                      0.4703	mi_loss:                   0.0039
q_taken_mean:              1.7192	return_mean:              57.0240	return_median:            57.0000	return_std:                5.3126
target_mean:               1.7538	td_error_abs:              0.5032	test_ep_length_mean:     100.0000	test_episode_limit_mean:   1.0000
test_healthy_machine_fraction_mean:  0.2581	test_return_mean:         62.1000	test_return_median:       61.7000	test_return_std:           5.4135

[INFO 08:44:47] my_main Recent Stats | t_env:     848000 | Episode:     8480
entropy_loss:              0.0018	ep_length_mean:          100.0000	episode_limit_mean:        1.0000	epsilon:                   0.0500
grad_norm:                19.5491	healthy_machine_fraction_mean:  0.3044	loss:                      0.4703	mi_loss:                   0.0039
q_taken_mean:              1.7192	return_mean:              57.0240	return_median:            57.0000	return_std:                5.3126
target_mean:               1.7538	td_error_abs:              0.5032	test_ep_length_mean:     100.0000	test_episode_limit_mean:   1.0000
test_healthy_machine_fraction_mean:  0.2581	test_return_mean:         62.1000	test_return_median:       61.7000	test_return_std:           5.4135

[INFO 08:45:38] my_main Recent Stats | t_env:     850000 | Episode:     8500
entropy_loss:              0.0018	ep_length_mean:          100.0000	episode_limit_mean:        1.0000	epsilon:                   0.0500
grad_norm:                19.5491	healthy_machine_fraction_mean:  0.3044	loss:                      0.4703	mi_loss:                   0.0039
q_taken_mean:              1.7192	return_mean:              57.0240	return_median:            57.0000	return_std:                5.3126
target_mean:               1.7538	td_error_abs:              0.5032	test_ep_length_mean:     100.0000	test_episode_limit_mean:   1.0000
test_healthy_machine_fraction_mean:  0.2581	test_return_mean:         62.1000	test_return_median:       61.7000	test_return_std:           5.4135

[INFO 08:45:41] my_main t_env: 850100 / 2050000
[INFO 08:45:41] my_main Estimated time left: 9 hours, 36 minutes, 21 seconds. Time passed: 6 hours, 41 minutes, 31 seconds
[INFO 08:46:56] my_main Recent Stats | t_env:     852000 | Episode:     8520
entropy_loss:              0.0018	ep_length_mean:          100.0000	episode_limit_mean:        1.0000	epsilon:                   0.0500
grad_norm:                19.5491	healthy_machine_fraction_mean:  0.2802	loss:                      0.4703	mi_loss:                   0.0039
q_taken_mean:              1.7192	return_mean:              56.8380	return_median:            57.0000	return_std:                5.4101
target_mean:               1.7538	td_error_abs:              0.5032	test_ep_length_mean:     100.0000	test_episode_limit_mean:   1.0000
test_healthy_machine_fraction_mean:  0.2400	test_return_mean:         62.2125	test_return_median:       61.8000	test_return_std:           5.4816

[INFO 08:47:45] my_main Recent Stats | t_env:     854000 | Episode:     8540
entropy_loss:              0.0018	ep_length_mean:          100.0000	episode_limit_mean:        1.0000	epsilon:                   0.0500
grad_norm:                19.9694	healthy_machine_fraction_mean:  0.2802	loss:                      0.4673	mi_loss:                   0.0039
q_taken_mean:              1.7226	return_mean:              56.8380	return_median:            57.0000	return_std:                5.4101
target_mean:               1.7581	td_error_abs:              0.5032	test_ep_length_mean:     100.0000	test_episode_limit_mean:   1.0000
test_healthy_machine_fraction_mean:  0.2400	test_return_mean:         62.2125	test_return_median:       61.8000	test_return_std:           5.4816

[INFO 08:48:36] my_main Recent Stats | t_env:     856000 | Episode:     8560
entropy_loss:              0.0018	ep_length_mean:          100.0000	episode_limit_mean:        1.0000	epsilon:                   0.0500
grad_norm:                19.9694	healthy_machine_fraction_mean:  0.2802	loss:                      0.4673	mi_loss:                   0.0039
q_taken_mean:              1.7226	return_mean:              56.8380	return_median:            57.0000	return_std:                5.4101
target_mean:               1.7581	td_error_abs:              0.5032	test_ep_length_mean:     100.0000	test_episode_limit_mean:   1.0000
test_healthy_machine_fraction_mean:  0.2400	test_return_mean:         62.2125	test_return_median:       61.8000	test_return_std:           5.4816

[INFO 08:49:28] my_main Recent Stats | t_env:     858000 | Episode:     8580
entropy_loss:              0.0018	ep_length_mean:          100.0000	episode_limit_mean:        1.0000	epsilon:                   0.0500
grad_norm:                19.9694	healthy_machine_fraction_mean:  0.2802	loss:                      0.4673	mi_loss:                   0.0039
q_taken_mean:              1.7226	return_mean:              56.8380	return_median:            57.0000	return_std:                5.4101
target_mean:               1.7581	td_error_abs:              0.5032	test_ep_length_mean:     100.0000	test_episode_limit_mean:   1.0000
test_healthy_machine_fraction_mean:  0.2400	test_return_mean:         62.2125	test_return_median:       61.8000	test_return_std:           5.4816

[INFO 08:50:19] my_main Recent Stats | t_env:     860000 | Episode:     8600
entropy_loss:              0.0018	ep_length_mean:          100.0000	episode_limit_mean:        1.0000	epsilon:                   0.0500
grad_norm:                19.9694	healthy_machine_fraction_mean:  0.2802	loss:                      0.4673	mi_loss:                   0.0039
q_taken_mean:              1.7226	return_mean:              56.8380	return_median:            57.0000	return_std:                5.4101
target_mean:               1.7581	td_error_abs:              0.5032	test_ep_length_mean:     100.0000	test_episode_limit_mean:   1.0000
test_healthy_machine_fraction_mean:  0.2400	test_return_mean:         62.2125	test_return_median:       61.8000	test_return_std:           5.4816

[INFO 08:50:22] my_main Updated target network
[INFO 08:50:22] my_main t_env: 860100 / 2050000
[INFO 08:50:22] my_main Estimated time left: 9 hours, 17 minutes, 32 seconds. Time passed: 6 hours, 46 minutes, 12 seconds
[INFO 08:51:41] my_main Recent Stats | t_env:     862000 | Episode:     8620
entropy_loss:              0.0018	ep_length_mean:          100.0000	episode_limit_mean:        1.0000	epsilon:                   0.0500
grad_norm:                19.9694	healthy_machine_fraction_mean:  0.2748	loss:                      0.4673	mi_loss:                   0.0039
q_taken_mean:              1.7226	return_mean:              56.5240	return_median:            56.8000	return_std:                5.5706
target_mean:               1.7581	td_error_abs:              0.5032	test_ep_length_mean:     100.0000	test_episode_limit_mean:   1.0000
test_healthy_machine_fraction_mean:  0.2356	test_return_mean:         61.8062	test_return_median:       61.4000	test_return_std:           5.5154

[INFO 08:52:31] my_main Recent Stats | t_env:     864000 | Episode:     8640
entropy_loss:              0.0018	ep_length_mean:          100.0000	episode_limit_mean:        1.0000	epsilon:                   0.0500
grad_norm:                19.1762	healthy_machine_fraction_mean:  0.2748	loss:                      0.4512	mi_loss:                   0.0039
q_taken_mean:              1.7322	return_mean:              56.5240	return_median:            56.8000	return_std:                5.5706
target_mean:               1.7663	td_error_abs:              0.4946	test_ep_length_mean:     100.0000	test_episode_limit_mean:   1.0000
test_healthy_machine_fraction_mean:  0.2356	test_return_mean:         61.8062	test_return_median:       61.4000	test_return_std:           5.5154

[INFO 08:53:23] my_main Recent Stats | t_env:     866000 | Episode:     8660
entropy_loss:              0.0018	ep_length_mean:          100.0000	episode_limit_mean:        1.0000	epsilon:                   0.0500
grad_norm:                19.1762	healthy_machine_fraction_mean:  0.2748	loss:                      0.4512	mi_loss:                   0.0039
q_taken_mean:              1.7322	return_mean:              56.5240	return_median:            56.8000	return_std:                5.5706
target_mean:               1.7663	td_error_abs:              0.4946	test_ep_length_mean:     100.0000	test_episode_limit_mean:   1.0000
test_healthy_machine_fraction_mean:  0.2356	test_return_mean:         61.8062	test_return_median:       61.4000	test_return_std:           5.5154

[INFO 08:54:15] my_main Recent Stats | t_env:     868000 | Episode:     8680
entropy_loss:              0.0018	ep_length_mean:          100.0000	episode_limit_mean:        1.0000	epsilon:                   0.0500
grad_norm:                19.1762	healthy_machine_fraction_mean:  0.2748	loss:                      0.4512	mi_loss:                   0.0039
q_taken_mean:              1.7322	return_mean:              56.5240	return_median:            56.8000	return_std:                5.5706
target_mean:               1.7663	td_error_abs:              0.4946	test_ep_length_mean:     100.0000	test_episode_limit_mean:   1.0000
test_healthy_machine_fraction_mean:  0.2356	test_return_mean:         61.8062	test_return_median:       61.4000	test_return_std:           5.5154

[INFO 08:55:06] my_main Recent Stats | t_env:     870000 | Episode:     8700
entropy_loss:              0.0018	ep_length_mean:          100.0000	episode_limit_mean:        1.0000	epsilon:                   0.0500
grad_norm:                19.1762	healthy_machine_fraction_mean:  0.2748	loss:                      0.4512	mi_loss:                   0.0039
q_taken_mean:              1.7322	return_mean:              56.5240	return_median:            56.8000	return_std:                5.5706
target_mean:               1.7663	td_error_abs:              0.4946	test_ep_length_mean:     100.0000	test_episode_limit_mean:   1.0000
test_healthy_machine_fraction_mean:  0.2356	test_return_mean:         61.8062	test_return_median:       61.4000	test_return_std:           5.5154

[INFO 08:55:09] my_main t_env: 870100 / 2050000
[INFO 08:55:09] my_main Estimated time left: 9 hours, 24 minutes, 20 seconds. Time passed: 6 hours, 50 minutes, 59 seconds
[INFO 08:56:27] my_main Recent Stats | t_env:     872000 | Episode:     8720
entropy_loss:              0.0018	ep_length_mean:          100.0000	episode_limit_mean:        1.0000	epsilon:                   0.0500
grad_norm:                19.1762	healthy_machine_fraction_mean:  0.2482	loss:                      0.4512	mi_loss:                   0.0039
q_taken_mean:              1.7322	return_mean:              56.1640	return_median:            56.4000	return_std:                5.6000
target_mean:               1.7663	td_error_abs:              0.4946	test_ep_length_mean:     100.0000	test_episode_limit_mean:   1.0000
test_healthy_machine_fraction_mean:  0.2081	test_return_mean:         60.9750	test_return_median:       60.8000	test_return_std:           5.4674

[INFO 08:57:19] my_main Recent Stats | t_env:     874000 | Episode:     8740
entropy_loss:              0.0017	ep_length_mean:          100.0000	episode_limit_mean:        1.0000	epsilon:                   0.0500
grad_norm:                19.2361	healthy_machine_fraction_mean:  0.2482	loss:                      0.4515	mi_loss:                   0.0039
q_taken_mean:              1.7367	return_mean:              56.1640	return_median:            56.4000	return_std:                5.6000
target_mean:               1.7711	td_error_abs:              0.4971	test_ep_length_mean:     100.0000	test_episode_limit_mean:   1.0000
test_healthy_machine_fraction_mean:  0.2081	test_return_mean:         60.9750	test_return_median:       60.8000	test_return_std:           5.4674

[INFO 08:58:11] my_main Recent Stats | t_env:     876000 | Episode:     8760
entropy_loss:              0.0017	ep_length_mean:          100.0000	episode_limit_mean:        1.0000	epsilon:                   0.0500
grad_norm:                19.2361	healthy_machine_fraction_mean:  0.2482	loss:                      0.4515	mi_loss:                   0.0039
q_taken_mean:              1.7367	return_mean:              56.1640	return_median:            56.4000	return_std:                5.6000
target_mean:               1.7711	td_error_abs:              0.4971	test_ep_length_mean:     100.0000	test_episode_limit_mean:   1.0000
test_healthy_machine_fraction_mean:  0.2081	test_return_mean:         60.9750	test_return_median:       60.8000	test_return_std:           5.4674

[INFO 08:59:02] my_main Recent Stats | t_env:     878000 | Episode:     8780
entropy_loss:              0.0017	ep_length_mean:          100.0000	episode_limit_mean:        1.0000	epsilon:                   0.0500
grad_norm:                19.2361	healthy_machine_fraction_mean:  0.2482	loss:                      0.4515	mi_loss:                   0.0039
q_taken_mean:              1.7367	return_mean:              56.1640	return_median:            56.4000	return_std:                5.6000
target_mean:               1.7711	td_error_abs:              0.4971	test_ep_length_mean:     100.0000	test_episode_limit_mean:   1.0000
test_healthy_machine_fraction_mean:  0.2081	test_return_mean:         60.9750	test_return_median:       60.8000	test_return_std:           5.4674

[INFO 08:59:53] my_main Recent Stats | t_env:     880000 | Episode:     8800
entropy_loss:              0.0017	ep_length_mean:          100.0000	episode_limit_mean:        1.0000	epsilon:                   0.0500
grad_norm:                19.2361	healthy_machine_fraction_mean:  0.2482	loss:                      0.4515	mi_loss:                   0.0039
q_taken_mean:              1.7367	return_mean:              56.1640	return_median:            56.4000	return_std:                5.6000
target_mean:               1.7711	td_error_abs:              0.4971	test_ep_length_mean:     100.0000	test_episode_limit_mean:   1.0000
test_healthy_machine_fraction_mean:  0.2081	test_return_mean:         60.9750	test_return_median:       60.8000	test_return_std:           5.4674

[INFO 08:59:56] my_main Updated target network
[INFO 08:59:56] my_main t_env: 880100 / 2050000
[INFO 08:59:56] my_main Estimated time left: 9 hours, 19 minutes, 48 seconds. Time passed: 6 hours, 55 minutes, 46 seconds
[INFO 09:01:15] my_main Recent Stats | t_env:     882000 | Episode:     8820
entropy_loss:              0.0017	ep_length_mean:          100.0000	episode_limit_mean:        1.0000	epsilon:                   0.0500
grad_norm:                19.2361	healthy_machine_fraction_mean:  0.2448	loss:                      0.4515	mi_loss:                   0.0039
q_taken_mean:              1.7367	return_mean:              55.8720	return_median:            56.0000	return_std:                5.5470
target_mean:               1.7711	td_error_abs:              0.4971	test_ep_length_mean:     100.0000	test_episode_limit_mean:   1.0000
test_healthy_machine_fraction_mean:  0.2275	test_return_mean:         62.1375	test_return_median:       61.8000	test_return_std:           5.5878

[INFO 09:02:07] my_main Recent Stats | t_env:     884000 | Episode:     8840
entropy_loss:              0.0017	ep_length_mean:          100.0000	episode_limit_mean:        1.0000	epsilon:                   0.0500
grad_norm:                18.2669	healthy_machine_fraction_mean:  0.2448	loss:                      0.4298	mi_loss:                   0.0039
q_taken_mean:              1.7481	return_mean:              55.8720	return_median:            56.0000	return_std:                5.5470
target_mean:               1.7807	td_error_abs:              0.4863	test_ep_length_mean:     100.0000	test_episode_limit_mean:   1.0000
test_healthy_machine_fraction_mean:  0.2275	test_return_mean:         62.1375	test_return_median:       61.8000	test_return_std:           5.5878

[INFO 09:02:58] my_main Recent Stats | t_env:     886000 | Episode:     8860
entropy_loss:              0.0017	ep_length_mean:          100.0000	episode_limit_mean:        1.0000	epsilon:                   0.0500
grad_norm:                18.2669	healthy_machine_fraction_mean:  0.2448	loss:                      0.4298	mi_loss:                   0.0039
q_taken_mean:              1.7481	return_mean:              55.8720	return_median:            56.0000	return_std:                5.5470
target_mean:               1.7807	td_error_abs:              0.4863	test_ep_length_mean:     100.0000	test_episode_limit_mean:   1.0000
test_healthy_machine_fraction_mean:  0.2275	test_return_mean:         62.1375	test_return_median:       61.8000	test_return_std:           5.5878

[INFO 09:03:50] my_main Recent Stats | t_env:     888000 | Episode:     8880
entropy_loss:              0.0017	ep_length_mean:          100.0000	episode_limit_mean:        1.0000	epsilon:                   0.0500
grad_norm:                18.2669	healthy_machine_fraction_mean:  0.2448	loss:                      0.4298	mi_loss:                   0.0039
q_taken_mean:              1.7481	return_mean:              55.8720	return_median:            56.0000	return_std:                5.5470
target_mean:               1.7807	td_error_abs:              0.4863	test_ep_length_mean:     100.0000	test_episode_limit_mean:   1.0000
test_healthy_machine_fraction_mean:  0.2275	test_return_mean:         62.1375	test_return_median:       61.8000	test_return_std:           5.5878

[INFO 09:04:42] my_main Recent Stats | t_env:     890000 | Episode:     8900
entropy_loss:              0.0017	ep_length_mean:          100.0000	episode_limit_mean:        1.0000	epsilon:                   0.0500
grad_norm:                18.2669	healthy_machine_fraction_mean:  0.2448	loss:                      0.4298	mi_loss:                   0.0039
q_taken_mean:              1.7481	return_mean:              55.8720	return_median:            56.0000	return_std:                5.5470
target_mean:               1.7807	td_error_abs:              0.4863	test_ep_length_mean:     100.0000	test_episode_limit_mean:   1.0000
test_healthy_machine_fraction_mean:  0.2275	test_return_mean:         62.1375	test_return_median:       61.8000	test_return_std:           5.5878

[INFO 09:04:44] my_main t_env: 890100 / 2050000
[INFO 09:04:44] my_main Estimated time left: 9 hours, 17 minutes, 30 seconds. Time passed: 7 hours, 35 seconds
[INFO 09:06:03] my_main Recent Stats | t_env:     892000 | Episode:     8920
entropy_loss:              0.0017	ep_length_mean:          100.0000	episode_limit_mean:        1.0000	epsilon:                   0.0500
grad_norm:                18.2669	healthy_machine_fraction_mean:  0.2402	loss:                      0.4298	mi_loss:                   0.0039
q_taken_mean:              1.7481	return_mean:              56.2840	return_median:            56.4000	return_std:                5.6273
target_mean:               1.7807	td_error_abs:              0.4863	test_ep_length_mean:     100.0000	test_episode_limit_mean:   1.0000
test_healthy_machine_fraction_mean:  0.2319	test_return_mean:         62.7000	test_return_median:       62.3000	test_return_std:           5.6672

[INFO 09:06:55] my_main Recent Stats | t_env:     894000 | Episode:     8940
entropy_loss:              0.0017	ep_length_mean:          100.0000	episode_limit_mean:        1.0000	epsilon:                   0.0500
grad_norm:                17.8099	healthy_machine_fraction_mean:  0.2402	loss:                      0.4127	mi_loss:                   0.0038
q_taken_mean:              1.7544	return_mean:              56.2840	return_median:            56.4000	return_std:                5.6273
target_mean:               1.7862	td_error_abs:              0.4782	test_ep_length_mean:     100.0000	test_episode_limit_mean:   1.0000
test_healthy_machine_fraction_mean:  0.2319	test_return_mean:         62.7000	test_return_median:       62.3000	test_return_std:           5.6672

[INFO 09:07:46] my_main Recent Stats | t_env:     896000 | Episode:     8960
entropy_loss:              0.0017	ep_length_mean:          100.0000	episode_limit_mean:        1.0000	epsilon:                   0.0500
grad_norm:                17.8099	healthy_machine_fraction_mean:  0.2402	loss:                      0.4127	mi_loss:                   0.0038
q_taken_mean:              1.7544	return_mean:              56.2840	return_median:            56.4000	return_std:                5.6273
target_mean:               1.7862	td_error_abs:              0.4782	test_ep_length_mean:     100.0000	test_episode_limit_mean:   1.0000
test_healthy_machine_fraction_mean:  0.2319	test_return_mean:         62.7000	test_return_median:       62.3000	test_return_std:           5.6672

[INFO 09:08:38] my_main Recent Stats | t_env:     898000 | Episode:     8980
entropy_loss:              0.0017	ep_length_mean:          100.0000	episode_limit_mean:        1.0000	epsilon:                   0.0500
grad_norm:                17.8099	healthy_machine_fraction_mean:  0.2402	loss:                      0.4127	mi_loss:                   0.0038
q_taken_mean:              1.7544	return_mean:              56.2840	return_median:            56.4000	return_std:                5.6273
target_mean:               1.7862	td_error_abs:              0.4782	test_ep_length_mean:     100.0000	test_episode_limit_mean:   1.0000
test_healthy_machine_fraction_mean:  0.2319	test_return_mean:         62.7000	test_return_median:       62.3000	test_return_std:           5.6672

[INFO 09:09:30] my_main Recent Stats | t_env:     900000 | Episode:     9000
entropy_loss:              0.0017	ep_length_mean:          100.0000	episode_limit_mean:        1.0000	epsilon:                   0.0500
grad_norm:                17.8099	healthy_machine_fraction_mean:  0.2402	loss:                      0.4127	mi_loss:                   0.0038
q_taken_mean:              1.7544	return_mean:              56.2840	return_median:            56.4000	return_std:                5.6273
target_mean:               1.7862	td_error_abs:              0.4782	test_ep_length_mean:     100.0000	test_episode_limit_mean:   1.0000
test_healthy_machine_fraction_mean:  0.2319	test_return_mean:         62.7000	test_return_median:       62.3000	test_return_std:           5.6672

[INFO 09:09:32] my_main Updated target network
[INFO 09:09:32] my_main t_env: 900100 / 2050000
[INFO 09:09:32] my_main Estimated time left: 9 hours, 11 minutes, 43 seconds. Time passed: 7 hours, 5 minutes, 22 seconds
[INFO 09:10:52] my_main Recent Stats | t_env:     902000 | Episode:     9020
entropy_loss:              0.0017	ep_length_mean:          100.0000	episode_limit_mean:        1.0000	epsilon:                   0.0500
grad_norm:                17.8099	healthy_machine_fraction_mean:  0.2492	loss:                      0.4127	mi_loss:                   0.0038
q_taken_mean:              1.7544	return_mean:              56.8920	return_median:            56.8000	return_std:                5.7329
target_mean:               1.7862	td_error_abs:              0.4782	test_ep_length_mean:     100.0000	test_episode_limit_mean:   1.0000
test_healthy_machine_fraction_mean:  0.2575	test_return_mean:         63.0000	test_return_median:       62.5000	test_return_std:           5.8167

[INFO 09:11:43] my_main Recent Stats | t_env:     904000 | Episode:     9040
entropy_loss:              0.0017	ep_length_mean:          100.0000	episode_limit_mean:        1.0000	epsilon:                   0.0500
grad_norm:                16.9879	healthy_machine_fraction_mean:  0.2492	loss:                      0.3952	mi_loss:                   0.0038
q_taken_mean:              1.7774	return_mean:              56.8920	return_median:            56.8000	return_std:                5.7329
target_mean:               1.7972	td_error_abs:              0.4761	test_ep_length_mean:     100.0000	test_episode_limit_mean:   1.0000
test_healthy_machine_fraction_mean:  0.2575	test_return_mean:         63.0000	test_return_median:       62.5000	test_return_std:           5.8167

[INFO 09:12:35] my_main Recent Stats | t_env:     906000 | Episode:     9060
entropy_loss:              0.0017	ep_length_mean:          100.0000	episode_limit_mean:        1.0000	epsilon:                   0.0500
grad_norm:                16.9879	healthy_machine_fraction_mean:  0.2492	loss:                      0.3952	mi_loss:                   0.0038
q_taken_mean:              1.7774	return_mean:              56.8920	return_median:            56.8000	return_std:                5.7329
target_mean:               1.7972	td_error_abs:              0.4761	test_ep_length_mean:     100.0000	test_episode_limit_mean:   1.0000
test_healthy_machine_fraction_mean:  0.2575	test_return_mean:         63.0000	test_return_median:       62.5000	test_return_std:           5.8167

[INFO 09:13:26] my_main Recent Stats | t_env:     908000 | Episode:     9080
entropy_loss:              0.0017	ep_length_mean:          100.0000	episode_limit_mean:        1.0000	epsilon:                   0.0500
grad_norm:                16.9879	healthy_machine_fraction_mean:  0.2492	loss:                      0.3952	mi_loss:                   0.0038
q_taken_mean:              1.7774	return_mean:              56.8920	return_median:            56.8000	return_std:                5.7329
target_mean:               1.7972	td_error_abs:              0.4761	test_ep_length_mean:     100.0000	test_episode_limit_mean:   1.0000
test_healthy_machine_fraction_mean:  0.2575	test_return_mean:         63.0000	test_return_median:       62.5000	test_return_std:           5.8167

[INFO 09:14:18] my_main Recent Stats | t_env:     910000 | Episode:     9100
entropy_loss:              0.0017	ep_length_mean:          100.0000	episode_limit_mean:        1.0000	epsilon:                   0.0500
grad_norm:                16.9879	healthy_machine_fraction_mean:  0.2492	loss:                      0.3952	mi_loss:                   0.0038
q_taken_mean:              1.7774	return_mean:              56.8920	return_median:            56.8000	return_std:                5.7329
target_mean:               1.7972	td_error_abs:              0.4761	test_ep_length_mean:     100.0000	test_episode_limit_mean:   1.0000
test_healthy_machine_fraction_mean:  0.2575	test_return_mean:         63.0000	test_return_median:       62.5000	test_return_std:           5.8167

[INFO 09:14:21] my_main t_env: 910100 / 2050000
[INFO 09:14:21] my_main Estimated time left: 9 hours, 8 minutes, 27 seconds. Time passed: 7 hours, 10 minutes, 11 seconds
[INFO 09:15:40] my_main Recent Stats | t_env:     912000 | Episode:     9120
entropy_loss:              0.0017	ep_length_mean:          100.0000	episode_limit_mean:        1.0000	epsilon:                   0.0500
grad_norm:                16.9879	healthy_machine_fraction_mean:  0.2556	loss:                      0.3952	mi_loss:                   0.0038
q_taken_mean:              1.7774	return_mean:              57.7540	return_median:            57.6000	return_std:                5.7982
target_mean:               1.7972	td_error_abs:              0.4761	test_ep_length_mean:     100.0000	test_episode_limit_mean:   1.0000
test_healthy_machine_fraction_mean:  0.2675	test_return_mean:         63.8312	test_return_median:       63.4000	test_return_std:           5.5828

[INFO 09:16:31] my_main Recent Stats | t_env:     914000 | Episode:     9140
entropy_loss:              0.0017	ep_length_mean:          100.0000	episode_limit_mean:        1.0000	epsilon:                   0.0500
grad_norm:                15.6323	healthy_machine_fraction_mean:  0.2556	loss:                      0.3787	mi_loss:                   0.0038
q_taken_mean:              1.7943	return_mean:              57.7540	return_median:            57.6000	return_std:                5.7982
target_mean:               1.8047	td_error_abs:              0.4733	test_ep_length_mean:     100.0000	test_episode_limit_mean:   1.0000
test_healthy_machine_fraction_mean:  0.2675	test_return_mean:         63.8312	test_return_median:       63.4000	test_return_std:           5.5828

[INFO 09:17:22] my_main Recent Stats | t_env:     916000 | Episode:     9160
entropy_loss:              0.0017	ep_length_mean:          100.0000	episode_limit_mean:        1.0000	epsilon:                   0.0500
grad_norm:                15.6323	healthy_machine_fraction_mean:  0.2556	loss:                      0.3787	mi_loss:                   0.0038
q_taken_mean:              1.7943	return_mean:              57.7540	return_median:            57.6000	return_std:                5.7982
target_mean:               1.8047	td_error_abs:              0.4733	test_ep_length_mean:     100.0000	test_episode_limit_mean:   1.0000
test_healthy_machine_fraction_mean:  0.2675	test_return_mean:         63.8312	test_return_median:       63.4000	test_return_std:           5.5828

[INFO 09:18:14] my_main Recent Stats | t_env:     918000 | Episode:     9180
entropy_loss:              0.0017	ep_length_mean:          100.0000	episode_limit_mean:        1.0000	epsilon:                   0.0500
grad_norm:                15.6323	healthy_machine_fraction_mean:  0.2556	loss:                      0.3787	mi_loss:                   0.0038
q_taken_mean:              1.7943	return_mean:              57.7540	return_median:            57.6000	return_std:                5.7982
target_mean:               1.8047	td_error_abs:              0.4733	test_ep_length_mean:     100.0000	test_episode_limit_mean:   1.0000
test_healthy_machine_fraction_mean:  0.2675	test_return_mean:         63.8312	test_return_median:       63.4000	test_return_std:           5.5828

[INFO 09:19:06] my_main Recent Stats | t_env:     920000 | Episode:     9200
entropy_loss:              0.0017	ep_length_mean:          100.0000	episode_limit_mean:        1.0000	epsilon:                   0.0500
grad_norm:                15.6323	healthy_machine_fraction_mean:  0.2556	loss:                      0.3787	mi_loss:                   0.0038
q_taken_mean:              1.7943	return_mean:              57.7540	return_median:            57.6000	return_std:                5.7982
target_mean:               1.8047	td_error_abs:              0.4733	test_ep_length_mean:     100.0000	test_episode_limit_mean:   1.0000
test_healthy_machine_fraction_mean:  0.2675	test_return_mean:         63.8312	test_return_median:       63.4000	test_return_std:           5.5828

[INFO 09:19:08] my_main Updated target network
[INFO 09:19:08] my_main t_env: 920100 / 2050000
[INFO 09:19:08] my_main Estimated time left: 9 hours, 49 seconds. Time passed: 7 hours, 14 minutes, 58 seconds
[INFO 09:20:27] my_main Recent Stats | t_env:     922000 | Episode:     9220
entropy_loss:              0.0017	ep_length_mean:          100.0000	episode_limit_mean:        1.0000	epsilon:                   0.0500
grad_norm:                15.6323	healthy_machine_fraction_mean:  0.2738	loss:                      0.3787	mi_loss:                   0.0038
q_taken_mean:              1.7943	return_mean:              58.6520	return_median:            58.6000	return_std:                5.7821
target_mean:               1.8047	td_error_abs:              0.4733	test_ep_length_mean:     100.0000	test_episode_limit_mean:   1.0000
test_healthy_machine_fraction_mean:  0.2900	test_return_mean:         64.8750	test_return_median:       64.3000	test_return_std:           5.7117

[INFO 09:21:19] my_main Recent Stats | t_env:     924000 | Episode:     9240
entropy_loss:              0.0017	ep_length_mean:          100.0000	episode_limit_mean:        1.0000	epsilon:                   0.0500
grad_norm:                16.5387	healthy_machine_fraction_mean:  0.2738	loss:                      0.3905	mi_loss:                   0.0038
q_taken_mean:              1.8147	return_mean:              58.6520	return_median:            58.6000	return_std:                5.7821
target_mean:               1.8264	td_error_abs:              0.4793	test_ep_length_mean:     100.0000	test_episode_limit_mean:   1.0000
test_healthy_machine_fraction_mean:  0.2900	test_return_mean:         64.8750	test_return_median:       64.3000	test_return_std:           5.7117

[INFO 09:22:11] my_main Recent Stats | t_env:     926000 | Episode:     9260
entropy_loss:              0.0017	ep_length_mean:          100.0000	episode_limit_mean:        1.0000	epsilon:                   0.0500
grad_norm:                16.5387	healthy_machine_fraction_mean:  0.2738	loss:                      0.3905	mi_loss:                   0.0038
q_taken_mean:              1.8147	return_mean:              58.6520	return_median:            58.6000	return_std:                5.7821
target_mean:               1.8264	td_error_abs:              0.4793	test_ep_length_mean:     100.0000	test_episode_limit_mean:   1.0000
test_healthy_machine_fraction_mean:  0.2900	test_return_mean:         64.8750	test_return_median:       64.3000	test_return_std:           5.7117

[INFO 09:23:03] my_main Recent Stats | t_env:     928000 | Episode:     9280
entropy_loss:              0.0017	ep_length_mean:          100.0000	episode_limit_mean:        1.0000	epsilon:                   0.0500
grad_norm:                16.5387	healthy_machine_fraction_mean:  0.2738	loss:                      0.3905	mi_loss:                   0.0038
q_taken_mean:              1.8147	return_mean:              58.6520	return_median:            58.6000	return_std:                5.7821
target_mean:               1.8264	td_error_abs:              0.4793	test_ep_length_mean:     100.0000	test_episode_limit_mean:   1.0000
test_healthy_machine_fraction_mean:  0.2900	test_return_mean:         64.8750	test_return_median:       64.3000	test_return_std:           5.7117

[INFO 09:23:50] my_main Recent Stats | t_env:     930000 | Episode:     9300
entropy_loss:              0.0017	ep_length_mean:          100.0000	episode_limit_mean:        1.0000	epsilon:                   0.0500
grad_norm:                16.5387	healthy_machine_fraction_mean:  0.2738	loss:                      0.3905	mi_loss:                   0.0038
q_taken_mean:              1.8147	return_mean:              58.6520	return_median:            58.6000	return_std:                5.7821
target_mean:               1.8264	td_error_abs:              0.4793	test_ep_length_mean:     100.0000	test_episode_limit_mean:   1.0000
test_healthy_machine_fraction_mean:  0.2900	test_return_mean:         64.8750	test_return_median:       64.3000	test_return_std:           5.7117

[INFO 09:23:52] my_main t_env: 930100 / 2050000
[INFO 09:23:52] my_main Estimated time left: 8 hours, 50 minutes, 48 seconds. Time passed: 7 hours, 19 minutes, 43 seconds
[INFO 09:25:10] my_main Recent Stats | t_env:     932000 | Episode:     9320
entropy_loss:              0.0017	ep_length_mean:          100.0000	episode_limit_mean:        1.0000	epsilon:                   0.0500
grad_norm:                16.5387	healthy_machine_fraction_mean:  0.2812	loss:                      0.3905	mi_loss:                   0.0038
q_taken_mean:              1.8147	return_mean:              59.5320	return_median:            59.6000	return_std:                5.8757
target_mean:               1.8264	td_error_abs:              0.4793	test_ep_length_mean:     100.0000	test_episode_limit_mean:   1.0000
test_healthy_machine_fraction_mean:  0.2887	test_return_mean:         65.0500	test_return_median:       64.7000	test_return_std:           5.6079

[INFO 09:26:02] my_main Recent Stats | t_env:     934000 | Episode:     9340
entropy_loss:              0.0017	ep_length_mean:          100.0000	episode_limit_mean:        1.0000	epsilon:                   0.0500
grad_norm:                17.8101	healthy_machine_fraction_mean:  0.2812	loss:                      0.4156	mi_loss:                   0.0037
q_taken_mean:              1.8314	return_mean:              59.5320	return_median:            59.6000	return_std:                5.8757
target_mean:               1.8449	td_error_abs:              0.4918	test_ep_length_mean:     100.0000	test_episode_limit_mean:   1.0000
test_healthy_machine_fraction_mean:  0.2887	test_return_mean:         65.0500	test_return_median:       64.7000	test_return_std:           5.6079

[INFO 09:26:53] my_main Recent Stats | t_env:     936000 | Episode:     9360
entropy_loss:              0.0017	ep_length_mean:          100.0000	episode_limit_mean:        1.0000	epsilon:                   0.0500
grad_norm:                17.8101	healthy_machine_fraction_mean:  0.2812	loss:                      0.4156	mi_loss:                   0.0037
q_taken_mean:              1.8314	return_mean:              59.5320	return_median:            59.6000	return_std:                5.8757
target_mean:               1.8449	td_error_abs:              0.4918	test_ep_length_mean:     100.0000	test_episode_limit_mean:   1.0000
test_healthy_machine_fraction_mean:  0.2887	test_return_mean:         65.0500	test_return_median:       64.7000	test_return_std:           5.6079

[INFO 09:27:45] my_main Recent Stats | t_env:     938000 | Episode:     9380
entropy_loss:              0.0017	ep_length_mean:          100.0000	episode_limit_mean:        1.0000	epsilon:                   0.0500
grad_norm:                17.8101	healthy_machine_fraction_mean:  0.2812	loss:                      0.4156	mi_loss:                   0.0037
q_taken_mean:              1.8314	return_mean:              59.5320	return_median:            59.6000	return_std:                5.8757
target_mean:               1.8449	td_error_abs:              0.4918	test_ep_length_mean:     100.0000	test_episode_limit_mean:   1.0000
test_healthy_machine_fraction_mean:  0.2887	test_return_mean:         65.0500	test_return_median:       64.7000	test_return_std:           5.6079

[INFO 09:28:36] my_main Recent Stats | t_env:     940000 | Episode:     9400
entropy_loss:              0.0017	ep_length_mean:          100.0000	episode_limit_mean:        1.0000	epsilon:                   0.0500
grad_norm:                17.8101	healthy_machine_fraction_mean:  0.2812	loss:                      0.4156	mi_loss:                   0.0037
q_taken_mean:              1.8314	return_mean:              59.5320	return_median:            59.6000	return_std:                5.8757
target_mean:               1.8449	td_error_abs:              0.4918	test_ep_length_mean:     100.0000	test_episode_limit_mean:   1.0000
test_healthy_machine_fraction_mean:  0.2887	test_return_mean:         65.0500	test_return_median:       64.7000	test_return_std:           5.6079

[INFO 09:28:39] my_main Updated target network
[INFO 09:28:39] my_main t_env: 940100 / 2050000
[INFO 09:28:39] my_main Estimated time left: 8 hours, 49 minutes, 17 seconds. Time passed: 7 hours, 24 minutes, 29 seconds
[INFO 09:29:58] my_main Recent Stats | t_env:     942000 | Episode:     9420
entropy_loss:              0.0017	ep_length_mean:          100.0000	episode_limit_mean:        1.0000	epsilon:                   0.0500
grad_norm:                17.8101	healthy_machine_fraction_mean:  0.2982	loss:                      0.4156	mi_loss:                   0.0037
q_taken_mean:              1.8314	return_mean:              60.0860	return_median:            59.8000	return_std:                5.9038
target_mean:               1.8449	td_error_abs:              0.4918	test_ep_length_mean:     100.0000	test_episode_limit_mean:   1.0000
test_healthy_machine_fraction_mean:  0.2831	test_return_mean:         65.0750	test_return_median:       65.0000	test_return_std:           5.5127

[INFO 09:30:50] my_main Recent Stats | t_env:     944000 | Episode:     9440
entropy_loss:              0.0017	ep_length_mean:          100.0000	episode_limit_mean:        1.0000	epsilon:                   0.0500
grad_norm:                17.1909	healthy_machine_fraction_mean:  0.2982	loss:                      0.4169	mi_loss:                   0.0037
q_taken_mean:              1.8554	return_mean:              60.0860	return_median:            59.8000	return_std:                5.9038
target_mean:               1.8676	td_error_abs:              0.4916	test_ep_length_mean:     100.0000	test_episode_limit_mean:   1.0000
test_healthy_machine_fraction_mean:  0.2831	test_return_mean:         65.0750	test_return_median:       65.0000	test_return_std:           5.5127

[INFO 09:31:41] my_main Recent Stats | t_env:     946000 | Episode:     9460
entropy_loss:              0.0017	ep_length_mean:          100.0000	episode_limit_mean:        1.0000	epsilon:                   0.0500
grad_norm:                17.1909	healthy_machine_fraction_mean:  0.2982	loss:                      0.4169	mi_loss:                   0.0037
q_taken_mean:              1.8554	return_mean:              60.0860	return_median:            59.8000	return_std:                5.9038
target_mean:               1.8676	td_error_abs:              0.4916	test_ep_length_mean:     100.0000	test_episode_limit_mean:   1.0000
test_healthy_machine_fraction_mean:  0.2831	test_return_mean:         65.0750	test_return_median:       65.0000	test_return_std:           5.5127

[INFO 09:32:33] my_main Recent Stats | t_env:     948000 | Episode:     9480
entropy_loss:              0.0017	ep_length_mean:          100.0000	episode_limit_mean:        1.0000	epsilon:                   0.0500
grad_norm:                17.1909	healthy_machine_fraction_mean:  0.2982	loss:                      0.4169	mi_loss:                   0.0037
q_taken_mean:              1.8554	return_mean:              60.0860	return_median:            59.8000	return_std:                5.9038
target_mean:               1.8676	td_error_abs:              0.4916	test_ep_length_mean:     100.0000	test_episode_limit_mean:   1.0000
test_healthy_machine_fraction_mean:  0.2831	test_return_mean:         65.0750	test_return_median:       65.0000	test_return_std:           5.5127

[INFO 09:33:24] my_main Recent Stats | t_env:     950000 | Episode:     9500
entropy_loss:              0.0017	ep_length_mean:          100.0000	episode_limit_mean:        1.0000	epsilon:                   0.0500
grad_norm:                17.1909	healthy_machine_fraction_mean:  0.2982	loss:                      0.4169	mi_loss:                   0.0037
q_taken_mean:              1.8554	return_mean:              60.0860	return_median:            59.8000	return_std:                5.9038
target_mean:               1.8676	td_error_abs:              0.4916	test_ep_length_mean:     100.0000	test_episode_limit_mean:   1.0000
test_healthy_machine_fraction_mean:  0.2831	test_return_mean:         65.0750	test_return_median:       65.0000	test_return_std:           5.5127

[INFO 09:33:27] my_main t_env: 950100 / 2050000
[INFO 09:33:27] my_main Estimated time left: 8 hours, 47 minutes, 55 seconds. Time passed: 7 hours, 29 minutes, 17 seconds
[INFO 09:34:46] my_main Recent Stats | t_env:     952000 | Episode:     9520
entropy_loss:              0.0017	ep_length_mean:          100.0000	episode_limit_mean:        1.0000	epsilon:                   0.0500
grad_norm:                17.1909	healthy_machine_fraction_mean:  0.2910	loss:                      0.4169	mi_loss:                   0.0037
q_taken_mean:              1.8554	return_mean:              59.8440	return_median:            59.4000	return_std:                5.8610
target_mean:               1.8676	td_error_abs:              0.4916	test_ep_length_mean:     100.0000	test_episode_limit_mean:   1.0000
test_healthy_machine_fraction_mean:  0.2550	test_return_mean:         64.5687	test_return_median:       64.7000	test_return_std:           5.4008

[INFO 09:35:37] my_main Recent Stats | t_env:     954000 | Episode:     9540
entropy_loss:              0.0017	ep_length_mean:          100.0000	episode_limit_mean:        1.0000	epsilon:                   0.0500
grad_norm:                18.1611	healthy_machine_fraction_mean:  0.2910	loss:                      0.4351	mi_loss:                   0.0037
q_taken_mean:              1.8621	return_mean:              59.8440	return_median:            59.4000	return_std:                5.8610
target_mean:               1.8863	td_error_abs:              0.4935	test_ep_length_mean:     100.0000	test_episode_limit_mean:   1.0000
test_healthy_machine_fraction_mean:  0.2550	test_return_mean:         64.5687	test_return_median:       64.7000	test_return_std:           5.4008

[INFO 09:36:30] my_main Recent Stats | t_env:     956000 | Episode:     9560
entropy_loss:              0.0017	ep_length_mean:          100.0000	episode_limit_mean:        1.0000	epsilon:                   0.0500
grad_norm:                18.1611	healthy_machine_fraction_mean:  0.2910	loss:                      0.4351	mi_loss:                   0.0037
q_taken_mean:              1.8621	return_mean:              59.8440	return_median:            59.4000	return_std:                5.8610
target_mean:               1.8863	td_error_abs:              0.4935	test_ep_length_mean:     100.0000	test_episode_limit_mean:   1.0000
test_healthy_machine_fraction_mean:  0.2550	test_return_mean:         64.5687	test_return_median:       64.7000	test_return_std:           5.4008

[INFO 09:37:21] my_main Recent Stats | t_env:     958000 | Episode:     9580
entropy_loss:              0.0017	ep_length_mean:          100.0000	episode_limit_mean:        1.0000	epsilon:                   0.0500
grad_norm:                18.1611	healthy_machine_fraction_mean:  0.2910	loss:                      0.4351	mi_loss:                   0.0037
q_taken_mean:              1.8621	return_mean:              59.8440	return_median:            59.4000	return_std:                5.8610
target_mean:               1.8863	td_error_abs:              0.4935	test_ep_length_mean:     100.0000	test_episode_limit_mean:   1.0000
test_healthy_machine_fraction_mean:  0.2550	test_return_mean:         64.5687	test_return_median:       64.7000	test_return_std:           5.4008

[INFO 09:38:13] my_main Recent Stats | t_env:     960000 | Episode:     9600
entropy_loss:              0.0017	ep_length_mean:          100.0000	episode_limit_mean:        1.0000	epsilon:                   0.0500
grad_norm:                18.1611	healthy_machine_fraction_mean:  0.2910	loss:                      0.4351	mi_loss:                   0.0037
q_taken_mean:              1.8621	return_mean:              59.8440	return_median:            59.4000	return_std:                5.8610
target_mean:               1.8863	td_error_abs:              0.4935	test_ep_length_mean:     100.0000	test_episode_limit_mean:   1.0000
test_healthy_machine_fraction_mean:  0.2550	test_return_mean:         64.5687	test_return_median:       64.7000	test_return_std:           5.4008

[INFO 09:38:15] my_main Updated target network
[INFO 09:38:15] my_main t_env: 960100 / 2050000
[INFO 09:38:15] my_main Estimated time left: 8 hours, 44 minutes, 5 seconds. Time passed: 7 hours, 34 minutes, 5 seconds
[INFO 09:39:34] my_main Recent Stats | t_env:     962000 | Episode:     9620
entropy_loss:              0.0017	ep_length_mean:          100.0000	episode_limit_mean:        1.0000	epsilon:                   0.0500
grad_norm:                18.1611	healthy_machine_fraction_mean:  0.2904	loss:                      0.4351	mi_loss:                   0.0037
q_taken_mean:              1.8621	return_mean:              59.4980	return_median:            59.0000	return_std:                5.6270
target_mean:               1.8863	td_error_abs:              0.4935	test_ep_length_mean:     100.0000	test_episode_limit_mean:   1.0000
test_healthy_machine_fraction_mean:  0.2450	test_return_mean:         64.6562	test_return_median:       64.6000	test_return_std:           5.7368

[INFO 09:40:26] my_main Recent Stats | t_env:     964000 | Episode:     9640
entropy_loss:              0.0017	ep_length_mean:          100.0000	episode_limit_mean:        1.0000	epsilon:                   0.0500
grad_norm:                20.4739	healthy_machine_fraction_mean:  0.2904	loss:                      0.4631	mi_loss:                   0.0037
q_taken_mean:              1.8730	return_mean:              59.4980	return_median:            59.0000	return_std:                5.6270
target_mean:               1.9080	td_error_abs:              0.5041	test_ep_length_mean:     100.0000	test_episode_limit_mean:   1.0000
test_healthy_machine_fraction_mean:  0.2450	test_return_mean:         64.6562	test_return_median:       64.6000	test_return_std:           5.7368

[INFO 09:41:17] my_main Recent Stats | t_env:     966000 | Episode:     9660
entropy_loss:              0.0017	ep_length_mean:          100.0000	episode_limit_mean:        1.0000	epsilon:                   0.0500
grad_norm:                20.4739	healthy_machine_fraction_mean:  0.2904	loss:                      0.4631	mi_loss:                   0.0037
q_taken_mean:              1.8730	return_mean:              59.4980	return_median:            59.0000	return_std:                5.6270
target_mean:               1.9080	td_error_abs:              0.5041	test_ep_length_mean:     100.0000	test_episode_limit_mean:   1.0000
test_healthy_machine_fraction_mean:  0.2450	test_return_mean:         64.6562	test_return_median:       64.6000	test_return_std:           5.7368

[INFO 09:42:08] my_main Recent Stats | t_env:     968000 | Episode:     9680
entropy_loss:              0.0017	ep_length_mean:          100.0000	episode_limit_mean:        1.0000	epsilon:                   0.0500
grad_norm:                20.4739	healthy_machine_fraction_mean:  0.2904	loss:                      0.4631	mi_loss:                   0.0037
q_taken_mean:              1.8730	return_mean:              59.4980	return_median:            59.0000	return_std:                5.6270
target_mean:               1.9080	td_error_abs:              0.5041	test_ep_length_mean:     100.0000	test_episode_limit_mean:   1.0000
test_healthy_machine_fraction_mean:  0.2450	test_return_mean:         64.6562	test_return_median:       64.6000	test_return_std:           5.7368

[INFO 09:42:59] my_main Recent Stats | t_env:     970000 | Episode:     9700
entropy_loss:              0.0017	ep_length_mean:          100.0000	episode_limit_mean:        1.0000	epsilon:                   0.0500
grad_norm:                20.4739	healthy_machine_fraction_mean:  0.2904	loss:                      0.4631	mi_loss:                   0.0037
q_taken_mean:              1.8730	return_mean:              59.4980	return_median:            59.0000	return_std:                5.6270
target_mean:               1.9080	td_error_abs:              0.5041	test_ep_length_mean:     100.0000	test_episode_limit_mean:   1.0000
test_healthy_machine_fraction_mean:  0.2450	test_return_mean:         64.6562	test_return_median:       64.6000	test_return_std:           5.7368

[INFO 09:43:02] my_main t_env: 970100 / 2050000
[INFO 09:43:02] my_main Estimated time left: 8 hours, 36 minutes, 15 seconds. Time passed: 7 hours, 38 minutes, 52 seconds
[INFO 09:44:21] my_main Recent Stats | t_env:     972000 | Episode:     9720
entropy_loss:              0.0017	ep_length_mean:          100.0000	episode_limit_mean:        1.0000	epsilon:                   0.0500
grad_norm:                20.4739	healthy_machine_fraction_mean:  0.2910	loss:                      0.4631	mi_loss:                   0.0037
q_taken_mean:              1.8730	return_mean:              59.3920	return_median:            58.8000	return_std:                5.5675
target_mean:               1.9080	td_error_abs:              0.5041	test_ep_length_mean:     100.0000	test_episode_limit_mean:   1.0000
test_healthy_machine_fraction_mean:  0.2506	test_return_mean:         64.4375	test_return_median:       64.4000	test_return_std:           5.6823

[INFO 09:45:13] my_main Recent Stats | t_env:     974000 | Episode:     9740
entropy_loss:              0.0017	ep_length_mean:          100.0000	episode_limit_mean:        1.0000	epsilon:                   0.0500
grad_norm:                20.0860	healthy_machine_fraction_mean:  0.2910	loss:                      0.4557	mi_loss:                   0.0037
q_taken_mean:              1.8821	return_mean:              59.3920	return_median:            58.8000	return_std:                5.5675
target_mean:               1.9164	td_error_abs:              0.5018	test_ep_length_mean:     100.0000	test_episode_limit_mean:   1.0000
test_healthy_machine_fraction_mean:  0.2506	test_return_mean:         64.4375	test_return_median:       64.4000	test_return_std:           5.6823

[INFO 09:46:04] my_main Recent Stats | t_env:     976000 | Episode:     9760
entropy_loss:              0.0017	ep_length_mean:          100.0000	episode_limit_mean:        1.0000	epsilon:                   0.0500
grad_norm:                20.0860	healthy_machine_fraction_mean:  0.2910	loss:                      0.4557	mi_loss:                   0.0037
q_taken_mean:              1.8821	return_mean:              59.3920	return_median:            58.8000	return_std:                5.5675
target_mean:               1.9164	td_error_abs:              0.5018	test_ep_length_mean:     100.0000	test_episode_limit_mean:   1.0000
test_healthy_machine_fraction_mean:  0.2506	test_return_mean:         64.4375	test_return_median:       64.4000	test_return_std:           5.6823

[INFO 09:46:55] my_main Recent Stats | t_env:     978000 | Episode:     9780
entropy_loss:              0.0017	ep_length_mean:          100.0000	episode_limit_mean:        1.0000	epsilon:                   0.0500
grad_norm:                20.0860	healthy_machine_fraction_mean:  0.2910	loss:                      0.4557	mi_loss:                   0.0037
q_taken_mean:              1.8821	return_mean:              59.3920	return_median:            58.8000	return_std:                5.5675
target_mean:               1.9164	td_error_abs:              0.5018	test_ep_length_mean:     100.0000	test_episode_limit_mean:   1.0000
test_healthy_machine_fraction_mean:  0.2506	test_return_mean:         64.4375	test_return_median:       64.4000	test_return_std:           5.6823

[INFO 09:47:47] my_main Recent Stats | t_env:     980000 | Episode:     9800
entropy_loss:              0.0017	ep_length_mean:          100.0000	episode_limit_mean:        1.0000	epsilon:                   0.0500
grad_norm:                20.0860	healthy_machine_fraction_mean:  0.2910	loss:                      0.4557	mi_loss:                   0.0037
q_taken_mean:              1.8821	return_mean:              59.3920	return_median:            58.8000	return_std:                5.5675
target_mean:               1.9164	td_error_abs:              0.5018	test_ep_length_mean:     100.0000	test_episode_limit_mean:   1.0000
test_healthy_machine_fraction_mean:  0.2506	test_return_mean:         64.4375	test_return_median:       64.4000	test_return_std:           5.6823

[INFO 09:47:50] my_main Updated target network
[INFO 09:47:50] my_main t_env: 980100 / 2050000
[INFO 09:47:50] my_main Estimated time left: 8 hours, 33 minutes, 22 seconds. Time passed: 7 hours, 43 minutes, 40 seconds
[INFO 09:49:09] my_main Recent Stats | t_env:     982000 | Episode:     9820
entropy_loss:              0.0017	ep_length_mean:          100.0000	episode_limit_mean:        1.0000	epsilon:                   0.0500
grad_norm:                20.0860	healthy_machine_fraction_mean:  0.2992	loss:                      0.4557	mi_loss:                   0.0037
q_taken_mean:              1.8821	return_mean:              59.3660	return_median:            58.6000	return_std:                5.6000
target_mean:               1.9164	td_error_abs:              0.5018	test_ep_length_mean:     100.0000	test_episode_limit_mean:   1.0000
test_healthy_machine_fraction_mean:  0.2456	test_return_mean:         64.4625	test_return_median:       64.6000	test_return_std:           5.9955

[INFO 09:50:01] my_main Recent Stats | t_env:     984000 | Episode:     9840
entropy_loss:              0.0017	ep_length_mean:          100.0000	episode_limit_mean:        1.0000	epsilon:                   0.0500
grad_norm:                18.4982	healthy_machine_fraction_mean:  0.2992	loss:                      0.4353	mi_loss:                   0.0037
q_taken_mean:              1.9042	return_mean:              59.3660	return_median:            58.6000	return_std:                5.6000
target_mean:               1.9267	td_error_abs:              0.4982	test_ep_length_mean:     100.0000	test_episode_limit_mean:   1.0000
test_healthy_machine_fraction_mean:  0.2456	test_return_mean:         64.4625	test_return_median:       64.6000	test_return_std:           5.9955

[INFO 09:50:53] my_main Recent Stats | t_env:     986000 | Episode:     9860
entropy_loss:              0.0017	ep_length_mean:          100.0000	episode_limit_mean:        1.0000	epsilon:                   0.0500
grad_norm:                18.4982	healthy_machine_fraction_mean:  0.2992	loss:                      0.4353	mi_loss:                   0.0037
q_taken_mean:              1.9042	return_mean:              59.3660	return_median:            58.6000	return_std:                5.6000
target_mean:               1.9267	td_error_abs:              0.4982	test_ep_length_mean:     100.0000	test_episode_limit_mean:   1.0000
test_healthy_machine_fraction_mean:  0.2456	test_return_mean:         64.4625	test_return_median:       64.6000	test_return_std:           5.9955

[INFO 09:51:45] my_main Recent Stats | t_env:     988000 | Episode:     9880
entropy_loss:              0.0017	ep_length_mean:          100.0000	episode_limit_mean:        1.0000	epsilon:                   0.0500
grad_norm:                18.4982	healthy_machine_fraction_mean:  0.2992	loss:                      0.4353	mi_loss:                   0.0037
q_taken_mean:              1.9042	return_mean:              59.3660	return_median:            58.6000	return_std:                5.6000
target_mean:               1.9267	td_error_abs:              0.4982	test_ep_length_mean:     100.0000	test_episode_limit_mean:   1.0000
test_healthy_machine_fraction_mean:  0.2456	test_return_mean:         64.4625	test_return_median:       64.6000	test_return_std:           5.9955

[INFO 09:52:36] my_main Recent Stats | t_env:     990000 | Episode:     9900
entropy_loss:              0.0017	ep_length_mean:          100.0000	episode_limit_mean:        1.0000	epsilon:                   0.0500
grad_norm:                18.4982	healthy_machine_fraction_mean:  0.2992	loss:                      0.4353	mi_loss:                   0.0037
q_taken_mean:              1.9042	return_mean:              59.3660	return_median:            58.6000	return_std:                5.6000
target_mean:               1.9267	td_error_abs:              0.4982	test_ep_length_mean:     100.0000	test_episode_limit_mean:   1.0000
test_healthy_machine_fraction_mean:  0.2456	test_return_mean:         64.4625	test_return_median:       64.6000	test_return_std:           5.9955

[INFO 09:52:38] my_main t_env: 990100 / 2050000
[INFO 09:52:38] my_main Estimated time left: 8 hours, 29 minutes, 7 seconds. Time passed: 7 hours, 48 minutes, 28 seconds
[INFO 09:53:57] my_main Recent Stats | t_env:     992000 | Episode:     9920
entropy_loss:              0.0017	ep_length_mean:          100.0000	episode_limit_mean:        1.0000	epsilon:                   0.0500
grad_norm:                18.4982	healthy_machine_fraction_mean:  0.2904	loss:                      0.4353	mi_loss:                   0.0037
q_taken_mean:              1.9042	return_mean:              59.4940	return_median:            58.8000	return_std:                5.7201
target_mean:               1.9267	td_error_abs:              0.4982	test_ep_length_mean:     100.0000	test_episode_limit_mean:   1.0000
test_healthy_machine_fraction_mean:  0.2463	test_return_mean:         65.2438	test_return_median:       65.3000	test_return_std:           5.9298

[INFO 09:54:49] my_main Recent Stats | t_env:     994000 | Episode:     9940
entropy_loss:              0.0017	ep_length_mean:          100.0000	episode_limit_mean:        1.0000	epsilon:                   0.0500
grad_norm:                17.7703	healthy_machine_fraction_mean:  0.2904	loss:                      0.4234	mi_loss:                   0.0036
q_taken_mean:              1.9206	return_mean:              59.4940	return_median:            58.8000	return_std:                5.7201
target_mean:               1.9335	td_error_abs:              0.4983	test_ep_length_mean:     100.0000	test_episode_limit_mean:   1.0000
test_healthy_machine_fraction_mean:  0.2463	test_return_mean:         65.2438	test_return_median:       65.3000	test_return_std:           5.9298

[INFO 09:55:39] my_main Recent Stats | t_env:     996000 | Episode:     9960
entropy_loss:              0.0017	ep_length_mean:          100.0000	episode_limit_mean:        1.0000	epsilon:                   0.0500
grad_norm:                17.7703	healthy_machine_fraction_mean:  0.2904	loss:                      0.4234	mi_loss:                   0.0036
q_taken_mean:              1.9206	return_mean:              59.4940	return_median:            58.8000	return_std:                5.7201
target_mean:               1.9335	td_error_abs:              0.4983	test_ep_length_mean:     100.0000	test_episode_limit_mean:   1.0000
test_healthy_machine_fraction_mean:  0.2463	test_return_mean:         65.2438	test_return_median:       65.3000	test_return_std:           5.9298

[INFO 09:56:31] my_main Recent Stats | t_env:     998000 | Episode:     9980
entropy_loss:              0.0017	ep_length_mean:          100.0000	episode_limit_mean:        1.0000	epsilon:                   0.0500
grad_norm:                17.7703	healthy_machine_fraction_mean:  0.2904	loss:                      0.4234	mi_loss:                   0.0036
q_taken_mean:              1.9206	return_mean:              59.4940	return_median:            58.8000	return_std:                5.7201
target_mean:               1.9335	td_error_abs:              0.4983	test_ep_length_mean:     100.0000	test_episode_limit_mean:   1.0000
test_healthy_machine_fraction_mean:  0.2463	test_return_mean:         65.2438	test_return_median:       65.3000	test_return_std:           5.9298

[INFO 09:57:23] my_main Recent Stats | t_env:    1000000 | Episode:    10000
entropy_loss:              0.0017	ep_length_mean:          100.0000	episode_limit_mean:        1.0000	epsilon:                   0.0500
grad_norm:                17.7703	healthy_machine_fraction_mean:  0.2904	loss:                      0.4234	mi_loss:                   0.0036
q_taken_mean:              1.9206	return_mean:              59.4940	return_median:            58.8000	return_std:                5.7201
target_mean:               1.9335	td_error_abs:              0.4983	test_ep_length_mean:     100.0000	test_episode_limit_mean:   1.0000
test_healthy_machine_fraction_mean:  0.2463	test_return_mean:         65.2438	test_return_median:       65.3000	test_return_std:           5.9298

[INFO 09:57:25] my_main Updated target network
[INFO 09:57:25] my_main t_env: 1000100 / 2050000
[INFO 09:57:25] my_main Estimated time left: 8 hours, 22 minutes, 39 seconds. Time passed: 7 hours, 53 minutes, 16 seconds
[INFO 09:58:45] my_main Recent Stats | t_env:    1002000 | Episode:    10020
entropy_loss:              0.0017	ep_length_mean:          100.0000	episode_limit_mean:        1.0000	epsilon:                   0.0500
grad_norm:                17.7703	healthy_machine_fraction_mean:  0.3002	loss:                      0.4234	mi_loss:                   0.0036
q_taken_mean:              1.9206	return_mean:              59.9460	return_median:            59.6000	return_std:                5.6786
target_mean:               1.9335	td_error_abs:              0.4983	test_ep_length_mean:     100.0000	test_episode_limit_mean:   1.0000
test_healthy_machine_fraction_mean:  0.2750	test_return_mean:         66.0438	test_return_median:       66.3000	test_return_std:           5.9377

[INFO 09:59:37] my_main Recent Stats | t_env:    1004000 | Episode:    10040
entropy_loss:              0.0016	ep_length_mean:          100.0000	episode_limit_mean:        1.0000	epsilon:                   0.0500
grad_norm:                18.0974	healthy_machine_fraction_mean:  0.3002	loss:                      0.4332	mi_loss:                   0.0036
q_taken_mean:              1.9416	return_mean:              59.9460	return_median:            59.6000	return_std:                5.6786
target_mean:               1.9547	td_error_abs:              0.5034	test_ep_length_mean:     100.0000	test_episode_limit_mean:   1.0000
test_healthy_machine_fraction_mean:  0.2750	test_return_mean:         66.0438	test_return_median:       66.3000	test_return_std:           5.9377

[INFO 10:00:24] my_main Recent Stats | t_env:    1006000 | Episode:    10060
entropy_loss:              0.0016	ep_length_mean:          100.0000	episode_limit_mean:        1.0000	epsilon:                   0.0500
grad_norm:                18.0974	healthy_machine_fraction_mean:  0.3002	loss:                      0.4332	mi_loss:                   0.0036
q_taken_mean:              1.9416	return_mean:              59.9460	return_median:            59.6000	return_std:                5.6786
target_mean:               1.9547	td_error_abs:              0.5034	test_ep_length_mean:     100.0000	test_episode_limit_mean:   1.0000
test_healthy_machine_fraction_mean:  0.2750	test_return_mean:         66.0438	test_return_median:       66.3000	test_return_std:           5.9377

[INFO 10:01:14] my_main Recent Stats | t_env:    1008000 | Episode:    10080
entropy_loss:              0.0016	ep_length_mean:          100.0000	episode_limit_mean:        1.0000	epsilon:                   0.0500
grad_norm:                18.0974	healthy_machine_fraction_mean:  0.3002	loss:                      0.4332	mi_loss:                   0.0036
q_taken_mean:              1.9416	return_mean:              59.9460	return_median:            59.6000	return_std:                5.6786
target_mean:               1.9547	td_error_abs:              0.5034	test_ep_length_mean:     100.0000	test_episode_limit_mean:   1.0000
test_healthy_machine_fraction_mean:  0.2750	test_return_mean:         66.0438	test_return_median:       66.3000	test_return_std:           5.9377

[INFO 10:02:06] my_main Recent Stats | t_env:    1010000 | Episode:    10100
entropy_loss:              0.0016	ep_length_mean:          100.0000	episode_limit_mean:        1.0000	epsilon:                   0.0500
grad_norm:                18.0974	healthy_machine_fraction_mean:  0.3002	loss:                      0.4332	mi_loss:                   0.0036
q_taken_mean:              1.9416	return_mean:              59.9460	return_median:            59.6000	return_std:                5.6786
target_mean:               1.9547	td_error_abs:              0.5034	test_ep_length_mean:     100.0000	test_episode_limit_mean:   1.0000
test_healthy_machine_fraction_mean:  0.2750	test_return_mean:         66.0438	test_return_median:       66.3000	test_return_std:           5.9377

[INFO 10:02:09] my_main t_env: 1010100 / 2050000
[INFO 10:02:09] my_main Estimated time left: 8 hours, 10 minutes, 52 seconds. Time passed: 7 hours, 57 minutes, 59 seconds
[INFO 10:03:28] my_main Recent Stats | t_env:    1012000 | Episode:    10120
entropy_loss:              0.0016	ep_length_mean:          100.0000	episode_limit_mean:        1.0000	epsilon:                   0.0500
grad_norm:                18.0974	healthy_machine_fraction_mean:  0.3042	loss:                      0.4332	mi_loss:                   0.0036
q_taken_mean:              1.9416	return_mean:              60.3960	return_median:            60.2000	return_std:                5.7688
target_mean:               1.9547	td_error_abs:              0.5034	test_ep_length_mean:     100.0000	test_episode_limit_mean:   1.0000
test_healthy_machine_fraction_mean:  0.2881	test_return_mean:         66.4938	test_return_median:       66.8000	test_return_std:           5.8060

[INFO 10:04:19] my_main Recent Stats | t_env:    1014000 | Episode:    10140
entropy_loss:              0.0017	ep_length_mean:          100.0000	episode_limit_mean:        1.0000	epsilon:                   0.0500
grad_norm:                17.6540	healthy_machine_fraction_mean:  0.3042	loss:                      0.4318	mi_loss:                   0.0036
q_taken_mean:              1.9601	return_mean:              60.3960	return_median:            60.2000	return_std:                5.7688
target_mean:               1.9723	td_error_abs:              0.5003	test_ep_length_mean:     100.0000	test_episode_limit_mean:   1.0000
test_healthy_machine_fraction_mean:  0.2881	test_return_mean:         66.4938	test_return_median:       66.8000	test_return_std:           5.8060

[INFO 10:05:11] my_main Recent Stats | t_env:    1016000 | Episode:    10160
entropy_loss:              0.0017	ep_length_mean:          100.0000	episode_limit_mean:        1.0000	epsilon:                   0.0500
grad_norm:                17.6540	healthy_machine_fraction_mean:  0.3042	loss:                      0.4318	mi_loss:                   0.0036
q_taken_mean:              1.9601	return_mean:              60.3960	return_median:            60.2000	return_std:                5.7688
target_mean:               1.9723	td_error_abs:              0.5003	test_ep_length_mean:     100.0000	test_episode_limit_mean:   1.0000
test_healthy_machine_fraction_mean:  0.2881	test_return_mean:         66.4938	test_return_median:       66.8000	test_return_std:           5.8060

[INFO 10:06:03] my_main Recent Stats | t_env:    1018000 | Episode:    10180
entropy_loss:              0.0017	ep_length_mean:          100.0000	episode_limit_mean:        1.0000	epsilon:                   0.0500
grad_norm:                17.6540	healthy_machine_fraction_mean:  0.3042	loss:                      0.4318	mi_loss:                   0.0036
q_taken_mean:              1.9601	return_mean:              60.3960	return_median:            60.2000	return_std:                5.7688
target_mean:               1.9723	td_error_abs:              0.5003	test_ep_length_mean:     100.0000	test_episode_limit_mean:   1.0000
test_healthy_machine_fraction_mean:  0.2881	test_return_mean:         66.4938	test_return_median:       66.8000	test_return_std:           5.8060

[INFO 10:06:54] my_main Recent Stats | t_env:    1020000 | Episode:    10200
entropy_loss:              0.0017	ep_length_mean:          100.0000	episode_limit_mean:        1.0000	epsilon:                   0.0500
grad_norm:                17.6540	healthy_machine_fraction_mean:  0.3042	loss:                      0.4318	mi_loss:                   0.0036
q_taken_mean:              1.9601	return_mean:              60.3960	return_median:            60.2000	return_std:                5.7688
target_mean:               1.9723	td_error_abs:              0.5003	test_ep_length_mean:     100.0000	test_episode_limit_mean:   1.0000
test_healthy_machine_fraction_mean:  0.2881	test_return_mean:         66.4938	test_return_median:       66.8000	test_return_std:           5.8060

[INFO 10:06:56] my_main Updated target network
[INFO 10:06:56] my_main t_env: 1020100 / 2050000
[INFO 10:06:56] my_main Estimated time left: 8 hours, 13 minutes, 40 seconds. Time passed: 8 hours, 2 minutes, 46 seconds
[INFO 10:08:14] my_main Recent Stats | t_env:    1022000 | Episode:    10220
entropy_loss:              0.0017	ep_length_mean:          100.0000	episode_limit_mean:        1.0000	epsilon:                   0.0500
grad_norm:                17.6540	healthy_machine_fraction_mean:  0.3010	loss:                      0.4318	mi_loss:                   0.0036
q_taken_mean:              1.9601	return_mean:              60.2320	return_median:            60.0000	return_std:                5.8567
target_mean:               1.9723	td_error_abs:              0.5003	test_ep_length_mean:     100.0000	test_episode_limit_mean:   1.0000
test_healthy_machine_fraction_mean:  0.2744	test_return_mean:         67.0625	test_return_median:       67.2000	test_return_std:           5.6838

[INFO 10:09:06] my_main Recent Stats | t_env:    1024000 | Episode:    10240
entropy_loss:              0.0017	ep_length_mean:          100.0000	episode_limit_mean:        1.0000	epsilon:                   0.0500
grad_norm:                17.8663	healthy_machine_fraction_mean:  0.3010	loss:                      0.4322	mi_loss:                   0.0036
q_taken_mean:              1.9789	return_mean:              60.2320	return_median:            60.0000	return_std:                5.8567
target_mean:               1.9912	td_error_abs:              0.4994	test_ep_length_mean:     100.0000	test_episode_limit_mean:   1.0000
test_healthy_machine_fraction_mean:  0.2744	test_return_mean:         67.0625	test_return_median:       67.2000	test_return_std:           5.6838

[INFO 10:09:58] my_main Recent Stats | t_env:    1026000 | Episode:    10260
entropy_loss:              0.0017	ep_length_mean:          100.0000	episode_limit_mean:        1.0000	epsilon:                   0.0500
grad_norm:                17.8663	healthy_machine_fraction_mean:  0.3010	loss:                      0.4322	mi_loss:                   0.0036
q_taken_mean:              1.9789	return_mean:              60.2320	return_median:            60.0000	return_std:                5.8567
target_mean:               1.9912	td_error_abs:              0.4994	test_ep_length_mean:     100.0000	test_episode_limit_mean:   1.0000
test_healthy_machine_fraction_mean:  0.2744	test_return_mean:         67.0625	test_return_median:       67.2000	test_return_std:           5.6838

[INFO 10:10:50] my_main Recent Stats | t_env:    1028000 | Episode:    10280
entropy_loss:              0.0017	ep_length_mean:          100.0000	episode_limit_mean:        1.0000	epsilon:                   0.0500
grad_norm:                17.8663	healthy_machine_fraction_mean:  0.3010	loss:                      0.4322	mi_loss:                   0.0036
q_taken_mean:              1.9789	return_mean:              60.2320	return_median:            60.0000	return_std:                5.8567
target_mean:               1.9912	td_error_abs:              0.4994	test_ep_length_mean:     100.0000	test_episode_limit_mean:   1.0000
test_healthy_machine_fraction_mean:  0.2744	test_return_mean:         67.0625	test_return_median:       67.2000	test_return_std:           5.6838

[INFO 10:11:41] my_main Recent Stats | t_env:    1030000 | Episode:    10300
entropy_loss:              0.0017	ep_length_mean:          100.0000	episode_limit_mean:        1.0000	epsilon:                   0.0500
grad_norm:                17.8663	healthy_machine_fraction_mean:  0.3010	loss:                      0.4322	mi_loss:                   0.0036
q_taken_mean:              1.9789	return_mean:              60.2320	return_median:            60.0000	return_std:                5.8567
target_mean:               1.9912	td_error_abs:              0.4994	test_ep_length_mean:     100.0000	test_episode_limit_mean:   1.0000
test_healthy_machine_fraction_mean:  0.2744	test_return_mean:         67.0625	test_return_median:       67.2000	test_return_std:           5.6838

[INFO 10:11:43] my_main t_env: 1030100 / 2050000
[INFO 10:11:43] my_main Estimated time left: 8 hours, 7 minutes, 59 seconds. Time passed: 8 hours, 7 minutes, 34 seconds
[INFO 10:13:01] my_main Recent Stats | t_env:    1032000 | Episode:    10320
entropy_loss:              0.0017	ep_length_mean:          100.0000	episode_limit_mean:        1.0000	epsilon:                   0.0500
grad_norm:                17.8663	healthy_machine_fraction_mean:  0.2912	loss:                      0.4322	mi_loss:                   0.0036
q_taken_mean:              1.9789	return_mean:              60.2480	return_median:            60.2000	return_std:                5.9259
target_mean:               1.9912	td_error_abs:              0.4994	test_ep_length_mean:     100.0000	test_episode_limit_mean:   1.0000
test_healthy_machine_fraction_mean:  0.2706	test_return_mean:         66.3812	test_return_median:       66.3000	test_return_std:           5.5302

[INFO 10:13:53] my_main Recent Stats | t_env:    1034000 | Episode:    10340
entropy_loss:              0.0017	ep_length_mean:          100.0000	episode_limit_mean:        1.0000	epsilon:                   0.0500
grad_norm:                19.6818	healthy_machine_fraction_mean:  0.2912	loss:                      0.4497	mi_loss:                   0.0036
q_taken_mean:              1.9826	return_mean:              60.2480	return_median:            60.2000	return_std:                5.9259
target_mean:               2.0069	td_error_abs:              0.5004	test_ep_length_mean:     100.0000	test_episode_limit_mean:   1.0000
test_healthy_machine_fraction_mean:  0.2706	test_return_mean:         66.3812	test_return_median:       66.3000	test_return_std:           5.5302

[INFO 10:14:44] my_main Recent Stats | t_env:    1036000 | Episode:    10360
entropy_loss:              0.0017	ep_length_mean:          100.0000	episode_limit_mean:        1.0000	epsilon:                   0.0500
grad_norm:                19.6818	healthy_machine_fraction_mean:  0.2912	loss:                      0.4497	mi_loss:                   0.0036
q_taken_mean:              1.9826	return_mean:              60.2480	return_median:            60.2000	return_std:                5.9259
target_mean:               2.0069	td_error_abs:              0.5004	test_ep_length_mean:     100.0000	test_episode_limit_mean:   1.0000
test_healthy_machine_fraction_mean:  0.2706	test_return_mean:         66.3812	test_return_median:       66.3000	test_return_std:           5.5302

[INFO 10:15:37] my_main Recent Stats | t_env:    1038000 | Episode:    10380
entropy_loss:              0.0017	ep_length_mean:          100.0000	episode_limit_mean:        1.0000	epsilon:                   0.0500
grad_norm:                19.6818	healthy_machine_fraction_mean:  0.2912	loss:                      0.4497	mi_loss:                   0.0036
q_taken_mean:              1.9826	return_mean:              60.2480	return_median:            60.2000	return_std:                5.9259
target_mean:               2.0069	td_error_abs:              0.5004	test_ep_length_mean:     100.0000	test_episode_limit_mean:   1.0000
test_healthy_machine_fraction_mean:  0.2706	test_return_mean:         66.3812	test_return_median:       66.3000	test_return_std:           5.5302

[INFO 10:16:28] my_main Recent Stats | t_env:    1040000 | Episode:    10400
entropy_loss:              0.0017	ep_length_mean:          100.0000	episode_limit_mean:        1.0000	epsilon:                   0.0500
grad_norm:                19.6818	healthy_machine_fraction_mean:  0.2912	loss:                      0.4497	mi_loss:                   0.0036
q_taken_mean:              1.9826	return_mean:              60.2480	return_median:            60.2000	return_std:                5.9259
target_mean:               2.0069	td_error_abs:              0.5004	test_ep_length_mean:     100.0000	test_episode_limit_mean:   1.0000
test_healthy_machine_fraction_mean:  0.2706	test_return_mean:         66.3812	test_return_median:       66.3000	test_return_std:           5.5302

[INFO 10:16:31] my_main Updated target network
[INFO 10:16:31] my_main t_env: 1040100 / 2050000
[INFO 10:16:31] my_main Estimated time left: 8 hours, 3 minutes, 43 seconds. Time passed: 8 hours, 12 minutes, 21 seconds
[INFO 10:17:50] my_main Recent Stats | t_env:    1042000 | Episode:    10420
entropy_loss:              0.0017	ep_length_mean:          100.0000	episode_limit_mean:        1.0000	epsilon:                   0.0500
grad_norm:                19.6818	healthy_machine_fraction_mean:  0.2890	loss:                      0.4497	mi_loss:                   0.0036
q_taken_mean:              1.9826	return_mean:              59.8280	return_median:            60.0000	return_std:                5.7971
target_mean:               2.0069	td_error_abs:              0.5004	test_ep_length_mean:     100.0000	test_episode_limit_mean:   1.0000
test_healthy_machine_fraction_mean:  0.2600	test_return_mean:         65.5000	test_return_median:       65.6000	test_return_std:           5.6335

[INFO 10:18:42] my_main Recent Stats | t_env:    1044000 | Episode:    10440
entropy_loss:              0.0017	ep_length_mean:          100.0000	episode_limit_mean:        1.0000	epsilon:                   0.0500
grad_norm:                21.1536	healthy_machine_fraction_mean:  0.2890	loss:                      0.4675	mi_loss:                   0.0036
q_taken_mean:              1.9918	return_mean:              59.8280	return_median:            60.0000	return_std:                5.7971
target_mean:               2.0268	td_error_abs:              0.5038	test_ep_length_mean:     100.0000	test_episode_limit_mean:   1.0000
test_healthy_machine_fraction_mean:  0.2600	test_return_mean:         65.5000	test_return_median:       65.6000	test_return_std:           5.6335

[INFO 10:19:33] my_main Recent Stats | t_env:    1046000 | Episode:    10460
entropy_loss:              0.0017	ep_length_mean:          100.0000	episode_limit_mean:        1.0000	epsilon:                   0.0500
grad_norm:                21.1536	healthy_machine_fraction_mean:  0.2890	loss:                      0.4675	mi_loss:                   0.0036
q_taken_mean:              1.9918	return_mean:              59.8280	return_median:            60.0000	return_std:                5.7971
target_mean:               2.0268	td_error_abs:              0.5038	test_ep_length_mean:     100.0000	test_episode_limit_mean:   1.0000
test_healthy_machine_fraction_mean:  0.2600	test_return_mean:         65.5000	test_return_median:       65.6000	test_return_std:           5.6335

[INFO 10:20:24] my_main Recent Stats | t_env:    1048000 | Episode:    10480
entropy_loss:              0.0017	ep_length_mean:          100.0000	episode_limit_mean:        1.0000	epsilon:                   0.0500
grad_norm:                21.1536	healthy_machine_fraction_mean:  0.2890	loss:                      0.4675	mi_loss:                   0.0036
q_taken_mean:              1.9918	return_mean:              59.8280	return_median:            60.0000	return_std:                5.7971
target_mean:               2.0268	td_error_abs:              0.5038	test_ep_length_mean:     100.0000	test_episode_limit_mean:   1.0000
test_healthy_machine_fraction_mean:  0.2600	test_return_mean:         65.5000	test_return_median:       65.6000	test_return_std:           5.6335

[INFO 10:21:16] my_main Recent Stats | t_env:    1050000 | Episode:    10500
entropy_loss:              0.0017	ep_length_mean:          100.0000	episode_limit_mean:        1.0000	epsilon:                   0.0500
grad_norm:                21.1536	healthy_machine_fraction_mean:  0.2890	loss:                      0.4675	mi_loss:                   0.0036
q_taken_mean:              1.9918	return_mean:              59.8280	return_median:            60.0000	return_std:                5.7971
target_mean:               2.0268	td_error_abs:              0.5038	test_ep_length_mean:     100.0000	test_episode_limit_mean:   1.0000
test_healthy_machine_fraction_mean:  0.2600	test_return_mean:         65.5000	test_return_median:       65.6000	test_return_std:           5.6335

[INFO 10:21:18] my_main t_env: 1050100 / 2050000
[INFO 10:21:18] my_main Estimated time left: 7 hours, 59 minutes, 35 seconds. Time passed: 8 hours, 17 minutes, 9 seconds
[INFO 10:22:38] my_main Recent Stats | t_env:    1052000 | Episode:    10520
entropy_loss:              0.0017	ep_length_mean:          100.0000	episode_limit_mean:        1.0000	epsilon:                   0.0500
grad_norm:                21.1536	healthy_machine_fraction_mean:  0.2732	loss:                      0.4675	mi_loss:                   0.0036
q_taken_mean:              1.9918	return_mean:              58.9080	return_median:            58.8000	return_std:                5.7613
target_mean:               2.0268	td_error_abs:              0.5038	test_ep_length_mean:     100.0000	test_episode_limit_mean:   1.0000
test_healthy_machine_fraction_mean:  0.2369	test_return_mean:         64.1000	test_return_median:       64.0000	test_return_std:           5.5911

[INFO 10:23:30] my_main Recent Stats | t_env:    1054000 | Episode:    10540
entropy_loss:              0.0017	ep_length_mean:          100.0000	episode_limit_mean:        1.0000	epsilon:                   0.0500
grad_norm:                20.9095	healthy_machine_fraction_mean:  0.2732	loss:                      0.4537	mi_loss:                   0.0035
q_taken_mean:              1.9965	return_mean:              58.9080	return_median:            58.8000	return_std:                5.7613
target_mean:               2.0313	td_error_abs:              0.4975	test_ep_length_mean:     100.0000	test_episode_limit_mean:   1.0000
test_healthy_machine_fraction_mean:  0.2369	test_return_mean:         64.1000	test_return_median:       64.0000	test_return_std:           5.5911

[INFO 10:24:22] my_main Recent Stats | t_env:    1056000 | Episode:    10560
entropy_loss:              0.0017	ep_length_mean:          100.0000	episode_limit_mean:        1.0000	epsilon:                   0.0500
grad_norm:                20.9095	healthy_machine_fraction_mean:  0.2732	loss:                      0.4537	mi_loss:                   0.0035
q_taken_mean:              1.9965	return_mean:              58.9080	return_median:            58.8000	return_std:                5.7613
target_mean:               2.0313	td_error_abs:              0.4975	test_ep_length_mean:     100.0000	test_episode_limit_mean:   1.0000
test_healthy_machine_fraction_mean:  0.2369	test_return_mean:         64.1000	test_return_median:       64.0000	test_return_std:           5.5911

[INFO 10:25:14] my_main Recent Stats | t_env:    1058000 | Episode:    10580
entropy_loss:              0.0017	ep_length_mean:          100.0000	episode_limit_mean:        1.0000	epsilon:                   0.0500
grad_norm:                20.9095	healthy_machine_fraction_mean:  0.2732	loss:                      0.4537	mi_loss:                   0.0035
q_taken_mean:              1.9965	return_mean:              58.9080	return_median:            58.8000	return_std:                5.7613
target_mean:               2.0313	td_error_abs:              0.4975	test_ep_length_mean:     100.0000	test_episode_limit_mean:   1.0000
test_healthy_machine_fraction_mean:  0.2369	test_return_mean:         64.1000	test_return_median:       64.0000	test_return_std:           5.5911

[INFO 10:26:05] my_main Recent Stats | t_env:    1060000 | Episode:    10600
entropy_loss:              0.0017	ep_length_mean:          100.0000	episode_limit_mean:        1.0000	epsilon:                   0.0500
grad_norm:                20.9095	healthy_machine_fraction_mean:  0.2732	loss:                      0.4537	mi_loss:                   0.0035
q_taken_mean:              1.9965	return_mean:              58.9080	return_median:            58.8000	return_std:                5.7613
target_mean:               2.0313	td_error_abs:              0.4975	test_ep_length_mean:     100.0000	test_episode_limit_mean:   1.0000
test_healthy_machine_fraction_mean:  0.2369	test_return_mean:         64.1000	test_return_median:       64.0000	test_return_std:           5.5911

[INFO 10:26:08] my_main Updated target network
[INFO 10:26:08] my_main t_env: 1060100 / 2050000
[INFO 10:26:08] my_main Estimated time left: 7 hours, 57 minutes, 15 seconds. Time passed: 8 hours, 21 minutes, 58 seconds
[INFO 10:27:27] my_main Recent Stats | t_env:    1062000 | Episode:    10620
entropy_loss:              0.0017	ep_length_mean:          100.0000	episode_limit_mean:        1.0000	epsilon:                   0.0500
grad_norm:                20.9095	healthy_machine_fraction_mean:  0.2640	loss:                      0.4537	mi_loss:                   0.0035
q_taken_mean:              1.9965	return_mean:              57.8860	return_median:            57.8000	return_std:                5.8061
target_mean:               2.0313	td_error_abs:              0.4975	test_ep_length_mean:     100.0000	test_episode_limit_mean:   1.0000
test_healthy_machine_fraction_mean:  0.2075	test_return_mean:         62.7000	test_return_median:       63.0000	test_return_std:           5.6328

[INFO 10:28:19] my_main Recent Stats | t_env:    1064000 | Episode:    10640
entropy_loss:              0.0016	ep_length_mean:          100.0000	episode_limit_mean:        1.0000	epsilon:                   0.0500
grad_norm:                21.6457	healthy_machine_fraction_mean:  0.2640	loss:                      0.4498	mi_loss:                   0.0035
q_taken_mean:              2.0019	return_mean:              57.8860	return_median:            57.8000	return_std:                5.8061
target_mean:               2.0379	td_error_abs:              0.4980	test_ep_length_mean:     100.0000	test_episode_limit_mean:   1.0000
test_healthy_machine_fraction_mean:  0.2075	test_return_mean:         62.7000	test_return_median:       63.0000	test_return_std:           5.6328

[INFO 10:29:11] my_main Recent Stats | t_env:    1066000 | Episode:    10660
entropy_loss:              0.0016	ep_length_mean:          100.0000	episode_limit_mean:        1.0000	epsilon:                   0.0500
grad_norm:                21.6457	healthy_machine_fraction_mean:  0.2640	loss:                      0.4498	mi_loss:                   0.0035
q_taken_mean:              2.0019	return_mean:              57.8860	return_median:            57.8000	return_std:                5.8061
target_mean:               2.0379	td_error_abs:              0.4980	test_ep_length_mean:     100.0000	test_episode_limit_mean:   1.0000
test_healthy_machine_fraction_mean:  0.2075	test_return_mean:         62.7000	test_return_median:       63.0000	test_return_std:           5.6328

[INFO 10:30:03] my_main Recent Stats | t_env:    1068000 | Episode:    10680
entropy_loss:              0.0016	ep_length_mean:          100.0000	episode_limit_mean:        1.0000	epsilon:                   0.0500
grad_norm:                21.6457	healthy_machine_fraction_mean:  0.2640	loss:                      0.4498	mi_loss:                   0.0035
q_taken_mean:              2.0019	return_mean:              57.8860	return_median:            57.8000	return_std:                5.8061
target_mean:               2.0379	td_error_abs:              0.4980	test_ep_length_mean:     100.0000	test_episode_limit_mean:   1.0000
test_healthy_machine_fraction_mean:  0.2075	test_return_mean:         62.7000	test_return_median:       63.0000	test_return_std:           5.6328

[INFO 10:30:55] my_main Recent Stats | t_env:    1070000 | Episode:    10700
entropy_loss:              0.0016	ep_length_mean:          100.0000	episode_limit_mean:        1.0000	epsilon:                   0.0500
grad_norm:                21.6457	healthy_machine_fraction_mean:  0.2640	loss:                      0.4498	mi_loss:                   0.0035
q_taken_mean:              2.0019	return_mean:              57.8860	return_median:            57.8000	return_std:                5.8061
target_mean:               2.0379	td_error_abs:              0.4980	test_ep_length_mean:     100.0000	test_episode_limit_mean:   1.0000
test_healthy_machine_fraction_mean:  0.2075	test_return_mean:         62.7000	test_return_median:       63.0000	test_return_std:           5.6328

[INFO 10:30:57] my_main t_env: 1070100 / 2050000
[INFO 10:30:57] my_main Estimated time left: 7 hours, 52 minutes, 51 seconds. Time passed: 8 hours, 26 minutes, 47 seconds
[INFO 10:32:17] my_main Recent Stats | t_env:    1072000 | Episode:    10720
entropy_loss:              0.0016	ep_length_mean:          100.0000	episode_limit_mean:        1.0000	epsilon:                   0.0500
grad_norm:                21.6457	healthy_machine_fraction_mean:  0.2516	loss:                      0.4498	mi_loss:                   0.0035
q_taken_mean:              2.0019	return_mean:              56.8120	return_median:            56.8000	return_std:                5.8279
target_mean:               2.0379	td_error_abs:              0.4980	test_ep_length_mean:     100.0000	test_episode_limit_mean:   1.0000
test_healthy_machine_fraction_mean:  0.1775	test_return_mean:         61.4500	test_return_median:       62.1000	test_return_std:           6.0680

[INFO 10:33:07] my_main Recent Stats | t_env:    1074000 | Episode:    10740
entropy_loss:              0.0016	ep_length_mean:          100.0000	episode_limit_mean:        1.0000	epsilon:                   0.0500
grad_norm:                21.3432	healthy_machine_fraction_mean:  0.2516	loss:                      0.4376	mi_loss:                   0.0035
q_taken_mean:              2.0081	return_mean:              56.8120	return_median:            56.8000	return_std:                5.8279
target_mean:               2.0437	td_error_abs:              0.4937	test_ep_length_mean:     100.0000	test_episode_limit_mean:   1.0000
test_healthy_machine_fraction_mean:  0.1775	test_return_mean:         61.4500	test_return_median:       62.1000	test_return_std:           6.0680

[INFO 10:33:59] my_main Recent Stats | t_env:    1076000 | Episode:    10760
entropy_loss:              0.0016	ep_length_mean:          100.0000	episode_limit_mean:        1.0000	epsilon:                   0.0500
grad_norm:                21.3432	healthy_machine_fraction_mean:  0.2516	loss:                      0.4376	mi_loss:                   0.0035
q_taken_mean:              2.0081	return_mean:              56.8120	return_median:            56.8000	return_std:                5.8279
target_mean:               2.0437	td_error_abs:              0.4937	test_ep_length_mean:     100.0000	test_episode_limit_mean:   1.0000
test_healthy_machine_fraction_mean:  0.1775	test_return_mean:         61.4500	test_return_median:       62.1000	test_return_std:           6.0680

[INFO 10:34:51] my_main Recent Stats | t_env:    1078000 | Episode:    10780
entropy_loss:              0.0016	ep_length_mean:          100.0000	episode_limit_mean:        1.0000	epsilon:                   0.0500
grad_norm:                21.3432	healthy_machine_fraction_mean:  0.2516	loss:                      0.4376	mi_loss:                   0.0035
q_taken_mean:              2.0081	return_mean:              56.8120	return_median:            56.8000	return_std:                5.8279
target_mean:               2.0437	td_error_abs:              0.4937	test_ep_length_mean:     100.0000	test_episode_limit_mean:   1.0000
test_healthy_machine_fraction_mean:  0.1775	test_return_mean:         61.4500	test_return_median:       62.1000	test_return_std:           6.0680

[INFO 10:35:42] my_main Recent Stats | t_env:    1080000 | Episode:    10800
entropy_loss:              0.0016	ep_length_mean:          100.0000	episode_limit_mean:        1.0000	epsilon:                   0.0500
grad_norm:                21.3432	healthy_machine_fraction_mean:  0.2516	loss:                      0.4376	mi_loss:                   0.0035
q_taken_mean:              2.0081	return_mean:              56.8120	return_median:            56.8000	return_std:                5.8279
target_mean:               2.0437	td_error_abs:              0.4937	test_ep_length_mean:     100.0000	test_episode_limit_mean:   1.0000
test_healthy_machine_fraction_mean:  0.1775	test_return_mean:         61.4500	test_return_median:       62.1000	test_return_std:           6.0680

[INFO 10:35:44] my_main Updated target network
[INFO 10:35:44] my_main t_env: 1080100 / 2050000
[INFO 10:35:44] my_main Estimated time left: 7 hours, 44 minutes, 21 seconds. Time passed: 8 hours, 31 minutes, 35 seconds
[INFO 10:37:01] my_main Recent Stats | t_env:    1082000 | Episode:    10820
entropy_loss:              0.0016	ep_length_mean:          100.0000	episode_limit_mean:        1.0000	epsilon:                   0.0500
grad_norm:                21.3432	healthy_machine_fraction_mean:  0.2322	loss:                      0.4376	mi_loss:                   0.0035
q_taken_mean:              2.0081	return_mean:              55.8900	return_median:            55.9000	return_std:                5.7055
target_mean:               2.0437	td_error_abs:              0.4937	test_ep_length_mean:     100.0000	test_episode_limit_mean:   1.0000
test_healthy_machine_fraction_mean:  0.1688	test_return_mean:         60.8250	test_return_median:       61.5000	test_return_std:           5.8832

[INFO 10:37:51] my_main Recent Stats | t_env:    1084000 | Episode:    10840
entropy_loss:              0.0016	ep_length_mean:          100.0000	episode_limit_mean:        1.0000	epsilon:                   0.0500
grad_norm:                20.2243	healthy_machine_fraction_mean:  0.2322	loss:                      0.4161	mi_loss:                   0.0035
q_taken_mean:              2.0226	return_mean:              55.8900	return_median:            55.9000	return_std:                5.7055
target_mean:               2.0563	td_error_abs:              0.4834	test_ep_length_mean:     100.0000	test_episode_limit_mean:   1.0000
test_healthy_machine_fraction_mean:  0.1688	test_return_mean:         60.8250	test_return_median:       61.5000	test_return_std:           5.8832

[INFO 10:38:42] my_main Recent Stats | t_env:    1086000 | Episode:    10860
entropy_loss:              0.0016	ep_length_mean:          100.0000	episode_limit_mean:        1.0000	epsilon:                   0.0500
grad_norm:                20.2243	healthy_machine_fraction_mean:  0.2322	loss:                      0.4161	mi_loss:                   0.0035
q_taken_mean:              2.0226	return_mean:              55.8900	return_median:            55.9000	return_std:                5.7055
target_mean:               2.0563	td_error_abs:              0.4834	test_ep_length_mean:     100.0000	test_episode_limit_mean:   1.0000
test_healthy_machine_fraction_mean:  0.1688	test_return_mean:         60.8250	test_return_median:       61.5000	test_return_std:           5.8832

[INFO 10:39:34] my_main Recent Stats | t_env:    1088000 | Episode:    10880
entropy_loss:              0.0016	ep_length_mean:          100.0000	episode_limit_mean:        1.0000	epsilon:                   0.0500
grad_norm:                20.2243	healthy_machine_fraction_mean:  0.2322	loss:                      0.4161	mi_loss:                   0.0035
q_taken_mean:              2.0226	return_mean:              55.8900	return_median:            55.9000	return_std:                5.7055
target_mean:               2.0563	td_error_abs:              0.4834	test_ep_length_mean:     100.0000	test_episode_limit_mean:   1.0000
test_healthy_machine_fraction_mean:  0.1688	test_return_mean:         60.8250	test_return_median:       61.5000	test_return_std:           5.8832

[INFO 10:40:25] my_main Recent Stats | t_env:    1090000 | Episode:    10900
entropy_loss:              0.0016	ep_length_mean:          100.0000	episode_limit_mean:        1.0000	epsilon:                   0.0500
grad_norm:                20.2243	healthy_machine_fraction_mean:  0.2322	loss:                      0.4161	mi_loss:                   0.0035
q_taken_mean:              2.0226	return_mean:              55.8900	return_median:            55.9000	return_std:                5.7055
target_mean:               2.0563	td_error_abs:              0.4834	test_ep_length_mean:     100.0000	test_episode_limit_mean:   1.0000
test_healthy_machine_fraction_mean:  0.1688	test_return_mean:         60.8250	test_return_median:       61.5000	test_return_std:           5.8832

[INFO 10:40:28] my_main t_env: 1090100 / 2050000
[INFO 10:40:28] my_main Estimated time left: 7 hours, 33 minutes, 2 seconds. Time passed: 8 hours, 36 minutes, 18 seconds
[INFO 10:41:47] my_main Recent Stats | t_env:    1092000 | Episode:    10920
entropy_loss:              0.0016	ep_length_mean:          100.0000	episode_limit_mean:        1.0000	epsilon:                   0.0500
grad_norm:                20.2243	healthy_machine_fraction_mean:  0.2154	loss:                      0.4161	mi_loss:                   0.0035
q_taken_mean:              2.0226	return_mean:              55.4960	return_median:            55.5000	return_std:                5.8152
target_mean:               2.0563	td_error_abs:              0.4834	test_ep_length_mean:     100.0000	test_episode_limit_mean:   1.0000
test_healthy_machine_fraction_mean:  0.1550	test_return_mean:         60.0438	test_return_median:       60.7000	test_return_std:           5.8744

[INFO 10:42:39] my_main Recent Stats | t_env:    1094000 | Episode:    10940
entropy_loss:              0.0016	ep_length_mean:          100.0000	episode_limit_mean:        1.0000	epsilon:                   0.0500
grad_norm:                19.8488	healthy_machine_fraction_mean:  0.2154	loss:                      0.3987	mi_loss:                   0.0035
q_taken_mean:              2.0297	return_mean:              55.4960	return_median:            55.5000	return_std:                5.8152
target_mean:               2.0629	td_error_abs:              0.4742	test_ep_length_mean:     100.0000	test_episode_limit_mean:   1.0000
test_healthy_machine_fraction_mean:  0.1550	test_return_mean:         60.0438	test_return_median:       60.7000	test_return_std:           5.8744

[INFO 10:43:31] my_main Recent Stats | t_env:    1096000 | Episode:    10960
entropy_loss:              0.0016	ep_length_mean:          100.0000	episode_limit_mean:        1.0000	epsilon:                   0.0500
grad_norm:                19.8488	healthy_machine_fraction_mean:  0.2154	loss:                      0.3987	mi_loss:                   0.0035
q_taken_mean:              2.0297	return_mean:              55.4960	return_median:            55.5000	return_std:                5.8152
target_mean:               2.0629	td_error_abs:              0.4742	test_ep_length_mean:     100.0000	test_episode_limit_mean:   1.0000
test_healthy_machine_fraction_mean:  0.1550	test_return_mean:         60.0438	test_return_median:       60.7000	test_return_std:           5.8744

[INFO 10:44:22] my_main Recent Stats | t_env:    1098000 | Episode:    10980
entropy_loss:              0.0016	ep_length_mean:          100.0000	episode_limit_mean:        1.0000	epsilon:                   0.0500
grad_norm:                19.8488	healthy_machine_fraction_mean:  0.2154	loss:                      0.3987	mi_loss:                   0.0035
q_taken_mean:              2.0297	return_mean:              55.4960	return_median:            55.5000	return_std:                5.8152
target_mean:               2.0629	td_error_abs:              0.4742	test_ep_length_mean:     100.0000	test_episode_limit_mean:   1.0000
test_healthy_machine_fraction_mean:  0.1550	test_return_mean:         60.0438	test_return_median:       60.7000	test_return_std:           5.8744

[INFO 10:45:14] my_main Recent Stats | t_env:    1100000 | Episode:    11000
entropy_loss:              0.0016	ep_length_mean:          100.0000	episode_limit_mean:        1.0000	epsilon:                   0.0500
grad_norm:                19.8488	healthy_machine_fraction_mean:  0.2154	loss:                      0.3987	mi_loss:                   0.0035
q_taken_mean:              2.0297	return_mean:              55.4960	return_median:            55.5000	return_std:                5.8152
target_mean:               2.0629	td_error_abs:              0.4742	test_ep_length_mean:     100.0000	test_episode_limit_mean:   1.0000
test_healthy_machine_fraction_mean:  0.1550	test_return_mean:         60.0438	test_return_median:       60.7000	test_return_std:           5.8744

[INFO 10:45:16] my_main Updated target network
[INFO 10:45:16] my_main t_env: 1100100 / 2050000
[INFO 10:45:16] my_main Estimated time left: 7 hours, 36 minutes, 54 seconds. Time passed: 8 hours, 41 minutes, 7 seconds
[INFO 10:46:35] my_main Recent Stats | t_env:    1102000 | Episode:    11020
entropy_loss:              0.0016	ep_length_mean:          100.0000	episode_limit_mean:        1.0000	epsilon:                   0.0500
grad_norm:                19.8488	healthy_machine_fraction_mean:  0.2126	loss:                      0.3987	mi_loss:                   0.0035
q_taken_mean:              2.0297	return_mean:              55.6960	return_median:            55.7000	return_std:                5.8583
target_mean:               2.0629	td_error_abs:              0.4742	test_ep_length_mean:     100.0000	test_episode_limit_mean:   1.0000
test_healthy_machine_fraction_mean:  0.1544	test_return_mean:         60.7687	test_return_median:       61.4000	test_return_std:           5.6736

[INFO 10:47:27] my_main Recent Stats | t_env:    1104000 | Episode:    11040
entropy_loss:              0.0016	ep_length_mean:          100.0000	episode_limit_mean:        1.0000	epsilon:                   0.0500
grad_norm:                18.7694	healthy_machine_fraction_mean:  0.2126	loss:                      0.3801	mi_loss:                   0.0035
q_taken_mean:              2.0425	return_mean:              55.6960	return_median:            55.7000	return_std:                5.8583
target_mean:               2.0738	td_error_abs:              0.4656	test_ep_length_mean:     100.0000	test_episode_limit_mean:   1.0000
test_healthy_machine_fraction_mean:  0.1544	test_return_mean:         60.7687	test_return_median:       61.4000	test_return_std:           5.6736

[INFO 10:48:19] my_main Recent Stats | t_env:    1106000 | Episode:    11060
entropy_loss:              0.0016	ep_length_mean:          100.0000	episode_limit_mean:        1.0000	epsilon:                   0.0500
grad_norm:                18.7694	healthy_machine_fraction_mean:  0.2126	loss:                      0.3801	mi_loss:                   0.0035
q_taken_mean:              2.0425	return_mean:              55.6960	return_median:            55.7000	return_std:                5.8583
target_mean:               2.0738	td_error_abs:              0.4656	test_ep_length_mean:     100.0000	test_episode_limit_mean:   1.0000
test_healthy_machine_fraction_mean:  0.1544	test_return_mean:         60.7687	test_return_median:       61.4000	test_return_std:           5.6736

[INFO 10:49:10] my_main Recent Stats | t_env:    1108000 | Episode:    11080
entropy_loss:              0.0016	ep_length_mean:          100.0000	episode_limit_mean:        1.0000	epsilon:                   0.0500
grad_norm:                18.7694	healthy_machine_fraction_mean:  0.2126	loss:                      0.3801	mi_loss:                   0.0035
q_taken_mean:              2.0425	return_mean:              55.6960	return_median:            55.7000	return_std:                5.8583
target_mean:               2.0738	td_error_abs:              0.4656	test_ep_length_mean:     100.0000	test_episode_limit_mean:   1.0000
test_healthy_machine_fraction_mean:  0.1544	test_return_mean:         60.7687	test_return_median:       61.4000	test_return_std:           5.6736

[INFO 10:50:02] my_main Recent Stats | t_env:    1110000 | Episode:    11100
entropy_loss:              0.0016	ep_length_mean:          100.0000	episode_limit_mean:        1.0000	epsilon:                   0.0500
grad_norm:                18.7694	healthy_machine_fraction_mean:  0.2126	loss:                      0.3801	mi_loss:                   0.0035
q_taken_mean:              2.0425	return_mean:              55.6960	return_median:            55.7000	return_std:                5.8583
target_mean:               2.0738	td_error_abs:              0.4656	test_ep_length_mean:     100.0000	test_episode_limit_mean:   1.0000
test_healthy_machine_fraction_mean:  0.1544	test_return_mean:         60.7687	test_return_median:       61.4000	test_return_std:           5.6736

[INFO 10:50:04] my_main t_env: 1110100 / 2050000
[INFO 10:50:04] my_main Estimated time left: 7 hours, 31 minutes, 20 seconds. Time passed: 8 hours, 45 minutes, 55 seconds
[INFO 10:51:24] my_main Recent Stats | t_env:    1112000 | Episode:    11120
entropy_loss:              0.0016	ep_length_mean:          100.0000	episode_limit_mean:        1.0000	epsilon:                   0.0500
grad_norm:                18.7694	healthy_machine_fraction_mean:  0.2034	loss:                      0.3801	mi_loss:                   0.0035
q_taken_mean:              2.0425	return_mean:              56.2700	return_median:            56.1000	return_std:                5.9164
target_mean:               2.0738	td_error_abs:              0.4656	test_ep_length_mean:     100.0000	test_episode_limit_mean:   1.0000
test_healthy_machine_fraction_mean:  0.1594	test_return_mean:         60.4875	test_return_median:       61.2000	test_return_std:           6.0228

[INFO 10:52:16] my_main Recent Stats | t_env:    1114000 | Episode:    11140
entropy_loss:              0.0016	ep_length_mean:          100.0000	episode_limit_mean:        1.0000	epsilon:                   0.0500
grad_norm:                18.6212	healthy_machine_fraction_mean:  0.2034	loss:                      0.3798	mi_loss:                   0.0034
q_taken_mean:              2.0531	return_mean:              56.2700	return_median:            56.1000	return_std:                5.9164
target_mean:               2.0840	td_error_abs:              0.4667	test_ep_length_mean:     100.0000	test_episode_limit_mean:   1.0000
test_healthy_machine_fraction_mean:  0.1594	test_return_mean:         60.4875	test_return_median:       61.2000	test_return_std:           6.0228

[INFO 10:53:06] my_main Recent Stats | t_env:    1116000 | Episode:    11160
entropy_loss:              0.0016	ep_length_mean:          100.0000	episode_limit_mean:        1.0000	epsilon:                   0.0500
grad_norm:                18.6212	healthy_machine_fraction_mean:  0.2034	loss:                      0.3798	mi_loss:                   0.0034
q_taken_mean:              2.0531	return_mean:              56.2700	return_median:            56.1000	return_std:                5.9164
target_mean:               2.0840	td_error_abs:              0.4667	test_ep_length_mean:     100.0000	test_episode_limit_mean:   1.0000
test_healthy_machine_fraction_mean:  0.1594	test_return_mean:         60.4875	test_return_median:       61.2000	test_return_std:           6.0228

[INFO 10:53:58] my_main Recent Stats | t_env:    1118000 | Episode:    11180
entropy_loss:              0.0016	ep_length_mean:          100.0000	episode_limit_mean:        1.0000	epsilon:                   0.0500
grad_norm:                18.6212	healthy_machine_fraction_mean:  0.2034	loss:                      0.3798	mi_loss:                   0.0034
q_taken_mean:              2.0531	return_mean:              56.2700	return_median:            56.1000	return_std:                5.9164
target_mean:               2.0840	td_error_abs:              0.4667	test_ep_length_mean:     100.0000	test_episode_limit_mean:   1.0000
test_healthy_machine_fraction_mean:  0.1594	test_return_mean:         60.4875	test_return_median:       61.2000	test_return_std:           6.0228

[INFO 10:54:49] my_main Recent Stats | t_env:    1120000 | Episode:    11200
entropy_loss:              0.0016	ep_length_mean:          100.0000	episode_limit_mean:        1.0000	epsilon:                   0.0500
grad_norm:                18.6212	healthy_machine_fraction_mean:  0.2034	loss:                      0.3798	mi_loss:                   0.0034
q_taken_mean:              2.0531	return_mean:              56.2700	return_median:            56.1000	return_std:                5.9164
target_mean:               2.0840	td_error_abs:              0.4667	test_ep_length_mean:     100.0000	test_episode_limit_mean:   1.0000
test_healthy_machine_fraction_mean:  0.1594	test_return_mean:         60.4875	test_return_median:       61.2000	test_return_std:           6.0228

[INFO 10:54:52] my_main Updated target network
[INFO 10:54:52] my_main t_env: 1120100 / 2050000
[INFO 10:54:52] my_main Estimated time left: 7 hours, 25 minutes, 12 seconds. Time passed: 8 hours, 50 minutes, 42 seconds
[INFO 10:56:10] my_main Recent Stats | t_env:    1122000 | Episode:    11220
entropy_loss:              0.0016	ep_length_mean:          100.0000	episode_limit_mean:        1.0000	epsilon:                   0.0500
grad_norm:                18.6212	healthy_machine_fraction_mean:  0.2084	loss:                      0.3798	mi_loss:                   0.0034
q_taken_mean:              2.0531	return_mean:              57.5880	return_median:            57.3000	return_std:                6.0609
target_mean:               2.0840	td_error_abs:              0.4667	test_ep_length_mean:     100.0000	test_episode_limit_mean:   1.0000
test_healthy_machine_fraction_mean:  0.1813	test_return_mean:         61.4625	test_return_median:       61.9000	test_return_std:           5.6421

[INFO 10:57:01] my_main Recent Stats | t_env:    1124000 | Episode:    11240
entropy_loss:              0.0016	ep_length_mean:          100.0000	episode_limit_mean:        1.0000	epsilon:                   0.0500
grad_norm:                18.9190	healthy_machine_fraction_mean:  0.2084	loss:                      0.3800	mi_loss:                   0.0034
q_taken_mean:              2.0649	return_mean:              57.5880	return_median:            57.3000	return_std:                6.0609
target_mean:               2.0961	td_error_abs:              0.4664	test_ep_length_mean:     100.0000	test_episode_limit_mean:   1.0000
test_healthy_machine_fraction_mean:  0.1813	test_return_mean:         61.4625	test_return_median:       61.9000	test_return_std:           5.6421

[INFO 10:57:53] my_main Recent Stats | t_env:    1126000 | Episode:    11260
entropy_loss:              0.0016	ep_length_mean:          100.0000	episode_limit_mean:        1.0000	epsilon:                   0.0500
grad_norm:                18.9190	healthy_machine_fraction_mean:  0.2084	loss:                      0.3800	mi_loss:                   0.0034
q_taken_mean:              2.0649	return_mean:              57.5880	return_median:            57.3000	return_std:                6.0609
target_mean:               2.0961	td_error_abs:              0.4664	test_ep_length_mean:     100.0000	test_episode_limit_mean:   1.0000
test_healthy_machine_fraction_mean:  0.1813	test_return_mean:         61.4625	test_return_median:       61.9000	test_return_std:           5.6421

[INFO 10:58:44] my_main Recent Stats | t_env:    1128000 | Episode:    11280
entropy_loss:              0.0016	ep_length_mean:          100.0000	episode_limit_mean:        1.0000	epsilon:                   0.0500
grad_norm:                18.9190	healthy_machine_fraction_mean:  0.2084	loss:                      0.3800	mi_loss:                   0.0034
q_taken_mean:              2.0649	return_mean:              57.5880	return_median:            57.3000	return_std:                6.0609
target_mean:               2.0961	td_error_abs:              0.4664	test_ep_length_mean:     100.0000	test_episode_limit_mean:   1.0000
test_healthy_machine_fraction_mean:  0.1813	test_return_mean:         61.4625	test_return_median:       61.9000	test_return_std:           5.6421

[INFO 10:59:36] my_main Recent Stats | t_env:    1130000 | Episode:    11300
entropy_loss:              0.0016	ep_length_mean:          100.0000	episode_limit_mean:        1.0000	epsilon:                   0.0500
grad_norm:                18.9190	healthy_machine_fraction_mean:  0.2084	loss:                      0.3800	mi_loss:                   0.0034
q_taken_mean:              2.0649	return_mean:              57.5880	return_median:            57.3000	return_std:                6.0609
target_mean:               2.0961	td_error_abs:              0.4664	test_ep_length_mean:     100.0000	test_episode_limit_mean:   1.0000
test_healthy_machine_fraction_mean:  0.1813	test_return_mean:         61.4625	test_return_median:       61.9000	test_return_std:           5.6421

[INFO 10:59:38] my_main t_env: 1130100 / 2050000
[INFO 10:59:38] my_main Estimated time left: 7 hours, 19 minutes, 30 seconds. Time passed: 8 hours, 55 minutes, 29 seconds
[INFO 11:00:57] my_main Recent Stats | t_env:    1132000 | Episode:    11320
entropy_loss:              0.0016	ep_length_mean:          100.0000	episode_limit_mean:        1.0000	epsilon:                   0.0500
grad_norm:                18.9190	healthy_machine_fraction_mean:  0.2178	loss:                      0.3800	mi_loss:                   0.0034
q_taken_mean:              2.0649	return_mean:              58.3320	return_median:            57.9000	return_std:                6.1451
target_mean:               2.0961	td_error_abs:              0.4664	test_ep_length_mean:     100.0000	test_episode_limit_mean:   1.0000
test_healthy_machine_fraction_mean:  0.1875	test_return_mean:         62.8687	test_return_median:       63.2000	test_return_std:           5.6641

[INFO 11:01:49] my_main Recent Stats | t_env:    1134000 | Episode:    11340
entropy_loss:              0.0015	ep_length_mean:          100.0000	episode_limit_mean:        1.0000	epsilon:                   0.0500
grad_norm:                19.9403	healthy_machine_fraction_mean:  0.2178	loss:                      0.3907	mi_loss:                   0.0034
q_taken_mean:              2.0705	return_mean:              58.3320	return_median:            57.9000	return_std:                6.1451
target_mean:               2.1035	td_error_abs:              0.4747	test_ep_length_mean:     100.0000	test_episode_limit_mean:   1.0000
test_healthy_machine_fraction_mean:  0.1875	test_return_mean:         62.8687	test_return_median:       63.2000	test_return_std:           5.6641

[INFO 11:02:40] my_main Recent Stats | t_env:    1136000 | Episode:    11360
entropy_loss:              0.0015	ep_length_mean:          100.0000	episode_limit_mean:        1.0000	epsilon:                   0.0500
grad_norm:                19.9403	healthy_machine_fraction_mean:  0.2178	loss:                      0.3907	mi_loss:                   0.0034
q_taken_mean:              2.0705	return_mean:              58.3320	return_median:            57.9000	return_std:                6.1451
target_mean:               2.1035	td_error_abs:              0.4747	test_ep_length_mean:     100.0000	test_episode_limit_mean:   1.0000
test_healthy_machine_fraction_mean:  0.1875	test_return_mean:         62.8687	test_return_median:       63.2000	test_return_std:           5.6641

[INFO 11:03:32] my_main Recent Stats | t_env:    1138000 | Episode:    11380
entropy_loss:              0.0015	ep_length_mean:          100.0000	episode_limit_mean:        1.0000	epsilon:                   0.0500
grad_norm:                19.9403	healthy_machine_fraction_mean:  0.2178	loss:                      0.3907	mi_loss:                   0.0034
q_taken_mean:              2.0705	return_mean:              58.3320	return_median:            57.9000	return_std:                6.1451
target_mean:               2.1035	td_error_abs:              0.4747	test_ep_length_mean:     100.0000	test_episode_limit_mean:   1.0000
test_healthy_machine_fraction_mean:  0.1875	test_return_mean:         62.8687	test_return_median:       63.2000	test_return_std:           5.6641

[INFO 11:04:24] my_main Recent Stats | t_env:    1140000 | Episode:    11400
entropy_loss:              0.0015	ep_length_mean:          100.0000	episode_limit_mean:        1.0000	epsilon:                   0.0500
grad_norm:                19.9403	healthy_machine_fraction_mean:  0.2178	loss:                      0.3907	mi_loss:                   0.0034
q_taken_mean:              2.0705	return_mean:              58.3320	return_median:            57.9000	return_std:                6.1451
target_mean:               2.1035	td_error_abs:              0.4747	test_ep_length_mean:     100.0000	test_episode_limit_mean:   1.0000
test_healthy_machine_fraction_mean:  0.1875	test_return_mean:         62.8687	test_return_median:       63.2000	test_return_std:           5.6641

[INFO 11:04:27] my_main Updated target network
[INFO 11:04:27] my_main t_env: 1140100 / 2050000
[INFO 11:04:27] my_main Estimated time left: 7 hours, 17 minutes, 10 seconds. Time passed: 9 hours, 17 seconds
[INFO 11:05:46] my_main Recent Stats | t_env:    1142000 | Episode:    11420
entropy_loss:              0.0015	ep_length_mean:          100.0000	episode_limit_mean:        1.0000	epsilon:                   0.0500
grad_norm:                19.9403	healthy_machine_fraction_mean:  0.2320	loss:                      0.3907	mi_loss:                   0.0034
q_taken_mean:              2.0705	return_mean:              58.9460	return_median:            58.5000	return_std:                6.1253
target_mean:               2.1035	td_error_abs:              0.4747	test_ep_length_mean:     100.0000	test_episode_limit_mean:   1.0000
test_healthy_machine_fraction_mean:  0.2069	test_return_mean:         64.9125	test_return_median:       65.2000	test_return_std:           5.7224

[INFO 11:06:37] my_main Recent Stats | t_env:    1144000 | Episode:    11440
entropy_loss:              0.0015	ep_length_mean:          100.0000	episode_limit_mean:        1.0000	epsilon:                   0.0500
grad_norm:                19.2038	healthy_machine_fraction_mean:  0.2320	loss:                      0.3851	mi_loss:                   0.0034
q_taken_mean:              2.0937	return_mean:              58.9460	return_median:            58.5000	return_std:                6.1253
target_mean:               2.1161	td_error_abs:              0.4781	test_ep_length_mean:     100.0000	test_episode_limit_mean:   1.0000
test_healthy_machine_fraction_mean:  0.2069	test_return_mean:         64.9125	test_return_median:       65.2000	test_return_std:           5.7224

[INFO 11:07:30] my_main Recent Stats | t_env:    1146000 | Episode:    11460
entropy_loss:              0.0015	ep_length_mean:          100.0000	episode_limit_mean:        1.0000	epsilon:                   0.0500
grad_norm:                19.2038	healthy_machine_fraction_mean:  0.2320	loss:                      0.3851	mi_loss:                   0.0034
q_taken_mean:              2.0937	return_mean:              58.9460	return_median:            58.5000	return_std:                6.1253
target_mean:               2.1161	td_error_abs:              0.4781	test_ep_length_mean:     100.0000	test_episode_limit_mean:   1.0000
test_healthy_machine_fraction_mean:  0.2069	test_return_mean:         64.9125	test_return_median:       65.2000	test_return_std:           5.7224

[INFO 11:08:21] my_main Recent Stats | t_env:    1148000 | Episode:    11480
entropy_loss:              0.0015	ep_length_mean:          100.0000	episode_limit_mean:        1.0000	epsilon:                   0.0500
grad_norm:                19.2038	healthy_machine_fraction_mean:  0.2320	loss:                      0.3851	mi_loss:                   0.0034
q_taken_mean:              2.0937	return_mean:              58.9460	return_median:            58.5000	return_std:                6.1253
target_mean:               2.1161	td_error_abs:              0.4781	test_ep_length_mean:     100.0000	test_episode_limit_mean:   1.0000
test_healthy_machine_fraction_mean:  0.2069	test_return_mean:         64.9125	test_return_median:       65.2000	test_return_std:           5.7224

[INFO 11:09:12] my_main Recent Stats | t_env:    1150000 | Episode:    11500
entropy_loss:              0.0015	ep_length_mean:          100.0000	episode_limit_mean:        1.0000	epsilon:                   0.0500
grad_norm:                19.2038	healthy_machine_fraction_mean:  0.2320	loss:                      0.3851	mi_loss:                   0.0034
q_taken_mean:              2.0937	return_mean:              58.9460	return_median:            58.5000	return_std:                6.1253
target_mean:               2.1161	td_error_abs:              0.4781	test_ep_length_mean:     100.0000	test_episode_limit_mean:   1.0000
test_healthy_machine_fraction_mean:  0.2069	test_return_mean:         64.9125	test_return_median:       65.2000	test_return_std:           5.7224

[INFO 11:09:15] my_main t_env: 1150100 / 2050000
[INFO 11:09:15] my_main Estimated time left: 7 hours, 12 minutes, 19 seconds. Time passed: 9 hours, 5 minutes, 5 seconds
[INFO 11:10:34] my_main Recent Stats | t_env:    1152000 | Episode:    11520
entropy_loss:              0.0015	ep_length_mean:          100.0000	episode_limit_mean:        1.0000	epsilon:                   0.0500
grad_norm:                19.2038	healthy_machine_fraction_mean:  0.2528	loss:                      0.3851	mi_loss:                   0.0034
q_taken_mean:              2.0937	return_mean:              59.8920	return_median:            59.5000	return_std:                6.1395
target_mean:               2.1161	td_error_abs:              0.4781	test_ep_length_mean:     100.0000	test_episode_limit_mean:   1.0000
test_healthy_machine_fraction_mean:  0.2250	test_return_mean:         65.3688	test_return_median:       65.9000	test_return_std:           6.2278

[INFO 11:11:26] my_main Recent Stats | t_env:    1154000 | Episode:    11540
entropy_loss:              0.0015	ep_length_mean:          100.0000	episode_limit_mean:        1.0000	epsilon:                   0.0500
grad_norm:                18.4858	healthy_machine_fraction_mean:  0.2528	loss:                      0.3831	mi_loss:                   0.0034
q_taken_mean:              2.1123	return_mean:              59.8920	return_median:            59.5000	return_std:                6.1395
target_mean:               2.1260	td_error_abs:              0.4803	test_ep_length_mean:     100.0000	test_episode_limit_mean:   1.0000
test_healthy_machine_fraction_mean:  0.2250	test_return_mean:         65.3688	test_return_median:       65.9000	test_return_std:           6.2278

[INFO 11:12:18] my_main Recent Stats | t_env:    1156000 | Episode:    11560
entropy_loss:              0.0015	ep_length_mean:          100.0000	episode_limit_mean:        1.0000	epsilon:                   0.0500
grad_norm:                18.4858	healthy_machine_fraction_mean:  0.2528	loss:                      0.3831	mi_loss:                   0.0034
q_taken_mean:              2.1123	return_mean:              59.8920	return_median:            59.5000	return_std:                6.1395
target_mean:               2.1260	td_error_abs:              0.4803	test_ep_length_mean:     100.0000	test_episode_limit_mean:   1.0000
test_healthy_machine_fraction_mean:  0.2250	test_return_mean:         65.3688	test_return_median:       65.9000	test_return_std:           6.2278

[INFO 11:13:09] my_main Recent Stats | t_env:    1158000 | Episode:    11580
entropy_loss:              0.0015	ep_length_mean:          100.0000	episode_limit_mean:        1.0000	epsilon:                   0.0500
grad_norm:                18.4858	healthy_machine_fraction_mean:  0.2528	loss:                      0.3831	mi_loss:                   0.0034
q_taken_mean:              2.1123	return_mean:              59.8920	return_median:            59.5000	return_std:                6.1395
target_mean:               2.1260	td_error_abs:              0.4803	test_ep_length_mean:     100.0000	test_episode_limit_mean:   1.0000
test_healthy_machine_fraction_mean:  0.2250	test_return_mean:         65.3688	test_return_median:       65.9000	test_return_std:           6.2278

[INFO 11:13:56] my_main Recent Stats | t_env:    1160000 | Episode:    11600
entropy_loss:              0.0015	ep_length_mean:          100.0000	episode_limit_mean:        1.0000	epsilon:                   0.0500
grad_norm:                18.4858	healthy_machine_fraction_mean:  0.2528	loss:                      0.3831	mi_loss:                   0.0034
q_taken_mean:              2.1123	return_mean:              59.8920	return_median:            59.5000	return_std:                6.1395
target_mean:               2.1260	td_error_abs:              0.4803	test_ep_length_mean:     100.0000	test_episode_limit_mean:   1.0000
test_healthy_machine_fraction_mean:  0.2250	test_return_mean:         65.3688	test_return_median:       65.9000	test_return_std:           6.2278

[INFO 11:13:59] my_main Updated target network
[INFO 11:13:59] my_main t_env: 1160100 / 2050000
[INFO 11:13:59] my_main Estimated time left: 7 hours, 1 minutes, 30 seconds. Time passed: 9 hours, 9 minutes, 49 seconds
[INFO 11:15:18] my_main Recent Stats | t_env:    1162000 | Episode:    11620
entropy_loss:              0.0015	ep_length_mean:          100.0000	episode_limit_mean:        1.0000	epsilon:                   0.0500
grad_norm:                18.4858	healthy_machine_fraction_mean:  0.2560	loss:                      0.3831	mi_loss:                   0.0034
q_taken_mean:              2.1123	return_mean:              60.3900	return_median:            60.3000	return_std:                5.9692
target_mean:               2.1260	td_error_abs:              0.4803	test_ep_length_mean:     100.0000	test_episode_limit_mean:   1.0000
test_healthy_machine_fraction_mean:  0.2325	test_return_mean:         67.3937	test_return_median:       67.8000	test_return_std:           5.9008

[INFO 11:16:09] my_main Recent Stats | t_env:    1164000 | Episode:    11640
entropy_loss:              0.0015	ep_length_mean:          100.0000	episode_limit_mean:        1.0000	epsilon:                   0.0500
grad_norm:                18.6981	healthy_machine_fraction_mean:  0.2560	loss:                      0.3926	mi_loss:                   0.0034
q_taken_mean:              2.1335	return_mean:              60.3900	return_median:            60.3000	return_std:                5.9692
target_mean:               2.1473	td_error_abs:              0.4832	test_ep_length_mean:     100.0000	test_episode_limit_mean:   1.0000
test_healthy_machine_fraction_mean:  0.2325	test_return_mean:         67.3937	test_return_median:       67.8000	test_return_std:           5.9008

[INFO 11:17:01] my_main Recent Stats | t_env:    1166000 | Episode:    11660
entropy_loss:              0.0015	ep_length_mean:          100.0000	episode_limit_mean:        1.0000	epsilon:                   0.0500
grad_norm:                18.6981	healthy_machine_fraction_mean:  0.2560	loss:                      0.3926	mi_loss:                   0.0034
q_taken_mean:              2.1335	return_mean:              60.3900	return_median:            60.3000	return_std:                5.9692
target_mean:               2.1473	td_error_abs:              0.4832	test_ep_length_mean:     100.0000	test_episode_limit_mean:   1.0000
test_healthy_machine_fraction_mean:  0.2325	test_return_mean:         67.3937	test_return_median:       67.8000	test_return_std:           5.9008

[INFO 11:17:53] my_main Recent Stats | t_env:    1168000 | Episode:    11680
entropy_loss:              0.0015	ep_length_mean:          100.0000	episode_limit_mean:        1.0000	epsilon:                   0.0500
grad_norm:                18.6981	healthy_machine_fraction_mean:  0.2560	loss:                      0.3926	mi_loss:                   0.0034
q_taken_mean:              2.1335	return_mean:              60.3900	return_median:            60.3000	return_std:                5.9692
target_mean:               2.1473	td_error_abs:              0.4832	test_ep_length_mean:     100.0000	test_episode_limit_mean:   1.0000
test_healthy_machine_fraction_mean:  0.2325	test_return_mean:         67.3937	test_return_median:       67.8000	test_return_std:           5.9008

[INFO 11:18:44] my_main Recent Stats | t_env:    1170000 | Episode:    11700
entropy_loss:              0.0015	ep_length_mean:          100.0000	episode_limit_mean:        1.0000	epsilon:                   0.0500
grad_norm:                18.6981	healthy_machine_fraction_mean:  0.2560	loss:                      0.3926	mi_loss:                   0.0034
q_taken_mean:              2.1335	return_mean:              60.3900	return_median:            60.3000	return_std:                5.9692
target_mean:               2.1473	td_error_abs:              0.4832	test_ep_length_mean:     100.0000	test_episode_limit_mean:   1.0000
test_healthy_machine_fraction_mean:  0.2325	test_return_mean:         67.3937	test_return_median:       67.8000	test_return_std:           5.9008

[INFO 11:18:47] my_main t_env: 1170100 / 2050000
[INFO 11:18:47] my_main Estimated time left: 7 hours, 2 minutes, 13 seconds. Time passed: 9 hours, 14 minutes, 37 seconds
[INFO 11:20:07] my_main Recent Stats | t_env:    1172000 | Episode:    11720
entropy_loss:              0.0015	ep_length_mean:          100.0000	episode_limit_mean:        1.0000	epsilon:                   0.0500
grad_norm:                18.6981	healthy_machine_fraction_mean:  0.2792	loss:                      0.3926	mi_loss:                   0.0034
q_taken_mean:              2.1335	return_mean:              60.3520	return_median:            60.3000	return_std:                5.8959
target_mean:               2.1473	td_error_abs:              0.4832	test_ep_length_mean:     100.0000	test_episode_limit_mean:   1.0000
test_healthy_machine_fraction_mean:  0.2488	test_return_mean:         68.5625	test_return_median:       69.0000	test_return_std:           5.9678

[INFO 11:20:59] my_main Recent Stats | t_env:    1174000 | Episode:    11740
entropy_loss:              0.0015	ep_length_mean:          100.0000	episode_limit_mean:        1.0000	epsilon:                   0.0500
grad_norm:                18.5316	healthy_machine_fraction_mean:  0.2792	loss:                      0.4099	mi_loss:                   0.0033
q_taken_mean:              2.1530	return_mean:              60.3520	return_median:            60.3000	return_std:                5.8959
target_mean:               2.1662	td_error_abs:              0.4912	test_ep_length_mean:     100.0000	test_episode_limit_mean:   1.0000
test_healthy_machine_fraction_mean:  0.2488	test_return_mean:         68.5625	test_return_median:       69.0000	test_return_std:           5.9678

[INFO 11:21:51] my_main Recent Stats | t_env:    1176000 | Episode:    11760
entropy_loss:              0.0015	ep_length_mean:          100.0000	episode_limit_mean:        1.0000	epsilon:                   0.0500
grad_norm:                18.5316	healthy_machine_fraction_mean:  0.2792	loss:                      0.4099	mi_loss:                   0.0033
q_taken_mean:              2.1530	return_mean:              60.3520	return_median:            60.3000	return_std:                5.8959
target_mean:               2.1662	td_error_abs:              0.4912	test_ep_length_mean:     100.0000	test_episode_limit_mean:   1.0000
test_healthy_machine_fraction_mean:  0.2488	test_return_mean:         68.5625	test_return_median:       69.0000	test_return_std:           5.9678

[INFO 11:22:43] my_main Recent Stats | t_env:    1178000 | Episode:    11780
entropy_loss:              0.0015	ep_length_mean:          100.0000	episode_limit_mean:        1.0000	epsilon:                   0.0500
grad_norm:                18.5316	healthy_machine_fraction_mean:  0.2792	loss:                      0.4099	mi_loss:                   0.0033
q_taken_mean:              2.1530	return_mean:              60.3520	return_median:            60.3000	return_std:                5.8959
target_mean:               2.1662	td_error_abs:              0.4912	test_ep_length_mean:     100.0000	test_episode_limit_mean:   1.0000
test_healthy_machine_fraction_mean:  0.2488	test_return_mean:         68.5625	test_return_median:       69.0000	test_return_std:           5.9678

[INFO 11:23:35] my_main Recent Stats | t_env:    1180000 | Episode:    11800
entropy_loss:              0.0015	ep_length_mean:          100.0000	episode_limit_mean:        1.0000	epsilon:                   0.0500
grad_norm:                18.5316	healthy_machine_fraction_mean:  0.2792	loss:                      0.4099	mi_loss:                   0.0033
q_taken_mean:              2.1530	return_mean:              60.3520	return_median:            60.3000	return_std:                5.8959
target_mean:               2.1662	td_error_abs:              0.4912	test_ep_length_mean:     100.0000	test_episode_limit_mean:   1.0000
test_healthy_machine_fraction_mean:  0.2488	test_return_mean:         68.5625	test_return_median:       69.0000	test_return_std:           5.9678

[INFO 11:23:37] my_main Updated target network
[INFO 11:23:37] my_main t_env: 1180100 / 2050000
[INFO 11:23:37] my_main Estimated time left: 7 hours, 58 seconds. Time passed: 9 hours, 19 minutes, 28 seconds
[INFO 11:24:57] my_main Recent Stats | t_env:    1182000 | Episode:    11820
entropy_loss:              0.0015	ep_length_mean:          100.0000	episode_limit_mean:        1.0000	epsilon:                   0.0500
grad_norm:                18.5316	healthy_machine_fraction_mean:  0.2976	loss:                      0.4099	mi_loss:                   0.0033
q_taken_mean:              2.1530	return_mean:              61.0200	return_median:            61.0000	return_std:                5.9320
target_mean:               2.1662	td_error_abs:              0.4912	test_ep_length_mean:     100.0000	test_episode_limit_mean:   1.0000
test_healthy_machine_fraction_mean:  0.2688	test_return_mean:         68.5125	test_return_median:       69.0000	test_return_std:           6.5240

[INFO 11:25:48] my_main Recent Stats | t_env:    1184000 | Episode:    11840
entropy_loss:              0.0015	ep_length_mean:          100.0000	episode_limit_mean:        1.0000	epsilon:                   0.0500
grad_norm:                18.6436	healthy_machine_fraction_mean:  0.2976	loss:                      0.4241	mi_loss:                   0.0033
q_taken_mean:              2.1753	return_mean:              61.0200	return_median:            61.0000	return_std:                5.9320
target_mean:               2.1883	td_error_abs:              0.4948	test_ep_length_mean:     100.0000	test_episode_limit_mean:   1.0000
test_healthy_machine_fraction_mean:  0.2688	test_return_mean:         68.5125	test_return_median:       69.0000	test_return_std:           6.5240

[INFO 11:26:40] my_main Recent Stats | t_env:    1186000 | Episode:    11860
entropy_loss:              0.0015	ep_length_mean:          100.0000	episode_limit_mean:        1.0000	epsilon:                   0.0500
grad_norm:                18.6436	healthy_machine_fraction_mean:  0.2976	loss:                      0.4241	mi_loss:                   0.0033
q_taken_mean:              2.1753	return_mean:              61.0200	return_median:            61.0000	return_std:                5.9320
target_mean:               2.1883	td_error_abs:              0.4948	test_ep_length_mean:     100.0000	test_episode_limit_mean:   1.0000
test_healthy_machine_fraction_mean:  0.2688	test_return_mean:         68.5125	test_return_median:       69.0000	test_return_std:           6.5240

[INFO 11:27:32] my_main Recent Stats | t_env:    1188000 | Episode:    11880
entropy_loss:              0.0015	ep_length_mean:          100.0000	episode_limit_mean:        1.0000	epsilon:                   0.0500
grad_norm:                18.6436	healthy_machine_fraction_mean:  0.2976	loss:                      0.4241	mi_loss:                   0.0033
q_taken_mean:              2.1753	return_mean:              61.0200	return_median:            61.0000	return_std:                5.9320
target_mean:               2.1883	td_error_abs:              0.4948	test_ep_length_mean:     100.0000	test_episode_limit_mean:   1.0000
test_healthy_machine_fraction_mean:  0.2688	test_return_mean:         68.5125	test_return_median:       69.0000	test_return_std:           6.5240

[INFO 11:28:23] my_main Recent Stats | t_env:    1190000 | Episode:    11900
entropy_loss:              0.0015	ep_length_mean:          100.0000	episode_limit_mean:        1.0000	epsilon:                   0.0500
grad_norm:                18.6436	healthy_machine_fraction_mean:  0.2976	loss:                      0.4241	mi_loss:                   0.0033
q_taken_mean:              2.1753	return_mean:              61.0200	return_median:            61.0000	return_std:                5.9320
target_mean:               2.1883	td_error_abs:              0.4948	test_ep_length_mean:     100.0000	test_episode_limit_mean:   1.0000
test_healthy_machine_fraction_mean:  0.2688	test_return_mean:         68.5125	test_return_median:       69.0000	test_return_std:           6.5240

[INFO 11:28:25] my_main t_env: 1190100 / 2050000
[INFO 11:28:25] my_main Estimated time left: 6 hours, 52 minutes, 52 seconds. Time passed: 9 hours, 24 minutes, 16 seconds
[INFO 11:29:45] my_main Recent Stats | t_env:    1192000 | Episode:    11920
entropy_loss:              0.0015	ep_length_mean:          100.0000	episode_limit_mean:        1.0000	epsilon:                   0.0500
grad_norm:                18.6436	healthy_machine_fraction_mean:  0.3024	loss:                      0.4241	mi_loss:                   0.0033
q_taken_mean:              2.1753	return_mean:              61.1960	return_median:            61.4000	return_std:                5.8576
target_mean:               2.1883	td_error_abs:              0.4948	test_ep_length_mean:     100.0000	test_episode_limit_mean:   1.0000
test_healthy_machine_fraction_mean:  0.2969	test_return_mean:         67.8688	test_return_median:       68.1000	test_return_std:           6.6334

[INFO 11:30:37] my_main Recent Stats | t_env:    1194000 | Episode:    11940
entropy_loss:              0.0015	ep_length_mean:          100.0000	episode_limit_mean:        1.0000	epsilon:                   0.0500
grad_norm:                20.3670	healthy_machine_fraction_mean:  0.3024	loss:                      0.4570	mi_loss:                   0.0033
q_taken_mean:              2.1811	return_mean:              61.1960	return_median:            61.4000	return_std:                5.8576
target_mean:               2.2060	td_error_abs:              0.5050	test_ep_length_mean:     100.0000	test_episode_limit_mean:   1.0000
test_healthy_machine_fraction_mean:  0.2969	test_return_mean:         67.8688	test_return_median:       68.1000	test_return_std:           6.6334

[INFO 11:31:29] my_main Recent Stats | t_env:    1196000 | Episode:    11960
entropy_loss:              0.0015	ep_length_mean:          100.0000	episode_limit_mean:        1.0000	epsilon:                   0.0500
grad_norm:                20.3670	healthy_machine_fraction_mean:  0.3024	loss:                      0.4570	mi_loss:                   0.0033
q_taken_mean:              2.1811	return_mean:              61.1960	return_median:            61.4000	return_std:                5.8576
target_mean:               2.2060	td_error_abs:              0.5050	test_ep_length_mean:     100.0000	test_episode_limit_mean:   1.0000
test_healthy_machine_fraction_mean:  0.2969	test_return_mean:         67.8688	test_return_median:       68.1000	test_return_std:           6.6334

[INFO 11:32:20] my_main Recent Stats | t_env:    1198000 | Episode:    11980
entropy_loss:              0.0015	ep_length_mean:          100.0000	episode_limit_mean:        1.0000	epsilon:                   0.0500
grad_norm:                20.3670	healthy_machine_fraction_mean:  0.3024	loss:                      0.4570	mi_loss:                   0.0033
q_taken_mean:              2.1811	return_mean:              61.1960	return_median:            61.4000	return_std:                5.8576
target_mean:               2.2060	td_error_abs:              0.5050	test_ep_length_mean:     100.0000	test_episode_limit_mean:   1.0000
test_healthy_machine_fraction_mean:  0.2969	test_return_mean:         67.8688	test_return_median:       68.1000	test_return_std:           6.6334

[INFO 11:33:11] my_main Recent Stats | t_env:    1200000 | Episode:    12000
entropy_loss:              0.0015	ep_length_mean:          100.0000	episode_limit_mean:        1.0000	epsilon:                   0.0500
grad_norm:                20.3670	healthy_machine_fraction_mean:  0.3024	loss:                      0.4570	mi_loss:                   0.0033
q_taken_mean:              2.1811	return_mean:              61.1960	return_median:            61.4000	return_std:                5.8576
target_mean:               2.2060	td_error_abs:              0.5050	test_ep_length_mean:     100.0000	test_episode_limit_mean:   1.0000
test_healthy_machine_fraction_mean:  0.2969	test_return_mean:         67.8688	test_return_median:       68.1000	test_return_std:           6.6334

[INFO 11:33:14] my_main Updated target network
[INFO 11:33:14] my_main t_env: 1200100 / 2050000
[INFO 11:33:14] my_main Estimated time left: 6 hours, 48 minutes, 23 seconds. Time passed: 9 hours, 29 minutes, 4 seconds
[INFO 11:34:34] my_main Recent Stats | t_env:    1202000 | Episode:    12020
entropy_loss:              0.0015	ep_length_mean:          100.0000	episode_limit_mean:        1.0000	epsilon:                   0.0500
grad_norm:                20.3670	healthy_machine_fraction_mean:  0.3034	loss:                      0.4570	mi_loss:                   0.0033
q_taken_mean:              2.1811	return_mean:              61.0420	return_median:            61.4000	return_std:                5.9157
target_mean:               2.2060	td_error_abs:              0.5050	test_ep_length_mean:     100.0000	test_episode_limit_mean:   1.0000
test_healthy_machine_fraction_mean:  0.2894	test_return_mean:         67.6250	test_return_median:       67.7000	test_return_std:           6.4564

[INFO 11:35:26] my_main Recent Stats | t_env:    1204000 | Episode:    12040
entropy_loss:              0.0015	ep_length_mean:          100.0000	episode_limit_mean:        1.0000	epsilon:                   0.0500
grad_norm:                22.0023	healthy_machine_fraction_mean:  0.3034	loss:                      0.4770	mi_loss:                   0.0033
q_taken_mean:              2.1884	return_mean:              61.0420	return_median:            61.4000	return_std:                5.9157
target_mean:               2.2232	td_error_abs:              0.5094	test_ep_length_mean:     100.0000	test_episode_limit_mean:   1.0000
test_healthy_machine_fraction_mean:  0.2894	test_return_mean:         67.6250	test_return_median:       67.7000	test_return_std:           6.4564

[INFO 11:36:17] my_main Recent Stats | t_env:    1206000 | Episode:    12060
entropy_loss:              0.0015	ep_length_mean:          100.0000	episode_limit_mean:        1.0000	epsilon:                   0.0500
grad_norm:                22.0023	healthy_machine_fraction_mean:  0.3034	loss:                      0.4770	mi_loss:                   0.0033
q_taken_mean:              2.1884	return_mean:              61.0420	return_median:            61.4000	return_std:                5.9157
target_mean:               2.2232	td_error_abs:              0.5094	test_ep_length_mean:     100.0000	test_episode_limit_mean:   1.0000
test_healthy_machine_fraction_mean:  0.2894	test_return_mean:         67.6250	test_return_median:       67.7000	test_return_std:           6.4564

[INFO 11:37:09] my_main Recent Stats | t_env:    1208000 | Episode:    12080
entropy_loss:              0.0015	ep_length_mean:          100.0000	episode_limit_mean:        1.0000	epsilon:                   0.0500
grad_norm:                22.0023	healthy_machine_fraction_mean:  0.3034	loss:                      0.4770	mi_loss:                   0.0033
q_taken_mean:              2.1884	return_mean:              61.0420	return_median:            61.4000	return_std:                5.9157
target_mean:               2.2232	td_error_abs:              0.5094	test_ep_length_mean:     100.0000	test_episode_limit_mean:   1.0000
test_healthy_machine_fraction_mean:  0.2894	test_return_mean:         67.6250	test_return_median:       67.7000	test_return_std:           6.4564

[INFO 11:38:02] my_main Recent Stats | t_env:    1210000 | Episode:    12100
entropy_loss:              0.0015	ep_length_mean:          100.0000	episode_limit_mean:        1.0000	epsilon:                   0.0500
grad_norm:                22.0023	healthy_machine_fraction_mean:  0.3034	loss:                      0.4770	mi_loss:                   0.0033
q_taken_mean:              2.1884	return_mean:              61.0420	return_median:            61.4000	return_std:                5.9157
target_mean:               2.2232	td_error_abs:              0.5094	test_ep_length_mean:     100.0000	test_episode_limit_mean:   1.0000
test_healthy_machine_fraction_mean:  0.2894	test_return_mean:         67.6250	test_return_median:       67.7000	test_return_std:           6.4564

[INFO 11:38:04] my_main t_env: 1210100 / 2050000
[INFO 11:38:04] my_main Estimated time left: 6 hours, 47 minutes, 0 seconds. Time passed: 9 hours, 33 minutes, 55 seconds
[INFO 11:39:24] my_main Recent Stats | t_env:    1212000 | Episode:    12120
entropy_loss:              0.0015	ep_length_mean:          100.0000	episode_limit_mean:        1.0000	epsilon:                   0.0500
grad_norm:                22.0023	healthy_machine_fraction_mean:  0.3034	loss:                      0.4770	mi_loss:                   0.0033
q_taken_mean:              2.1884	return_mean:              60.4420	return_median:            60.6000	return_std:                6.0372
target_mean:               2.2232	td_error_abs:              0.5094	test_ep_length_mean:     100.0000	test_episode_limit_mean:   1.0000
test_healthy_machine_fraction_mean:  0.2850	test_return_mean:         66.0500	test_return_median:       65.7000	test_return_std:           6.2910

[INFO 11:40:16] my_main Recent Stats | t_env:    1214000 | Episode:    12140
entropy_loss:              0.0015	ep_length_mean:          100.0000	episode_limit_mean:        1.0000	epsilon:                   0.0500
grad_norm:                21.8889	healthy_machine_fraction_mean:  0.3034	loss:                      0.4727	mi_loss:                   0.0033
q_taken_mean:              2.1954	return_mean:              60.4420	return_median:            60.6000	return_std:                6.0372
target_mean:               2.2302	td_error_abs:              0.5060	test_ep_length_mean:     100.0000	test_episode_limit_mean:   1.0000
test_healthy_machine_fraction_mean:  0.2850	test_return_mean:         66.0500	test_return_median:       65.7000	test_return_std:           6.2910

[INFO 11:41:08] my_main Recent Stats | t_env:    1216000 | Episode:    12160
entropy_loss:              0.0015	ep_length_mean:          100.0000	episode_limit_mean:        1.0000	epsilon:                   0.0500
grad_norm:                21.8889	healthy_machine_fraction_mean:  0.3034	loss:                      0.4727	mi_loss:                   0.0033
q_taken_mean:              2.1954	return_mean:              60.4420	return_median:            60.6000	return_std:                6.0372
target_mean:               2.2302	td_error_abs:              0.5060	test_ep_length_mean:     100.0000	test_episode_limit_mean:   1.0000
test_healthy_machine_fraction_mean:  0.2850	test_return_mean:         66.0500	test_return_median:       65.7000	test_return_std:           6.2910

[INFO 11:42:00] my_main Recent Stats | t_env:    1218000 | Episode:    12180
entropy_loss:              0.0015	ep_length_mean:          100.0000	episode_limit_mean:        1.0000	epsilon:                   0.0500
grad_norm:                21.8889	healthy_machine_fraction_mean:  0.3034	loss:                      0.4727	mi_loss:                   0.0033
q_taken_mean:              2.1954	return_mean:              60.4420	return_median:            60.6000	return_std:                6.0372
target_mean:               2.2302	td_error_abs:              0.5060	test_ep_length_mean:     100.0000	test_episode_limit_mean:   1.0000
test_healthy_machine_fraction_mean:  0.2850	test_return_mean:         66.0500	test_return_median:       65.7000	test_return_std:           6.2910

[INFO 11:42:51] my_main Recent Stats | t_env:    1220000 | Episode:    12200
entropy_loss:              0.0015	ep_length_mean:          100.0000	episode_limit_mean:        1.0000	epsilon:                   0.0500
grad_norm:                21.8889	healthy_machine_fraction_mean:  0.3034	loss:                      0.4727	mi_loss:                   0.0033
q_taken_mean:              2.1954	return_mean:              60.4420	return_median:            60.6000	return_std:                6.0372
target_mean:               2.2302	td_error_abs:              0.5060	test_ep_length_mean:     100.0000	test_episode_limit_mean:   1.0000
test_healthy_machine_fraction_mean:  0.2850	test_return_mean:         66.0500	test_return_median:       65.7000	test_return_std:           6.2910

[INFO 11:42:54] my_main Updated target network
[INFO 11:42:54] my_main t_env: 1220100 / 2050000
[INFO 11:42:54] my_main Estimated time left: 6 hours, 40 minutes, 30 seconds. Time passed: 9 hours, 38 minutes, 44 seconds
[INFO 11:44:14] my_main Recent Stats | t_env:    1222000 | Episode:    12220
entropy_loss:              0.0015	ep_length_mean:          100.0000	episode_limit_mean:        1.0000	epsilon:                   0.0500
grad_norm:                21.8889	healthy_machine_fraction_mean:  0.2866	loss:                      0.4727	mi_loss:                   0.0033
q_taken_mean:              2.1954	return_mean:              59.9220	return_median:            60.2000	return_std:                6.1751
target_mean:               2.2302	td_error_abs:              0.5060	test_ep_length_mean:     100.0000	test_episode_limit_mean:   1.0000
test_healthy_machine_fraction_mean:  0.2756	test_return_mean:         65.1562	test_return_median:       64.7000	test_return_std:           6.6204

[INFO 11:45:05] my_main Recent Stats | t_env:    1224000 | Episode:    12240
entropy_loss:              0.0015	ep_length_mean:          100.0000	episode_limit_mean:        1.0000	epsilon:                   0.0500
grad_norm:                22.3955	healthy_machine_fraction_mean:  0.2866	loss:                      0.4720	mi_loss:                   0.0033
q_taken_mean:              2.2041	return_mean:              59.9220	return_median:            60.2000	return_std:                6.1751
target_mean:               2.2396	td_error_abs:              0.5074	test_ep_length_mean:     100.0000	test_episode_limit_mean:   1.0000
test_healthy_machine_fraction_mean:  0.2756	test_return_mean:         65.1562	test_return_median:       64.7000	test_return_std:           6.6204

[INFO 11:45:57] my_main Recent Stats | t_env:    1226000 | Episode:    12260
entropy_loss:              0.0015	ep_length_mean:          100.0000	episode_limit_mean:        1.0000	epsilon:                   0.0500
grad_norm:                22.3955	healthy_machine_fraction_mean:  0.2866	loss:                      0.4720	mi_loss:                   0.0033
q_taken_mean:              2.2041	return_mean:              59.9220	return_median:            60.2000	return_std:                6.1751
target_mean:               2.2396	td_error_abs:              0.5074	test_ep_length_mean:     100.0000	test_episode_limit_mean:   1.0000
test_healthy_machine_fraction_mean:  0.2756	test_return_mean:         65.1562	test_return_median:       64.7000	test_return_std:           6.6204

[INFO 11:46:49] my_main Recent Stats | t_env:    1228000 | Episode:    12280
entropy_loss:              0.0015	ep_length_mean:          100.0000	episode_limit_mean:        1.0000	epsilon:                   0.0500
grad_norm:                22.3955	healthy_machine_fraction_mean:  0.2866	loss:                      0.4720	mi_loss:                   0.0033
q_taken_mean:              2.2041	return_mean:              59.9220	return_median:            60.2000	return_std:                6.1751
target_mean:               2.2396	td_error_abs:              0.5074	test_ep_length_mean:     100.0000	test_episode_limit_mean:   1.0000
test_healthy_machine_fraction_mean:  0.2756	test_return_mean:         65.1562	test_return_median:       64.7000	test_return_std:           6.6204

[INFO 11:47:40] my_main Recent Stats | t_env:    1230000 | Episode:    12300
entropy_loss:              0.0015	ep_length_mean:          100.0000	episode_limit_mean:        1.0000	epsilon:                   0.0500
grad_norm:                22.3955	healthy_machine_fraction_mean:  0.2866	loss:                      0.4720	mi_loss:                   0.0033
q_taken_mean:              2.2041	return_mean:              59.9220	return_median:            60.2000	return_std:                6.1751
target_mean:               2.2396	td_error_abs:              0.5074	test_ep_length_mean:     100.0000	test_episode_limit_mean:   1.0000
test_healthy_machine_fraction_mean:  0.2756	test_return_mean:         65.1562	test_return_median:       64.7000	test_return_std:           6.6204

[INFO 11:47:43] my_main t_env: 1230100 / 2050000
[INFO 11:47:43] my_main Estimated time left: 6 hours, 34 minutes, 43 seconds. Time passed: 9 hours, 43 minutes, 33 seconds
[INFO 11:49:03] my_main Recent Stats | t_env:    1232000 | Episode:    12320
entropy_loss:              0.0015	ep_length_mean:          100.0000	episode_limit_mean:        1.0000	epsilon:                   0.0500
grad_norm:                22.3955	healthy_machine_fraction_mean:  0.2788	loss:                      0.4720	mi_loss:                   0.0033
q_taken_mean:              2.2041	return_mean:              59.5860	return_median:            60.0000	return_std:                6.0848
target_mean:               2.2396	td_error_abs:              0.5074	test_ep_length_mean:     100.0000	test_episode_limit_mean:   1.0000
test_healthy_machine_fraction_mean:  0.2731	test_return_mean:         65.4562	test_return_median:       64.9000	test_return_std:           5.9620

[INFO 11:49:53] my_main Recent Stats | t_env:    1234000 | Episode:    12340
entropy_loss:              0.0015	ep_length_mean:          100.0000	episode_limit_mean:        1.0000	epsilon:                   0.0500
grad_norm:                22.1328	healthy_machine_fraction_mean:  0.2788	loss:                      0.4603	mi_loss:                   0.0033
q_taken_mean:              2.2096	return_mean:              59.5860	return_median:            60.0000	return_std:                6.0848
target_mean:               2.2448	td_error_abs:              0.5021	test_ep_length_mean:     100.0000	test_episode_limit_mean:   1.0000
test_healthy_machine_fraction_mean:  0.2731	test_return_mean:         65.4562	test_return_median:       64.9000	test_return_std:           5.9620

[INFO 11:50:41] my_main Recent Stats | t_env:    1236000 | Episode:    12360
entropy_loss:              0.0015	ep_length_mean:          100.0000	episode_limit_mean:        1.0000	epsilon:                   0.0500
grad_norm:                22.1328	healthy_machine_fraction_mean:  0.2788	loss:                      0.4603	mi_loss:                   0.0033
q_taken_mean:              2.2096	return_mean:              59.5860	return_median:            60.0000	return_std:                6.0848
target_mean:               2.2448	td_error_abs:              0.5021	test_ep_length_mean:     100.0000	test_episode_limit_mean:   1.0000
test_healthy_machine_fraction_mean:  0.2731	test_return_mean:         65.4562	test_return_median:       64.9000	test_return_std:           5.9620

[INFO 11:51:33] my_main Recent Stats | t_env:    1238000 | Episode:    12380
entropy_loss:              0.0015	ep_length_mean:          100.0000	episode_limit_mean:        1.0000	epsilon:                   0.0500
grad_norm:                22.1328	healthy_machine_fraction_mean:  0.2788	loss:                      0.4603	mi_loss:                   0.0033
q_taken_mean:              2.2096	return_mean:              59.5860	return_median:            60.0000	return_std:                6.0848
target_mean:               2.2448	td_error_abs:              0.5021	test_ep_length_mean:     100.0000	test_episode_limit_mean:   1.0000
test_healthy_machine_fraction_mean:  0.2731	test_return_mean:         65.4562	test_return_median:       64.9000	test_return_std:           5.9620

[INFO 11:52:26] my_main Recent Stats | t_env:    1240000 | Episode:    12400
entropy_loss:              0.0015	ep_length_mean:          100.0000	episode_limit_mean:        1.0000	epsilon:                   0.0500
grad_norm:                22.1328	healthy_machine_fraction_mean:  0.2788	loss:                      0.4603	mi_loss:                   0.0033
q_taken_mean:              2.2096	return_mean:              59.5860	return_median:            60.0000	return_std:                6.0848
target_mean:               2.2448	td_error_abs:              0.5021	test_ep_length_mean:     100.0000	test_episode_limit_mean:   1.0000
test_healthy_machine_fraction_mean:  0.2731	test_return_mean:         65.4562	test_return_median:       64.9000	test_return_std:           5.9620

[INFO 11:52:28] my_main Updated target network
[INFO 11:52:28] my_main t_env: 1240100 / 2050000
[INFO 11:52:28] my_main Estimated time left: 6 hours, 24 minutes, 58 seconds. Time passed: 9 hours, 48 minutes, 18 seconds
[INFO 11:53:48] my_main Recent Stats | t_env:    1242000 | Episode:    12420
entropy_loss:              0.0015	ep_length_mean:          100.0000	episode_limit_mean:        1.0000	epsilon:                   0.0500
grad_norm:                22.1328	healthy_machine_fraction_mean:  0.2732	loss:                      0.4603	mi_loss:                   0.0033
q_taken_mean:              2.2096	return_mean:              59.6420	return_median:            59.8000	return_std:                6.1142
target_mean:               2.2448	td_error_abs:              0.5021	test_ep_length_mean:     100.0000	test_episode_limit_mean:   1.0000
test_healthy_machine_fraction_mean:  0.2544	test_return_mean:         65.8937	test_return_median:       65.2000	test_return_std:           5.9097

[INFO 11:54:39] my_main Recent Stats | t_env:    1244000 | Episode:    12440
entropy_loss:              0.0015	ep_length_mean:          100.0000	episode_limit_mean:        1.0000	epsilon:                   0.0500
grad_norm:                20.7924	healthy_machine_fraction_mean:  0.2732	loss:                      0.4329	mi_loss:                   0.0033
q_taken_mean:              2.2214	return_mean:              59.6420	return_median:            59.8000	return_std:                6.1142
target_mean:               2.2544	td_error_abs:              0.4882	test_ep_length_mean:     100.0000	test_episode_limit_mean:   1.0000
test_healthy_machine_fraction_mean:  0.2544	test_return_mean:         65.8937	test_return_median:       65.2000	test_return_std:           5.9097

[INFO 11:55:31] my_main Recent Stats | t_env:    1246000 | Episode:    12460
entropy_loss:              0.0015	ep_length_mean:          100.0000	episode_limit_mean:        1.0000	epsilon:                   0.0500
grad_norm:                20.7924	healthy_machine_fraction_mean:  0.2732	loss:                      0.4329	mi_loss:                   0.0033
q_taken_mean:              2.2214	return_mean:              59.6420	return_median:            59.8000	return_std:                6.1142
target_mean:               2.2544	td_error_abs:              0.4882	test_ep_length_mean:     100.0000	test_episode_limit_mean:   1.0000
test_healthy_machine_fraction_mean:  0.2544	test_return_mean:         65.8937	test_return_median:       65.2000	test_return_std:           5.9097

[INFO 11:56:24] my_main Recent Stats | t_env:    1248000 | Episode:    12480
entropy_loss:              0.0015	ep_length_mean:          100.0000	episode_limit_mean:        1.0000	epsilon:                   0.0500
grad_norm:                20.7924	healthy_machine_fraction_mean:  0.2732	loss:                      0.4329	mi_loss:                   0.0033
q_taken_mean:              2.2214	return_mean:              59.6420	return_median:            59.8000	return_std:                6.1142
target_mean:               2.2544	td_error_abs:              0.4882	test_ep_length_mean:     100.0000	test_episode_limit_mean:   1.0000
test_healthy_machine_fraction_mean:  0.2544	test_return_mean:         65.8937	test_return_median:       65.2000	test_return_std:           5.9097

[INFO 11:57:15] my_main Recent Stats | t_env:    1250000 | Episode:    12500
entropy_loss:              0.0015	ep_length_mean:          100.0000	episode_limit_mean:        1.0000	epsilon:                   0.0500
grad_norm:                20.7924	healthy_machine_fraction_mean:  0.2732	loss:                      0.4329	mi_loss:                   0.0033
q_taken_mean:              2.2214	return_mean:              59.6420	return_median:            59.8000	return_std:                6.1142
target_mean:               2.2544	td_error_abs:              0.4882	test_ep_length_mean:     100.0000	test_episode_limit_mean:   1.0000
test_healthy_machine_fraction_mean:  0.2544	test_return_mean:         65.8937	test_return_median:       65.2000	test_return_std:           5.9097

[INFO 11:57:17] my_main t_env: 1250100 / 2050000
[INFO 11:57:17] my_main Estimated time left: 6 hours, 25 minutes, 19 seconds. Time passed: 9 hours, 53 minutes, 7 seconds
[INFO 11:58:36] my_main Recent Stats | t_env:    1252000 | Episode:    12520
entropy_loss:              0.0015	ep_length_mean:          100.0000	episode_limit_mean:        1.0000	epsilon:                   0.0500
grad_norm:                20.7924	healthy_machine_fraction_mean:  0.2618	loss:                      0.4329	mi_loss:                   0.0033
q_taken_mean:              2.2214	return_mean:              59.7280	return_median:            59.8000	return_std:                6.0489
target_mean:               2.2544	td_error_abs:              0.4882	test_ep_length_mean:     100.0000	test_episode_limit_mean:   1.0000
test_healthy_machine_fraction_mean:  0.2456	test_return_mean:         66.4938	test_return_median:       65.8000	test_return_std:           6.0498

[INFO 11:59:28] my_main Recent Stats | t_env:    1254000 | Episode:    12540
entropy_loss:              0.0015	ep_length_mean:          100.0000	episode_limit_mean:        1.0000	epsilon:                   0.0500
grad_norm:                20.7564	healthy_machine_fraction_mean:  0.2618	loss:                      0.4241	mi_loss:                   0.0033
q_taken_mean:              2.2294	return_mean:              59.7280	return_median:            59.8000	return_std:                6.0489
target_mean:               2.2624	td_error_abs:              0.4850	test_ep_length_mean:     100.0000	test_episode_limit_mean:   1.0000
test_healthy_machine_fraction_mean:  0.2456	test_return_mean:         66.4938	test_return_median:       65.8000	test_return_std:           6.0498

[INFO 12:00:20] my_main Recent Stats | t_env:    1256000 | Episode:    12560
entropy_loss:              0.0015	ep_length_mean:          100.0000	episode_limit_mean:        1.0000	epsilon:                   0.0500
grad_norm:                20.7564	healthy_machine_fraction_mean:  0.2618	loss:                      0.4241	mi_loss:                   0.0033
q_taken_mean:              2.2294	return_mean:              59.7280	return_median:            59.8000	return_std:                6.0489
target_mean:               2.2624	td_error_abs:              0.4850	test_ep_length_mean:     100.0000	test_episode_limit_mean:   1.0000
test_healthy_machine_fraction_mean:  0.2456	test_return_mean:         66.4938	test_return_median:       65.8000	test_return_std:           6.0498

[INFO 12:01:12] my_main Recent Stats | t_env:    1258000 | Episode:    12580
entropy_loss:              0.0015	ep_length_mean:          100.0000	episode_limit_mean:        1.0000	epsilon:                   0.0500
grad_norm:                20.7564	healthy_machine_fraction_mean:  0.2618	loss:                      0.4241	mi_loss:                   0.0033
q_taken_mean:              2.2294	return_mean:              59.7280	return_median:            59.8000	return_std:                6.0489
target_mean:               2.2624	td_error_abs:              0.4850	test_ep_length_mean:     100.0000	test_episode_limit_mean:   1.0000
test_healthy_machine_fraction_mean:  0.2456	test_return_mean:         66.4938	test_return_median:       65.8000	test_return_std:           6.0498

[INFO 12:02:03] my_main Recent Stats | t_env:    1260000 | Episode:    12600
entropy_loss:              0.0015	ep_length_mean:          100.0000	episode_limit_mean:        1.0000	epsilon:                   0.0500
grad_norm:                20.7564	healthy_machine_fraction_mean:  0.2618	loss:                      0.4241	mi_loss:                   0.0033
q_taken_mean:              2.2294	return_mean:              59.7280	return_median:            59.8000	return_std:                6.0489
target_mean:               2.2624	td_error_abs:              0.4850	test_ep_length_mean:     100.0000	test_episode_limit_mean:   1.0000
test_healthy_machine_fraction_mean:  0.2456	test_return_mean:         66.4938	test_return_median:       65.8000	test_return_std:           6.0498

[INFO 12:02:06] my_main Updated target network
[INFO 12:02:06] my_main t_env: 1260100 / 2050000
[INFO 12:02:06] my_main Estimated time left: 6 hours, 20 minutes, 16 seconds. Time passed: 9 hours, 57 minutes, 56 seconds
[INFO 12:03:26] my_main Recent Stats | t_env:    1262000 | Episode:    12620
entropy_loss:              0.0015	ep_length_mean:          100.0000	episode_limit_mean:        1.0000	epsilon:                   0.0500
grad_norm:                20.7564	healthy_machine_fraction_mean:  0.2720	loss:                      0.4241	mi_loss:                   0.0033
q_taken_mean:              2.2294	return_mean:              60.2380	return_median:            60.2000	return_std:                6.0148
target_mean:               2.2624	td_error_abs:              0.4850	test_ep_length_mean:     100.0000	test_episode_limit_mean:   1.0000
test_healthy_machine_fraction_mean:  0.2769	test_return_mean:         68.4938	test_return_median:       68.2000	test_return_std:           6.1847

[INFO 12:04:18] my_main Recent Stats | t_env:    1264000 | Episode:    12640
entropy_loss:              0.0015	ep_length_mean:          100.0000	episode_limit_mean:        1.0000	epsilon:                   0.0500
grad_norm:                19.6053	healthy_machine_fraction_mean:  0.2720	loss:                      0.4109	mi_loss:                   0.0033
q_taken_mean:              2.2523	return_mean:              60.2380	return_median:            60.2000	return_std:                6.0148
target_mean:               2.2727	td_error_abs:              0.4874	test_ep_length_mean:     100.0000	test_episode_limit_mean:   1.0000
test_healthy_machine_fraction_mean:  0.2769	test_return_mean:         68.4938	test_return_median:       68.2000	test_return_std:           6.1847

[INFO 12:05:09] my_main Recent Stats | t_env:    1266000 | Episode:    12660
entropy_loss:              0.0015	ep_length_mean:          100.0000	episode_limit_mean:        1.0000	epsilon:                   0.0500
grad_norm:                19.6053	healthy_machine_fraction_mean:  0.2720	loss:                      0.4109	mi_loss:                   0.0033
q_taken_mean:              2.2523	return_mean:              60.2380	return_median:            60.2000	return_std:                6.0148
target_mean:               2.2727	td_error_abs:              0.4874	test_ep_length_mean:     100.0000	test_episode_limit_mean:   1.0000
test_healthy_machine_fraction_mean:  0.2769	test_return_mean:         68.4938	test_return_median:       68.2000	test_return_std:           6.1847

[INFO 12:06:01] my_main Recent Stats | t_env:    1268000 | Episode:    12680
entropy_loss:              0.0015	ep_length_mean:          100.0000	episode_limit_mean:        1.0000	epsilon:                   0.0500
grad_norm:                19.6053	healthy_machine_fraction_mean:  0.2720	loss:                      0.4109	mi_loss:                   0.0033
q_taken_mean:              2.2523	return_mean:              60.2380	return_median:            60.2000	return_std:                6.0148
target_mean:               2.2727	td_error_abs:              0.4874	test_ep_length_mean:     100.0000	test_episode_limit_mean:   1.0000
test_healthy_machine_fraction_mean:  0.2769	test_return_mean:         68.4938	test_return_median:       68.2000	test_return_std:           6.1847

[INFO 12:06:54] my_main Recent Stats | t_env:    1270000 | Episode:    12700
entropy_loss:              0.0015	ep_length_mean:          100.0000	episode_limit_mean:        1.0000	epsilon:                   0.0500
grad_norm:                19.6053	healthy_machine_fraction_mean:  0.2720	loss:                      0.4109	mi_loss:                   0.0033
q_taken_mean:              2.2523	return_mean:              60.2380	return_median:            60.2000	return_std:                6.0148
target_mean:               2.2727	td_error_abs:              0.4874	test_ep_length_mean:     100.0000	test_episode_limit_mean:   1.0000
test_healthy_machine_fraction_mean:  0.2769	test_return_mean:         68.4938	test_return_median:       68.2000	test_return_std:           6.1847

[INFO 12:06:56] my_main t_env: 1270100 / 2050000
[INFO 12:06:56] my_main Estimated time left: 6 hours, 17 minutes, 30 seconds. Time passed: 10 hours, 2 minutes, 47 seconds
[INFO 12:08:16] my_main Recent Stats | t_env:    1272000 | Episode:    12720
entropy_loss:              0.0015	ep_length_mean:          100.0000	episode_limit_mean:        1.0000	epsilon:                   0.0500
grad_norm:                19.6053	healthy_machine_fraction_mean:  0.2726	loss:                      0.4109	mi_loss:                   0.0033
q_taken_mean:              2.2523	return_mean:              60.9140	return_median:            60.8000	return_std:                5.9038
target_mean:               2.2727	td_error_abs:              0.4874	test_ep_length_mean:     100.0000	test_episode_limit_mean:   1.0000
test_healthy_machine_fraction_mean:  0.2738	test_return_mean:         68.6000	test_return_median:       68.4000	test_return_std:           5.8581

[INFO 12:09:07] my_main Recent Stats | t_env:    1274000 | Episode:    12740
entropy_loss:              0.0015	ep_length_mean:          100.0000	episode_limit_mean:        1.0000	epsilon:                   0.0500
grad_norm:                17.7858	healthy_machine_fraction_mean:  0.2726	loss:                      0.3897	mi_loss:                   0.0033
q_taken_mean:              2.2711	return_mean:              60.9140	return_median:            60.8000	return_std:                5.9038
target_mean:               2.2794	td_error_abs:              0.4810	test_ep_length_mean:     100.0000	test_episode_limit_mean:   1.0000
test_healthy_machine_fraction_mean:  0.2738	test_return_mean:         68.6000	test_return_median:       68.4000	test_return_std:           5.8581

[INFO 12:09:59] my_main Recent Stats | t_env:    1276000 | Episode:    12760
entropy_loss:              0.0015	ep_length_mean:          100.0000	episode_limit_mean:        1.0000	epsilon:                   0.0500
grad_norm:                17.7858	healthy_machine_fraction_mean:  0.2726	loss:                      0.3897	mi_loss:                   0.0033
q_taken_mean:              2.2711	return_mean:              60.9140	return_median:            60.8000	return_std:                5.9038
target_mean:               2.2794	td_error_abs:              0.4810	test_ep_length_mean:     100.0000	test_episode_limit_mean:   1.0000
test_healthy_machine_fraction_mean:  0.2738	test_return_mean:         68.6000	test_return_median:       68.4000	test_return_std:           5.8581

[INFO 12:10:51] my_main Recent Stats | t_env:    1278000 | Episode:    12780
entropy_loss:              0.0015	ep_length_mean:          100.0000	episode_limit_mean:        1.0000	epsilon:                   0.0500
grad_norm:                17.7858	healthy_machine_fraction_mean:  0.2726	loss:                      0.3897	mi_loss:                   0.0033
q_taken_mean:              2.2711	return_mean:              60.9140	return_median:            60.8000	return_std:                5.9038
target_mean:               2.2794	td_error_abs:              0.4810	test_ep_length_mean:     100.0000	test_episode_limit_mean:   1.0000
test_healthy_machine_fraction_mean:  0.2738	test_return_mean:         68.6000	test_return_median:       68.4000	test_return_std:           5.8581

[INFO 12:11:43] my_main Recent Stats | t_env:    1280000 | Episode:    12800
entropy_loss:              0.0015	ep_length_mean:          100.0000	episode_limit_mean:        1.0000	epsilon:                   0.0500
grad_norm:                17.7858	healthy_machine_fraction_mean:  0.2726	loss:                      0.3897	mi_loss:                   0.0033
q_taken_mean:              2.2711	return_mean:              60.9140	return_median:            60.8000	return_std:                5.9038
target_mean:               2.2794	td_error_abs:              0.4810	test_ep_length_mean:     100.0000	test_episode_limit_mean:   1.0000
test_healthy_machine_fraction_mean:  0.2738	test_return_mean:         68.6000	test_return_median:       68.4000	test_return_std:           5.8581

[INFO 12:11:46] my_main Updated target network
[INFO 12:11:46] my_main t_env: 1280100 / 2050000
[INFO 12:11:46] my_main Estimated time left: 6 hours, 11 minutes, 19 seconds. Time passed: 10 hours, 7 minutes, 36 seconds
[INFO 12:13:06] my_main Recent Stats | t_env:    1282000 | Episode:    12820
entropy_loss:              0.0015	ep_length_mean:          100.0000	episode_limit_mean:        1.0000	epsilon:                   0.0500
grad_norm:                17.7858	healthy_machine_fraction_mean:  0.2810	loss:                      0.3897	mi_loss:                   0.0033
q_taken_mean:              2.2711	return_mean:              60.8260	return_median:            60.8000	return_std:                6.0076
target_mean:               2.2794	td_error_abs:              0.4810	test_ep_length_mean:     100.0000	test_episode_limit_mean:   1.0000
test_healthy_machine_fraction_mean:  0.2644	test_return_mean:         67.9188	test_return_median:       67.9000	test_return_std:           6.2576

[INFO 12:13:57] my_main Recent Stats | t_env:    1284000 | Episode:    12840
entropy_loss:              0.0015	ep_length_mean:          100.0000	episode_limit_mean:        1.0000	epsilon:                   0.0500
grad_norm:                16.4978	healthy_machine_fraction_mean:  0.2810	loss:                      0.3799	mi_loss:                   0.0033
q_taken_mean:              2.2925	return_mean:              60.8260	return_median:            60.8000	return_std:                6.0076
target_mean:               2.2987	td_error_abs:              0.4746	test_ep_length_mean:     100.0000	test_episode_limit_mean:   1.0000
test_healthy_machine_fraction_mean:  0.2644	test_return_mean:         67.9188	test_return_median:       67.9000	test_return_std:           6.2576

[INFO 12:14:49] my_main Recent Stats | t_env:    1286000 | Episode:    12860
entropy_loss:              0.0015	ep_length_mean:          100.0000	episode_limit_mean:        1.0000	epsilon:                   0.0500
grad_norm:                16.4978	healthy_machine_fraction_mean:  0.2810	loss:                      0.3799	mi_loss:                   0.0033
q_taken_mean:              2.2925	return_mean:              60.8260	return_median:            60.8000	return_std:                6.0076
target_mean:               2.2987	td_error_abs:              0.4746	test_ep_length_mean:     100.0000	test_episode_limit_mean:   1.0000
test_healthy_machine_fraction_mean:  0.2644	test_return_mean:         67.9188	test_return_median:       67.9000	test_return_std:           6.2576

[INFO 12:15:41] my_main Recent Stats | t_env:    1288000 | Episode:    12880
entropy_loss:              0.0015	ep_length_mean:          100.0000	episode_limit_mean:        1.0000	epsilon:                   0.0500
grad_norm:                16.4978	healthy_machine_fraction_mean:  0.2810	loss:                      0.3799	mi_loss:                   0.0033
q_taken_mean:              2.2925	return_mean:              60.8260	return_median:            60.8000	return_std:                6.0076
target_mean:               2.2987	td_error_abs:              0.4746	test_ep_length_mean:     100.0000	test_episode_limit_mean:   1.0000
test_healthy_machine_fraction_mean:  0.2644	test_return_mean:         67.9188	test_return_median:       67.9000	test_return_std:           6.2576

[INFO 12:16:33] my_main Recent Stats | t_env:    1290000 | Episode:    12900
entropy_loss:              0.0015	ep_length_mean:          100.0000	episode_limit_mean:        1.0000	epsilon:                   0.0500
grad_norm:                16.4978	healthy_machine_fraction_mean:  0.2810	loss:                      0.3799	mi_loss:                   0.0033
q_taken_mean:              2.2925	return_mean:              60.8260	return_median:            60.8000	return_std:                6.0076
target_mean:               2.2987	td_error_abs:              0.4746	test_ep_length_mean:     100.0000	test_episode_limit_mean:   1.0000
test_healthy_machine_fraction_mean:  0.2644	test_return_mean:         67.9188	test_return_median:       67.9000	test_return_std:           6.2576

[INFO 12:16:36] my_main t_env: 1290100 / 2050000
[INFO 12:16:36] my_main Estimated time left: 6 hours, 7 minutes, 33 seconds. Time passed: 10 hours, 12 minutes, 26 seconds
[INFO 12:17:56] my_main Recent Stats | t_env:    1292000 | Episode:    12920
entropy_loss:              0.0015	ep_length_mean:          100.0000	episode_limit_mean:        1.0000	epsilon:                   0.0500
grad_norm:                16.4978	healthy_machine_fraction_mean:  0.2866	loss:                      0.3799	mi_loss:                   0.0033
q_taken_mean:              2.2925	return_mean:              60.7940	return_median:            60.8000	return_std:                6.1911
target_mean:               2.2987	td_error_abs:              0.4746	test_ep_length_mean:     100.0000	test_episode_limit_mean:   1.0000
test_healthy_machine_fraction_mean:  0.2625	test_return_mean:         67.0438	test_return_median:       67.4000	test_return_std:           6.3838

[INFO 12:18:48] my_main Recent Stats | t_env:    1294000 | Episode:    12940
entropy_loss:              0.0015	ep_length_mean:          100.0000	episode_limit_mean:        1.0000	epsilon:                   0.0500
grad_norm:                17.8705	healthy_machine_fraction_mean:  0.2866	loss:                      0.4032	mi_loss:                   0.0032
q_taken_mean:              2.3082	return_mean:              60.7940	return_median:            60.8000	return_std:                6.1911
target_mean:               2.3165	td_error_abs:              0.4867	test_ep_length_mean:     100.0000	test_episode_limit_mean:   1.0000
test_healthy_machine_fraction_mean:  0.2625	test_return_mean:         67.0438	test_return_median:       67.4000	test_return_std:           6.3838

[INFO 12:19:40] my_main Recent Stats | t_env:    1296000 | Episode:    12960
entropy_loss:              0.0015	ep_length_mean:          100.0000	episode_limit_mean:        1.0000	epsilon:                   0.0500
grad_norm:                17.8705	healthy_machine_fraction_mean:  0.2866	loss:                      0.4032	mi_loss:                   0.0032
q_taken_mean:              2.3082	return_mean:              60.7940	return_median:            60.8000	return_std:                6.1911
target_mean:               2.3165	td_error_abs:              0.4867	test_ep_length_mean:     100.0000	test_episode_limit_mean:   1.0000
test_healthy_machine_fraction_mean:  0.2625	test_return_mean:         67.0438	test_return_median:       67.4000	test_return_std:           6.3838

[INFO 12:20:31] my_main Recent Stats | t_env:    1298000 | Episode:    12980
entropy_loss:              0.0015	ep_length_mean:          100.0000	episode_limit_mean:        1.0000	epsilon:                   0.0500
grad_norm:                17.8705	healthy_machine_fraction_mean:  0.2866	loss:                      0.4032	mi_loss:                   0.0032
q_taken_mean:              2.3082	return_mean:              60.7940	return_median:            60.8000	return_std:                6.1911
target_mean:               2.3165	td_error_abs:              0.4867	test_ep_length_mean:     100.0000	test_episode_limit_mean:   1.0000
test_healthy_machine_fraction_mean:  0.2625	test_return_mean:         67.0438	test_return_median:       67.4000	test_return_std:           6.3838

[INFO 12:21:23] my_main Recent Stats | t_env:    1300000 | Episode:    13000
entropy_loss:              0.0015	ep_length_mean:          100.0000	episode_limit_mean:        1.0000	epsilon:                   0.0500
grad_norm:                17.8705	healthy_machine_fraction_mean:  0.2866	loss:                      0.4032	mi_loss:                   0.0032
q_taken_mean:              2.3082	return_mean:              60.7940	return_median:            60.8000	return_std:                6.1911
target_mean:               2.3165	td_error_abs:              0.4867	test_ep_length_mean:     100.0000	test_episode_limit_mean:   1.0000
test_healthy_machine_fraction_mean:  0.2625	test_return_mean:         67.0438	test_return_median:       67.4000	test_return_std:           6.3838

[INFO 12:21:25] my_main Updated target network
[INFO 12:21:25] my_main t_env: 1300100 / 2050000
[INFO 12:21:25] my_main Estimated time left: 6 hours, 1 minutes, 50 seconds. Time passed: 10 hours, 17 minutes, 16 seconds
[INFO 12:22:45] my_main Recent Stats | t_env:    1302000 | Episode:    13020
entropy_loss:              0.0015	ep_length_mean:          100.0000	episode_limit_mean:        1.0000	epsilon:                   0.0500
grad_norm:                17.8705	healthy_machine_fraction_mean:  0.2932	loss:                      0.4032	mi_loss:                   0.0032
q_taken_mean:              2.3082	return_mean:              60.8020	return_median:            60.8000	return_std:                6.1921
target_mean:               2.3165	td_error_abs:              0.4867	test_ep_length_mean:     100.0000	test_episode_limit_mean:   1.0000
test_healthy_machine_fraction_mean:  0.2844	test_return_mean:         67.2313	test_return_median:       67.8000	test_return_std:           5.9139

[INFO 12:23:36] my_main Recent Stats | t_env:    1304000 | Episode:    13040
entropy_loss:              0.0015	ep_length_mean:          100.0000	episode_limit_mean:        1.0000	epsilon:                   0.0500
grad_norm:                16.6970	healthy_machine_fraction_mean:  0.2932	loss:                      0.3916	mi_loss:                   0.0032
q_taken_mean:              2.3404	return_mean:              60.8020	return_median:            60.8000	return_std:                6.1921
target_mean:               2.3384	td_error_abs:              0.4858	test_ep_length_mean:     100.0000	test_episode_limit_mean:   1.0000
test_healthy_machine_fraction_mean:  0.2844	test_return_mean:         67.2313	test_return_median:       67.8000	test_return_std:           5.9139

[INFO 12:24:28] my_main Recent Stats | t_env:    1306000 | Episode:    13060
entropy_loss:              0.0015	ep_length_mean:          100.0000	episode_limit_mean:        1.0000	epsilon:                   0.0500
grad_norm:                16.6970	healthy_machine_fraction_mean:  0.2932	loss:                      0.3916	mi_loss:                   0.0032
q_taken_mean:              2.3404	return_mean:              60.8020	return_median:            60.8000	return_std:                6.1921
target_mean:               2.3384	td_error_abs:              0.4858	test_ep_length_mean:     100.0000	test_episode_limit_mean:   1.0000
test_healthy_machine_fraction_mean:  0.2844	test_return_mean:         67.2313	test_return_median:       67.8000	test_return_std:           5.9139

[INFO 12:25:20] my_main Recent Stats | t_env:    1308000 | Episode:    13080
entropy_loss:              0.0015	ep_length_mean:          100.0000	episode_limit_mean:        1.0000	epsilon:                   0.0500
grad_norm:                16.6970	healthy_machine_fraction_mean:  0.2932	loss:                      0.3916	mi_loss:                   0.0032
q_taken_mean:              2.3404	return_mean:              60.8020	return_median:            60.8000	return_std:                6.1921
target_mean:               2.3384	td_error_abs:              0.4858	test_ep_length_mean:     100.0000	test_episode_limit_mean:   1.0000
test_healthy_machine_fraction_mean:  0.2844	test_return_mean:         67.2313	test_return_median:       67.8000	test_return_std:           5.9139

[INFO 12:26:11] my_main Recent Stats | t_env:    1310000 | Episode:    13100
entropy_loss:              0.0015	ep_length_mean:          100.0000	episode_limit_mean:        1.0000	epsilon:                   0.0500
grad_norm:                16.6970	healthy_machine_fraction_mean:  0.2932	loss:                      0.3916	mi_loss:                   0.0032
q_taken_mean:              2.3404	return_mean:              60.8020	return_median:            60.8000	return_std:                6.1921
target_mean:               2.3384	td_error_abs:              0.4858	test_ep_length_mean:     100.0000	test_episode_limit_mean:   1.0000
test_healthy_machine_fraction_mean:  0.2844	test_return_mean:         67.2313	test_return_median:       67.8000	test_return_std:           5.9139

[INFO 12:26:14] my_main t_env: 1310100 / 2050000
[INFO 12:26:14] my_main Estimated time left: 5 hours, 55 minutes, 20 seconds. Time passed: 10 hours, 22 minutes, 4 seconds
[INFO 12:27:28] my_main Recent Stats | t_env:    1312000 | Episode:    13120
entropy_loss:              0.0015	ep_length_mean:          100.0000	episode_limit_mean:        1.0000	epsilon:                   0.0500
grad_norm:                16.6970	healthy_machine_fraction_mean:  0.2982	loss:                      0.3916	mi_loss:                   0.0032
q_taken_mean:              2.3404	return_mean:              61.0220	return_median:            61.0000	return_std:                6.2718
target_mean:               2.3384	td_error_abs:              0.4858	test_ep_length_mean:     100.0000	test_episode_limit_mean:   1.0000
test_healthy_machine_fraction_mean:  0.2581	test_return_mean:         66.6000	test_return_median:       67.2000	test_return_std:           6.0173

[INFO 12:28:19] my_main Recent Stats | t_env:    1314000 | Episode:    13140
entropy_loss:              0.0015	ep_length_mean:          100.0000	episode_limit_mean:        1.0000	epsilon:                   0.0500
grad_norm:                16.4117	healthy_machine_fraction_mean:  0.2982	loss:                      0.3789	mi_loss:                   0.0032
q_taken_mean:              2.3565	return_mean:              61.0220	return_median:            61.0000	return_std:                6.2718
target_mean:               2.3551	td_error_abs:              0.4773	test_ep_length_mean:     100.0000	test_episode_limit_mean:   1.0000
test_healthy_machine_fraction_mean:  0.2581	test_return_mean:         66.6000	test_return_median:       67.2000	test_return_std:           6.0173

[INFO 12:29:11] my_main Recent Stats | t_env:    1316000 | Episode:    13160
entropy_loss:              0.0015	ep_length_mean:          100.0000	episode_limit_mean:        1.0000	epsilon:                   0.0500
grad_norm:                16.4117	healthy_machine_fraction_mean:  0.2982	loss:                      0.3789	mi_loss:                   0.0032
q_taken_mean:              2.3565	return_mean:              61.0220	return_median:            61.0000	return_std:                6.2718
target_mean:               2.3551	td_error_abs:              0.4773	test_ep_length_mean:     100.0000	test_episode_limit_mean:   1.0000
test_healthy_machine_fraction_mean:  0.2581	test_return_mean:         66.6000	test_return_median:       67.2000	test_return_std:           6.0173

[INFO 12:30:03] my_main Recent Stats | t_env:    1318000 | Episode:    13180
entropy_loss:              0.0015	ep_length_mean:          100.0000	episode_limit_mean:        1.0000	epsilon:                   0.0500
grad_norm:                16.4117	healthy_machine_fraction_mean:  0.2982	loss:                      0.3789	mi_loss:                   0.0032
q_taken_mean:              2.3565	return_mean:              61.0220	return_median:            61.0000	return_std:                6.2718
target_mean:               2.3551	td_error_abs:              0.4773	test_ep_length_mean:     100.0000	test_episode_limit_mean:   1.0000
test_healthy_machine_fraction_mean:  0.2581	test_return_mean:         66.6000	test_return_median:       67.2000	test_return_std:           6.0173

[INFO 12:30:54] my_main Recent Stats | t_env:    1320000 | Episode:    13200
entropy_loss:              0.0015	ep_length_mean:          100.0000	episode_limit_mean:        1.0000	epsilon:                   0.0500
grad_norm:                16.4117	healthy_machine_fraction_mean:  0.2982	loss:                      0.3789	mi_loss:                   0.0032
q_taken_mean:              2.3565	return_mean:              61.0220	return_median:            61.0000	return_std:                6.2718
target_mean:               2.3551	td_error_abs:              0.4773	test_ep_length_mean:     100.0000	test_episode_limit_mean:   1.0000
test_healthy_machine_fraction_mean:  0.2581	test_return_mean:         66.6000	test_return_median:       67.2000	test_return_std:           6.0173

[INFO 12:30:56] my_main Updated target network
[INFO 12:30:56] my_main t_env: 1320100 / 2050000
[INFO 12:30:56] my_main Estimated time left: 5 hours, 43 minutes, 56 seconds. Time passed: 10 hours, 26 minutes, 47 seconds
[INFO 12:32:16] my_main Recent Stats | t_env:    1322000 | Episode:    13220
entropy_loss:              0.0015	ep_length_mean:          100.0000	episode_limit_mean:        1.0000	epsilon:                   0.0500
grad_norm:                16.4117	healthy_machine_fraction_mean:  0.3038	loss:                      0.3789	mi_loss:                   0.0032
q_taken_mean:              2.3565	return_mean:              61.3180	return_median:            61.3000	return_std:                6.2168
target_mean:               2.3551	td_error_abs:              0.4773	test_ep_length_mean:     100.0000	test_episode_limit_mean:   1.0000
test_healthy_machine_fraction_mean:  0.2750	test_return_mean:         67.6250	test_return_median:       68.3000	test_return_std:           6.1722

[INFO 12:33:07] my_main Recent Stats | t_env:    1324000 | Episode:    13240
entropy_loss:              0.0015	ep_length_mean:          100.0000	episode_limit_mean:        1.0000	epsilon:                   0.0500
grad_norm:                16.2051	healthy_machine_fraction_mean:  0.3038	loss:                      0.3727	mi_loss:                   0.0032
q_taken_mean:              2.3787	return_mean:              61.3180	return_median:            61.3000	return_std:                6.2168
target_mean:               2.3860	td_error_abs:              0.4658	test_ep_length_mean:     100.0000	test_episode_limit_mean:   1.0000
test_healthy_machine_fraction_mean:  0.2750	test_return_mean:         67.6250	test_return_median:       68.3000	test_return_std:           6.1722

[INFO 12:33:58] my_main Recent Stats | t_env:    1326000 | Episode:    13260
entropy_loss:              0.0015	ep_length_mean:          100.0000	episode_limit_mean:        1.0000	epsilon:                   0.0500
grad_norm:                16.2051	healthy_machine_fraction_mean:  0.3038	loss:                      0.3727	mi_loss:                   0.0032
q_taken_mean:              2.3787	return_mean:              61.3180	return_median:            61.3000	return_std:                6.2168
target_mean:               2.3860	td_error_abs:              0.4658	test_ep_length_mean:     100.0000	test_episode_limit_mean:   1.0000
test_healthy_machine_fraction_mean:  0.2750	test_return_mean:         67.6250	test_return_median:       68.3000	test_return_std:           6.1722

[INFO 12:34:50] my_main Recent Stats | t_env:    1328000 | Episode:    13280
entropy_loss:              0.0015	ep_length_mean:          100.0000	episode_limit_mean:        1.0000	epsilon:                   0.0500
grad_norm:                16.2051	healthy_machine_fraction_mean:  0.3038	loss:                      0.3727	mi_loss:                   0.0032
q_taken_mean:              2.3787	return_mean:              61.3180	return_median:            61.3000	return_std:                6.2168
target_mean:               2.3860	td_error_abs:              0.4658	test_ep_length_mean:     100.0000	test_episode_limit_mean:   1.0000
test_healthy_machine_fraction_mean:  0.2750	test_return_mean:         67.6250	test_return_median:       68.3000	test_return_std:           6.1722

[INFO 12:35:42] my_main Recent Stats | t_env:    1330000 | Episode:    13300
entropy_loss:              0.0015	ep_length_mean:          100.0000	episode_limit_mean:        1.0000	epsilon:                   0.0500
grad_norm:                16.2051	healthy_machine_fraction_mean:  0.3038	loss:                      0.3727	mi_loss:                   0.0032
q_taken_mean:              2.3787	return_mean:              61.3180	return_median:            61.3000	return_std:                6.2168
target_mean:               2.3860	td_error_abs:              0.4658	test_ep_length_mean:     100.0000	test_episode_limit_mean:   1.0000
test_healthy_machine_fraction_mean:  0.2750	test_return_mean:         67.6250	test_return_median:       68.3000	test_return_std:           6.1722

[INFO 12:35:45] my_main t_env: 1330100 / 2050000
[INFO 12:35:45] my_main Estimated time left: 5 hours, 46 minutes, 4 seconds. Time passed: 10 hours, 31 minutes, 35 seconds
[INFO 12:37:04] my_main Recent Stats | t_env:    1332000 | Episode:    13320
entropy_loss:              0.0015	ep_length_mean:          100.0000	episode_limit_mean:        1.0000	epsilon:                   0.0500
grad_norm:                16.2051	healthy_machine_fraction_mean:  0.3036	loss:                      0.3727	mi_loss:                   0.0032
q_taken_mean:              2.3787	return_mean:              61.8840	return_median:            61.7000	return_std:                6.2604
target_mean:               2.3860	td_error_abs:              0.4658	test_ep_length_mean:     100.0000	test_episode_limit_mean:   1.0000
test_healthy_machine_fraction_mean:  0.2831	test_return_mean:         68.4313	test_return_median:       68.7000	test_return_std:           5.9606

[INFO 12:37:56] my_main Recent Stats | t_env:    1334000 | Episode:    13340
entropy_loss:              0.0015	ep_length_mean:          100.0000	episode_limit_mean:        1.0000	epsilon:                   0.0500
grad_norm:                17.9445	healthy_machine_fraction_mean:  0.3036	loss:                      0.3878	mi_loss:                   0.0032
q_taken_mean:              2.3947	return_mean:              61.8840	return_median:            61.7000	return_std:                6.2604
target_mean:               2.4043	td_error_abs:              0.4769	test_ep_length_mean:     100.0000	test_episode_limit_mean:   1.0000
test_healthy_machine_fraction_mean:  0.2831	test_return_mean:         68.4313	test_return_median:       68.7000	test_return_std:           5.9606

[INFO 12:38:48] my_main Recent Stats | t_env:    1336000 | Episode:    13360
entropy_loss:              0.0015	ep_length_mean:          100.0000	episode_limit_mean:        1.0000	epsilon:                   0.0500
grad_norm:                17.9445	healthy_machine_fraction_mean:  0.3036	loss:                      0.3878	mi_loss:                   0.0032
q_taken_mean:              2.3947	return_mean:              61.8840	return_median:            61.7000	return_std:                6.2604
target_mean:               2.4043	td_error_abs:              0.4769	test_ep_length_mean:     100.0000	test_episode_limit_mean:   1.0000
test_healthy_machine_fraction_mean:  0.2831	test_return_mean:         68.4313	test_return_median:       68.7000	test_return_std:           5.9606

[INFO 12:39:39] my_main Recent Stats | t_env:    1338000 | Episode:    13380
entropy_loss:              0.0015	ep_length_mean:          100.0000	episode_limit_mean:        1.0000	epsilon:                   0.0500
grad_norm:                17.9445	healthy_machine_fraction_mean:  0.3036	loss:                      0.3878	mi_loss:                   0.0032
q_taken_mean:              2.3947	return_mean:              61.8840	return_median:            61.7000	return_std:                6.2604
target_mean:               2.4043	td_error_abs:              0.4769	test_ep_length_mean:     100.0000	test_episode_limit_mean:   1.0000
test_healthy_machine_fraction_mean:  0.2831	test_return_mean:         68.4313	test_return_median:       68.7000	test_return_std:           5.9606

[INFO 12:40:31] my_main Recent Stats | t_env:    1340000 | Episode:    13400
entropy_loss:              0.0015	ep_length_mean:          100.0000	episode_limit_mean:        1.0000	epsilon:                   0.0500
grad_norm:                17.9445	healthy_machine_fraction_mean:  0.3036	loss:                      0.3878	mi_loss:                   0.0032
q_taken_mean:              2.3947	return_mean:              61.8840	return_median:            61.7000	return_std:                6.2604
target_mean:               2.4043	td_error_abs:              0.4769	test_ep_length_mean:     100.0000	test_episode_limit_mean:   1.0000
test_healthy_machine_fraction_mean:  0.2831	test_return_mean:         68.4313	test_return_median:       68.7000	test_return_std:           5.9606

[INFO 12:40:34] my_main Updated target network
[INFO 12:40:34] my_main t_env: 1340100 / 2050000
[INFO 12:40:34] my_main Estimated time left: 5 hours, 41 minutes, 36 seconds. Time passed: 10 hours, 36 minutes, 24 seconds
[INFO 12:41:53] my_main Recent Stats | t_env:    1342000 | Episode:    13420
entropy_loss:              0.0015	ep_length_mean:          100.0000	episode_limit_mean:        1.0000	epsilon:                   0.0500
grad_norm:                17.9445	healthy_machine_fraction_mean:  0.3098	loss:                      0.3878	mi_loss:                   0.0032
q_taken_mean:              2.3947	return_mean:              62.2380	return_median:            62.1000	return_std:                6.0410
target_mean:               2.4043	td_error_abs:              0.4769	test_ep_length_mean:     100.0000	test_episode_limit_mean:   1.0000
test_healthy_machine_fraction_mean:  0.2956	test_return_mean:         69.6750	test_return_median:       69.8000	test_return_std:           5.5144

[INFO 12:42:45] my_main Recent Stats | t_env:    1344000 | Episode:    13440
entropy_loss:              0.0015	ep_length_mean:          100.0000	episode_limit_mean:        1.0000	epsilon:                   0.0500
grad_norm:                17.5849	healthy_machine_fraction_mean:  0.3098	loss:                      0.3779	mi_loss:                   0.0032
q_taken_mean:              2.4143	return_mean:              62.2380	return_median:            62.1000	return_std:                6.0410
target_mean:               2.4231	td_error_abs:              0.4731	test_ep_length_mean:     100.0000	test_episode_limit_mean:   1.0000
test_healthy_machine_fraction_mean:  0.2956	test_return_mean:         69.6750	test_return_median:       69.8000	test_return_std:           5.5144

[INFO 12:43:37] my_main Recent Stats | t_env:    1346000 | Episode:    13460
entropy_loss:              0.0015	ep_length_mean:          100.0000	episode_limit_mean:        1.0000	epsilon:                   0.0500
grad_norm:                17.5849	healthy_machine_fraction_mean:  0.3098	loss:                      0.3779	mi_loss:                   0.0032
q_taken_mean:              2.4143	return_mean:              62.2380	return_median:            62.1000	return_std:                6.0410
target_mean:               2.4231	td_error_abs:              0.4731	test_ep_length_mean:     100.0000	test_episode_limit_mean:   1.0000
test_healthy_machine_fraction_mean:  0.2956	test_return_mean:         69.6750	test_return_median:       69.8000	test_return_std:           5.5144

[INFO 12:44:29] my_main Recent Stats | t_env:    1348000 | Episode:    13480
entropy_loss:              0.0015	ep_length_mean:          100.0000	episode_limit_mean:        1.0000	epsilon:                   0.0500
grad_norm:                17.5849	healthy_machine_fraction_mean:  0.3098	loss:                      0.3779	mi_loss:                   0.0032
q_taken_mean:              2.4143	return_mean:              62.2380	return_median:            62.1000	return_std:                6.0410
target_mean:               2.4231	td_error_abs:              0.4731	test_ep_length_mean:     100.0000	test_episode_limit_mean:   1.0000
test_healthy_machine_fraction_mean:  0.2956	test_return_mean:         69.6750	test_return_median:       69.8000	test_return_std:           5.5144

[INFO 12:45:21] my_main Recent Stats | t_env:    1350000 | Episode:    13500
entropy_loss:              0.0015	ep_length_mean:          100.0000	episode_limit_mean:        1.0000	epsilon:                   0.0500
grad_norm:                17.5849	healthy_machine_fraction_mean:  0.3098	loss:                      0.3779	mi_loss:                   0.0032
q_taken_mean:              2.4143	return_mean:              62.2380	return_median:            62.1000	return_std:                6.0410
target_mean:               2.4231	td_error_abs:              0.4731	test_ep_length_mean:     100.0000	test_episode_limit_mean:   1.0000
test_healthy_machine_fraction_mean:  0.2956	test_return_mean:         69.6750	test_return_median:       69.8000	test_return_std:           5.5144

[INFO 12:45:23] my_main t_env: 1350100 / 2050000
[INFO 12:45:23] my_main Estimated time left: 5 hours, 37 minutes, 51 seconds. Time passed: 10 hours, 41 minutes, 13 seconds
[INFO 12:46:43] my_main Recent Stats | t_env:    1352000 | Episode:    13520
entropy_loss:              0.0015	ep_length_mean:          100.0000	episode_limit_mean:        1.0000	epsilon:                   0.0500
grad_norm:                17.5849	healthy_machine_fraction_mean:  0.3112	loss:                      0.3779	mi_loss:                   0.0032
q_taken_mean:              2.4143	return_mean:              62.5000	return_median:            62.5000	return_std:                6.0391
target_mean:               2.4231	td_error_abs:              0.4731	test_ep_length_mean:     100.0000	test_episode_limit_mean:   1.0000
test_healthy_machine_fraction_mean:  0.2750	test_return_mean:         69.5875	test_return_median:       69.5000	test_return_std:           5.7198

[INFO 12:47:35] my_main Recent Stats | t_env:    1354000 | Episode:    13540
entropy_loss:              0.0015	ep_length_mean:          100.0000	episode_limit_mean:        1.0000	epsilon:                   0.0500
grad_norm:                19.1579	healthy_machine_fraction_mean:  0.3112	loss:                      0.3970	mi_loss:                   0.0032
q_taken_mean:              2.4198	return_mean:              62.5000	return_median:            62.5000	return_std:                6.0391
target_mean:               2.4390	td_error_abs:              0.4788	test_ep_length_mean:     100.0000	test_episode_limit_mean:   1.0000
test_healthy_machine_fraction_mean:  0.2750	test_return_mean:         69.5875	test_return_median:       69.5000	test_return_std:           5.7198

[INFO 12:48:27] my_main Recent Stats | t_env:    1356000 | Episode:    13560
entropy_loss:              0.0015	ep_length_mean:          100.0000	episode_limit_mean:        1.0000	epsilon:                   0.0500
grad_norm:                19.1579	healthy_machine_fraction_mean:  0.3112	loss:                      0.3970	mi_loss:                   0.0032
q_taken_mean:              2.4198	return_mean:              62.5000	return_median:            62.5000	return_std:                6.0391
target_mean:               2.4390	td_error_abs:              0.4788	test_ep_length_mean:     100.0000	test_episode_limit_mean:   1.0000
test_healthy_machine_fraction_mean:  0.2750	test_return_mean:         69.5875	test_return_median:       69.5000	test_return_std:           5.7198

[INFO 12:49:17] my_main Recent Stats | t_env:    1358000 | Episode:    13580
entropy_loss:              0.0015	ep_length_mean:          100.0000	episode_limit_mean:        1.0000	epsilon:                   0.0500
grad_norm:                19.1579	healthy_machine_fraction_mean:  0.3112	loss:                      0.3970	mi_loss:                   0.0032
q_taken_mean:              2.4198	return_mean:              62.5000	return_median:            62.5000	return_std:                6.0391
target_mean:               2.4390	td_error_abs:              0.4788	test_ep_length_mean:     100.0000	test_episode_limit_mean:   1.0000
test_healthy_machine_fraction_mean:  0.2750	test_return_mean:         69.5875	test_return_median:       69.5000	test_return_std:           5.7198

[INFO 12:50:09] my_main Recent Stats | t_env:    1360000 | Episode:    13600
entropy_loss:              0.0015	ep_length_mean:          100.0000	episode_limit_mean:        1.0000	epsilon:                   0.0500
grad_norm:                19.1579	healthy_machine_fraction_mean:  0.3112	loss:                      0.3970	mi_loss:                   0.0032
q_taken_mean:              2.4198	return_mean:              62.5000	return_median:            62.5000	return_std:                6.0391
target_mean:               2.4390	td_error_abs:              0.4788	test_ep_length_mean:     100.0000	test_episode_limit_mean:   1.0000
test_healthy_machine_fraction_mean:  0.2750	test_return_mean:         69.5875	test_return_median:       69.5000	test_return_std:           5.7198

[INFO 12:50:12] my_main Updated target network
[INFO 12:50:12] my_main t_env: 1360100 / 2050000
[INFO 12:50:12] my_main Estimated time left: 5 hours, 31 minutes, 56 seconds. Time passed: 10 hours, 46 minutes, 2 seconds
[INFO 12:51:31] my_main Recent Stats | t_env:    1362000 | Episode:    13620
entropy_loss:              0.0015	ep_length_mean:          100.0000	episode_limit_mean:        1.0000	epsilon:                   0.0500
grad_norm:                19.1579	healthy_machine_fraction_mean:  0.3146	loss:                      0.3970	mi_loss:                   0.0032
q_taken_mean:              2.4198	return_mean:              62.6740	return_median:            62.9000	return_std:                6.0580
target_mean:               2.4390	td_error_abs:              0.4788	test_ep_length_mean:     100.0000	test_episode_limit_mean:   1.0000
test_healthy_machine_fraction_mean:  0.3000	test_return_mean:         69.5750	test_return_median:       69.0000	test_return_std:           5.3607

[INFO 12:52:23] my_main Recent Stats | t_env:    1364000 | Episode:    13640
entropy_loss:              0.0015	ep_length_mean:          100.0000	episode_limit_mean:        1.0000	epsilon:                   0.0500
grad_norm:                20.0950	healthy_machine_fraction_mean:  0.3146	loss:                      0.4129	mi_loss:                   0.0032
q_taken_mean:              2.4286	return_mean:              62.6740	return_median:            62.9000	return_std:                6.0580
target_mean:               2.4586	td_error_abs:              0.4807	test_ep_length_mean:     100.0000	test_episode_limit_mean:   1.0000
test_healthy_machine_fraction_mean:  0.3000	test_return_mean:         69.5750	test_return_median:       69.0000	test_return_std:           5.3607

[INFO 12:53:15] my_main Recent Stats | t_env:    1366000 | Episode:    13660
entropy_loss:              0.0015	ep_length_mean:          100.0000	episode_limit_mean:        1.0000	epsilon:                   0.0500
grad_norm:                20.0950	healthy_machine_fraction_mean:  0.3146	loss:                      0.4129	mi_loss:                   0.0032
q_taken_mean:              2.4286	return_mean:              62.6740	return_median:            62.9000	return_std:                6.0580
target_mean:               2.4586	td_error_abs:              0.4807	test_ep_length_mean:     100.0000	test_episode_limit_mean:   1.0000
test_healthy_machine_fraction_mean:  0.3000	test_return_mean:         69.5750	test_return_median:       69.0000	test_return_std:           5.3607

[INFO 12:54:07] my_main Recent Stats | t_env:    1368000 | Episode:    13680
entropy_loss:              0.0015	ep_length_mean:          100.0000	episode_limit_mean:        1.0000	epsilon:                   0.0500
grad_norm:                20.0950	healthy_machine_fraction_mean:  0.3146	loss:                      0.4129	mi_loss:                   0.0032
q_taken_mean:              2.4286	return_mean:              62.6740	return_median:            62.9000	return_std:                6.0580
target_mean:               2.4586	td_error_abs:              0.4807	test_ep_length_mean:     100.0000	test_episode_limit_mean:   1.0000
test_healthy_machine_fraction_mean:  0.3000	test_return_mean:         69.5750	test_return_median:       69.0000	test_return_std:           5.3607

[INFO 12:54:59] my_main Recent Stats | t_env:    1370000 | Episode:    13700
entropy_loss:              0.0015	ep_length_mean:          100.0000	episode_limit_mean:        1.0000	epsilon:                   0.0500
grad_norm:                20.0950	healthy_machine_fraction_mean:  0.3146	loss:                      0.4129	mi_loss:                   0.0032
q_taken_mean:              2.4286	return_mean:              62.6740	return_median:            62.9000	return_std:                6.0580
target_mean:               2.4586	td_error_abs:              0.4807	test_ep_length_mean:     100.0000	test_episode_limit_mean:   1.0000
test_healthy_machine_fraction_mean:  0.3000	test_return_mean:         69.5750	test_return_median:       69.0000	test_return_std:           5.3607

[INFO 12:55:02] my_main t_env: 1370100 / 2050000
[INFO 12:55:02] my_main Estimated time left: 5 hours, 28 minutes, 35 seconds. Time passed: 10 hours, 50 minutes, 52 seconds
[INFO 12:56:23] my_main Recent Stats | t_env:    1372000 | Episode:    13720
entropy_loss:              0.0015	ep_length_mean:          100.0000	episode_limit_mean:        1.0000	epsilon:                   0.0500
grad_norm:                20.0950	healthy_machine_fraction_mean:  0.3054	loss:                      0.4129	mi_loss:                   0.0032
q_taken_mean:              2.4286	return_mean:              62.5060	return_median:            62.8000	return_std:                5.9898
target_mean:               2.4586	td_error_abs:              0.4807	test_ep_length_mean:     100.0000	test_episode_limit_mean:   1.0000
test_healthy_machine_fraction_mean:  0.2912	test_return_mean:         68.8187	test_return_median:       68.2000	test_return_std:           5.1858

[INFO 12:57:13] my_main Recent Stats | t_env:    1374000 | Episode:    13740
entropy_loss:              0.0014	ep_length_mean:          100.0000	episode_limit_mean:        1.0000	epsilon:                   0.0500
grad_norm:                22.1486	healthy_machine_fraction_mean:  0.3054	loss:                      0.4359	mi_loss:                   0.0032
q_taken_mean:              2.4318	return_mean:              62.5060	return_median:            62.8000	return_std:                5.9898
target_mean:               2.4649	td_error_abs:              0.4938	test_ep_length_mean:     100.0000	test_episode_limit_mean:   1.0000
test_healthy_machine_fraction_mean:  0.2912	test_return_mean:         68.8187	test_return_median:       68.2000	test_return_std:           5.1858

[INFO 12:58:05] my_main Recent Stats | t_env:    1376000 | Episode:    13760
entropy_loss:              0.0014	ep_length_mean:          100.0000	episode_limit_mean:        1.0000	epsilon:                   0.0500
grad_norm:                22.1486	healthy_machine_fraction_mean:  0.3054	loss:                      0.4359	mi_loss:                   0.0032
q_taken_mean:              2.4318	return_mean:              62.5060	return_median:            62.8000	return_std:                5.9898
target_mean:               2.4649	td_error_abs:              0.4938	test_ep_length_mean:     100.0000	test_episode_limit_mean:   1.0000
test_healthy_machine_fraction_mean:  0.2912	test_return_mean:         68.8187	test_return_median:       68.2000	test_return_std:           5.1858

[INFO 12:58:57] my_main Recent Stats | t_env:    1378000 | Episode:    13780
entropy_loss:              0.0014	ep_length_mean:          100.0000	episode_limit_mean:        1.0000	epsilon:                   0.0500
grad_norm:                22.1486	healthy_machine_fraction_mean:  0.3054	loss:                      0.4359	mi_loss:                   0.0032
q_taken_mean:              2.4318	return_mean:              62.5060	return_median:            62.8000	return_std:                5.9898
target_mean:               2.4649	td_error_abs:              0.4938	test_ep_length_mean:     100.0000	test_episode_limit_mean:   1.0000
test_healthy_machine_fraction_mean:  0.2912	test_return_mean:         68.8187	test_return_median:       68.2000	test_return_std:           5.1858

[INFO 12:59:50] my_main Recent Stats | t_env:    1380000 | Episode:    13800
entropy_loss:              0.0014	ep_length_mean:          100.0000	episode_limit_mean:        1.0000	epsilon:                   0.0500
grad_norm:                22.1486	healthy_machine_fraction_mean:  0.3054	loss:                      0.4359	mi_loss:                   0.0032
q_taken_mean:              2.4318	return_mean:              62.5060	return_median:            62.8000	return_std:                5.9898
target_mean:               2.4649	td_error_abs:              0.4938	test_ep_length_mean:     100.0000	test_episode_limit_mean:   1.0000
test_healthy_machine_fraction_mean:  0.2912	test_return_mean:         68.8187	test_return_median:       68.2000	test_return_std:           5.1858

[INFO 12:59:52] my_main Updated target network
[INFO 12:59:52] my_main t_env: 1380100 / 2050000
[INFO 12:59:52] my_main Estimated time left: 5 hours, 24 minutes, 16 seconds. Time passed: 10 hours, 55 minutes, 43 seconds
[INFO 13:01:13] my_main Recent Stats | t_env:    1382000 | Episode:    13820
entropy_loss:              0.0014	ep_length_mean:          100.0000	episode_limit_mean:        1.0000	epsilon:                   0.0500
grad_norm:                22.1486	healthy_machine_fraction_mean:  0.2974	loss:                      0.4359	mi_loss:                   0.0032
q_taken_mean:              2.4318	return_mean:              62.2860	return_median:            62.6000	return_std:                5.7591
target_mean:               2.4649	td_error_abs:              0.4938	test_ep_length_mean:     100.0000	test_episode_limit_mean:   1.0000
test_healthy_machine_fraction_mean:  0.2969	test_return_mean:         69.0938	test_return_median:       68.9000	test_return_std:           5.0689

[INFO 13:02:04] my_main Recent Stats | t_env:    1384000 | Episode:    13840
entropy_loss:              0.0014	ep_length_mean:          100.0000	episode_limit_mean:        1.0000	epsilon:                   0.0500
grad_norm:                21.3831	healthy_machine_fraction_mean:  0.2974	loss:                      0.4296	mi_loss:                   0.0032
q_taken_mean:              2.4412	return_mean:              62.2860	return_median:            62.6000	return_std:                5.7591
target_mean:               2.4733	td_error_abs:              0.4887	test_ep_length_mean:     100.0000	test_episode_limit_mean:   1.0000
test_healthy_machine_fraction_mean:  0.2969	test_return_mean:         69.0938	test_return_median:       68.9000	test_return_std:           5.0689

[INFO 13:02:54] my_main Recent Stats | t_env:    1386000 | Episode:    13860
entropy_loss:              0.0014	ep_length_mean:          100.0000	episode_limit_mean:        1.0000	epsilon:                   0.0500
grad_norm:                21.3831	healthy_machine_fraction_mean:  0.2974	loss:                      0.4296	mi_loss:                   0.0032
q_taken_mean:              2.4412	return_mean:              62.2860	return_median:            62.6000	return_std:                5.7591
target_mean:               2.4733	td_error_abs:              0.4887	test_ep_length_mean:     100.0000	test_episode_limit_mean:   1.0000
test_healthy_machine_fraction_mean:  0.2969	test_return_mean:         69.0938	test_return_median:       68.9000	test_return_std:           5.0689

[INFO 13:03:43] my_main Recent Stats | t_env:    1388000 | Episode:    13880
entropy_loss:              0.0014	ep_length_mean:          100.0000	episode_limit_mean:        1.0000	epsilon:                   0.0500
grad_norm:                21.3831	healthy_machine_fraction_mean:  0.2974	loss:                      0.4296	mi_loss:                   0.0032
q_taken_mean:              2.4412	return_mean:              62.2860	return_median:            62.6000	return_std:                5.7591
target_mean:               2.4733	td_error_abs:              0.4887	test_ep_length_mean:     100.0000	test_episode_limit_mean:   1.0000
test_healthy_machine_fraction_mean:  0.2969	test_return_mean:         69.0938	test_return_median:       68.9000	test_return_std:           5.0689

[INFO 13:04:35] my_main Recent Stats | t_env:    1390000 | Episode:    13900
entropy_loss:              0.0014	ep_length_mean:          100.0000	episode_limit_mean:        1.0000	epsilon:                   0.0500
grad_norm:                21.3831	healthy_machine_fraction_mean:  0.2974	loss:                      0.4296	mi_loss:                   0.0032
q_taken_mean:              2.4412	return_mean:              62.2860	return_median:            62.6000	return_std:                5.7591
target_mean:               2.4733	td_error_abs:              0.4887	test_ep_length_mean:     100.0000	test_episode_limit_mean:   1.0000
test_healthy_machine_fraction_mean:  0.2969	test_return_mean:         69.0938	test_return_median:       68.9000	test_return_std:           5.0689

[INFO 13:04:38] my_main t_env: 1390100 / 2050000
[INFO 13:04:38] my_main Estimated time left: 5 hours, 13 minutes, 47 seconds. Time passed: 11 hours, 28 seconds
[INFO 13:05:57] my_main Recent Stats | t_env:    1392000 | Episode:    13920
entropy_loss:              0.0014	ep_length_mean:          100.0000	episode_limit_mean:        1.0000	epsilon:                   0.0500
grad_norm:                21.3831	healthy_machine_fraction_mean:  0.3014	loss:                      0.4296	mi_loss:                   0.0032
q_taken_mean:              2.4412	return_mean:              62.1520	return_median:            62.5000	return_std:                5.7506
target_mean:               2.4733	td_error_abs:              0.4887	test_ep_length_mean:     100.0000	test_episode_limit_mean:   1.0000
test_healthy_machine_fraction_mean:  0.2931	test_return_mean:         68.7938	test_return_median:       68.9000	test_return_std:           5.2202

[INFO 13:06:48] my_main Recent Stats | t_env:    1394000 | Episode:    13940
entropy_loss:              0.0014	ep_length_mean:          100.0000	episode_limit_mean:        1.0000	epsilon:                   0.0500
grad_norm:                21.9176	healthy_machine_fraction_mean:  0.3014	loss:                      0.4381	mi_loss:                   0.0032
q_taken_mean:              2.4465	return_mean:              62.1520	return_median:            62.5000	return_std:                5.7506
target_mean:               2.4796	td_error_abs:              0.4932	test_ep_length_mean:     100.0000	test_episode_limit_mean:   1.0000
test_healthy_machine_fraction_mean:  0.2931	test_return_mean:         68.7938	test_return_median:       68.9000	test_return_std:           5.2202

[INFO 13:07:40] my_main Recent Stats | t_env:    1396000 | Episode:    13960
entropy_loss:              0.0014	ep_length_mean:          100.0000	episode_limit_mean:        1.0000	epsilon:                   0.0500
grad_norm:                21.9176	healthy_machine_fraction_mean:  0.3014	loss:                      0.4381	mi_loss:                   0.0032
q_taken_mean:              2.4465	return_mean:              62.1520	return_median:            62.5000	return_std:                5.7506
target_mean:               2.4796	td_error_abs:              0.4932	test_ep_length_mean:     100.0000	test_episode_limit_mean:   1.0000
test_healthy_machine_fraction_mean:  0.2931	test_return_mean:         68.7938	test_return_median:       68.9000	test_return_std:           5.2202

[INFO 13:08:33] my_main Recent Stats | t_env:    1398000 | Episode:    13980
entropy_loss:              0.0014	ep_length_mean:          100.0000	episode_limit_mean:        1.0000	epsilon:                   0.0500
grad_norm:                21.9176	healthy_machine_fraction_mean:  0.3014	loss:                      0.4381	mi_loss:                   0.0032
q_taken_mean:              2.4465	return_mean:              62.1520	return_median:            62.5000	return_std:                5.7506
target_mean:               2.4796	td_error_abs:              0.4932	test_ep_length_mean:     100.0000	test_episode_limit_mean:   1.0000
test_healthy_machine_fraction_mean:  0.2931	test_return_mean:         68.7938	test_return_median:       68.9000	test_return_std:           5.2202

[INFO 13:09:25] my_main Recent Stats | t_env:    1400000 | Episode:    14000
entropy_loss:              0.0014	ep_length_mean:          100.0000	episode_limit_mean:        1.0000	epsilon:                   0.0500
grad_norm:                21.9176	healthy_machine_fraction_mean:  0.3014	loss:                      0.4381	mi_loss:                   0.0032
q_taken_mean:              2.4465	return_mean:              62.1520	return_median:            62.5000	return_std:                5.7506
target_mean:               2.4796	td_error_abs:              0.4932	test_ep_length_mean:     100.0000	test_episode_limit_mean:   1.0000
test_healthy_machine_fraction_mean:  0.2931	test_return_mean:         68.7938	test_return_median:       68.9000	test_return_std:           5.2202

[INFO 13:09:27] my_main Updated target network
[INFO 13:09:27] my_main t_env: 1400100 / 2050000
[INFO 13:09:27] my_main Estimated time left: 5 hours, 13 minutes, 50 seconds. Time passed: 11 hours, 5 minutes, 18 seconds
[INFO 13:10:48] my_main Recent Stats | t_env:    1402000 | Episode:    14020
entropy_loss:              0.0014	ep_length_mean:          100.0000	episode_limit_mean:        1.0000	epsilon:                   0.0500
grad_norm:                21.9176	healthy_machine_fraction_mean:  0.2996	loss:                      0.4381	mi_loss:                   0.0032
q_taken_mean:              2.4465	return_mean:              61.7880	return_median:            61.9000	return_std:                5.7708
target_mean:               2.4796	td_error_abs:              0.4932	test_ep_length_mean:     100.0000	test_episode_limit_mean:   1.0000
test_healthy_machine_fraction_mean:  0.3013	test_return_mean:         68.8250	test_return_median:       68.8000	test_return_std:           5.3801

[INFO 13:11:40] my_main Recent Stats | t_env:    1404000 | Episode:    14040
entropy_loss:              0.0014	ep_length_mean:          100.0000	episode_limit_mean:        1.0000	epsilon:                   0.0500
grad_norm:                22.3406	healthy_machine_fraction_mean:  0.2996	loss:                      0.4403	mi_loss:                   0.0032
q_taken_mean:              2.4545	return_mean:              61.7880	return_median:            61.9000	return_std:                5.7708
target_mean:               2.4882	td_error_abs:              0.4954	test_ep_length_mean:     100.0000	test_episode_limit_mean:   1.0000
test_healthy_machine_fraction_mean:  0.3013	test_return_mean:         68.8250	test_return_median:       68.8000	test_return_std:           5.3801

[INFO 13:12:32] my_main Recent Stats | t_env:    1406000 | Episode:    14060
entropy_loss:              0.0014	ep_length_mean:          100.0000	episode_limit_mean:        1.0000	epsilon:                   0.0500
grad_norm:                22.3406	healthy_machine_fraction_mean:  0.2996	loss:                      0.4403	mi_loss:                   0.0032
q_taken_mean:              2.4545	return_mean:              61.7880	return_median:            61.9000	return_std:                5.7708
target_mean:               2.4882	td_error_abs:              0.4954	test_ep_length_mean:     100.0000	test_episode_limit_mean:   1.0000
test_healthy_machine_fraction_mean:  0.3013	test_return_mean:         68.8250	test_return_median:       68.8000	test_return_std:           5.3801

[INFO 13:13:24] my_main Recent Stats | t_env:    1408000 | Episode:    14080
entropy_loss:              0.0014	ep_length_mean:          100.0000	episode_limit_mean:        1.0000	epsilon:                   0.0500
grad_norm:                22.3406	healthy_machine_fraction_mean:  0.2996	loss:                      0.4403	mi_loss:                   0.0032
q_taken_mean:              2.4545	return_mean:              61.7880	return_median:            61.9000	return_std:                5.7708
target_mean:               2.4882	td_error_abs:              0.4954	test_ep_length_mean:     100.0000	test_episode_limit_mean:   1.0000
test_healthy_machine_fraction_mean:  0.3013	test_return_mean:         68.8250	test_return_median:       68.8000	test_return_std:           5.3801

[INFO 13:14:15] my_main Recent Stats | t_env:    1410000 | Episode:    14100
entropy_loss:              0.0014	ep_length_mean:          100.0000	episode_limit_mean:        1.0000	epsilon:                   0.0500
grad_norm:                22.3406	healthy_machine_fraction_mean:  0.2996	loss:                      0.4403	mi_loss:                   0.0032
q_taken_mean:              2.4545	return_mean:              61.7880	return_median:            61.9000	return_std:                5.7708
target_mean:               2.4882	td_error_abs:              0.4954	test_ep_length_mean:     100.0000	test_episode_limit_mean:   1.0000
test_healthy_machine_fraction_mean:  0.3013	test_return_mean:         68.8250	test_return_median:       68.8000	test_return_std:           5.3801

[INFO 13:14:18] my_main t_env: 1410100 / 2050000
[INFO 13:14:18] my_main Estimated time left: 5 hours, 9 minutes, 36 seconds. Time passed: 11 hours, 10 minutes, 8 seconds
[INFO 13:15:38] my_main Recent Stats | t_env:    1412000 | Episode:    14120
entropy_loss:              0.0014	ep_length_mean:          100.0000	episode_limit_mean:        1.0000	epsilon:                   0.0500
grad_norm:                22.3406	healthy_machine_fraction_mean:  0.2978	loss:                      0.4403	mi_loss:                   0.0032
q_taken_mean:              2.4545	return_mean:              61.8560	return_median:            61.9000	return_std:                5.7715
target_mean:               2.4882	td_error_abs:              0.4954	test_ep_length_mean:     100.0000	test_episode_limit_mean:   1.0000
test_healthy_machine_fraction_mean:  0.2875	test_return_mean:         68.9125	test_return_median:       69.3000	test_return_std:           5.5949

[INFO 13:16:29] my_main Recent Stats | t_env:    1414000 | Episode:    14140
entropy_loss:              0.0014	ep_length_mean:          100.0000	episode_limit_mean:        1.0000	epsilon:                   0.0500
grad_norm:                22.3921	healthy_machine_fraction_mean:  0.2978	loss:                      0.4356	mi_loss:                   0.0032
q_taken_mean:              2.4583	return_mean:              61.8560	return_median:            61.9000	return_std:                5.7715
target_mean:               2.4920	td_error_abs:              0.4922	test_ep_length_mean:     100.0000	test_episode_limit_mean:   1.0000
test_healthy_machine_fraction_mean:  0.2875	test_return_mean:         68.9125	test_return_median:       69.3000	test_return_std:           5.5949

[INFO 13:17:21] my_main Recent Stats | t_env:    1416000 | Episode:    14160
entropy_loss:              0.0014	ep_length_mean:          100.0000	episode_limit_mean:        1.0000	epsilon:                   0.0500
grad_norm:                22.3921	healthy_machine_fraction_mean:  0.2978	loss:                      0.4356	mi_loss:                   0.0032
q_taken_mean:              2.4583	return_mean:              61.8560	return_median:            61.9000	return_std:                5.7715
target_mean:               2.4920	td_error_abs:              0.4922	test_ep_length_mean:     100.0000	test_episode_limit_mean:   1.0000
test_healthy_machine_fraction_mean:  0.2875	test_return_mean:         68.9125	test_return_median:       69.3000	test_return_std:           5.5949

[INFO 13:18:14] my_main Recent Stats | t_env:    1418000 | Episode:    14180
entropy_loss:              0.0014	ep_length_mean:          100.0000	episode_limit_mean:        1.0000	epsilon:                   0.0500
grad_norm:                22.3921	healthy_machine_fraction_mean:  0.2978	loss:                      0.4356	mi_loss:                   0.0032
q_taken_mean:              2.4583	return_mean:              61.8560	return_median:            61.9000	return_std:                5.7715
target_mean:               2.4920	td_error_abs:              0.4922	test_ep_length_mean:     100.0000	test_episode_limit_mean:   1.0000
test_healthy_machine_fraction_mean:  0.2875	test_return_mean:         68.9125	test_return_median:       69.3000	test_return_std:           5.5949

[INFO 13:19:06] my_main Recent Stats | t_env:    1420000 | Episode:    14200
entropy_loss:              0.0014	ep_length_mean:          100.0000	episode_limit_mean:        1.0000	epsilon:                   0.0500
grad_norm:                22.3921	healthy_machine_fraction_mean:  0.2978	loss:                      0.4356	mi_loss:                   0.0032
q_taken_mean:              2.4583	return_mean:              61.8560	return_median:            61.9000	return_std:                5.7715
target_mean:               2.4920	td_error_abs:              0.4922	test_ep_length_mean:     100.0000	test_episode_limit_mean:   1.0000
test_healthy_machine_fraction_mean:  0.2875	test_return_mean:         68.9125	test_return_median:       69.3000	test_return_std:           5.5949

[INFO 13:19:08] my_main Updated target network
[INFO 13:19:08] my_main t_env: 1420100 / 2050000
[INFO 13:19:08] my_main Estimated time left: 5 hours, 4 minutes, 56 seconds. Time passed: 11 hours, 14 minutes, 58 seconds
[INFO 13:20:28] my_main Recent Stats | t_env:    1422000 | Episode:    14220
entropy_loss:              0.0014	ep_length_mean:          100.0000	episode_limit_mean:        1.0000	epsilon:                   0.0500
grad_norm:                22.3921	healthy_machine_fraction_mean:  0.3086	loss:                      0.4356	mi_loss:                   0.0032
q_taken_mean:              2.4583	return_mean:              62.1980	return_median:            62.1000	return_std:                5.7101
target_mean:               2.4920	td_error_abs:              0.4922	test_ep_length_mean:     100.0000	test_episode_limit_mean:   1.0000
test_healthy_machine_fraction_mean:  0.2988	test_return_mean:         68.9125	test_return_median:       69.2000	test_return_std:           5.6133

[INFO 13:21:20] my_main Recent Stats | t_env:    1424000 | Episode:    14240
entropy_loss:              0.0014	ep_length_mean:          100.0000	episode_limit_mean:        1.0000	epsilon:                   0.0500
grad_norm:                20.4548	healthy_machine_fraction_mean:  0.3086	loss:                      0.4163	mi_loss:                   0.0032
q_taken_mean:              2.4692	return_mean:              62.1980	return_median:            62.1000	return_std:                5.7101
target_mean:               2.4999	td_error_abs:              0.4816	test_ep_length_mean:     100.0000	test_episode_limit_mean:   1.0000
test_healthy_machine_fraction_mean:  0.2988	test_return_mean:         68.9125	test_return_median:       69.2000	test_return_std:           5.6133

[INFO 13:22:12] my_main Recent Stats | t_env:    1426000 | Episode:    14260
entropy_loss:              0.0014	ep_length_mean:          100.0000	episode_limit_mean:        1.0000	epsilon:                   0.0500
grad_norm:                20.4548	healthy_machine_fraction_mean:  0.3086	loss:                      0.4163	mi_loss:                   0.0032
q_taken_mean:              2.4692	return_mean:              62.1980	return_median:            62.1000	return_std:                5.7101
target_mean:               2.4999	td_error_abs:              0.4816	test_ep_length_mean:     100.0000	test_episode_limit_mean:   1.0000
test_healthy_machine_fraction_mean:  0.2988	test_return_mean:         68.9125	test_return_median:       69.2000	test_return_std:           5.6133

[INFO 13:23:04] my_main Recent Stats | t_env:    1428000 | Episode:    14280
entropy_loss:              0.0014	ep_length_mean:          100.0000	episode_limit_mean:        1.0000	epsilon:                   0.0500
grad_norm:                20.4548	healthy_machine_fraction_mean:  0.3086	loss:                      0.4163	mi_loss:                   0.0032
q_taken_mean:              2.4692	return_mean:              62.1980	return_median:            62.1000	return_std:                5.7101
target_mean:               2.4999	td_error_abs:              0.4816	test_ep_length_mean:     100.0000	test_episode_limit_mean:   1.0000
test_healthy_machine_fraction_mean:  0.2988	test_return_mean:         68.9125	test_return_median:       69.2000	test_return_std:           5.6133

[INFO 13:23:56] my_main Recent Stats | t_env:    1430000 | Episode:    14300
entropy_loss:              0.0014	ep_length_mean:          100.0000	episode_limit_mean:        1.0000	epsilon:                   0.0500
grad_norm:                20.4548	healthy_machine_fraction_mean:  0.3086	loss:                      0.4163	mi_loss:                   0.0032
q_taken_mean:              2.4692	return_mean:              62.1980	return_median:            62.1000	return_std:                5.7101
target_mean:               2.4999	td_error_abs:              0.4816	test_ep_length_mean:     100.0000	test_episode_limit_mean:   1.0000
test_healthy_machine_fraction_mean:  0.2988	test_return_mean:         68.9125	test_return_median:       69.2000	test_return_std:           5.6133

[INFO 13:23:58] my_main t_env: 1430100 / 2050000
[INFO 13:23:58] my_main Estimated time left: 5 hours, 0 seconds. Time passed: 11 hours, 19 minutes, 49 seconds
[INFO 13:25:18] my_main Recent Stats | t_env:    1432000 | Episode:    14320
entropy_loss:              0.0014	ep_length_mean:          100.0000	episode_limit_mean:        1.0000	epsilon:                   0.0500
grad_norm:                20.4548	healthy_machine_fraction_mean:  0.3302	loss:                      0.4163	mi_loss:                   0.0032
q_taken_mean:              2.4692	return_mean:              62.4460	return_median:            62.3000	return_std:                5.9474
target_mean:               2.4999	td_error_abs:              0.4816	test_ep_length_mean:     100.0000	test_episode_limit_mean:   1.0000
test_healthy_machine_fraction_mean:  0.2875	test_return_mean:         68.9750	test_return_median:       69.0000	test_return_std:           5.9209

[INFO 13:26:09] my_main Recent Stats | t_env:    1434000 | Episode:    14340
entropy_loss:              0.0014	ep_length_mean:          100.0000	episode_limit_mean:        1.0000	epsilon:                   0.0500
grad_norm:                20.8710	healthy_machine_fraction_mean:  0.3302	loss:                      0.4191	mi_loss:                   0.0032
q_taken_mean:              2.4749	return_mean:              62.4460	return_median:            62.3000	return_std:                5.9474
target_mean:               2.5062	td_error_abs:              0.4843	test_ep_length_mean:     100.0000	test_episode_limit_mean:   1.0000
test_healthy_machine_fraction_mean:  0.2875	test_return_mean:         68.9750	test_return_median:       69.0000	test_return_std:           5.9209

[INFO 13:27:01] my_main Recent Stats | t_env:    1436000 | Episode:    14360
entropy_loss:              0.0014	ep_length_mean:          100.0000	episode_limit_mean:        1.0000	epsilon:                   0.0500
grad_norm:                20.8710	healthy_machine_fraction_mean:  0.3302	loss:                      0.4191	mi_loss:                   0.0032
q_taken_mean:              2.4749	return_mean:              62.4460	return_median:            62.3000	return_std:                5.9474
target_mean:               2.5062	td_error_abs:              0.4843	test_ep_length_mean:     100.0000	test_episode_limit_mean:   1.0000
test_healthy_machine_fraction_mean:  0.2875	test_return_mean:         68.9750	test_return_median:       69.0000	test_return_std:           5.9209

[INFO 13:27:52] my_main Recent Stats | t_env:    1438000 | Episode:    14380
entropy_loss:              0.0014	ep_length_mean:          100.0000	episode_limit_mean:        1.0000	epsilon:                   0.0500
grad_norm:                20.8710	healthy_machine_fraction_mean:  0.3302	loss:                      0.4191	mi_loss:                   0.0032
q_taken_mean:              2.4749	return_mean:              62.4460	return_median:            62.3000	return_std:                5.9474
target_mean:               2.5062	td_error_abs:              0.4843	test_ep_length_mean:     100.0000	test_episode_limit_mean:   1.0000
test_healthy_machine_fraction_mean:  0.2875	test_return_mean:         68.9750	test_return_median:       69.0000	test_return_std:           5.9209

[INFO 13:28:44] my_main Recent Stats | t_env:    1440000 | Episode:    14400
entropy_loss:              0.0014	ep_length_mean:          100.0000	episode_limit_mean:        1.0000	epsilon:                   0.0500
grad_norm:                20.8710	healthy_machine_fraction_mean:  0.3302	loss:                      0.4191	mi_loss:                   0.0032
q_taken_mean:              2.4749	return_mean:              62.4460	return_median:            62.3000	return_std:                5.9474
target_mean:               2.5062	td_error_abs:              0.4843	test_ep_length_mean:     100.0000	test_episode_limit_mean:   1.0000
test_healthy_machine_fraction_mean:  0.2875	test_return_mean:         68.9750	test_return_median:       69.0000	test_return_std:           5.9209

[INFO 13:28:47] my_main Updated target network
[INFO 13:28:47] my_main t_env: 1440100 / 2050000
[INFO 13:28:47] my_main Estimated time left: 4 hours, 53 minutes, 23 seconds. Time passed: 11 hours, 24 minutes, 37 seconds
[INFO 13:30:07] my_main Recent Stats | t_env:    1442000 | Episode:    14420
entropy_loss:              0.0014	ep_length_mean:          100.0000	episode_limit_mean:        1.0000	epsilon:                   0.0500
grad_norm:                20.8710	healthy_machine_fraction_mean:  0.3260	loss:                      0.4191	mi_loss:                   0.0032
q_taken_mean:              2.4749	return_mean:              62.6680	return_median:            62.4000	return_std:                5.9835
target_mean:               2.5062	td_error_abs:              0.4843	test_ep_length_mean:     100.0000	test_episode_limit_mean:   1.0000
test_healthy_machine_fraction_mean:  0.2844	test_return_mean:         69.2938	test_return_median:       69.3000	test_return_std:           6.0750

[INFO 13:30:59] my_main Recent Stats | t_env:    1444000 | Episode:    14440
entropy_loss:              0.0014	ep_length_mean:          100.0000	episode_limit_mean:        1.0000	epsilon:                   0.0500
grad_norm:                20.5865	healthy_machine_fraction_mean:  0.3260	loss:                      0.4141	mi_loss:                   0.0032
q_taken_mean:              2.4838	return_mean:              62.6680	return_median:            62.4000	return_std:                5.9835
target_mean:               2.5143	td_error_abs:              0.4802	test_ep_length_mean:     100.0000	test_episode_limit_mean:   1.0000
test_healthy_machine_fraction_mean:  0.2844	test_return_mean:         69.2938	test_return_median:       69.3000	test_return_std:           6.0750

[INFO 13:31:51] my_main Recent Stats | t_env:    1446000 | Episode:    14460
entropy_loss:              0.0014	ep_length_mean:          100.0000	episode_limit_mean:        1.0000	epsilon:                   0.0500
grad_norm:                20.5865	healthy_machine_fraction_mean:  0.3260	loss:                      0.4141	mi_loss:                   0.0032
q_taken_mean:              2.4838	return_mean:              62.6680	return_median:            62.4000	return_std:                5.9835
target_mean:               2.5143	td_error_abs:              0.4802	test_ep_length_mean:     100.0000	test_episode_limit_mean:   1.0000
test_healthy_machine_fraction_mean:  0.2844	test_return_mean:         69.2938	test_return_median:       69.3000	test_return_std:           6.0750

[INFO 13:32:43] my_main Recent Stats | t_env:    1448000 | Episode:    14480
entropy_loss:              0.0014	ep_length_mean:          100.0000	episode_limit_mean:        1.0000	epsilon:                   0.0500
grad_norm:                20.5865	healthy_machine_fraction_mean:  0.3260	loss:                      0.4141	mi_loss:                   0.0032
q_taken_mean:              2.4838	return_mean:              62.6680	return_median:            62.4000	return_std:                5.9835
target_mean:               2.5143	td_error_abs:              0.4802	test_ep_length_mean:     100.0000	test_episode_limit_mean:   1.0000
test_healthy_machine_fraction_mean:  0.2844	test_return_mean:         69.2938	test_return_median:       69.3000	test_return_std:           6.0750

[INFO 13:33:35] my_main Recent Stats | t_env:    1450000 | Episode:    14500
entropy_loss:              0.0014	ep_length_mean:          100.0000	episode_limit_mean:        1.0000	epsilon:                   0.0500
grad_norm:                20.5865	healthy_machine_fraction_mean:  0.3260	loss:                      0.4141	mi_loss:                   0.0032
q_taken_mean:              2.4838	return_mean:              62.6680	return_median:            62.4000	return_std:                5.9835
target_mean:               2.5143	td_error_abs:              0.4802	test_ep_length_mean:     100.0000	test_episode_limit_mean:   1.0000
test_healthy_machine_fraction_mean:  0.2844	test_return_mean:         69.2938	test_return_median:       69.3000	test_return_std:           6.0750

[INFO 13:33:37] my_main t_env: 1450100 / 2050000
[INFO 13:33:37] my_main Estimated time left: 4 hours, 50 minutes, 5 seconds. Time passed: 11 hours, 29 minutes, 28 seconds
[INFO 13:34:58] my_main Recent Stats | t_env:    1452000 | Episode:    14520
entropy_loss:              0.0014	ep_length_mean:          100.0000	episode_limit_mean:        1.0000	epsilon:                   0.0500
grad_norm:                20.5865	healthy_machine_fraction_mean:  0.3388	loss:                      0.4141	mi_loss:                   0.0032
q_taken_mean:              2.4838	return_mean:              63.6160	return_median:            63.4000	return_std:                5.9961
target_mean:               2.5143	td_error_abs:              0.4802	test_ep_length_mean:     100.0000	test_episode_limit_mean:   1.0000
test_healthy_machine_fraction_mean:  0.2875	test_return_mean:         69.6875	test_return_median:       69.5000	test_return_std:           5.9167

[INFO 13:35:49] my_main Recent Stats | t_env:    1454000 | Episode:    14540
entropy_loss:              0.0014	ep_length_mean:          100.0000	episode_limit_mean:        1.0000	epsilon:                   0.0500
grad_norm:                21.0501	healthy_machine_fraction_mean:  0.3388	loss:                      0.4198	mi_loss:                   0.0032
q_taken_mean:              2.4872	return_mean:              63.6160	return_median:            63.4000	return_std:                5.9961
target_mean:               2.5185	td_error_abs:              0.4837	test_ep_length_mean:     100.0000	test_episode_limit_mean:   1.0000
test_healthy_machine_fraction_mean:  0.2875	test_return_mean:         69.6875	test_return_median:       69.5000	test_return_std:           5.9167

[INFO 13:36:41] my_main Recent Stats | t_env:    1456000 | Episode:    14560
entropy_loss:              0.0014	ep_length_mean:          100.0000	episode_limit_mean:        1.0000	epsilon:                   0.0500
grad_norm:                21.0501	healthy_machine_fraction_mean:  0.3388	loss:                      0.4198	mi_loss:                   0.0032
q_taken_mean:              2.4872	return_mean:              63.6160	return_median:            63.4000	return_std:                5.9961
target_mean:               2.5185	td_error_abs:              0.4837	test_ep_length_mean:     100.0000	test_episode_limit_mean:   1.0000
test_healthy_machine_fraction_mean:  0.2875	test_return_mean:         69.6875	test_return_median:       69.5000	test_return_std:           5.9167

[INFO 13:37:34] my_main Recent Stats | t_env:    1458000 | Episode:    14580
entropy_loss:              0.0014	ep_length_mean:          100.0000	episode_limit_mean:        1.0000	epsilon:                   0.0500
grad_norm:                21.0501	healthy_machine_fraction_mean:  0.3388	loss:                      0.4198	mi_loss:                   0.0032
q_taken_mean:              2.4872	return_mean:              63.6160	return_median:            63.4000	return_std:                5.9961
target_mean:               2.5185	td_error_abs:              0.4837	test_ep_length_mean:     100.0000	test_episode_limit_mean:   1.0000
test_healthy_machine_fraction_mean:  0.2875	test_return_mean:         69.6875	test_return_median:       69.5000	test_return_std:           5.9167

[INFO 13:38:26] my_main Recent Stats | t_env:    1460000 | Episode:    14600
entropy_loss:              0.0014	ep_length_mean:          100.0000	episode_limit_mean:        1.0000	epsilon:                   0.0500
grad_norm:                21.0501	healthy_machine_fraction_mean:  0.3388	loss:                      0.4198	mi_loss:                   0.0032
q_taken_mean:              2.4872	return_mean:              63.6160	return_median:            63.4000	return_std:                5.9961
target_mean:               2.5185	td_error_abs:              0.4837	test_ep_length_mean:     100.0000	test_episode_limit_mean:   1.0000
test_healthy_machine_fraction_mean:  0.2875	test_return_mean:         69.6875	test_return_median:       69.5000	test_return_std:           5.9167

[INFO 13:38:28] my_main Updated target network
[INFO 13:38:28] my_main t_env: 1460100 / 2050000
[INFO 13:38:28] my_main Estimated time left: 4 hours, 46 minutes, 0 seconds. Time passed: 11 hours, 34 minutes, 18 seconds
[INFO 13:39:46] my_main Recent Stats | t_env:    1462000 | Episode:    14620
entropy_loss:              0.0014	ep_length_mean:          100.0000	episode_limit_mean:        1.0000	epsilon:                   0.0500
grad_norm:                21.0501	healthy_machine_fraction_mean:  0.3440	loss:                      0.4198	mi_loss:                   0.0032
q_taken_mean:              2.4872	return_mean:              63.8420	return_median:            63.6000	return_std:                5.8644
target_mean:               2.5185	td_error_abs:              0.4837	test_ep_length_mean:     100.0000	test_episode_limit_mean:   1.0000
test_healthy_machine_fraction_mean:  0.2937	test_return_mean:         69.8500	test_return_median:       69.6000	test_return_std:           5.9289

[INFO 13:40:36] my_main Recent Stats | t_env:    1464000 | Episode:    14640
entropy_loss:              0.0014	ep_length_mean:          100.0000	episode_limit_mean:        1.0000	epsilon:                   0.0500
grad_norm:                21.7988	healthy_machine_fraction_mean:  0.3440	loss:                      0.4324	mi_loss:                   0.0032
q_taken_mean:              2.4953	return_mean:              63.8420	return_median:            63.6000	return_std:                5.8644
target_mean:               2.5279	td_error_abs:              0.4909	test_ep_length_mean:     100.0000	test_episode_limit_mean:   1.0000
test_healthy_machine_fraction_mean:  0.2937	test_return_mean:         69.8500	test_return_median:       69.6000	test_return_std:           5.9289

[INFO 13:41:28] my_main Recent Stats | t_env:    1466000 | Episode:    14660
entropy_loss:              0.0014	ep_length_mean:          100.0000	episode_limit_mean:        1.0000	epsilon:                   0.0500
grad_norm:                21.7988	healthy_machine_fraction_mean:  0.3440	loss:                      0.4324	mi_loss:                   0.0032
q_taken_mean:              2.4953	return_mean:              63.8420	return_median:            63.6000	return_std:                5.8644
target_mean:               2.5279	td_error_abs:              0.4909	test_ep_length_mean:     100.0000	test_episode_limit_mean:   1.0000
test_healthy_machine_fraction_mean:  0.2937	test_return_mean:         69.8500	test_return_median:       69.6000	test_return_std:           5.9289

[INFO 13:42:20] my_main Recent Stats | t_env:    1468000 | Episode:    14680
entropy_loss:              0.0014	ep_length_mean:          100.0000	episode_limit_mean:        1.0000	epsilon:                   0.0500
grad_norm:                21.7988	healthy_machine_fraction_mean:  0.3440	loss:                      0.4324	mi_loss:                   0.0032
q_taken_mean:              2.4953	return_mean:              63.8420	return_median:            63.6000	return_std:                5.8644
target_mean:               2.5279	td_error_abs:              0.4909	test_ep_length_mean:     100.0000	test_episode_limit_mean:   1.0000
test_healthy_machine_fraction_mean:  0.2937	test_return_mean:         69.8500	test_return_median:       69.6000	test_return_std:           5.9289

[INFO 13:43:13] my_main Recent Stats | t_env:    1470000 | Episode:    14700
entropy_loss:              0.0014	ep_length_mean:          100.0000	episode_limit_mean:        1.0000	epsilon:                   0.0500
grad_norm:                21.7988	healthy_machine_fraction_mean:  0.3440	loss:                      0.4324	mi_loss:                   0.0032
q_taken_mean:              2.4953	return_mean:              63.8420	return_median:            63.6000	return_std:                5.8644
target_mean:               2.5279	td_error_abs:              0.4909	test_ep_length_mean:     100.0000	test_episode_limit_mean:   1.0000
test_healthy_machine_fraction_mean:  0.2937	test_return_mean:         69.8500	test_return_median:       69.6000	test_return_std:           5.9289

[INFO 13:43:15] my_main t_env: 1470100 / 2050000
[INFO 13:43:15] my_main Estimated time left: 4 hours, 37 minutes, 15 seconds. Time passed: 11 hours, 39 minutes, 5 seconds
[INFO 13:44:36] my_main Recent Stats | t_env:    1472000 | Episode:    14720
entropy_loss:              0.0014	ep_length_mean:          100.0000	episode_limit_mean:        1.0000	epsilon:                   0.0500
grad_norm:                21.7988	healthy_machine_fraction_mean:  0.3580	loss:                      0.4324	mi_loss:                   0.0032
q_taken_mean:              2.4953	return_mean:              63.9940	return_median:            63.6000	return_std:                6.0776
target_mean:               2.5279	td_error_abs:              0.4909	test_ep_length_mean:     100.0000	test_episode_limit_mean:   1.0000
test_healthy_machine_fraction_mean:  0.2812	test_return_mean:         70.3688	test_return_median:       70.4000	test_return_std:           5.8358

[INFO 13:45:27] my_main Recent Stats | t_env:    1474000 | Episode:    14740
entropy_loss:              0.0014	ep_length_mean:          100.0000	episode_limit_mean:        1.0000	epsilon:                   0.0500
grad_norm:                23.5581	healthy_machine_fraction_mean:  0.3580	loss:                      0.4525	mi_loss:                   0.0032
q_taken_mean:              2.4995	return_mean:              63.9940	return_median:            63.6000	return_std:                6.0776
target_mean:               2.5346	td_error_abs:              0.5005	test_ep_length_mean:     100.0000	test_episode_limit_mean:   1.0000
test_healthy_machine_fraction_mean:  0.2812	test_return_mean:         70.3688	test_return_median:       70.4000	test_return_std:           5.8358

[INFO 13:46:20] my_main Recent Stats | t_env:    1476000 | Episode:    14760
entropy_loss:              0.0014	ep_length_mean:          100.0000	episode_limit_mean:        1.0000	epsilon:                   0.0500
grad_norm:                23.5581	healthy_machine_fraction_mean:  0.3580	loss:                      0.4525	mi_loss:                   0.0032
q_taken_mean:              2.4995	return_mean:              63.9940	return_median:            63.6000	return_std:                6.0776
target_mean:               2.5346	td_error_abs:              0.5005	test_ep_length_mean:     100.0000	test_episode_limit_mean:   1.0000
test_healthy_machine_fraction_mean:  0.2812	test_return_mean:         70.3688	test_return_median:       70.4000	test_return_std:           5.8358

[INFO 13:47:11] my_main Recent Stats | t_env:    1478000 | Episode:    14780
entropy_loss:              0.0014	ep_length_mean:          100.0000	episode_limit_mean:        1.0000	epsilon:                   0.0500
grad_norm:                23.5581	healthy_machine_fraction_mean:  0.3580	loss:                      0.4525	mi_loss:                   0.0032
q_taken_mean:              2.4995	return_mean:              63.9940	return_median:            63.6000	return_std:                6.0776
target_mean:               2.5346	td_error_abs:              0.5005	test_ep_length_mean:     100.0000	test_episode_limit_mean:   1.0000
test_healthy_machine_fraction_mean:  0.2812	test_return_mean:         70.3688	test_return_median:       70.4000	test_return_std:           5.8358

[INFO 13:48:03] my_main Recent Stats | t_env:    1480000 | Episode:    14800
entropy_loss:              0.0014	ep_length_mean:          100.0000	episode_limit_mean:        1.0000	epsilon:                   0.0500
grad_norm:                23.5581	healthy_machine_fraction_mean:  0.3580	loss:                      0.4525	mi_loss:                   0.0032
q_taken_mean:              2.4995	return_mean:              63.9940	return_median:            63.6000	return_std:                6.0776
target_mean:               2.5346	td_error_abs:              0.5005	test_ep_length_mean:     100.0000	test_episode_limit_mean:   1.0000
test_healthy_machine_fraction_mean:  0.2812	test_return_mean:         70.3688	test_return_median:       70.4000	test_return_std:           5.8358

[INFO 13:48:06] my_main Updated target network
[INFO 13:48:06] my_main t_env: 1480100 / 2050000
[INFO 13:48:06] my_main Estimated time left: 4 hours, 36 minutes, 8 seconds. Time passed: 11 hours, 43 minutes, 56 seconds
[INFO 13:49:26] my_main Recent Stats | t_env:    1482000 | Episode:    14820
entropy_loss:              0.0014	ep_length_mean:          100.0000	episode_limit_mean:        1.0000	epsilon:                   0.0500
grad_norm:                23.5581	healthy_machine_fraction_mean:  0.3554	loss:                      0.4525	mi_loss:                   0.0032
q_taken_mean:              2.4995	return_mean:              64.0500	return_median:            63.7000	return_std:                5.7352
target_mean:               2.5346	td_error_abs:              0.5005	test_ep_length_mean:     100.0000	test_episode_limit_mean:   1.0000
test_healthy_machine_fraction_mean:  0.3100	test_return_mean:         70.3187	test_return_median:       70.2000	test_return_std:           5.8230

[INFO 13:50:19] my_main Recent Stats | t_env:    1484000 | Episode:    14840
entropy_loss:              0.0014	ep_length_mean:          100.0000	episode_limit_mean:        1.0000	epsilon:                   0.0500
grad_norm:                23.9872	healthy_machine_fraction_mean:  0.3554	loss:                      0.4561	mi_loss:                   0.0032
q_taken_mean:              2.5054	return_mean:              64.0500	return_median:            63.7000	return_std:                5.7352
target_mean:               2.5411	td_error_abs:              0.5023	test_ep_length_mean:     100.0000	test_episode_limit_mean:   1.0000
test_healthy_machine_fraction_mean:  0.3100	test_return_mean:         70.3187	test_return_median:       70.2000	test_return_std:           5.8230

[INFO 13:51:10] my_main Recent Stats | t_env:    1486000 | Episode:    14860
entropy_loss:              0.0014	ep_length_mean:          100.0000	episode_limit_mean:        1.0000	epsilon:                   0.0500
grad_norm:                23.9872	healthy_machine_fraction_mean:  0.3554	loss:                      0.4561	mi_loss:                   0.0032
q_taken_mean:              2.5054	return_mean:              64.0500	return_median:            63.7000	return_std:                5.7352
target_mean:               2.5411	td_error_abs:              0.5023	test_ep_length_mean:     100.0000	test_episode_limit_mean:   1.0000
test_healthy_machine_fraction_mean:  0.3100	test_return_mean:         70.3187	test_return_median:       70.2000	test_return_std:           5.8230

[INFO 13:52:02] my_main Recent Stats | t_env:    1488000 | Episode:    14880
entropy_loss:              0.0014	ep_length_mean:          100.0000	episode_limit_mean:        1.0000	epsilon:                   0.0500
grad_norm:                23.9872	healthy_machine_fraction_mean:  0.3554	loss:                      0.4561	mi_loss:                   0.0032
q_taken_mean:              2.5054	return_mean:              64.0500	return_median:            63.7000	return_std:                5.7352
target_mean:               2.5411	td_error_abs:              0.5023	test_ep_length_mean:     100.0000	test_episode_limit_mean:   1.0000
test_healthy_machine_fraction_mean:  0.3100	test_return_mean:         70.3187	test_return_median:       70.2000	test_return_std:           5.8230

[INFO 13:52:54] my_main Recent Stats | t_env:    1490000 | Episode:    14900
entropy_loss:              0.0014	ep_length_mean:          100.0000	episode_limit_mean:        1.0000	epsilon:                   0.0500
grad_norm:                23.9872	healthy_machine_fraction_mean:  0.3554	loss:                      0.4561	mi_loss:                   0.0032
q_taken_mean:              2.5054	return_mean:              64.0500	return_median:            63.7000	return_std:                5.7352
target_mean:               2.5411	td_error_abs:              0.5023	test_ep_length_mean:     100.0000	test_episode_limit_mean:   1.0000
test_healthy_machine_fraction_mean:  0.3100	test_return_mean:         70.3187	test_return_median:       70.2000	test_return_std:           5.8230

[INFO 13:52:56] my_main t_env: 1490100 / 2050000
[INFO 13:52:56] my_main Estimated time left: 4 hours, 31 minutes, 15 seconds. Time passed: 11 hours, 48 minutes, 47 seconds
[INFO 13:54:16] my_main Recent Stats | t_env:    1492000 | Episode:    14920
entropy_loss:              0.0014	ep_length_mean:          100.0000	episode_limit_mean:        1.0000	epsilon:                   0.0500
grad_norm:                23.9872	healthy_machine_fraction_mean:  0.3432	loss:                      0.4561	mi_loss:                   0.0032
q_taken_mean:              2.5054	return_mean:              63.8140	return_median:            63.5000	return_std:                5.8398
target_mean:               2.5411	td_error_abs:              0.5023	test_ep_length_mean:     100.0000	test_episode_limit_mean:   1.0000
test_healthy_machine_fraction_mean:  0.3100	test_return_mean:         70.1750	test_return_median:       69.7000	test_return_std:           5.9036

[INFO 13:55:08] my_main Recent Stats | t_env:    1494000 | Episode:    14940
entropy_loss:              0.0014	ep_length_mean:          100.0000	episode_limit_mean:        1.0000	epsilon:                   0.0500
grad_norm:                24.1053	healthy_machine_fraction_mean:  0.3432	loss:                      0.4607	mi_loss:                   0.0032
q_taken_mean:              2.5112	return_mean:              63.8140	return_median:            63.5000	return_std:                5.8398
target_mean:               2.5471	td_error_abs:              0.5069	test_ep_length_mean:     100.0000	test_episode_limit_mean:   1.0000
test_healthy_machine_fraction_mean:  0.3100	test_return_mean:         70.1750	test_return_median:       69.7000	test_return_std:           5.9036

[INFO 13:56:00] my_main Recent Stats | t_env:    1496000 | Episode:    14960
entropy_loss:              0.0014	ep_length_mean:          100.0000	episode_limit_mean:        1.0000	epsilon:                   0.0500
grad_norm:                24.1053	healthy_machine_fraction_mean:  0.3432	loss:                      0.4607	mi_loss:                   0.0032
q_taken_mean:              2.5112	return_mean:              63.8140	return_median:            63.5000	return_std:                5.8398
target_mean:               2.5471	td_error_abs:              0.5069	test_ep_length_mean:     100.0000	test_episode_limit_mean:   1.0000
test_healthy_machine_fraction_mean:  0.3100	test_return_mean:         70.1750	test_return_median:       69.7000	test_return_std:           5.9036

[INFO 13:56:53] my_main Recent Stats | t_env:    1498000 | Episode:    14980
entropy_loss:              0.0014	ep_length_mean:          100.0000	episode_limit_mean:        1.0000	epsilon:                   0.0500
grad_norm:                24.1053	healthy_machine_fraction_mean:  0.3432	loss:                      0.4607	mi_loss:                   0.0032
q_taken_mean:              2.5112	return_mean:              63.8140	return_median:            63.5000	return_std:                5.8398
target_mean:               2.5471	td_error_abs:              0.5069	test_ep_length_mean:     100.0000	test_episode_limit_mean:   1.0000
test_healthy_machine_fraction_mean:  0.3100	test_return_mean:         70.1750	test_return_median:       69.7000	test_return_std:           5.9036

[INFO 13:57:44] my_main Recent Stats | t_env:    1500000 | Episode:    15000
entropy_loss:              0.0014	ep_length_mean:          100.0000	episode_limit_mean:        1.0000	epsilon:                   0.0500
grad_norm:                24.1053	healthy_machine_fraction_mean:  0.3432	loss:                      0.4607	mi_loss:                   0.0032
q_taken_mean:              2.5112	return_mean:              63.8140	return_median:            63.5000	return_std:                5.8398
target_mean:               2.5471	td_error_abs:              0.5069	test_ep_length_mean:     100.0000	test_episode_limit_mean:   1.0000
test_healthy_machine_fraction_mean:  0.3100	test_return_mean:         70.1750	test_return_median:       69.7000	test_return_std:           5.9036

[INFO 13:57:47] my_main Updated target network
[INFO 13:57:47] my_main t_env: 1500100 / 2050000
[INFO 13:57:47] my_main Estimated time left: 4 hours, 26 minutes, 27 seconds. Time passed: 11 hours, 53 minutes, 37 seconds
[INFO 13:59:08] my_main Recent Stats | t_env:    1502000 | Episode:    15020
entropy_loss:              0.0014	ep_length_mean:          100.0000	episode_limit_mean:        1.0000	epsilon:                   0.0500
grad_norm:                24.1053	healthy_machine_fraction_mean:  0.3340	loss:                      0.4607	mi_loss:                   0.0032
q_taken_mean:              2.5112	return_mean:              63.1540	return_median:            62.9000	return_std:                5.8640
target_mean:               2.5471	td_error_abs:              0.5069	test_ep_length_mean:     100.0000	test_episode_limit_mean:   1.0000
test_healthy_machine_fraction_mean:  0.3181	test_return_mean:         70.4000	test_return_median:       70.1000	test_return_std:           6.1308

[INFO 13:59:59] my_main Recent Stats | t_env:    1504000 | Episode:    15040
entropy_loss:              0.0014	ep_length_mean:          100.0000	episode_limit_mean:        1.0000	epsilon:                   0.0500
grad_norm:                23.8723	healthy_machine_fraction_mean:  0.3340	loss:                      0.4574	mi_loss:                   0.0032
q_taken_mean:              2.5230	return_mean:              63.1540	return_median:            62.9000	return_std:                5.8640
target_mean:               2.5586	td_error_abs:              0.5042	test_ep_length_mean:     100.0000	test_episode_limit_mean:   1.0000
test_healthy_machine_fraction_mean:  0.3181	test_return_mean:         70.4000	test_return_median:       70.1000	test_return_std:           6.1308

[INFO 14:00:51] my_main Recent Stats | t_env:    1506000 | Episode:    15060
entropy_loss:              0.0014	ep_length_mean:          100.0000	episode_limit_mean:        1.0000	epsilon:                   0.0500
grad_norm:                23.8723	healthy_machine_fraction_mean:  0.3340	loss:                      0.4574	mi_loss:                   0.0032
q_taken_mean:              2.5230	return_mean:              63.1540	return_median:            62.9000	return_std:                5.8640
target_mean:               2.5586	td_error_abs:              0.5042	test_ep_length_mean:     100.0000	test_episode_limit_mean:   1.0000
test_healthy_machine_fraction_mean:  0.3181	test_return_mean:         70.4000	test_return_median:       70.1000	test_return_std:           6.1308

[INFO 14:01:44] my_main Recent Stats | t_env:    1508000 | Episode:    15080
entropy_loss:              0.0014	ep_length_mean:          100.0000	episode_limit_mean:        1.0000	epsilon:                   0.0500
grad_norm:                23.8723	healthy_machine_fraction_mean:  0.3340	loss:                      0.4574	mi_loss:                   0.0032
q_taken_mean:              2.5230	return_mean:              63.1540	return_median:            62.9000	return_std:                5.8640
target_mean:               2.5586	td_error_abs:              0.5042	test_ep_length_mean:     100.0000	test_episode_limit_mean:   1.0000
test_healthy_machine_fraction_mean:  0.3181	test_return_mean:         70.4000	test_return_median:       70.1000	test_return_std:           6.1308

[INFO 14:02:36] my_main Recent Stats | t_env:    1510000 | Episode:    15100
entropy_loss:              0.0014	ep_length_mean:          100.0000	episode_limit_mean:        1.0000	epsilon:                   0.0500
grad_norm:                23.8723	healthy_machine_fraction_mean:  0.3340	loss:                      0.4574	mi_loss:                   0.0032
q_taken_mean:              2.5230	return_mean:              63.1540	return_median:            62.9000	return_std:                5.8640
target_mean:               2.5586	td_error_abs:              0.5042	test_ep_length_mean:     100.0000	test_episode_limit_mean:   1.0000
test_healthy_machine_fraction_mean:  0.3181	test_return_mean:         70.4000	test_return_median:       70.1000	test_return_std:           6.1308

[INFO 14:02:38] my_main t_env: 1510100 / 2050000
[INFO 14:02:38] my_main Estimated time left: 4 hours, 21 minutes, 55 seconds. Time passed: 11 hours, 58 minutes, 29 seconds
[INFO 14:03:58] my_main Recent Stats | t_env:    1512000 | Episode:    15120
entropy_loss:              0.0014	ep_length_mean:          100.0000	episode_limit_mean:        1.0000	epsilon:                   0.0500
grad_norm:                23.8723	healthy_machine_fraction_mean:  0.3222	loss:                      0.4574	mi_loss:                   0.0032
q_taken_mean:              2.5230	return_mean:              62.7900	return_median:            62.5000	return_std:                5.8751
target_mean:               2.5586	td_error_abs:              0.5042	test_ep_length_mean:     100.0000	test_episode_limit_mean:   1.0000
test_healthy_machine_fraction_mean:  0.3069	test_return_mean:         69.7250	test_return_median:       69.5000	test_return_std:           6.5399

[INFO 14:04:50] my_main Recent Stats | t_env:    1514000 | Episode:    15140
entropy_loss:              0.0014	ep_length_mean:          100.0000	episode_limit_mean:        1.0000	epsilon:                   0.0500
grad_norm:                23.8310	healthy_machine_fraction_mean:  0.3222	loss:                      0.4560	mi_loss:                   0.0032
q_taken_mean:              2.5292	return_mean:              62.7900	return_median:            62.5000	return_std:                5.8751
target_mean:               2.5645	td_error_abs:              0.5041	test_ep_length_mean:     100.0000	test_episode_limit_mean:   1.0000
test_healthy_machine_fraction_mean:  0.3069	test_return_mean:         69.7250	test_return_median:       69.5000	test_return_std:           6.5399

[INFO 14:05:42] my_main Recent Stats | t_env:    1516000 | Episode:    15160
entropy_loss:              0.0014	ep_length_mean:          100.0000	episode_limit_mean:        1.0000	epsilon:                   0.0500
grad_norm:                23.8310	healthy_machine_fraction_mean:  0.3222	loss:                      0.4560	mi_loss:                   0.0032
q_taken_mean:              2.5292	return_mean:              62.7900	return_median:            62.5000	return_std:                5.8751
target_mean:               2.5645	td_error_abs:              0.5041	test_ep_length_mean:     100.0000	test_episode_limit_mean:   1.0000
test_healthy_machine_fraction_mean:  0.3069	test_return_mean:         69.7250	test_return_median:       69.5000	test_return_std:           6.5399

[INFO 14:06:34] my_main Recent Stats | t_env:    1518000 | Episode:    15180
entropy_loss:              0.0014	ep_length_mean:          100.0000	episode_limit_mean:        1.0000	epsilon:                   0.0500
grad_norm:                23.8310	healthy_machine_fraction_mean:  0.3222	loss:                      0.4560	mi_loss:                   0.0032
q_taken_mean:              2.5292	return_mean:              62.7900	return_median:            62.5000	return_std:                5.8751
target_mean:               2.5645	td_error_abs:              0.5041	test_ep_length_mean:     100.0000	test_episode_limit_mean:   1.0000
test_healthy_machine_fraction_mean:  0.3069	test_return_mean:         69.7250	test_return_median:       69.5000	test_return_std:           6.5399

[INFO 14:07:27] my_main Recent Stats | t_env:    1520000 | Episode:    15200
entropy_loss:              0.0014	ep_length_mean:          100.0000	episode_limit_mean:        1.0000	epsilon:                   0.0500
grad_norm:                23.8310	healthy_machine_fraction_mean:  0.3222	loss:                      0.4560	mi_loss:                   0.0032
q_taken_mean:              2.5292	return_mean:              62.7900	return_median:            62.5000	return_std:                5.8751
target_mean:               2.5645	td_error_abs:              0.5041	test_ep_length_mean:     100.0000	test_episode_limit_mean:   1.0000
test_healthy_machine_fraction_mean:  0.3069	test_return_mean:         69.7250	test_return_median:       69.5000	test_return_std:           6.5399

[INFO 14:07:29] my_main Updated target network
[INFO 14:07:29] my_main t_env: 1520100 / 2050000
[INFO 14:07:29] my_main Estimated time left: 4 hours, 16 minutes, 58 seconds. Time passed: 12 hours, 3 minutes, 19 seconds
[INFO 14:08:49] my_main Recent Stats | t_env:    1522000 | Episode:    15220
entropy_loss:              0.0014	ep_length_mean:          100.0000	episode_limit_mean:        1.0000	epsilon:                   0.0500
grad_norm:                23.8310	healthy_machine_fraction_mean:  0.3028	loss:                      0.4560	mi_loss:                   0.0032
q_taken_mean:              2.5292	return_mean:              62.3000	return_median:            62.3000	return_std:                5.7536
target_mean:               2.5645	td_error_abs:              0.5041	test_ep_length_mean:     100.0000	test_episode_limit_mean:   1.0000
test_healthy_machine_fraction_mean:  0.3025	test_return_mean:         69.0250	test_return_median:       68.5000	test_return_std:           6.4662

[INFO 14:09:41] my_main Recent Stats | t_env:    1524000 | Episode:    15240
entropy_loss:              0.0014	ep_length_mean:          100.0000	episode_limit_mean:        1.0000	epsilon:                   0.0500
grad_norm:                22.6241	healthy_machine_fraction_mean:  0.3028	loss:                      0.4397	mi_loss:                   0.0032
q_taken_mean:              2.5378	return_mean:              62.3000	return_median:            62.3000	return_std:                5.7536
target_mean:               2.5714	td_error_abs:              0.4956	test_ep_length_mean:     100.0000	test_episode_limit_mean:   1.0000
test_healthy_machine_fraction_mean:  0.3025	test_return_mean:         69.0250	test_return_median:       68.5000	test_return_std:           6.4662

[INFO 14:10:33] my_main Recent Stats | t_env:    1526000 | Episode:    15260
entropy_loss:              0.0014	ep_length_mean:          100.0000	episode_limit_mean:        1.0000	epsilon:                   0.0500
grad_norm:                22.6241	healthy_machine_fraction_mean:  0.3028	loss:                      0.4397	mi_loss:                   0.0032
q_taken_mean:              2.5378	return_mean:              62.3000	return_median:            62.3000	return_std:                5.7536
target_mean:               2.5714	td_error_abs:              0.4956	test_ep_length_mean:     100.0000	test_episode_limit_mean:   1.0000
test_healthy_machine_fraction_mean:  0.3025	test_return_mean:         69.0250	test_return_median:       68.5000	test_return_std:           6.4662

[INFO 14:11:26] my_main Recent Stats | t_env:    1528000 | Episode:    15280
entropy_loss:              0.0014	ep_length_mean:          100.0000	episode_limit_mean:        1.0000	epsilon:                   0.0500
grad_norm:                22.6241	healthy_machine_fraction_mean:  0.3028	loss:                      0.4397	mi_loss:                   0.0032
q_taken_mean:              2.5378	return_mean:              62.3000	return_median:            62.3000	return_std:                5.7536
target_mean:               2.5714	td_error_abs:              0.4956	test_ep_length_mean:     100.0000	test_episode_limit_mean:   1.0000
test_healthy_machine_fraction_mean:  0.3025	test_return_mean:         69.0250	test_return_median:       68.5000	test_return_std:           6.4662

[INFO 14:12:17] my_main Recent Stats | t_env:    1530000 | Episode:    15300
entropy_loss:              0.0014	ep_length_mean:          100.0000	episode_limit_mean:        1.0000	epsilon:                   0.0500
grad_norm:                22.6241	healthy_machine_fraction_mean:  0.3028	loss:                      0.4397	mi_loss:                   0.0032
q_taken_mean:              2.5378	return_mean:              62.3000	return_median:            62.3000	return_std:                5.7536
target_mean:               2.5714	td_error_abs:              0.4956	test_ep_length_mean:     100.0000	test_episode_limit_mean:   1.0000
test_healthy_machine_fraction_mean:  0.3025	test_return_mean:         69.0250	test_return_median:       68.5000	test_return_std:           6.4662

[INFO 14:12:20] my_main t_env: 1530100 / 2050000
[INFO 14:12:20] my_main Estimated time left: 4 hours, 11 minutes, 54 seconds. Time passed: 12 hours, 8 minutes, 10 seconds
[INFO 14:13:40] my_main Recent Stats | t_env:    1532000 | Episode:    15320
entropy_loss:              0.0014	ep_length_mean:          100.0000	episode_limit_mean:        1.0000	epsilon:                   0.0500
grad_norm:                22.6241	healthy_machine_fraction_mean:  0.2810	loss:                      0.4397	mi_loss:                   0.0032
q_taken_mean:              2.5378	return_mean:              62.2180	return_median:            62.2000	return_std:                5.9196
target_mean:               2.5714	td_error_abs:              0.4956	test_ep_length_mean:     100.0000	test_episode_limit_mean:   1.0000
test_healthy_machine_fraction_mean:  0.2819	test_return_mean:         69.0375	test_return_median:       68.9000	test_return_std:           6.2424

[INFO 14:14:31] my_main Recent Stats | t_env:    1534000 | Episode:    15340
entropy_loss:              0.0014	ep_length_mean:          100.0000	episode_limit_mean:        1.0000	epsilon:                   0.0500
grad_norm:                22.6601	healthy_machine_fraction_mean:  0.2810	loss:                      0.4375	mi_loss:                   0.0031
q_taken_mean:              2.5455	return_mean:              62.2180	return_median:            62.2000	return_std:                5.9196
target_mean:               2.5790	td_error_abs:              0.4947	test_ep_length_mean:     100.0000	test_episode_limit_mean:   1.0000
test_healthy_machine_fraction_mean:  0.2819	test_return_mean:         69.0375	test_return_median:       68.9000	test_return_std:           6.2424

[INFO 14:15:23] my_main Recent Stats | t_env:    1536000 | Episode:    15360
entropy_loss:              0.0014	ep_length_mean:          100.0000	episode_limit_mean:        1.0000	epsilon:                   0.0500
grad_norm:                22.6601	healthy_machine_fraction_mean:  0.2810	loss:                      0.4375	mi_loss:                   0.0031
q_taken_mean:              2.5455	return_mean:              62.2180	return_median:            62.2000	return_std:                5.9196
target_mean:               2.5790	td_error_abs:              0.4947	test_ep_length_mean:     100.0000	test_episode_limit_mean:   1.0000
test_healthy_machine_fraction_mean:  0.2819	test_return_mean:         69.0375	test_return_median:       68.9000	test_return_std:           6.2424

[INFO 14:16:12] my_main Recent Stats | t_env:    1538000 | Episode:    15380
entropy_loss:              0.0014	ep_length_mean:          100.0000	episode_limit_mean:        1.0000	epsilon:                   0.0500
grad_norm:                22.6601	healthy_machine_fraction_mean:  0.2810	loss:                      0.4375	mi_loss:                   0.0031
q_taken_mean:              2.5455	return_mean:              62.2180	return_median:            62.2000	return_std:                5.9196
target_mean:               2.5790	td_error_abs:              0.4947	test_ep_length_mean:     100.0000	test_episode_limit_mean:   1.0000
test_healthy_machine_fraction_mean:  0.2819	test_return_mean:         69.0375	test_return_median:       68.9000	test_return_std:           6.2424

[INFO 14:17:03] my_main Recent Stats | t_env:    1540000 | Episode:    15400
entropy_loss:              0.0014	ep_length_mean:          100.0000	episode_limit_mean:        1.0000	epsilon:                   0.0500
grad_norm:                22.6601	healthy_machine_fraction_mean:  0.2810	loss:                      0.4375	mi_loss:                   0.0031
q_taken_mean:              2.5455	return_mean:              62.2180	return_median:            62.2000	return_std:                5.9196
target_mean:               2.5790	td_error_abs:              0.4947	test_ep_length_mean:     100.0000	test_episode_limit_mean:   1.0000
test_healthy_machine_fraction_mean:  0.2819	test_return_mean:         69.0375	test_return_median:       68.9000	test_return_std:           6.2424

[INFO 14:17:06] my_main Updated target network
[INFO 14:17:06] my_main t_env: 1540100 / 2050000
[INFO 14:17:06] my_main Estimated time left: 4 hours, 2 minutes, 53 seconds. Time passed: 12 hours, 12 minutes, 56 seconds
[INFO 14:18:26] my_main Recent Stats | t_env:    1542000 | Episode:    15420
entropy_loss:              0.0014	ep_length_mean:          100.0000	episode_limit_mean:        1.0000	epsilon:                   0.0500
grad_norm:                22.6601	healthy_machine_fraction_mean:  0.2918	loss:                      0.4375	mi_loss:                   0.0031
q_taken_mean:              2.5455	return_mean:              62.6540	return_median:            62.8000	return_std:                5.8044
target_mean:               2.5790	td_error_abs:              0.4947	test_ep_length_mean:     100.0000	test_episode_limit_mean:   1.0000
test_healthy_machine_fraction_mean:  0.2925	test_return_mean:         69.0375	test_return_median:       69.3000	test_return_std:           6.2960

[INFO 14:19:18] my_main Recent Stats | t_env:    1544000 | Episode:    15440
entropy_loss:              0.0014	ep_length_mean:          100.0000	episode_limit_mean:        1.0000	epsilon:                   0.0500
grad_norm:                21.0659	healthy_machine_fraction_mean:  0.2918	loss:                      0.4166	mi_loss:                   0.0031
q_taken_mean:              2.5580	return_mean:              62.6540	return_median:            62.8000	return_std:                5.8044
target_mean:               2.5891	td_error_abs:              0.4816	test_ep_length_mean:     100.0000	test_episode_limit_mean:   1.0000
test_healthy_machine_fraction_mean:  0.2925	test_return_mean:         69.0375	test_return_median:       69.3000	test_return_std:           6.2960

[INFO 14:20:11] my_main Recent Stats | t_env:    1546000 | Episode:    15460
entropy_loss:              0.0014	ep_length_mean:          100.0000	episode_limit_mean:        1.0000	epsilon:                   0.0500
grad_norm:                21.0659	healthy_machine_fraction_mean:  0.2918	loss:                      0.4166	mi_loss:                   0.0031
q_taken_mean:              2.5580	return_mean:              62.6540	return_median:            62.8000	return_std:                5.8044
target_mean:               2.5891	td_error_abs:              0.4816	test_ep_length_mean:     100.0000	test_episode_limit_mean:   1.0000
test_healthy_machine_fraction_mean:  0.2925	test_return_mean:         69.0375	test_return_median:       69.3000	test_return_std:           6.2960

[INFO 14:21:03] my_main Recent Stats | t_env:    1548000 | Episode:    15480
entropy_loss:              0.0014	ep_length_mean:          100.0000	episode_limit_mean:        1.0000	epsilon:                   0.0500
grad_norm:                21.0659	healthy_machine_fraction_mean:  0.2918	loss:                      0.4166	mi_loss:                   0.0031
q_taken_mean:              2.5580	return_mean:              62.6540	return_median:            62.8000	return_std:                5.8044
target_mean:               2.5891	td_error_abs:              0.4816	test_ep_length_mean:     100.0000	test_episode_limit_mean:   1.0000
test_healthy_machine_fraction_mean:  0.2925	test_return_mean:         69.0375	test_return_median:       69.3000	test_return_std:           6.2960

[INFO 14:21:55] my_main Recent Stats | t_env:    1550000 | Episode:    15500
entropy_loss:              0.0014	ep_length_mean:          100.0000	episode_limit_mean:        1.0000	epsilon:                   0.0500
grad_norm:                21.0659	healthy_machine_fraction_mean:  0.2918	loss:                      0.4166	mi_loss:                   0.0031
q_taken_mean:              2.5580	return_mean:              62.6540	return_median:            62.8000	return_std:                5.8044
target_mean:               2.5891	td_error_abs:              0.4816	test_ep_length_mean:     100.0000	test_episode_limit_mean:   1.0000
test_healthy_machine_fraction_mean:  0.2925	test_return_mean:         69.0375	test_return_median:       69.3000	test_return_std:           6.2960

[INFO 14:21:57] my_main t_env: 1550100 / 2050000
[INFO 14:21:57] my_main Estimated time left: 4 hours, 3 minutes, 3 seconds. Time passed: 12 hours, 17 minutes, 48 seconds
[INFO 14:23:18] my_main Recent Stats | t_env:    1552000 | Episode:    15520
entropy_loss:              0.0014	ep_length_mean:          100.0000	episode_limit_mean:        1.0000	epsilon:                   0.0500
grad_norm:                21.0659	healthy_machine_fraction_mean:  0.2886	loss:                      0.4166	mi_loss:                   0.0031
q_taken_mean:              2.5580	return_mean:              62.5740	return_median:            62.8000	return_std:                5.6737
target_mean:               2.5891	td_error_abs:              0.4816	test_ep_length_mean:     100.0000	test_episode_limit_mean:   1.0000
test_healthy_machine_fraction_mean:  0.2831	test_return_mean:         68.6000	test_return_median:       69.1000	test_return_std:           6.0995

[INFO 14:24:10] my_main Recent Stats | t_env:    1554000 | Episode:    15540
entropy_loss:              0.0014	ep_length_mean:          100.0000	episode_limit_mean:        1.0000	epsilon:                   0.0500
grad_norm:                20.5786	healthy_machine_fraction_mean:  0.2886	loss:                      0.4092	mi_loss:                   0.0031
q_taken_mean:              2.5629	return_mean:              62.5740	return_median:            62.8000	return_std:                5.6737
target_mean:               2.5934	td_error_abs:              0.4770	test_ep_length_mean:     100.0000	test_episode_limit_mean:   1.0000
test_healthy_machine_fraction_mean:  0.2831	test_return_mean:         68.6000	test_return_median:       69.1000	test_return_std:           6.0995

[INFO 14:25:01] my_main Recent Stats | t_env:    1556000 | Episode:    15560
entropy_loss:              0.0014	ep_length_mean:          100.0000	episode_limit_mean:        1.0000	epsilon:                   0.0500
grad_norm:                20.5786	healthy_machine_fraction_mean:  0.2886	loss:                      0.4092	mi_loss:                   0.0031
q_taken_mean:              2.5629	return_mean:              62.5740	return_median:            62.8000	return_std:                5.6737
target_mean:               2.5934	td_error_abs:              0.4770	test_ep_length_mean:     100.0000	test_episode_limit_mean:   1.0000
test_healthy_machine_fraction_mean:  0.2831	test_return_mean:         68.6000	test_return_median:       69.1000	test_return_std:           6.0995

[INFO 14:25:54] my_main Recent Stats | t_env:    1558000 | Episode:    15580
entropy_loss:              0.0014	ep_length_mean:          100.0000	episode_limit_mean:        1.0000	epsilon:                   0.0500
grad_norm:                20.5786	healthy_machine_fraction_mean:  0.2886	loss:                      0.4092	mi_loss:                   0.0031
q_taken_mean:              2.5629	return_mean:              62.5740	return_median:            62.8000	return_std:                5.6737
target_mean:               2.5934	td_error_abs:              0.4770	test_ep_length_mean:     100.0000	test_episode_limit_mean:   1.0000
test_healthy_machine_fraction_mean:  0.2831	test_return_mean:         68.6000	test_return_median:       69.1000	test_return_std:           6.0995

[INFO 14:26:46] my_main Recent Stats | t_env:    1560000 | Episode:    15600
entropy_loss:              0.0014	ep_length_mean:          100.0000	episode_limit_mean:        1.0000	epsilon:                   0.0500
grad_norm:                20.5786	healthy_machine_fraction_mean:  0.2886	loss:                      0.4092	mi_loss:                   0.0031
q_taken_mean:              2.5629	return_mean:              62.5740	return_median:            62.8000	return_std:                5.6737
target_mean:               2.5934	td_error_abs:              0.4770	test_ep_length_mean:     100.0000	test_episode_limit_mean:   1.0000
test_healthy_machine_fraction_mean:  0.2831	test_return_mean:         68.6000	test_return_median:       69.1000	test_return_std:           6.0995

[INFO 14:26:48] my_main Updated target network
[INFO 14:26:48] my_main t_env: 1560100 / 2050000
[INFO 14:26:48] my_main Estimated time left: 3 hours, 57 minutes, 36 seconds. Time passed: 12 hours, 22 minutes, 39 seconds
[INFO 14:28:09] my_main Recent Stats | t_env:    1562000 | Episode:    15620
entropy_loss:              0.0014	ep_length_mean:          100.0000	episode_limit_mean:        1.0000	epsilon:                   0.0500
grad_norm:                20.5786	healthy_machine_fraction_mean:  0.2904	loss:                      0.4092	mi_loss:                   0.0031
q_taken_mean:              2.5629	return_mean:              62.3580	return_median:            62.5000	return_std:                5.7135
target_mean:               2.5934	td_error_abs:              0.4770	test_ep_length_mean:     100.0000	test_episode_limit_mean:   1.0000
test_healthy_machine_fraction_mean:  0.2769	test_return_mean:         68.7375	test_return_median:       68.7000	test_return_std:           5.7817

[INFO 14:29:01] my_main Recent Stats | t_env:    1564000 | Episode:    15640
entropy_loss:              0.0014	ep_length_mean:          100.0000	episode_limit_mean:        1.0000	epsilon:                   0.0500
grad_norm:                19.9880	healthy_machine_fraction_mean:  0.2904	loss:                      0.3999	mi_loss:                   0.0031
q_taken_mean:              2.5730	return_mean:              62.3580	return_median:            62.5000	return_std:                5.7135
target_mean:               2.6026	td_error_abs:              0.4710	test_ep_length_mean:     100.0000	test_episode_limit_mean:   1.0000
test_healthy_machine_fraction_mean:  0.2769	test_return_mean:         68.7375	test_return_median:       68.7000	test_return_std:           5.7817

[INFO 14:29:53] my_main Recent Stats | t_env:    1566000 | Episode:    15660
entropy_loss:              0.0014	ep_length_mean:          100.0000	episode_limit_mean:        1.0000	epsilon:                   0.0500
grad_norm:                19.9880	healthy_machine_fraction_mean:  0.2904	loss:                      0.3999	mi_loss:                   0.0031
q_taken_mean:              2.5730	return_mean:              62.3580	return_median:            62.5000	return_std:                5.7135
target_mean:               2.6026	td_error_abs:              0.4710	test_ep_length_mean:     100.0000	test_episode_limit_mean:   1.0000
test_healthy_machine_fraction_mean:  0.2769	test_return_mean:         68.7375	test_return_median:       68.7000	test_return_std:           5.7817

[INFO 14:30:46] my_main Recent Stats | t_env:    1568000 | Episode:    15680
entropy_loss:              0.0014	ep_length_mean:          100.0000	episode_limit_mean:        1.0000	epsilon:                   0.0500
grad_norm:                19.9880	healthy_machine_fraction_mean:  0.2904	loss:                      0.3999	mi_loss:                   0.0031
q_taken_mean:              2.5730	return_mean:              62.3580	return_median:            62.5000	return_std:                5.7135
target_mean:               2.6026	td_error_abs:              0.4710	test_ep_length_mean:     100.0000	test_episode_limit_mean:   1.0000
test_healthy_machine_fraction_mean:  0.2769	test_return_mean:         68.7375	test_return_median:       68.7000	test_return_std:           5.7817

[INFO 14:31:38] my_main Recent Stats | t_env:    1570000 | Episode:    15700
entropy_loss:              0.0014	ep_length_mean:          100.0000	episode_limit_mean:        1.0000	epsilon:                   0.0500
grad_norm:                19.9880	healthy_machine_fraction_mean:  0.2904	loss:                      0.3999	mi_loss:                   0.0031
q_taken_mean:              2.5730	return_mean:              62.3580	return_median:            62.5000	return_std:                5.7135
target_mean:               2.6026	td_error_abs:              0.4710	test_ep_length_mean:     100.0000	test_episode_limit_mean:   1.0000
test_healthy_machine_fraction_mean:  0.2769	test_return_mean:         68.7375	test_return_median:       68.7000	test_return_std:           5.7817

[INFO 14:31:40] my_main t_env: 1570100 / 2050000
[INFO 14:31:40] my_main Estimated time left: 3 hours, 53 minutes, 9 seconds. Time passed: 12 hours, 27 minutes, 30 seconds
[INFO 14:33:01] my_main Recent Stats | t_env:    1572000 | Episode:    15720
entropy_loss:              0.0014	ep_length_mean:          100.0000	episode_limit_mean:        1.0000	epsilon:                   0.0500
grad_norm:                19.9880	healthy_machine_fraction_mean:  0.2926	loss:                      0.3999	mi_loss:                   0.0031
q_taken_mean:              2.5730	return_mean:              62.6200	return_median:            62.8000	return_std:                5.6519
target_mean:               2.6026	td_error_abs:              0.4710	test_ep_length_mean:     100.0000	test_episode_limit_mean:   1.0000
test_healthy_machine_fraction_mean:  0.2762	test_return_mean:         69.2812	test_return_median:       69.3000	test_return_std:           5.8328

[INFO 14:33:52] my_main Recent Stats | t_env:    1574000 | Episode:    15740
entropy_loss:              0.0014	ep_length_mean:          100.0000	episode_limit_mean:        1.0000	epsilon:                   0.0500
grad_norm:                20.8587	healthy_machine_fraction_mean:  0.2926	loss:                      0.4024	mi_loss:                   0.0031
q_taken_mean:              2.5792	return_mean:              62.6200	return_median:            62.8000	return_std:                5.6519
target_mean:               2.6101	td_error_abs:              0.4749	test_ep_length_mean:     100.0000	test_episode_limit_mean:   1.0000
test_healthy_machine_fraction_mean:  0.2762	test_return_mean:         69.2812	test_return_median:       69.3000	test_return_std:           5.8328

[INFO 14:34:44] my_main Recent Stats | t_env:    1576000 | Episode:    15760
entropy_loss:              0.0014	ep_length_mean:          100.0000	episode_limit_mean:        1.0000	epsilon:                   0.0500
grad_norm:                20.8587	healthy_machine_fraction_mean:  0.2926	loss:                      0.4024	mi_loss:                   0.0031
q_taken_mean:              2.5792	return_mean:              62.6200	return_median:            62.8000	return_std:                5.6519
target_mean:               2.6101	td_error_abs:              0.4749	test_ep_length_mean:     100.0000	test_episode_limit_mean:   1.0000
test_healthy_machine_fraction_mean:  0.2762	test_return_mean:         69.2812	test_return_median:       69.3000	test_return_std:           5.8328

[INFO 14:35:36] my_main Recent Stats | t_env:    1578000 | Episode:    15780
entropy_loss:              0.0014	ep_length_mean:          100.0000	episode_limit_mean:        1.0000	epsilon:                   0.0500
grad_norm:                20.8587	healthy_machine_fraction_mean:  0.2926	loss:                      0.4024	mi_loss:                   0.0031
q_taken_mean:              2.5792	return_mean:              62.6200	return_median:            62.8000	return_std:                5.6519
target_mean:               2.6101	td_error_abs:              0.4749	test_ep_length_mean:     100.0000	test_episode_limit_mean:   1.0000
test_healthy_machine_fraction_mean:  0.2762	test_return_mean:         69.2812	test_return_median:       69.3000	test_return_std:           5.8328

[INFO 14:36:28] my_main Recent Stats | t_env:    1580000 | Episode:    15800
entropy_loss:              0.0014	ep_length_mean:          100.0000	episode_limit_mean:        1.0000	epsilon:                   0.0500
grad_norm:                20.8587	healthy_machine_fraction_mean:  0.2926	loss:                      0.4024	mi_loss:                   0.0031
q_taken_mean:              2.5792	return_mean:              62.6200	return_median:            62.8000	return_std:                5.6519
target_mean:               2.6101	td_error_abs:              0.4749	test_ep_length_mean:     100.0000	test_episode_limit_mean:   1.0000
test_healthy_machine_fraction_mean:  0.2762	test_return_mean:         69.2812	test_return_median:       69.3000	test_return_std:           5.8328

[INFO 14:36:31] my_main Updated target network
[INFO 14:36:31] my_main t_env: 1580100 / 2050000
[INFO 14:36:31] my_main Estimated time left: 3 hours, 47 minutes, 45 seconds. Time passed: 12 hours, 32 minutes, 21 seconds
[INFO 14:37:52] my_main Recent Stats | t_env:    1582000 | Episode:    15820
entropy_loss:              0.0014	ep_length_mean:          100.0000	episode_limit_mean:        1.0000	epsilon:                   0.0500
grad_norm:                20.8587	healthy_machine_fraction_mean:  0.2994	loss:                      0.4024	mi_loss:                   0.0031
q_taken_mean:              2.5792	return_mean:              62.4420	return_median:            62.8000	return_std:                5.6627
target_mean:               2.6101	td_error_abs:              0.4749	test_ep_length_mean:     100.0000	test_episode_limit_mean:   1.0000
test_healthy_machine_fraction_mean:  0.2638	test_return_mean:         69.0563	test_return_median:       68.8000	test_return_std:           5.9349

[INFO 14:38:43] my_main Recent Stats | t_env:    1584000 | Episode:    15840
entropy_loss:              0.0014	ep_length_mean:          100.0000	episode_limit_mean:        1.0000	epsilon:                   0.0500
grad_norm:                20.8630	healthy_machine_fraction_mean:  0.2994	loss:                      0.4012	mi_loss:                   0.0031
q_taken_mean:              2.5898	return_mean:              62.4420	return_median:            62.8000	return_std:                5.6627
target_mean:               2.6207	td_error_abs:              0.4753	test_ep_length_mean:     100.0000	test_episode_limit_mean:   1.0000
test_healthy_machine_fraction_mean:  0.2638	test_return_mean:         69.0563	test_return_median:       68.8000	test_return_std:           5.9349

[INFO 14:39:35] my_main Recent Stats | t_env:    1586000 | Episode:    15860
entropy_loss:              0.0014	ep_length_mean:          100.0000	episode_limit_mean:        1.0000	epsilon:                   0.0500
grad_norm:                20.8630	healthy_machine_fraction_mean:  0.2994	loss:                      0.4012	mi_loss:                   0.0031
q_taken_mean:              2.5898	return_mean:              62.4420	return_median:            62.8000	return_std:                5.6627
target_mean:               2.6207	td_error_abs:              0.4753	test_ep_length_mean:     100.0000	test_episode_limit_mean:   1.0000
test_healthy_machine_fraction_mean:  0.2638	test_return_mean:         69.0563	test_return_median:       68.8000	test_return_std:           5.9349

[INFO 14:40:28] my_main Recent Stats | t_env:    1588000 | Episode:    15880
entropy_loss:              0.0014	ep_length_mean:          100.0000	episode_limit_mean:        1.0000	epsilon:                   0.0500
grad_norm:                20.8630	healthy_machine_fraction_mean:  0.2994	loss:                      0.4012	mi_loss:                   0.0031
q_taken_mean:              2.5898	return_mean:              62.4420	return_median:            62.8000	return_std:                5.6627
target_mean:               2.6207	td_error_abs:              0.4753	test_ep_length_mean:     100.0000	test_episode_limit_mean:   1.0000
test_healthy_machine_fraction_mean:  0.2638	test_return_mean:         69.0563	test_return_median:       68.8000	test_return_std:           5.9349

[INFO 14:41:20] my_main Recent Stats | t_env:    1590000 | Episode:    15900
entropy_loss:              0.0014	ep_length_mean:          100.0000	episode_limit_mean:        1.0000	epsilon:                   0.0500
grad_norm:                20.8630	healthy_machine_fraction_mean:  0.2994	loss:                      0.4012	mi_loss:                   0.0031
q_taken_mean:              2.5898	return_mean:              62.4420	return_median:            62.8000	return_std:                5.6627
target_mean:               2.6207	td_error_abs:              0.4753	test_ep_length_mean:     100.0000	test_episode_limit_mean:   1.0000
test_healthy_machine_fraction_mean:  0.2638	test_return_mean:         69.0563	test_return_median:       68.8000	test_return_std:           5.9349

[INFO 14:41:22] my_main t_env: 1590100 / 2050000
[INFO 14:41:22] my_main Estimated time left: 3 hours, 43 minutes, 14 seconds. Time passed: 12 hours, 37 minutes, 12 seconds
[INFO 14:42:42] my_main Recent Stats | t_env:    1592000 | Episode:    15920
entropy_loss:              0.0014	ep_length_mean:          100.0000	episode_limit_mean:        1.0000	epsilon:                   0.0500
grad_norm:                20.8630	healthy_machine_fraction_mean:  0.2948	loss:                      0.4012	mi_loss:                   0.0031
q_taken_mean:              2.5898	return_mean:              61.9600	return_median:            62.4000	return_std:                5.8073
target_mean:               2.6207	td_error_abs:              0.4753	test_ep_length_mean:     100.0000	test_episode_limit_mean:   1.0000
test_healthy_machine_fraction_mean:  0.2362	test_return_mean:         68.4188	test_return_median:       68.0000	test_return_std:           5.7176

[INFO 14:43:34] my_main Recent Stats | t_env:    1594000 | Episode:    15940
entropy_loss:              0.0014	ep_length_mean:          100.0000	episode_limit_mean:        1.0000	epsilon:                   0.0500
grad_norm:                22.3962	healthy_machine_fraction_mean:  0.2948	loss:                      0.4116	mi_loss:                   0.0031
q_taken_mean:              2.5917	return_mean:              61.9600	return_median:            62.4000	return_std:                5.8073
target_mean:               2.6249	td_error_abs:              0.4825	test_ep_length_mean:     100.0000	test_episode_limit_mean:   1.0000
test_healthy_machine_fraction_mean:  0.2362	test_return_mean:         68.4188	test_return_median:       68.0000	test_return_std:           5.7176

[INFO 14:44:26] my_main Recent Stats | t_env:    1596000 | Episode:    15960
entropy_loss:              0.0014	ep_length_mean:          100.0000	episode_limit_mean:        1.0000	epsilon:                   0.0500
grad_norm:                22.3962	healthy_machine_fraction_mean:  0.2948	loss:                      0.4116	mi_loss:                   0.0031
q_taken_mean:              2.5917	return_mean:              61.9600	return_median:            62.4000	return_std:                5.8073
target_mean:               2.6249	td_error_abs:              0.4825	test_ep_length_mean:     100.0000	test_episode_limit_mean:   1.0000
test_healthy_machine_fraction_mean:  0.2362	test_return_mean:         68.4188	test_return_median:       68.0000	test_return_std:           5.7176

[INFO 14:45:17] my_main Recent Stats | t_env:    1598000 | Episode:    15980
entropy_loss:              0.0014	ep_length_mean:          100.0000	episode_limit_mean:        1.0000	epsilon:                   0.0500
grad_norm:                22.3962	healthy_machine_fraction_mean:  0.2948	loss:                      0.4116	mi_loss:                   0.0031
q_taken_mean:              2.5917	return_mean:              61.9600	return_median:            62.4000	return_std:                5.8073
target_mean:               2.6249	td_error_abs:              0.4825	test_ep_length_mean:     100.0000	test_episode_limit_mean:   1.0000
test_healthy_machine_fraction_mean:  0.2362	test_return_mean:         68.4188	test_return_median:       68.0000	test_return_std:           5.7176

[INFO 14:46:09] my_main Recent Stats | t_env:    1600000 | Episode:    16000
entropy_loss:              0.0014	ep_length_mean:          100.0000	episode_limit_mean:        1.0000	epsilon:                   0.0500
grad_norm:                22.3962	healthy_machine_fraction_mean:  0.2948	loss:                      0.4116	mi_loss:                   0.0031
q_taken_mean:              2.5917	return_mean:              61.9600	return_median:            62.4000	return_std:                5.8073
target_mean:               2.6249	td_error_abs:              0.4825	test_ep_length_mean:     100.0000	test_episode_limit_mean:   1.0000
test_healthy_machine_fraction_mean:  0.2362	test_return_mean:         68.4188	test_return_median:       68.0000	test_return_std:           5.7176

[INFO 14:46:12] my_main Updated target network
[INFO 14:46:12] my_main t_env: 1600100 / 2050000
[INFO 14:46:12] my_main Estimated time left: 3 hours, 37 minutes, 23 seconds. Time passed: 12 hours, 42 minutes, 2 seconds
[INFO 14:47:32] my_main Recent Stats | t_env:    1602000 | Episode:    16020
entropy_loss:              0.0014	ep_length_mean:          100.0000	episode_limit_mean:        1.0000	epsilon:                   0.0500
grad_norm:                22.3962	healthy_machine_fraction_mean:  0.2922	loss:                      0.4116	mi_loss:                   0.0031
q_taken_mean:              2.5917	return_mean:              62.0720	return_median:            62.4000	return_std:                6.0388
target_mean:               2.6249	td_error_abs:              0.4825	test_ep_length_mean:     100.0000	test_episode_limit_mean:   1.0000
test_healthy_machine_fraction_mean:  0.2394	test_return_mean:         68.4000	test_return_median:       68.0000	test_return_std:           5.7372

[INFO 14:48:23] my_main Recent Stats | t_env:    1604000 | Episode:    16040
entropy_loss:              0.0014	ep_length_mean:          100.0000	episode_limit_mean:        1.0000	epsilon:                   0.0500
grad_norm:                20.8927	healthy_machine_fraction_mean:  0.2922	loss:                      0.3998	mi_loss:                   0.0031
q_taken_mean:              2.6040	return_mean:              62.0720	return_median:            62.4000	return_std:                6.0388
target_mean:               2.6349	td_error_abs:              0.4759	test_ep_length_mean:     100.0000	test_episode_limit_mean:   1.0000
test_healthy_machine_fraction_mean:  0.2394	test_return_mean:         68.4000	test_return_median:       68.0000	test_return_std:           5.7372

[INFO 14:49:15] my_main Recent Stats | t_env:    1606000 | Episode:    16060
entropy_loss:              0.0014	ep_length_mean:          100.0000	episode_limit_mean:        1.0000	epsilon:                   0.0500
grad_norm:                20.8927	healthy_machine_fraction_mean:  0.2922	loss:                      0.3998	mi_loss:                   0.0031
q_taken_mean:              2.6040	return_mean:              62.0720	return_median:            62.4000	return_std:                6.0388
target_mean:               2.6349	td_error_abs:              0.4759	test_ep_length_mean:     100.0000	test_episode_limit_mean:   1.0000
test_healthy_machine_fraction_mean:  0.2394	test_return_mean:         68.4000	test_return_median:       68.0000	test_return_std:           5.7372

[INFO 14:50:07] my_main Recent Stats | t_env:    1608000 | Episode:    16080
entropy_loss:              0.0014	ep_length_mean:          100.0000	episode_limit_mean:        1.0000	epsilon:                   0.0500
grad_norm:                20.8927	healthy_machine_fraction_mean:  0.2922	loss:                      0.3998	mi_loss:                   0.0031
q_taken_mean:              2.6040	return_mean:              62.0720	return_median:            62.4000	return_std:                6.0388
target_mean:               2.6349	td_error_abs:              0.4759	test_ep_length_mean:     100.0000	test_episode_limit_mean:   1.0000
test_healthy_machine_fraction_mean:  0.2394	test_return_mean:         68.4000	test_return_median:       68.0000	test_return_std:           5.7372

[INFO 14:50:59] my_main Recent Stats | t_env:    1610000 | Episode:    16100
entropy_loss:              0.0014	ep_length_mean:          100.0000	episode_limit_mean:        1.0000	epsilon:                   0.0500
grad_norm:                20.8927	healthy_machine_fraction_mean:  0.2922	loss:                      0.3998	mi_loss:                   0.0031
q_taken_mean:              2.6040	return_mean:              62.0720	return_median:            62.4000	return_std:                6.0388
target_mean:               2.6349	td_error_abs:              0.4759	test_ep_length_mean:     100.0000	test_episode_limit_mean:   1.0000
test_healthy_machine_fraction_mean:  0.2394	test_return_mean:         68.4000	test_return_median:       68.0000	test_return_std:           5.7372

[INFO 14:51:01] my_main t_env: 1610100 / 2050000
[INFO 14:51:01] my_main Estimated time left: 3 hours, 32 minutes, 12 seconds. Time passed: 12 hours, 46 minutes, 52 seconds
[INFO 14:52:21] my_main Recent Stats | t_env:    1612000 | Episode:    16120
entropy_loss:              0.0014	ep_length_mean:          100.0000	episode_limit_mean:        1.0000	epsilon:                   0.0500
grad_norm:                20.8927	healthy_machine_fraction_mean:  0.2874	loss:                      0.3998	mi_loss:                   0.0031
q_taken_mean:              2.6040	return_mean:              62.7800	return_median:            63.3000	return_std:                5.9379
target_mean:               2.6349	td_error_abs:              0.4759	test_ep_length_mean:     100.0000	test_episode_limit_mean:   1.0000
test_healthy_machine_fraction_mean:  0.2525	test_return_mean:         69.6625	test_return_median:       69.5000	test_return_std:           5.4500

[INFO 14:53:10] my_main Recent Stats | t_env:    1614000 | Episode:    16140
entropy_loss:              0.0014	ep_length_mean:          100.0000	episode_limit_mean:        1.0000	epsilon:                   0.0500
grad_norm:                20.9552	healthy_machine_fraction_mean:  0.2874	loss:                      0.4004	mi_loss:                   0.0031
q_taken_mean:              2.6110	return_mean:              62.7800	return_median:            63.3000	return_std:                5.9379
target_mean:               2.6421	td_error_abs:              0.4787	test_ep_length_mean:     100.0000	test_episode_limit_mean:   1.0000
test_healthy_machine_fraction_mean:  0.2525	test_return_mean:         69.6625	test_return_median:       69.5000	test_return_std:           5.4500

[INFO 14:54:02] my_main Recent Stats | t_env:    1616000 | Episode:    16160
entropy_loss:              0.0014	ep_length_mean:          100.0000	episode_limit_mean:        1.0000	epsilon:                   0.0500
grad_norm:                20.9552	healthy_machine_fraction_mean:  0.2874	loss:                      0.4004	mi_loss:                   0.0031
q_taken_mean:              2.6110	return_mean:              62.7800	return_median:            63.3000	return_std:                5.9379
target_mean:               2.6421	td_error_abs:              0.4787	test_ep_length_mean:     100.0000	test_episode_limit_mean:   1.0000
test_healthy_machine_fraction_mean:  0.2525	test_return_mean:         69.6625	test_return_median:       69.5000	test_return_std:           5.4500

[INFO 14:54:54] my_main Recent Stats | t_env:    1618000 | Episode:    16180
entropy_loss:              0.0014	ep_length_mean:          100.0000	episode_limit_mean:        1.0000	epsilon:                   0.0500
grad_norm:                20.9552	healthy_machine_fraction_mean:  0.2874	loss:                      0.4004	mi_loss:                   0.0031
q_taken_mean:              2.6110	return_mean:              62.7800	return_median:            63.3000	return_std:                5.9379
target_mean:               2.6421	td_error_abs:              0.4787	test_ep_length_mean:     100.0000	test_episode_limit_mean:   1.0000
test_healthy_machine_fraction_mean:  0.2525	test_return_mean:         69.6625	test_return_median:       69.5000	test_return_std:           5.4500

[INFO 14:55:46] my_main Recent Stats | t_env:    1620000 | Episode:    16200
entropy_loss:              0.0014	ep_length_mean:          100.0000	episode_limit_mean:        1.0000	epsilon:                   0.0500
grad_norm:                20.9552	healthy_machine_fraction_mean:  0.2874	loss:                      0.4004	mi_loss:                   0.0031
q_taken_mean:              2.6110	return_mean:              62.7800	return_median:            63.3000	return_std:                5.9379
target_mean:               2.6421	td_error_abs:              0.4787	test_ep_length_mean:     100.0000	test_episode_limit_mean:   1.0000
test_healthy_machine_fraction_mean:  0.2525	test_return_mean:         69.6625	test_return_median:       69.5000	test_return_std:           5.4500

[INFO 14:55:48] my_main Updated target network
[INFO 14:55:49] my_main t_env: 1620100 / 2050000
[INFO 14:55:49] my_main Estimated time left: 3 hours, 25 minutes, 42 seconds. Time passed: 12 hours, 51 minutes, 39 seconds
[INFO 14:57:09] my_main Recent Stats | t_env:    1622000 | Episode:    16220
entropy_loss:              0.0014	ep_length_mean:          100.0000	episode_limit_mean:        1.0000	epsilon:                   0.0500
grad_norm:                20.9552	healthy_machine_fraction_mean:  0.2940	loss:                      0.4004	mi_loss:                   0.0031
q_taken_mean:              2.6110	return_mean:              63.0360	return_median:            63.4000	return_std:                6.1138
target_mean:               2.6421	td_error_abs:              0.4787	test_ep_length_mean:     100.0000	test_episode_limit_mean:   1.0000
test_healthy_machine_fraction_mean:  0.2638	test_return_mean:         70.1937	test_return_median:       70.0000	test_return_std:           5.6998

[INFO 14:58:01] my_main Recent Stats | t_env:    1624000 | Episode:    16240
entropy_loss:              0.0014	ep_length_mean:          100.0000	episode_limit_mean:        1.0000	epsilon:                   0.0500
grad_norm:                21.1376	healthy_machine_fraction_mean:  0.2940	loss:                      0.4048	mi_loss:                   0.0031
q_taken_mean:              2.6201	return_mean:              63.0360	return_median:            63.4000	return_std:                6.1138
target_mean:               2.6513	td_error_abs:              0.4807	test_ep_length_mean:     100.0000	test_episode_limit_mean:   1.0000
test_healthy_machine_fraction_mean:  0.2638	test_return_mean:         70.1937	test_return_median:       70.0000	test_return_std:           5.6998

[INFO 14:58:53] my_main Recent Stats | t_env:    1626000 | Episode:    16260
entropy_loss:              0.0014	ep_length_mean:          100.0000	episode_limit_mean:        1.0000	epsilon:                   0.0500
grad_norm:                21.1376	healthy_machine_fraction_mean:  0.2940	loss:                      0.4048	mi_loss:                   0.0031
q_taken_mean:              2.6201	return_mean:              63.0360	return_median:            63.4000	return_std:                6.1138
target_mean:               2.6513	td_error_abs:              0.4807	test_ep_length_mean:     100.0000	test_episode_limit_mean:   1.0000
test_healthy_machine_fraction_mean:  0.2638	test_return_mean:         70.1937	test_return_median:       70.0000	test_return_std:           5.6998

[INFO 14:59:45] my_main Recent Stats | t_env:    1628000 | Episode:    16280
entropy_loss:              0.0014	ep_length_mean:          100.0000	episode_limit_mean:        1.0000	epsilon:                   0.0500
grad_norm:                21.1376	healthy_machine_fraction_mean:  0.2940	loss:                      0.4048	mi_loss:                   0.0031
q_taken_mean:              2.6201	return_mean:              63.0360	return_median:            63.4000	return_std:                6.1138
target_mean:               2.6513	td_error_abs:              0.4807	test_ep_length_mean:     100.0000	test_episode_limit_mean:   1.0000
test_healthy_machine_fraction_mean:  0.2638	test_return_mean:         70.1937	test_return_median:       70.0000	test_return_std:           5.6998

[INFO 15:00:37] my_main Recent Stats | t_env:    1630000 | Episode:    16300
entropy_loss:              0.0014	ep_length_mean:          100.0000	episode_limit_mean:        1.0000	epsilon:                   0.0500
grad_norm:                21.1376	healthy_machine_fraction_mean:  0.2940	loss:                      0.4048	mi_loss:                   0.0031
q_taken_mean:              2.6201	return_mean:              63.0360	return_median:            63.4000	return_std:                6.1138
target_mean:               2.6513	td_error_abs:              0.4807	test_ep_length_mean:     100.0000	test_episode_limit_mean:   1.0000
test_healthy_machine_fraction_mean:  0.2638	test_return_mean:         70.1937	test_return_median:       70.0000	test_return_std:           5.6998

[INFO 15:00:39] my_main t_env: 1630100 / 2050000
[INFO 15:00:39] my_main Estimated time left: 3 hours, 23 minutes, 16 seconds. Time passed: 12 hours, 56 minutes, 29 seconds
[INFO 15:02:00] my_main Recent Stats | t_env:    1632000 | Episode:    16320
entropy_loss:              0.0014	ep_length_mean:          100.0000	episode_limit_mean:        1.0000	epsilon:                   0.0500
grad_norm:                21.1376	healthy_machine_fraction_mean:  0.3090	loss:                      0.4048	mi_loss:                   0.0031
q_taken_mean:              2.6201	return_mean:              63.5200	return_median:            63.6000	return_std:                6.1015
target_mean:               2.6513	td_error_abs:              0.4807	test_ep_length_mean:     100.0000	test_episode_limit_mean:   1.0000
test_healthy_machine_fraction_mean:  0.2831	test_return_mean:         70.3063	test_return_median:       70.2000	test_return_std:           5.5857

[INFO 15:02:52] my_main Recent Stats | t_env:    1634000 | Episode:    16340
entropy_loss:              0.0014	ep_length_mean:          100.0000	episode_limit_mean:        1.0000	epsilon:                   0.0500
grad_norm:                20.5154	healthy_machine_fraction_mean:  0.3090	loss:                      0.3992	mi_loss:                   0.0031
q_taken_mean:              2.6244	return_mean:              63.5200	return_median:            63.6000	return_std:                6.1015
target_mean:               2.6549	td_error_abs:              0.4776	test_ep_length_mean:     100.0000	test_episode_limit_mean:   1.0000
test_healthy_machine_fraction_mean:  0.2831	test_return_mean:         70.3063	test_return_median:       70.2000	test_return_std:           5.5857

[INFO 15:03:44] my_main Recent Stats | t_env:    1636000 | Episode:    16360
entropy_loss:              0.0014	ep_length_mean:          100.0000	episode_limit_mean:        1.0000	epsilon:                   0.0500
grad_norm:                20.5154	healthy_machine_fraction_mean:  0.3090	loss:                      0.3992	mi_loss:                   0.0031
q_taken_mean:              2.6244	return_mean:              63.5200	return_median:            63.6000	return_std:                6.1015
target_mean:               2.6549	td_error_abs:              0.4776	test_ep_length_mean:     100.0000	test_episode_limit_mean:   1.0000
test_healthy_machine_fraction_mean:  0.2831	test_return_mean:         70.3063	test_return_median:       70.2000	test_return_std:           5.5857

[INFO 15:04:37] my_main Recent Stats | t_env:    1638000 | Episode:    16380
entropy_loss:              0.0014	ep_length_mean:          100.0000	episode_limit_mean:        1.0000	epsilon:                   0.0500
grad_norm:                20.5154	healthy_machine_fraction_mean:  0.3090	loss:                      0.3992	mi_loss:                   0.0031
q_taken_mean:              2.6244	return_mean:              63.5200	return_median:            63.6000	return_std:                6.1015
target_mean:               2.6549	td_error_abs:              0.4776	test_ep_length_mean:     100.0000	test_episode_limit_mean:   1.0000
test_healthy_machine_fraction_mean:  0.2831	test_return_mean:         70.3063	test_return_median:       70.2000	test_return_std:           5.5857

[INFO 15:05:28] my_main Recent Stats | t_env:    1640000 | Episode:    16400
entropy_loss:              0.0014	ep_length_mean:          100.0000	episode_limit_mean:        1.0000	epsilon:                   0.0500
grad_norm:                20.5154	healthy_machine_fraction_mean:  0.3090	loss:                      0.3992	mi_loss:                   0.0031
q_taken_mean:              2.6244	return_mean:              63.5200	return_median:            63.6000	return_std:                6.1015
target_mean:               2.6549	td_error_abs:              0.4776	test_ep_length_mean:     100.0000	test_episode_limit_mean:   1.0000
test_healthy_machine_fraction_mean:  0.2831	test_return_mean:         70.3063	test_return_median:       70.2000	test_return_std:           5.5857

[INFO 15:05:30] my_main Updated target network
[INFO 15:05:31] my_main t_env: 1640100 / 2050000
[INFO 15:05:31] my_main Estimated time left: 3 hours, 19 minutes, 9 seconds. Time passed: 13 hours, 1 minutes, 21 seconds
[INFO 15:06:51] my_main Recent Stats | t_env:    1642000 | Episode:    16420
entropy_loss:              0.0014	ep_length_mean:          100.0000	episode_limit_mean:        1.0000	epsilon:                   0.0500
grad_norm:                20.5154	healthy_machine_fraction_mean:  0.3190	loss:                      0.3992	mi_loss:                   0.0031
q_taken_mean:              2.6244	return_mean:              64.1400	return_median:            64.0000	return_std:                5.9817
target_mean:               2.6549	td_error_abs:              0.4776	test_ep_length_mean:     100.0000	test_episode_limit_mean:   1.0000
test_healthy_machine_fraction_mean:  0.3069	test_return_mean:         71.6500	test_return_median:       71.4000	test_return_std:           5.4514

[INFO 15:07:44] my_main Recent Stats | t_env:    1644000 | Episode:    16440
entropy_loss:              0.0014	ep_length_mean:          100.0000	episode_limit_mean:        1.0000	epsilon:                   0.0500
grad_norm:                20.2981	healthy_machine_fraction_mean:  0.3190	loss:                      0.4022	mi_loss:                   0.0031
q_taken_mean:              2.6341	return_mean:              64.1400	return_median:            64.0000	return_std:                5.9817
target_mean:               2.6644	td_error_abs:              0.4795	test_ep_length_mean:     100.0000	test_episode_limit_mean:   1.0000
test_healthy_machine_fraction_mean:  0.3069	test_return_mean:         71.6500	test_return_median:       71.4000	test_return_std:           5.4514

[INFO 15:08:36] my_main Recent Stats | t_env:    1646000 | Episode:    16460
entropy_loss:              0.0014	ep_length_mean:          100.0000	episode_limit_mean:        1.0000	epsilon:                   0.0500
grad_norm:                20.2981	healthy_machine_fraction_mean:  0.3190	loss:                      0.4022	mi_loss:                   0.0031
q_taken_mean:              2.6341	return_mean:              64.1400	return_median:            64.0000	return_std:                5.9817
target_mean:               2.6644	td_error_abs:              0.4795	test_ep_length_mean:     100.0000	test_episode_limit_mean:   1.0000
test_healthy_machine_fraction_mean:  0.3069	test_return_mean:         71.6500	test_return_median:       71.4000	test_return_std:           5.4514

[INFO 15:09:29] my_main Recent Stats | t_env:    1648000 | Episode:    16480
entropy_loss:              0.0014	ep_length_mean:          100.0000	episode_limit_mean:        1.0000	epsilon:                   0.0500
grad_norm:                20.2981	healthy_machine_fraction_mean:  0.3190	loss:                      0.4022	mi_loss:                   0.0031
q_taken_mean:              2.6341	return_mean:              64.1400	return_median:            64.0000	return_std:                5.9817
target_mean:               2.6644	td_error_abs:              0.4795	test_ep_length_mean:     100.0000	test_episode_limit_mean:   1.0000
test_healthy_machine_fraction_mean:  0.3069	test_return_mean:         71.6500	test_return_median:       71.4000	test_return_std:           5.4514

[INFO 15:10:21] my_main Recent Stats | t_env:    1650000 | Episode:    16500
entropy_loss:              0.0014	ep_length_mean:          100.0000	episode_limit_mean:        1.0000	epsilon:                   0.0500
grad_norm:                20.2981	healthy_machine_fraction_mean:  0.3190	loss:                      0.4022	mi_loss:                   0.0031
q_taken_mean:              2.6341	return_mean:              64.1400	return_median:            64.0000	return_std:                5.9817
target_mean:               2.6644	td_error_abs:              0.4795	test_ep_length_mean:     100.0000	test_episode_limit_mean:   1.0000
test_healthy_machine_fraction_mean:  0.3069	test_return_mean:         71.6500	test_return_median:       71.4000	test_return_std:           5.4514

[INFO 15:10:24] my_main t_env: 1650100 / 2050000
[INFO 15:10:24] my_main Estimated time left: 3 hours, 15 minutes, 22 seconds. Time passed: 13 hours, 6 minutes, 14 seconds
[INFO 15:11:44] my_main Recent Stats | t_env:    1652000 | Episode:    16520
entropy_loss:              0.0014	ep_length_mean:          100.0000	episode_limit_mean:        1.0000	epsilon:                   0.0500
grad_norm:                20.2981	healthy_machine_fraction_mean:  0.3384	loss:                      0.4022	mi_loss:                   0.0031
q_taken_mean:              2.6341	return_mean:              64.9560	return_median:            64.8000	return_std:                5.9726
target_mean:               2.6644	td_error_abs:              0.4795	test_ep_length_mean:     100.0000	test_episode_limit_mean:   1.0000
test_healthy_machine_fraction_mean:  0.3413	test_return_mean:         72.8250	test_return_median:       72.4000	test_return_std:           5.5472

[INFO 15:12:36] my_main Recent Stats | t_env:    1654000 | Episode:    16540
entropy_loss:              0.0014	ep_length_mean:          100.0000	episode_limit_mean:        1.0000	epsilon:                   0.0500
grad_norm:                21.6729	healthy_machine_fraction_mean:  0.3384	loss:                      0.4172	mi_loss:                   0.0031
q_taken_mean:              2.6368	return_mean:              64.9560	return_median:            64.8000	return_std:                5.9726
target_mean:               2.6691	td_error_abs:              0.4878	test_ep_length_mean:     100.0000	test_episode_limit_mean:   1.0000
test_healthy_machine_fraction_mean:  0.3413	test_return_mean:         72.8250	test_return_median:       72.4000	test_return_std:           5.5472

[INFO 15:13:28] my_main Recent Stats | t_env:    1656000 | Episode:    16560
entropy_loss:              0.0014	ep_length_mean:          100.0000	episode_limit_mean:        1.0000	epsilon:                   0.0500
grad_norm:                21.6729	healthy_machine_fraction_mean:  0.3384	loss:                      0.4172	mi_loss:                   0.0031
q_taken_mean:              2.6368	return_mean:              64.9560	return_median:            64.8000	return_std:                5.9726
target_mean:               2.6691	td_error_abs:              0.4878	test_ep_length_mean:     100.0000	test_episode_limit_mean:   1.0000
test_healthy_machine_fraction_mean:  0.3413	test_return_mean:         72.8250	test_return_median:       72.4000	test_return_std:           5.5472

[INFO 15:14:20] my_main Recent Stats | t_env:    1658000 | Episode:    16580
entropy_loss:              0.0014	ep_length_mean:          100.0000	episode_limit_mean:        1.0000	epsilon:                   0.0500
grad_norm:                21.6729	healthy_machine_fraction_mean:  0.3384	loss:                      0.4172	mi_loss:                   0.0031
q_taken_mean:              2.6368	return_mean:              64.9560	return_median:            64.8000	return_std:                5.9726
target_mean:               2.6691	td_error_abs:              0.4878	test_ep_length_mean:     100.0000	test_episode_limit_mean:   1.0000
test_healthy_machine_fraction_mean:  0.3413	test_return_mean:         72.8250	test_return_median:       72.4000	test_return_std:           5.5472

[INFO 15:15:13] my_main Recent Stats | t_env:    1660000 | Episode:    16600
entropy_loss:              0.0014	ep_length_mean:          100.0000	episode_limit_mean:        1.0000	epsilon:                   0.0500
grad_norm:                21.6729	healthy_machine_fraction_mean:  0.3384	loss:                      0.4172	mi_loss:                   0.0031
q_taken_mean:              2.6368	return_mean:              64.9560	return_median:            64.8000	return_std:                5.9726
target_mean:               2.6691	td_error_abs:              0.4878	test_ep_length_mean:     100.0000	test_episode_limit_mean:   1.0000
test_healthy_machine_fraction_mean:  0.3413	test_return_mean:         72.8250	test_return_median:       72.4000	test_return_std:           5.5472

[INFO 15:15:15] my_main Updated target network
[INFO 15:15:15] my_main t_env: 1660100 / 2050000
[INFO 15:15:15] my_main Estimated time left: 3 hours, 9 minutes, 23 seconds. Time passed: 13 hours, 11 minutes, 5 seconds
[INFO 15:16:36] my_main Recent Stats | t_env:    1662000 | Episode:    16620
entropy_loss:              0.0014	ep_length_mean:          100.0000	episode_limit_mean:        1.0000	epsilon:                   0.0500
grad_norm:                21.6729	healthy_machine_fraction_mean:  0.3624	loss:                      0.4172	mi_loss:                   0.0031
q_taken_mean:              2.6368	return_mean:              65.2680	return_median:            65.2000	return_std:                6.3494
target_mean:               2.6691	td_error_abs:              0.4878	test_ep_length_mean:     100.0000	test_episode_limit_mean:   1.0000
test_healthy_machine_fraction_mean:  0.3512	test_return_mean:         72.9750	test_return_median:       72.6000	test_return_std:           6.0109

[INFO 15:17:28] my_main Recent Stats | t_env:    1664000 | Episode:    16640
entropy_loss:              0.0014	ep_length_mean:          100.0000	episode_limit_mean:        1.0000	epsilon:                   0.0500
grad_norm:                19.9367	healthy_machine_fraction_mean:  0.3624	loss:                      0.4089	mi_loss:                   0.0031
q_taken_mean:              2.6571	return_mean:              65.2680	return_median:            65.2000	return_std:                6.3494
target_mean:               2.6792	td_error_abs:              0.4871	test_ep_length_mean:     100.0000	test_episode_limit_mean:   1.0000
test_healthy_machine_fraction_mean:  0.3512	test_return_mean:         72.9750	test_return_median:       72.6000	test_return_std:           6.0109

[INFO 15:18:19] my_main Recent Stats | t_env:    1666000 | Episode:    16660
entropy_loss:              0.0014	ep_length_mean:          100.0000	episode_limit_mean:        1.0000	epsilon:                   0.0500
grad_norm:                19.9367	healthy_machine_fraction_mean:  0.3624	loss:                      0.4089	mi_loss:                   0.0031
q_taken_mean:              2.6571	return_mean:              65.2680	return_median:            65.2000	return_std:                6.3494
target_mean:               2.6792	td_error_abs:              0.4871	test_ep_length_mean:     100.0000	test_episode_limit_mean:   1.0000
test_healthy_machine_fraction_mean:  0.3512	test_return_mean:         72.9750	test_return_median:       72.6000	test_return_std:           6.0109

[INFO 15:19:10] my_main Recent Stats | t_env:    1668000 | Episode:    16680
entropy_loss:              0.0014	ep_length_mean:          100.0000	episode_limit_mean:        1.0000	epsilon:                   0.0500
grad_norm:                19.9367	healthy_machine_fraction_mean:  0.3624	loss:                      0.4089	mi_loss:                   0.0031
q_taken_mean:              2.6571	return_mean:              65.2680	return_median:            65.2000	return_std:                6.3494
target_mean:               2.6792	td_error_abs:              0.4871	test_ep_length_mean:     100.0000	test_episode_limit_mean:   1.0000
test_healthy_machine_fraction_mean:  0.3512	test_return_mean:         72.9750	test_return_median:       72.6000	test_return_std:           6.0109

[INFO 15:20:01] my_main Recent Stats | t_env:    1670000 | Episode:    16700
entropy_loss:              0.0014	ep_length_mean:          100.0000	episode_limit_mean:        1.0000	epsilon:                   0.0500
grad_norm:                19.9367	healthy_machine_fraction_mean:  0.3624	loss:                      0.4089	mi_loss:                   0.0031
q_taken_mean:              2.6571	return_mean:              65.2680	return_median:            65.2000	return_std:                6.3494
target_mean:               2.6792	td_error_abs:              0.4871	test_ep_length_mean:     100.0000	test_episode_limit_mean:   1.0000
test_healthy_machine_fraction_mean:  0.3512	test_return_mean:         72.9750	test_return_median:       72.6000	test_return_std:           6.0109

[INFO 15:20:04] my_main t_env: 1670100 / 2050000
[INFO 15:20:04] my_main Estimated time left: 3 hours, 2 minutes, 42 seconds. Time passed: 13 hours, 15 minutes, 54 seconds
[INFO 15:21:24] my_main Recent Stats | t_env:    1672000 | Episode:    16720
entropy_loss:              0.0014	ep_length_mean:          100.0000	episode_limit_mean:        1.0000	epsilon:                   0.0500
grad_norm:                19.9367	healthy_machine_fraction_mean:  0.3618	loss:                      0.4089	mi_loss:                   0.0031
q_taken_mean:              2.6571	return_mean:              65.6920	return_median:            65.6000	return_std:                6.3408
target_mean:               2.6792	td_error_abs:              0.4871	test_ep_length_mean:     100.0000	test_episode_limit_mean:   1.0000
test_healthy_machine_fraction_mean:  0.3606	test_return_mean:         73.2313	test_return_median:       73.1000	test_return_std:           5.7451

[INFO 15:22:16] my_main Recent Stats | t_env:    1674000 | Episode:    16740
entropy_loss:              0.0014	ep_length_mean:          100.0000	episode_limit_mean:        1.0000	epsilon:                   0.0500
grad_norm:                18.3007	healthy_machine_fraction_mean:  0.3618	loss:                      0.3979	mi_loss:                   0.0031
q_taken_mean:              2.6740	return_mean:              65.6920	return_median:            65.6000	return_std:                6.3408
target_mean:               2.6855	td_error_abs:              0.4872	test_ep_length_mean:     100.0000	test_episode_limit_mean:   1.0000
test_healthy_machine_fraction_mean:  0.3606	test_return_mean:         73.2313	test_return_median:       73.1000	test_return_std:           5.7451

[INFO 15:23:08] my_main Recent Stats | t_env:    1676000 | Episode:    16760
entropy_loss:              0.0014	ep_length_mean:          100.0000	episode_limit_mean:        1.0000	epsilon:                   0.0500
grad_norm:                18.3007	healthy_machine_fraction_mean:  0.3618	loss:                      0.3979	mi_loss:                   0.0031
q_taken_mean:              2.6740	return_mean:              65.6920	return_median:            65.6000	return_std:                6.3408
target_mean:               2.6855	td_error_abs:              0.4872	test_ep_length_mean:     100.0000	test_episode_limit_mean:   1.0000
test_healthy_machine_fraction_mean:  0.3606	test_return_mean:         73.2313	test_return_median:       73.1000	test_return_std:           5.7451

[INFO 15:24:00] my_main Recent Stats | t_env:    1678000 | Episode:    16780
entropy_loss:              0.0014	ep_length_mean:          100.0000	episode_limit_mean:        1.0000	epsilon:                   0.0500
grad_norm:                18.3007	healthy_machine_fraction_mean:  0.3618	loss:                      0.3979	mi_loss:                   0.0031
q_taken_mean:              2.6740	return_mean:              65.6920	return_median:            65.6000	return_std:                6.3408
target_mean:               2.6855	td_error_abs:              0.4872	test_ep_length_mean:     100.0000	test_episode_limit_mean:   1.0000
test_healthy_machine_fraction_mean:  0.3606	test_return_mean:         73.2313	test_return_median:       73.1000	test_return_std:           5.7451

[INFO 15:24:53] my_main Recent Stats | t_env:    1680000 | Episode:    16800
entropy_loss:              0.0014	ep_length_mean:          100.0000	episode_limit_mean:        1.0000	epsilon:                   0.0500
grad_norm:                18.3007	healthy_machine_fraction_mean:  0.3618	loss:                      0.3979	mi_loss:                   0.0031
q_taken_mean:              2.6740	return_mean:              65.6920	return_median:            65.6000	return_std:                6.3408
target_mean:               2.6855	td_error_abs:              0.4872	test_ep_length_mean:     100.0000	test_episode_limit_mean:   1.0000
test_healthy_machine_fraction_mean:  0.3606	test_return_mean:         73.2313	test_return_median:       73.1000	test_return_std:           5.7451

[INFO 15:24:55] my_main Updated target network
[INFO 15:24:55] my_main t_env: 1680100 / 2050000
[INFO 15:24:55] my_main Estimated time left: 2 hours, 59 minutes, 46 seconds. Time passed: 13 hours, 20 minutes, 46 seconds
[INFO 15:26:16] my_main Recent Stats | t_env:    1682000 | Episode:    16820
entropy_loss:              0.0014	ep_length_mean:          100.0000	episode_limit_mean:        1.0000	epsilon:                   0.0500
grad_norm:                18.3007	healthy_machine_fraction_mean:  0.3660	loss:                      0.3979	mi_loss:                   0.0031
q_taken_mean:              2.6740	return_mean:              65.9460	return_median:            65.8000	return_std:                6.4222
target_mean:               2.6855	td_error_abs:              0.4872	test_ep_length_mean:     100.0000	test_episode_limit_mean:   1.0000
test_healthy_machine_fraction_mean:  0.3894	test_return_mean:         73.8063	test_return_median:       73.8000	test_return_std:           5.6715

[INFO 15:27:07] my_main Recent Stats | t_env:    1684000 | Episode:    16840
entropy_loss:              0.0014	ep_length_mean:          100.0000	episode_limit_mean:        1.0000	epsilon:                   0.0500
grad_norm:                17.7628	healthy_machine_fraction_mean:  0.3660	loss:                      0.3998	mi_loss:                   0.0031
q_taken_mean:              2.6966	return_mean:              65.9460	return_median:            65.8000	return_std:                6.4222
target_mean:               2.7070	td_error_abs:              0.4851	test_ep_length_mean:     100.0000	test_episode_limit_mean:   1.0000
test_healthy_machine_fraction_mean:  0.3894	test_return_mean:         73.8063	test_return_median:       73.8000	test_return_std:           5.6715

[INFO 15:27:59] my_main Recent Stats | t_env:    1686000 | Episode:    16860
entropy_loss:              0.0014	ep_length_mean:          100.0000	episode_limit_mean:        1.0000	epsilon:                   0.0500
grad_norm:                17.7628	healthy_machine_fraction_mean:  0.3660	loss:                      0.3998	mi_loss:                   0.0031
q_taken_mean:              2.6966	return_mean:              65.9460	return_median:            65.8000	return_std:                6.4222
target_mean:               2.7070	td_error_abs:              0.4851	test_ep_length_mean:     100.0000	test_episode_limit_mean:   1.0000
test_healthy_machine_fraction_mean:  0.3894	test_return_mean:         73.8063	test_return_median:       73.8000	test_return_std:           5.6715

[INFO 15:28:48] my_main Recent Stats | t_env:    1688000 | Episode:    16880
entropy_loss:              0.0014	ep_length_mean:          100.0000	episode_limit_mean:        1.0000	epsilon:                   0.0500
grad_norm:                17.7628	healthy_machine_fraction_mean:  0.3660	loss:                      0.3998	mi_loss:                   0.0031
q_taken_mean:              2.6966	return_mean:              65.9460	return_median:            65.8000	return_std:                6.4222
target_mean:               2.7070	td_error_abs:              0.4851	test_ep_length_mean:     100.0000	test_episode_limit_mean:   1.0000
test_healthy_machine_fraction_mean:  0.3894	test_return_mean:         73.8063	test_return_median:       73.8000	test_return_std:           5.6715

[INFO 15:29:37] my_main Recent Stats | t_env:    1690000 | Episode:    16900
entropy_loss:              0.0014	ep_length_mean:          100.0000	episode_limit_mean:        1.0000	epsilon:                   0.0500
grad_norm:                17.7628	healthy_machine_fraction_mean:  0.3660	loss:                      0.3998	mi_loss:                   0.0031
q_taken_mean:              2.6966	return_mean:              65.9460	return_median:            65.8000	return_std:                6.4222
target_mean:               2.7070	td_error_abs:              0.4851	test_ep_length_mean:     100.0000	test_episode_limit_mean:   1.0000
test_healthy_machine_fraction_mean:  0.3894	test_return_mean:         73.8063	test_return_median:       73.8000	test_return_std:           5.6715

[INFO 15:29:40] my_main t_env: 1690100 / 2050000
[INFO 15:29:40] my_main Estimated time left: 2 hours, 50 minutes, 46 seconds. Time passed: 13 hours, 25 minutes, 30 seconds
[INFO 15:31:01] my_main Recent Stats | t_env:    1692000 | Episode:    16920
entropy_loss:              0.0014	ep_length_mean:          100.0000	episode_limit_mean:        1.0000	epsilon:                   0.0500
grad_norm:                17.7628	healthy_machine_fraction_mean:  0.3822	loss:                      0.3998	mi_loss:                   0.0031
q_taken_mean:              2.6966	return_mean:              66.2880	return_median:            66.1000	return_std:                6.5315
target_mean:               2.7070	td_error_abs:              0.4851	test_ep_length_mean:     100.0000	test_episode_limit_mean:   1.0000
test_healthy_machine_fraction_mean:  0.4081	test_return_mean:         74.0250	test_return_median:       74.4000	test_return_std:           5.7785

[INFO 15:31:52] my_main Recent Stats | t_env:    1694000 | Episode:    16940
entropy_loss:              0.0014	ep_length_mean:          100.0000	episode_limit_mean:        1.0000	epsilon:                   0.0500
grad_norm:                18.0543	healthy_machine_fraction_mean:  0.3822	loss:                      0.4047	mi_loss:                   0.0031
q_taken_mean:              2.7122	return_mean:              66.2880	return_median:            66.1000	return_std:                6.5315
target_mean:               2.7227	td_error_abs:              0.4857	test_ep_length_mean:     100.0000	test_episode_limit_mean:   1.0000
test_healthy_machine_fraction_mean:  0.4081	test_return_mean:         74.0250	test_return_median:       74.4000	test_return_std:           5.7785

[INFO 15:32:43] my_main Recent Stats | t_env:    1696000 | Episode:    16960
entropy_loss:              0.0014	ep_length_mean:          100.0000	episode_limit_mean:        1.0000	epsilon:                   0.0500
grad_norm:                18.0543	healthy_machine_fraction_mean:  0.3822	loss:                      0.4047	mi_loss:                   0.0031
q_taken_mean:              2.7122	return_mean:              66.2880	return_median:            66.1000	return_std:                6.5315
target_mean:               2.7227	td_error_abs:              0.4857	test_ep_length_mean:     100.0000	test_episode_limit_mean:   1.0000
test_healthy_machine_fraction_mean:  0.4081	test_return_mean:         74.0250	test_return_median:       74.4000	test_return_std:           5.7785

[INFO 15:33:36] my_main Recent Stats | t_env:    1698000 | Episode:    16980
entropy_loss:              0.0014	ep_length_mean:          100.0000	episode_limit_mean:        1.0000	epsilon:                   0.0500
grad_norm:                18.0543	healthy_machine_fraction_mean:  0.3822	loss:                      0.4047	mi_loss:                   0.0031
q_taken_mean:              2.7122	return_mean:              66.2880	return_median:            66.1000	return_std:                6.5315
target_mean:               2.7227	td_error_abs:              0.4857	test_ep_length_mean:     100.0000	test_episode_limit_mean:   1.0000
test_healthy_machine_fraction_mean:  0.4081	test_return_mean:         74.0250	test_return_median:       74.4000	test_return_std:           5.7785

[INFO 15:34:29] my_main Recent Stats | t_env:    1700000 | Episode:    17000
entropy_loss:              0.0014	ep_length_mean:          100.0000	episode_limit_mean:        1.0000	epsilon:                   0.0500
grad_norm:                18.0543	healthy_machine_fraction_mean:  0.3822	loss:                      0.4047	mi_loss:                   0.0031
q_taken_mean:              2.7122	return_mean:              66.2880	return_median:            66.1000	return_std:                6.5315
target_mean:               2.7227	td_error_abs:              0.4857	test_ep_length_mean:     100.0000	test_episode_limit_mean:   1.0000
test_healthy_machine_fraction_mean:  0.4081	test_return_mean:         74.0250	test_return_median:       74.4000	test_return_std:           5.7785

[INFO 15:34:31] my_main Updated target network
[INFO 15:34:31] my_main t_env: 1700100 / 2050000
[INFO 15:34:31] my_main Estimated time left: 2 hours, 49 minutes, 50 seconds. Time passed: 13 hours, 30 minutes, 21 seconds
[INFO 15:35:52] my_main Recent Stats | t_env:    1702000 | Episode:    17020
entropy_loss:              0.0014	ep_length_mean:          100.0000	episode_limit_mean:        1.0000	epsilon:                   0.0500
grad_norm:                18.0543	healthy_machine_fraction_mean:  0.3932	loss:                      0.4047	mi_loss:                   0.0031
q_taken_mean:              2.7122	return_mean:              66.4940	return_median:            66.4000	return_std:                6.5099
target_mean:               2.7227	td_error_abs:              0.4857	test_ep_length_mean:     100.0000	test_episode_limit_mean:   1.0000
test_healthy_machine_fraction_mean:  0.3831	test_return_mean:         73.8625	test_return_median:       74.3000	test_return_std:           5.6155

[INFO 15:36:43] my_main Recent Stats | t_env:    1704000 | Episode:    17040
entropy_loss:              0.0014	ep_length_mean:          100.0000	episode_limit_mean:        1.0000	epsilon:                   0.0500
grad_norm:                17.7993	healthy_machine_fraction_mean:  0.3932	loss:                      0.4043	mi_loss:                   0.0031
q_taken_mean:              2.7318	return_mean:              66.4940	return_median:            66.4000	return_std:                6.5099
target_mean:               2.7418	td_error_abs:              0.4855	test_ep_length_mean:     100.0000	test_episode_limit_mean:   1.0000
test_healthy_machine_fraction_mean:  0.3831	test_return_mean:         73.8625	test_return_median:       74.3000	test_return_std:           5.6155

[INFO 15:37:36] my_main Recent Stats | t_env:    1706000 | Episode:    17060
entropy_loss:              0.0014	ep_length_mean:          100.0000	episode_limit_mean:        1.0000	epsilon:                   0.0500
grad_norm:                17.7993	healthy_machine_fraction_mean:  0.3932	loss:                      0.4043	mi_loss:                   0.0031
q_taken_mean:              2.7318	return_mean:              66.4940	return_median:            66.4000	return_std:                6.5099
target_mean:               2.7418	td_error_abs:              0.4855	test_ep_length_mean:     100.0000	test_episode_limit_mean:   1.0000
test_healthy_machine_fraction_mean:  0.3831	test_return_mean:         73.8625	test_return_median:       74.3000	test_return_std:           5.6155

[INFO 15:38:27] my_main Recent Stats | t_env:    1708000 | Episode:    17080
entropy_loss:              0.0014	ep_length_mean:          100.0000	episode_limit_mean:        1.0000	epsilon:                   0.0500
grad_norm:                17.7993	healthy_machine_fraction_mean:  0.3932	loss:                      0.4043	mi_loss:                   0.0031
q_taken_mean:              2.7318	return_mean:              66.4940	return_median:            66.4000	return_std:                6.5099
target_mean:               2.7418	td_error_abs:              0.4855	test_ep_length_mean:     100.0000	test_episode_limit_mean:   1.0000
test_healthy_machine_fraction_mean:  0.3831	test_return_mean:         73.8625	test_return_median:       74.3000	test_return_std:           5.6155

[INFO 15:39:19] my_main Recent Stats | t_env:    1710000 | Episode:    17100
entropy_loss:              0.0014	ep_length_mean:          100.0000	episode_limit_mean:        1.0000	epsilon:                   0.0500
grad_norm:                17.7993	healthy_machine_fraction_mean:  0.3932	loss:                      0.4043	mi_loss:                   0.0031
q_taken_mean:              2.7318	return_mean:              66.4940	return_median:            66.4000	return_std:                6.5099
target_mean:               2.7418	td_error_abs:              0.4855	test_ep_length_mean:     100.0000	test_episode_limit_mean:   1.0000
test_healthy_machine_fraction_mean:  0.3831	test_return_mean:         73.8625	test_return_median:       74.3000	test_return_std:           5.6155

[INFO 15:39:21] my_main t_env: 1710100 / 2050000
[INFO 15:39:21] my_main Estimated time left: 2 hours, 44 minutes, 25 seconds. Time passed: 13 hours, 35 minutes, 12 seconds
[INFO 15:40:42] my_main Recent Stats | t_env:    1712000 | Episode:    17120
entropy_loss:              0.0014	ep_length_mean:          100.0000	episode_limit_mean:        1.0000	epsilon:                   0.0500
grad_norm:                17.7993	healthy_machine_fraction_mean:  0.4062	loss:                      0.4043	mi_loss:                   0.0031
q_taken_mean:              2.7318	return_mean:              66.6900	return_median:            66.2000	return_std:                6.4683
target_mean:               2.7418	td_error_abs:              0.4855	test_ep_length_mean:     100.0000	test_episode_limit_mean:   1.0000
test_healthy_machine_fraction_mean:  0.3912	test_return_mean:         74.3250	test_return_median:       74.6000	test_return_std:           5.1970

[INFO 15:41:34] my_main Recent Stats | t_env:    1714000 | Episode:    17140
entropy_loss:              0.0014	ep_length_mean:          100.0000	episode_limit_mean:        1.0000	epsilon:                   0.0500
grad_norm:                20.3250	healthy_machine_fraction_mean:  0.4062	loss:                      0.4268	mi_loss:                   0.0030
q_taken_mean:              2.7338	return_mean:              66.6900	return_median:            66.2000	return_std:                6.4683
target_mean:               2.7549	td_error_abs:              0.4936	test_ep_length_mean:     100.0000	test_episode_limit_mean:   1.0000
test_healthy_machine_fraction_mean:  0.3912	test_return_mean:         74.3250	test_return_median:       74.6000	test_return_std:           5.1970

[INFO 15:42:26] my_main Recent Stats | t_env:    1716000 | Episode:    17160
entropy_loss:              0.0014	ep_length_mean:          100.0000	episode_limit_mean:        1.0000	epsilon:                   0.0500
grad_norm:                20.3250	healthy_machine_fraction_mean:  0.4062	loss:                      0.4268	mi_loss:                   0.0030
q_taken_mean:              2.7338	return_mean:              66.6900	return_median:            66.2000	return_std:                6.4683
target_mean:               2.7549	td_error_abs:              0.4936	test_ep_length_mean:     100.0000	test_episode_limit_mean:   1.0000
test_healthy_machine_fraction_mean:  0.3912	test_return_mean:         74.3250	test_return_median:       74.6000	test_return_std:           5.1970

[INFO 15:43:18] my_main Recent Stats | t_env:    1718000 | Episode:    17180
entropy_loss:              0.0014	ep_length_mean:          100.0000	episode_limit_mean:        1.0000	epsilon:                   0.0500
grad_norm:                20.3250	healthy_machine_fraction_mean:  0.4062	loss:                      0.4268	mi_loss:                   0.0030
q_taken_mean:              2.7338	return_mean:              66.6900	return_median:            66.2000	return_std:                6.4683
target_mean:               2.7549	td_error_abs:              0.4936	test_ep_length_mean:     100.0000	test_episode_limit_mean:   1.0000
test_healthy_machine_fraction_mean:  0.3912	test_return_mean:         74.3250	test_return_median:       74.6000	test_return_std:           5.1970

[INFO 15:44:10] my_main Recent Stats | t_env:    1720000 | Episode:    17200
entropy_loss:              0.0014	ep_length_mean:          100.0000	episode_limit_mean:        1.0000	epsilon:                   0.0500
grad_norm:                20.3250	healthy_machine_fraction_mean:  0.4062	loss:                      0.4268	mi_loss:                   0.0030
q_taken_mean:              2.7338	return_mean:              66.6900	return_median:            66.2000	return_std:                6.4683
target_mean:               2.7549	td_error_abs:              0.4936	test_ep_length_mean:     100.0000	test_episode_limit_mean:   1.0000
test_healthy_machine_fraction_mean:  0.3912	test_return_mean:         74.3250	test_return_median:       74.6000	test_return_std:           5.1970

[INFO 15:44:12] my_main Updated target network
[INFO 15:44:12] my_main t_env: 1720100 / 2050000
[INFO 15:44:12] my_main Estimated time left: 2 hours, 39 minutes, 57 seconds. Time passed: 13 hours, 40 minutes, 3 seconds
[INFO 15:45:33] my_main Recent Stats | t_env:    1722000 | Episode:    17220
entropy_loss:              0.0014	ep_length_mean:          100.0000	episode_limit_mean:        1.0000	epsilon:                   0.0500
grad_norm:                20.3250	healthy_machine_fraction_mean:  0.4262	loss:                      0.4268	mi_loss:                   0.0030
q_taken_mean:              2.7338	return_mean:              66.8600	return_median:            66.4000	return_std:                6.3554
target_mean:               2.7549	td_error_abs:              0.4936	test_ep_length_mean:     100.0000	test_episode_limit_mean:   1.0000
test_healthy_machine_fraction_mean:  0.3963	test_return_mean:         74.7875	test_return_median:       75.0000	test_return_std:           5.6223

[INFO 15:46:25] my_main Recent Stats | t_env:    1724000 | Episode:    17240
entropy_loss:              0.0014	ep_length_mean:          100.0000	episode_limit_mean:        1.0000	epsilon:                   0.0500
grad_norm:                21.0161	healthy_machine_fraction_mean:  0.4262	loss:                      0.4356	mi_loss:                   0.0030
q_taken_mean:              2.7416	return_mean:              66.8600	return_median:            66.4000	return_std:                6.3554
target_mean:               2.7719	td_error_abs:              0.4912	test_ep_length_mean:     100.0000	test_episode_limit_mean:   1.0000
test_healthy_machine_fraction_mean:  0.3963	test_return_mean:         74.7875	test_return_median:       75.0000	test_return_std:           5.6223

[INFO 15:47:17] my_main Recent Stats | t_env:    1726000 | Episode:    17260
entropy_loss:              0.0014	ep_length_mean:          100.0000	episode_limit_mean:        1.0000	epsilon:                   0.0500
grad_norm:                21.0161	healthy_machine_fraction_mean:  0.4262	loss:                      0.4356	mi_loss:                   0.0030
q_taken_mean:              2.7416	return_mean:              66.8600	return_median:            66.4000	return_std:                6.3554
target_mean:               2.7719	td_error_abs:              0.4912	test_ep_length_mean:     100.0000	test_episode_limit_mean:   1.0000
test_healthy_machine_fraction_mean:  0.3963	test_return_mean:         74.7875	test_return_median:       75.0000	test_return_std:           5.6223

[INFO 15:48:09] my_main Recent Stats | t_env:    1728000 | Episode:    17280
entropy_loss:              0.0014	ep_length_mean:          100.0000	episode_limit_mean:        1.0000	epsilon:                   0.0500
grad_norm:                21.0161	healthy_machine_fraction_mean:  0.4262	loss:                      0.4356	mi_loss:                   0.0030
q_taken_mean:              2.7416	return_mean:              66.8600	return_median:            66.4000	return_std:                6.3554
target_mean:               2.7719	td_error_abs:              0.4912	test_ep_length_mean:     100.0000	test_episode_limit_mean:   1.0000
test_healthy_machine_fraction_mean:  0.3963	test_return_mean:         74.7875	test_return_median:       75.0000	test_return_std:           5.6223

[INFO 15:49:01] my_main Recent Stats | t_env:    1730000 | Episode:    17300
entropy_loss:              0.0014	ep_length_mean:          100.0000	episode_limit_mean:        1.0000	epsilon:                   0.0500
grad_norm:                21.0161	healthy_machine_fraction_mean:  0.4262	loss:                      0.4356	mi_loss:                   0.0030
q_taken_mean:              2.7416	return_mean:              66.8600	return_median:            66.4000	return_std:                6.3554
target_mean:               2.7719	td_error_abs:              0.4912	test_ep_length_mean:     100.0000	test_episode_limit_mean:   1.0000
test_healthy_machine_fraction_mean:  0.3963	test_return_mean:         74.7875	test_return_median:       75.0000	test_return_std:           5.6223

[INFO 15:49:03] my_main t_env: 1730100 / 2050000
[INFO 15:49:03] my_main Estimated time left: 2 hours, 35 minutes, 2 seconds. Time passed: 13 hours, 44 minutes, 53 seconds
[INFO 15:50:23] my_main Recent Stats | t_env:    1732000 | Episode:    17320
entropy_loss:              0.0014	ep_length_mean:          100.0000	episode_limit_mean:        1.0000	epsilon:                   0.0500
grad_norm:                21.0161	healthy_machine_fraction_mean:  0.4332	loss:                      0.4356	mi_loss:                   0.0030
q_taken_mean:              2.7416	return_mean:              67.1940	return_median:            66.8000	return_std:                6.4504
target_mean:               2.7719	td_error_abs:              0.4912	test_ep_length_mean:     100.0000	test_episode_limit_mean:   1.0000
test_healthy_machine_fraction_mean:  0.3762	test_return_mean:         74.8125	test_return_median:       75.2000	test_return_std:           5.9726

[INFO 15:51:15] my_main Recent Stats | t_env:    1734000 | Episode:    17340
entropy_loss:              0.0014	ep_length_mean:          100.0000	episode_limit_mean:        1.0000	epsilon:                   0.0500
grad_norm:                22.1776	healthy_machine_fraction_mean:  0.4332	loss:                      0.4461	mi_loss:                   0.0030
q_taken_mean:              2.7412	return_mean:              67.1940	return_median:            66.8000	return_std:                6.4504
target_mean:               2.7731	td_error_abs:              0.4998	test_ep_length_mean:     100.0000	test_episode_limit_mean:   1.0000
test_healthy_machine_fraction_mean:  0.3762	test_return_mean:         74.8125	test_return_median:       75.2000	test_return_std:           5.9726

[INFO 15:52:07] my_main Recent Stats | t_env:    1736000 | Episode:    17360
entropy_loss:              0.0014	ep_length_mean:          100.0000	episode_limit_mean:        1.0000	epsilon:                   0.0500
grad_norm:                22.1776	healthy_machine_fraction_mean:  0.4332	loss:                      0.4461	mi_loss:                   0.0030
q_taken_mean:              2.7412	return_mean:              67.1940	return_median:            66.8000	return_std:                6.4504
target_mean:               2.7731	td_error_abs:              0.4998	test_ep_length_mean:     100.0000	test_episode_limit_mean:   1.0000
test_healthy_machine_fraction_mean:  0.3762	test_return_mean:         74.8125	test_return_median:       75.2000	test_return_std:           5.9726

[INFO 15:52:59] my_main Recent Stats | t_env:    1738000 | Episode:    17380
entropy_loss:              0.0014	ep_length_mean:          100.0000	episode_limit_mean:        1.0000	epsilon:                   0.0500
grad_norm:                22.1776	healthy_machine_fraction_mean:  0.4332	loss:                      0.4461	mi_loss:                   0.0030
q_taken_mean:              2.7412	return_mean:              67.1940	return_median:            66.8000	return_std:                6.4504
target_mean:               2.7731	td_error_abs:              0.4998	test_ep_length_mean:     100.0000	test_episode_limit_mean:   1.0000
test_healthy_machine_fraction_mean:  0.3762	test_return_mean:         74.8125	test_return_median:       75.2000	test_return_std:           5.9726

[INFO 15:53:51] my_main Recent Stats | t_env:    1740000 | Episode:    17400
entropy_loss:              0.0014	ep_length_mean:          100.0000	episode_limit_mean:        1.0000	epsilon:                   0.0500
grad_norm:                22.1776	healthy_machine_fraction_mean:  0.4332	loss:                      0.4461	mi_loss:                   0.0030
q_taken_mean:              2.7412	return_mean:              67.1940	return_median:            66.8000	return_std:                6.4504
target_mean:               2.7731	td_error_abs:              0.4998	test_ep_length_mean:     100.0000	test_episode_limit_mean:   1.0000
test_healthy_machine_fraction_mean:  0.3762	test_return_mean:         74.8125	test_return_median:       75.2000	test_return_std:           5.9726

[INFO 15:53:53] my_main Updated target network
[INFO 15:53:53] my_main t_env: 1740100 / 2050000
[INFO 15:53:54] my_main Estimated time left: 2 hours, 29 minutes, 57 seconds. Time passed: 13 hours, 49 minutes, 44 seconds
[INFO 15:55:14] my_main Recent Stats | t_env:    1742000 | Episode:    17420
entropy_loss:              0.0014	ep_length_mean:          100.0000	episode_limit_mean:        1.0000	epsilon:                   0.0500
grad_norm:                22.1776	healthy_machine_fraction_mean:  0.4384	loss:                      0.4461	mi_loss:                   0.0030
q_taken_mean:              2.7412	return_mean:              67.4840	return_median:            67.1000	return_std:                6.4891
target_mean:               2.7731	td_error_abs:              0.4998	test_ep_length_mean:     100.0000	test_episode_limit_mean:   1.0000
test_healthy_machine_fraction_mean:  0.3956	test_return_mean:         75.1625	test_return_median:       75.2000	test_return_std:           5.8889

[INFO 15:56:05] my_main Recent Stats | t_env:    1744000 | Episode:    17440
entropy_loss:              0.0014	ep_length_mean:          100.0000	episode_limit_mean:        1.0000	epsilon:                   0.0500
grad_norm:                22.8288	healthy_machine_fraction_mean:  0.4384	loss:                      0.4554	mi_loss:                   0.0030
q_taken_mean:              2.7468	return_mean:              67.4840	return_median:            67.1000	return_std:                6.4891
target_mean:               2.7797	td_error_abs:              0.5089	test_ep_length_mean:     100.0000	test_episode_limit_mean:   1.0000
test_healthy_machine_fraction_mean:  0.3956	test_return_mean:         75.1625	test_return_median:       75.2000	test_return_std:           5.8889

[INFO 15:56:57] my_main Recent Stats | t_env:    1746000 | Episode:    17460
entropy_loss:              0.0014	ep_length_mean:          100.0000	episode_limit_mean:        1.0000	epsilon:                   0.0500
grad_norm:                22.8288	healthy_machine_fraction_mean:  0.4384	loss:                      0.4554	mi_loss:                   0.0030
q_taken_mean:              2.7468	return_mean:              67.4840	return_median:            67.1000	return_std:                6.4891
target_mean:               2.7797	td_error_abs:              0.5089	test_ep_length_mean:     100.0000	test_episode_limit_mean:   1.0000
test_healthy_machine_fraction_mean:  0.3956	test_return_mean:         75.1625	test_return_median:       75.2000	test_return_std:           5.8889

[INFO 15:57:49] my_main Recent Stats | t_env:    1748000 | Episode:    17480
entropy_loss:              0.0014	ep_length_mean:          100.0000	episode_limit_mean:        1.0000	epsilon:                   0.0500
grad_norm:                22.8288	healthy_machine_fraction_mean:  0.4384	loss:                      0.4554	mi_loss:                   0.0030
q_taken_mean:              2.7468	return_mean:              67.4840	return_median:            67.1000	return_std:                6.4891
target_mean:               2.7797	td_error_abs:              0.5089	test_ep_length_mean:     100.0000	test_episode_limit_mean:   1.0000
test_healthy_machine_fraction_mean:  0.3956	test_return_mean:         75.1625	test_return_median:       75.2000	test_return_std:           5.8889

[INFO 15:58:41] my_main Recent Stats | t_env:    1750000 | Episode:    17500
entropy_loss:              0.0014	ep_length_mean:          100.0000	episode_limit_mean:        1.0000	epsilon:                   0.0500
grad_norm:                22.8288	healthy_machine_fraction_mean:  0.4384	loss:                      0.4554	mi_loss:                   0.0030
q_taken_mean:              2.7468	return_mean:              67.4840	return_median:            67.1000	return_std:                6.4891
target_mean:               2.7797	td_error_abs:              0.5089	test_ep_length_mean:     100.0000	test_episode_limit_mean:   1.0000
test_healthy_machine_fraction_mean:  0.3956	test_return_mean:         75.1625	test_return_median:       75.2000	test_return_std:           5.8889

[INFO 15:58:44] my_main t_env: 1750100 / 2050000
[INFO 15:58:44] my_main Estimated time left: 2 hours, 25 minutes, 9 seconds. Time passed: 13 hours, 54 minutes, 34 seconds
[INFO 16:00:04] my_main Recent Stats | t_env:    1752000 | Episode:    17520
entropy_loss:              0.0014	ep_length_mean:          100.0000	episode_limit_mean:        1.0000	epsilon:                   0.0500
grad_norm:                22.8288	healthy_machine_fraction_mean:  0.4530	loss:                      0.4554	mi_loss:                   0.0030
q_taken_mean:              2.7468	return_mean:              67.6540	return_median:            67.2000	return_std:                6.4220
target_mean:               2.7797	td_error_abs:              0.5089	test_ep_length_mean:     100.0000	test_episode_limit_mean:   1.0000
test_healthy_machine_fraction_mean:  0.4287	test_return_mean:         75.6813	test_return_median:       75.8000	test_return_std:           6.1558

[INFO 16:00:56] my_main Recent Stats | t_env:    1754000 | Episode:    17540
entropy_loss:              0.0014	ep_length_mean:          100.0000	episode_limit_mean:        1.0000	epsilon:                   0.0500
grad_norm:                23.4699	healthy_machine_fraction_mean:  0.4530	loss:                      0.4632	mi_loss:                   0.0030
q_taken_mean:              2.7508	return_mean:              67.6540	return_median:            67.2000	return_std:                6.4220
target_mean:               2.7848	td_error_abs:              0.5140	test_ep_length_mean:     100.0000	test_episode_limit_mean:   1.0000
test_healthy_machine_fraction_mean:  0.4287	test_return_mean:         75.6813	test_return_median:       75.8000	test_return_std:           6.1558

[INFO 16:01:48] my_main Recent Stats | t_env:    1756000 | Episode:    17560
entropy_loss:              0.0014	ep_length_mean:          100.0000	episode_limit_mean:        1.0000	epsilon:                   0.0500
grad_norm:                23.4699	healthy_machine_fraction_mean:  0.4530	loss:                      0.4632	mi_loss:                   0.0030
q_taken_mean:              2.7508	return_mean:              67.6540	return_median:            67.2000	return_std:                6.4220
target_mean:               2.7848	td_error_abs:              0.5140	test_ep_length_mean:     100.0000	test_episode_limit_mean:   1.0000
test_healthy_machine_fraction_mean:  0.4287	test_return_mean:         75.6813	test_return_median:       75.8000	test_return_std:           6.1558

[INFO 16:02:41] my_main Recent Stats | t_env:    1758000 | Episode:    17580
entropy_loss:              0.0014	ep_length_mean:          100.0000	episode_limit_mean:        1.0000	epsilon:                   0.0500
grad_norm:                23.4699	healthy_machine_fraction_mean:  0.4530	loss:                      0.4632	mi_loss:                   0.0030
q_taken_mean:              2.7508	return_mean:              67.6540	return_median:            67.2000	return_std:                6.4220
target_mean:               2.7848	td_error_abs:              0.5140	test_ep_length_mean:     100.0000	test_episode_limit_mean:   1.0000
test_healthy_machine_fraction_mean:  0.4287	test_return_mean:         75.6813	test_return_median:       75.8000	test_return_std:           6.1558

[INFO 16:03:33] my_main Recent Stats | t_env:    1760000 | Episode:    17600
entropy_loss:              0.0014	ep_length_mean:          100.0000	episode_limit_mean:        1.0000	epsilon:                   0.0500
grad_norm:                23.4699	healthy_machine_fraction_mean:  0.4530	loss:                      0.4632	mi_loss:                   0.0030
q_taken_mean:              2.7508	return_mean:              67.6540	return_median:            67.2000	return_std:                6.4220
target_mean:               2.7848	td_error_abs:              0.5140	test_ep_length_mean:     100.0000	test_episode_limit_mean:   1.0000
test_healthy_machine_fraction_mean:  0.4287	test_return_mean:         75.6813	test_return_median:       75.8000	test_return_std:           6.1558

[INFO 16:03:36] my_main Updated target network
[INFO 16:03:36] my_main t_env: 1760100 / 2050000
[INFO 16:03:36] my_main Estimated time left: 2 hours, 20 minutes, 53 seconds. Time passed: 13 hours, 59 minutes, 26 seconds
[INFO 16:04:55] my_main Recent Stats | t_env:    1762000 | Episode:    17620
entropy_loss:              0.0014	ep_length_mean:          100.0000	episode_limit_mean:        1.0000	epsilon:                   0.0500
grad_norm:                23.4699	healthy_machine_fraction_mean:  0.4606	loss:                      0.4632	mi_loss:                   0.0030
q_taken_mean:              2.7508	return_mean:              67.8780	return_median:            67.6000	return_std:                6.3295
target_mean:               2.7848	td_error_abs:              0.5140	test_ep_length_mean:     100.0000	test_episode_limit_mean:   1.0000
test_healthy_machine_fraction_mean:  0.4350	test_return_mean:         75.4250	test_return_median:       75.8000	test_return_std:           6.6250

[INFO 16:05:44] my_main Recent Stats | t_env:    1764000 | Episode:    17640
entropy_loss:              0.0014	ep_length_mean:          100.0000	episode_limit_mean:        1.0000	epsilon:                   0.0500
grad_norm:                22.4957	healthy_machine_fraction_mean:  0.4606	loss:                      0.4644	mi_loss:                   0.0030
q_taken_mean:              2.7610	return_mean:              67.8780	return_median:            67.6000	return_std:                6.3295
target_mean:               2.7934	td_error_abs:              0.5133	test_ep_length_mean:     100.0000	test_episode_limit_mean:   1.0000
test_healthy_machine_fraction_mean:  0.4350	test_return_mean:         75.4250	test_return_median:       75.8000	test_return_std:           6.6250

[INFO 16:06:35] my_main Recent Stats | t_env:    1766000 | Episode:    17660
entropy_loss:              0.0014	ep_length_mean:          100.0000	episode_limit_mean:        1.0000	epsilon:                   0.0500
grad_norm:                22.4957	healthy_machine_fraction_mean:  0.4606	loss:                      0.4644	mi_loss:                   0.0030
q_taken_mean:              2.7610	return_mean:              67.8780	return_median:            67.6000	return_std:                6.3295
target_mean:               2.7934	td_error_abs:              0.5133	test_ep_length_mean:     100.0000	test_episode_limit_mean:   1.0000
test_healthy_machine_fraction_mean:  0.4350	test_return_mean:         75.4250	test_return_median:       75.8000	test_return_std:           6.6250

[INFO 16:07:27] my_main Recent Stats | t_env:    1768000 | Episode:    17680
entropy_loss:              0.0014	ep_length_mean:          100.0000	episode_limit_mean:        1.0000	epsilon:                   0.0500
grad_norm:                22.4957	healthy_machine_fraction_mean:  0.4606	loss:                      0.4644	mi_loss:                   0.0030
q_taken_mean:              2.7610	return_mean:              67.8780	return_median:            67.6000	return_std:                6.3295
target_mean:               2.7934	td_error_abs:              0.5133	test_ep_length_mean:     100.0000	test_episode_limit_mean:   1.0000
test_healthy_machine_fraction_mean:  0.4350	test_return_mean:         75.4250	test_return_median:       75.8000	test_return_std:           6.6250

[INFO 16:08:19] my_main Recent Stats | t_env:    1770000 | Episode:    17700
entropy_loss:              0.0014	ep_length_mean:          100.0000	episode_limit_mean:        1.0000	epsilon:                   0.0500
grad_norm:                22.4957	healthy_machine_fraction_mean:  0.4606	loss:                      0.4644	mi_loss:                   0.0030
q_taken_mean:              2.7610	return_mean:              67.8780	return_median:            67.6000	return_std:                6.3295
target_mean:               2.7934	td_error_abs:              0.5133	test_ep_length_mean:     100.0000	test_episode_limit_mean:   1.0000
test_healthy_machine_fraction_mean:  0.4350	test_return_mean:         75.4250	test_return_median:       75.8000	test_return_std:           6.6250

[INFO 16:08:22] my_main t_env: 1770100 / 2050000
[INFO 16:08:22] my_main Estimated time left: 2 hours, 13 minutes, 28 seconds. Time passed: 14 hours, 4 minutes, 12 seconds
[INFO 16:09:42] my_main Recent Stats | t_env:    1772000 | Episode:    17720
entropy_loss:              0.0014	ep_length_mean:          100.0000	episode_limit_mean:        1.0000	epsilon:                   0.0500
grad_norm:                22.4957	healthy_machine_fraction_mean:  0.4790	loss:                      0.4644	mi_loss:                   0.0030
q_taken_mean:              2.7610	return_mean:              68.4000	return_median:            68.0000	return_std:                6.3658
target_mean:               2.7934	td_error_abs:              0.5133	test_ep_length_mean:     100.0000	test_episode_limit_mean:   1.0000
test_healthy_machine_fraction_mean:  0.4681	test_return_mean:         75.2562	test_return_median:       75.4000	test_return_std:           6.3314

[INFO 16:10:34] my_main Recent Stats | t_env:    1774000 | Episode:    17740
entropy_loss:              0.0014	ep_length_mean:          100.0000	episode_limit_mean:        1.0000	epsilon:                   0.0500
grad_norm:                23.7809	healthy_machine_fraction_mean:  0.4790	loss:                      0.4831	mi_loss:                   0.0030
q_taken_mean:              2.7639	return_mean:              68.4000	return_median:            68.0000	return_std:                6.3658
target_mean:               2.7982	td_error_abs:              0.5236	test_ep_length_mean:     100.0000	test_episode_limit_mean:   1.0000
test_healthy_machine_fraction_mean:  0.4681	test_return_mean:         75.2562	test_return_median:       75.4000	test_return_std:           6.3314

[INFO 16:11:26] my_main Recent Stats | t_env:    1776000 | Episode:    17760
entropy_loss:              0.0014	ep_length_mean:          100.0000	episode_limit_mean:        1.0000	epsilon:                   0.0500
grad_norm:                23.7809	healthy_machine_fraction_mean:  0.4790	loss:                      0.4831	mi_loss:                   0.0030
q_taken_mean:              2.7639	return_mean:              68.4000	return_median:            68.0000	return_std:                6.3658
target_mean:               2.7982	td_error_abs:              0.5236	test_ep_length_mean:     100.0000	test_episode_limit_mean:   1.0000
test_healthy_machine_fraction_mean:  0.4681	test_return_mean:         75.2562	test_return_median:       75.4000	test_return_std:           6.3314

[INFO 16:12:18] my_main Recent Stats | t_env:    1778000 | Episode:    17780
entropy_loss:              0.0014	ep_length_mean:          100.0000	episode_limit_mean:        1.0000	epsilon:                   0.0500
grad_norm:                23.7809	healthy_machine_fraction_mean:  0.4790	loss:                      0.4831	mi_loss:                   0.0030
q_taken_mean:              2.7639	return_mean:              68.4000	return_median:            68.0000	return_std:                6.3658
target_mean:               2.7982	td_error_abs:              0.5236	test_ep_length_mean:     100.0000	test_episode_limit_mean:   1.0000
test_healthy_machine_fraction_mean:  0.4681	test_return_mean:         75.2562	test_return_median:       75.4000	test_return_std:           6.3314

[INFO 16:13:11] my_main Recent Stats | t_env:    1780000 | Episode:    17800
entropy_loss:              0.0014	ep_length_mean:          100.0000	episode_limit_mean:        1.0000	epsilon:                   0.0500
grad_norm:                23.7809	healthy_machine_fraction_mean:  0.4790	loss:                      0.4831	mi_loss:                   0.0030
q_taken_mean:              2.7639	return_mean:              68.4000	return_median:            68.0000	return_std:                6.3658
target_mean:               2.7982	td_error_abs:              0.5236	test_ep_length_mean:     100.0000	test_episode_limit_mean:   1.0000
test_healthy_machine_fraction_mean:  0.4681	test_return_mean:         75.2562	test_return_median:       75.4000	test_return_std:           6.3314

[INFO 16:13:13] my_main Updated target network
[INFO 16:13:13] my_main t_env: 1780100 / 2050000
[INFO 16:13:13] my_main Estimated time left: 2 hours, 11 minutes, 6 seconds. Time passed: 14 hours, 9 minutes, 3 seconds
[INFO 16:14:34] my_main Recent Stats | t_env:    1782000 | Episode:    17820
entropy_loss:              0.0014	ep_length_mean:          100.0000	episode_limit_mean:        1.0000	epsilon:                   0.0500
grad_norm:                23.7809	healthy_machine_fraction_mean:  0.5018	loss:                      0.4831	mi_loss:                   0.0030
q_taken_mean:              2.7639	return_mean:              68.7960	return_median:            68.4000	return_std:                6.3761
target_mean:               2.7982	td_error_abs:              0.5236	test_ep_length_mean:     100.0000	test_episode_limit_mean:   1.0000
test_healthy_machine_fraction_mean:  0.4781	test_return_mean:         75.5125	test_return_median:       75.4000	test_return_std:           6.1625

[INFO 16:15:25] my_main Recent Stats | t_env:    1784000 | Episode:    17840
entropy_loss:              0.0014	ep_length_mean:          100.0000	episode_limit_mean:        1.0000	epsilon:                   0.0500
grad_norm:                23.0283	healthy_machine_fraction_mean:  0.5018	loss:                      0.4833	mi_loss:                   0.0030
q_taken_mean:              2.7752	return_mean:              68.7960	return_median:            68.4000	return_std:                6.3761
target_mean:               2.8084	td_error_abs:              0.5222	test_ep_length_mean:     100.0000	test_episode_limit_mean:   1.0000
test_healthy_machine_fraction_mean:  0.4781	test_return_mean:         75.5125	test_return_median:       75.4000	test_return_std:           6.1625

[INFO 16:16:17] my_main Recent Stats | t_env:    1786000 | Episode:    17860
entropy_loss:              0.0014	ep_length_mean:          100.0000	episode_limit_mean:        1.0000	epsilon:                   0.0500
grad_norm:                23.0283	healthy_machine_fraction_mean:  0.5018	loss:                      0.4833	mi_loss:                   0.0030
q_taken_mean:              2.7752	return_mean:              68.7960	return_median:            68.4000	return_std:                6.3761
target_mean:               2.8084	td_error_abs:              0.5222	test_ep_length_mean:     100.0000	test_episode_limit_mean:   1.0000
test_healthy_machine_fraction_mean:  0.4781	test_return_mean:         75.5125	test_return_median:       75.4000	test_return_std:           6.1625

[INFO 16:17:10] my_main Recent Stats | t_env:    1788000 | Episode:    17880
entropy_loss:              0.0014	ep_length_mean:          100.0000	episode_limit_mean:        1.0000	epsilon:                   0.0500
grad_norm:                23.0283	healthy_machine_fraction_mean:  0.5018	loss:                      0.4833	mi_loss:                   0.0030
q_taken_mean:              2.7752	return_mean:              68.7960	return_median:            68.4000	return_std:                6.3761
target_mean:               2.8084	td_error_abs:              0.5222	test_ep_length_mean:     100.0000	test_episode_limit_mean:   1.0000
test_healthy_machine_fraction_mean:  0.4781	test_return_mean:         75.5125	test_return_median:       75.4000	test_return_std:           6.1625

[INFO 16:18:02] my_main Recent Stats | t_env:    1790000 | Episode:    17900
entropy_loss:              0.0014	ep_length_mean:          100.0000	episode_limit_mean:        1.0000	epsilon:                   0.0500
grad_norm:                23.0283	healthy_machine_fraction_mean:  0.5018	loss:                      0.4833	mi_loss:                   0.0030
q_taken_mean:              2.7752	return_mean:              68.7960	return_median:            68.4000	return_std:                6.3761
target_mean:               2.8084	td_error_abs:              0.5222	test_ep_length_mean:     100.0000	test_episode_limit_mean:   1.0000
test_healthy_machine_fraction_mean:  0.4781	test_return_mean:         75.5125	test_return_median:       75.4000	test_return_std:           6.1625

[INFO 16:18:04] my_main t_env: 1790100 / 2050000
[INFO 16:18:04] my_main Estimated time left: 2 hours, 6 minutes, 8 seconds. Time passed: 14 hours, 13 minutes, 55 seconds
[INFO 16:19:25] my_main Recent Stats | t_env:    1792000 | Episode:    17920
entropy_loss:              0.0014	ep_length_mean:          100.0000	episode_limit_mean:        1.0000	epsilon:                   0.0500
grad_norm:                23.0283	healthy_machine_fraction_mean:  0.5050	loss:                      0.4833	mi_loss:                   0.0030
q_taken_mean:              2.7752	return_mean:              68.7540	return_median:            68.4000	return_std:                6.3281
target_mean:               2.8084	td_error_abs:              0.5222	test_ep_length_mean:     100.0000	test_episode_limit_mean:   1.0000
test_healthy_machine_fraction_mean:  0.4706	test_return_mean:         74.7687	test_return_median:       74.6000	test_return_std:           6.0459

[INFO 16:20:16] my_main Recent Stats | t_env:    1794000 | Episode:    17940
entropy_loss:              0.0014	ep_length_mean:          100.0000	episode_limit_mean:        1.0000	epsilon:                   0.0500
grad_norm:                22.5968	healthy_machine_fraction_mean:  0.5050	loss:                      0.4817	mi_loss:                   0.0030
q_taken_mean:              2.7809	return_mean:              68.7540	return_median:            68.4000	return_std:                6.3281
target_mean:               2.8133	td_error_abs:              0.5215	test_ep_length_mean:     100.0000	test_episode_limit_mean:   1.0000
test_healthy_machine_fraction_mean:  0.4706	test_return_mean:         74.7687	test_return_median:       74.6000	test_return_std:           6.0459

[INFO 16:21:08] my_main Recent Stats | t_env:    1796000 | Episode:    17960
entropy_loss:              0.0014	ep_length_mean:          100.0000	episode_limit_mean:        1.0000	epsilon:                   0.0500
grad_norm:                22.5968	healthy_machine_fraction_mean:  0.5050	loss:                      0.4817	mi_loss:                   0.0030
q_taken_mean:              2.7809	return_mean:              68.7540	return_median:            68.4000	return_std:                6.3281
target_mean:               2.8133	td_error_abs:              0.5215	test_ep_length_mean:     100.0000	test_episode_limit_mean:   1.0000
test_healthy_machine_fraction_mean:  0.4706	test_return_mean:         74.7687	test_return_median:       74.6000	test_return_std:           6.0459

[INFO 16:21:59] my_main Recent Stats | t_env:    1798000 | Episode:    17980
entropy_loss:              0.0014	ep_length_mean:          100.0000	episode_limit_mean:        1.0000	epsilon:                   0.0500
grad_norm:                22.5968	healthy_machine_fraction_mean:  0.5050	loss:                      0.4817	mi_loss:                   0.0030
q_taken_mean:              2.7809	return_mean:              68.7540	return_median:            68.4000	return_std:                6.3281
target_mean:               2.8133	td_error_abs:              0.5215	test_ep_length_mean:     100.0000	test_episode_limit_mean:   1.0000
test_healthy_machine_fraction_mean:  0.4706	test_return_mean:         74.7687	test_return_median:       74.6000	test_return_std:           6.0459

[INFO 16:22:50] my_main Recent Stats | t_env:    1800000 | Episode:    18000
entropy_loss:              0.0014	ep_length_mean:          100.0000	episode_limit_mean:        1.0000	epsilon:                   0.0500
grad_norm:                22.5968	healthy_machine_fraction_mean:  0.5050	loss:                      0.4817	mi_loss:                   0.0030
q_taken_mean:              2.7809	return_mean:              68.7540	return_median:            68.4000	return_std:                6.3281
target_mean:               2.8133	td_error_abs:              0.5215	test_ep_length_mean:     100.0000	test_episode_limit_mean:   1.0000
test_healthy_machine_fraction_mean:  0.4706	test_return_mean:         74.7687	test_return_median:       74.6000	test_return_std:           6.0459

[INFO 16:22:53] my_main Updated target network
[INFO 16:22:53] my_main t_env: 1800100 / 2050000
[INFO 16:22:53] my_main Estimated time left: 2 hours, 1 seconds. Time passed: 14 hours, 18 minutes, 43 seconds
[INFO 16:24:13] my_main Recent Stats | t_env:    1802000 | Episode:    18020
entropy_loss:              0.0014	ep_length_mean:          100.0000	episode_limit_mean:        1.0000	epsilon:                   0.0500
grad_norm:                22.5968	healthy_machine_fraction_mean:  0.4998	loss:                      0.4817	mi_loss:                   0.0030
q_taken_mean:              2.7809	return_mean:              68.6500	return_median:            68.2000	return_std:                6.4215
target_mean:               2.8133	td_error_abs:              0.5215	test_ep_length_mean:     100.0000	test_episode_limit_mean:   1.0000
test_healthy_machine_fraction_mean:  0.4812	test_return_mean:         74.8750	test_return_median:       74.7000	test_return_std:           6.1167

[INFO 16:25:05] my_main Recent Stats | t_env:    1804000 | Episode:    18040
entropy_loss:              0.0014	ep_length_mean:          100.0000	episode_limit_mean:        1.0000	epsilon:                   0.0500
grad_norm:                22.0521	healthy_machine_fraction_mean:  0.4998	loss:                      0.4794	mi_loss:                   0.0030
q_taken_mean:              2.8040	return_mean:              68.6500	return_median:            68.2000	return_std:                6.4215
target_mean:               2.8238	td_error_abs:              0.5289	test_ep_length_mean:     100.0000	test_episode_limit_mean:   1.0000
test_healthy_machine_fraction_mean:  0.4812	test_return_mean:         74.8750	test_return_median:       74.7000	test_return_std:           6.1167

[INFO 16:25:57] my_main Recent Stats | t_env:    1806000 | Episode:    18060
entropy_loss:              0.0014	ep_length_mean:          100.0000	episode_limit_mean:        1.0000	epsilon:                   0.0500
grad_norm:                22.0521	healthy_machine_fraction_mean:  0.4998	loss:                      0.4794	mi_loss:                   0.0030
q_taken_mean:              2.8040	return_mean:              68.6500	return_median:            68.2000	return_std:                6.4215
target_mean:               2.8238	td_error_abs:              0.5289	test_ep_length_mean:     100.0000	test_episode_limit_mean:   1.0000
test_healthy_machine_fraction_mean:  0.4812	test_return_mean:         74.8750	test_return_median:       74.7000	test_return_std:           6.1167

[INFO 16:26:49] my_main Recent Stats | t_env:    1808000 | Episode:    18080
entropy_loss:              0.0014	ep_length_mean:          100.0000	episode_limit_mean:        1.0000	epsilon:                   0.0500
grad_norm:                22.0521	healthy_machine_fraction_mean:  0.4998	loss:                      0.4794	mi_loss:                   0.0030
q_taken_mean:              2.8040	return_mean:              68.6500	return_median:            68.2000	return_std:                6.4215
target_mean:               2.8238	td_error_abs:              0.5289	test_ep_length_mean:     100.0000	test_episode_limit_mean:   1.0000
test_healthy_machine_fraction_mean:  0.4812	test_return_mean:         74.8750	test_return_median:       74.7000	test_return_std:           6.1167

[INFO 16:27:41] my_main Recent Stats | t_env:    1810000 | Episode:    18100
entropy_loss:              0.0014	ep_length_mean:          100.0000	episode_limit_mean:        1.0000	epsilon:                   0.0500
grad_norm:                22.0521	healthy_machine_fraction_mean:  0.4998	loss:                      0.4794	mi_loss:                   0.0030
q_taken_mean:              2.8040	return_mean:              68.6500	return_median:            68.2000	return_std:                6.4215
target_mean:               2.8238	td_error_abs:              0.5289	test_ep_length_mean:     100.0000	test_episode_limit_mean:   1.0000
test_healthy_machine_fraction_mean:  0.4812	test_return_mean:         74.8750	test_return_median:       74.7000	test_return_std:           6.1167

[INFO 16:27:43] my_main t_env: 1810100 / 2050000
[INFO 16:27:43] my_main Estimated time left: 1 hours, 56 minutes, 19 seconds. Time passed: 14 hours, 23 minutes, 34 seconds
[INFO 16:29:04] my_main Recent Stats | t_env:    1812000 | Episode:    18120
entropy_loss:              0.0014	ep_length_mean:          100.0000	episode_limit_mean:        1.0000	epsilon:                   0.0500
grad_norm:                22.0521	healthy_machine_fraction_mean:  0.5008	loss:                      0.4794	mi_loss:                   0.0030
q_taken_mean:              2.8040	return_mean:              68.6720	return_median:            68.4000	return_std:                6.4453
target_mean:               2.8238	td_error_abs:              0.5289	test_ep_length_mean:     100.0000	test_episode_limit_mean:   1.0000
test_healthy_machine_fraction_mean:  0.4956	test_return_mean:         75.4375	test_return_median:       75.2000	test_return_std:           5.8492

[INFO 16:29:55] my_main Recent Stats | t_env:    1814000 | Episode:    18140
entropy_loss:              0.0014	ep_length_mean:          100.0000	episode_limit_mean:        1.0000	epsilon:                   0.0500
grad_norm:                20.5876	healthy_machine_fraction_mean:  0.5008	loss:                      0.4585	mi_loss:                   0.0030
q_taken_mean:              2.8206	return_mean:              68.6720	return_median:            68.4000	return_std:                6.4453
target_mean:               2.8309	td_error_abs:              0.5235	test_ep_length_mean:     100.0000	test_episode_limit_mean:   1.0000
test_healthy_machine_fraction_mean:  0.4956	test_return_mean:         75.4375	test_return_median:       75.2000	test_return_std:           5.8492

[INFO 16:30:47] my_main Recent Stats | t_env:    1816000 | Episode:    18160
entropy_loss:              0.0014	ep_length_mean:          100.0000	episode_limit_mean:        1.0000	epsilon:                   0.0500
grad_norm:                20.5876	healthy_machine_fraction_mean:  0.5008	loss:                      0.4585	mi_loss:                   0.0030
q_taken_mean:              2.8206	return_mean:              68.6720	return_median:            68.4000	return_std:                6.4453
target_mean:               2.8309	td_error_abs:              0.5235	test_ep_length_mean:     100.0000	test_episode_limit_mean:   1.0000
test_healthy_machine_fraction_mean:  0.4956	test_return_mean:         75.4375	test_return_median:       75.2000	test_return_std:           5.8492

[INFO 16:31:39] my_main Recent Stats | t_env:    1818000 | Episode:    18180
entropy_loss:              0.0014	ep_length_mean:          100.0000	episode_limit_mean:        1.0000	epsilon:                   0.0500
grad_norm:                20.5876	healthy_machine_fraction_mean:  0.5008	loss:                      0.4585	mi_loss:                   0.0030
q_taken_mean:              2.8206	return_mean:              68.6720	return_median:            68.4000	return_std:                6.4453
target_mean:               2.8309	td_error_abs:              0.5235	test_ep_length_mean:     100.0000	test_episode_limit_mean:   1.0000
test_healthy_machine_fraction_mean:  0.4956	test_return_mean:         75.4375	test_return_median:       75.2000	test_return_std:           5.8492

[INFO 16:32:31] my_main Recent Stats | t_env:    1820000 | Episode:    18200
entropy_loss:              0.0014	ep_length_mean:          100.0000	episode_limit_mean:        1.0000	epsilon:                   0.0500
grad_norm:                20.5876	healthy_machine_fraction_mean:  0.5008	loss:                      0.4585	mi_loss:                   0.0030
q_taken_mean:              2.8206	return_mean:              68.6720	return_median:            68.4000	return_std:                6.4453
target_mean:               2.8309	td_error_abs:              0.5235	test_ep_length_mean:     100.0000	test_episode_limit_mean:   1.0000
test_healthy_machine_fraction_mean:  0.4956	test_return_mean:         75.4375	test_return_median:       75.2000	test_return_std:           5.8492

[INFO 16:32:33] my_main Updated target network
[INFO 16:32:33] my_main t_env: 1820100 / 2050000
[INFO 16:32:34] my_main Estimated time left: 1 hours, 51 minutes, 7 seconds. Time passed: 14 hours, 28 minutes, 24 seconds
[INFO 16:33:55] my_main Recent Stats | t_env:    1822000 | Episode:    18220
entropy_loss:              0.0014	ep_length_mean:          100.0000	episode_limit_mean:        1.0000	epsilon:                   0.0500
grad_norm:                20.5876	healthy_machine_fraction_mean:  0.4858	loss:                      0.4585	mi_loss:                   0.0030
q_taken_mean:              2.8206	return_mean:              68.3700	return_median:            68.2000	return_std:                6.5916
target_mean:               2.8309	td_error_abs:              0.5235	test_ep_length_mean:     100.0000	test_episode_limit_mean:   1.0000
test_healthy_machine_fraction_mean:  0.4781	test_return_mean:         76.0250	test_return_median:       75.8000	test_return_std:           5.9827

[INFO 16:34:46] my_main Recent Stats | t_env:    1824000 | Episode:    18240
entropy_loss:              0.0013	ep_length_mean:          100.0000	episode_limit_mean:        1.0000	epsilon:                   0.0500
grad_norm:                20.9301	healthy_machine_fraction_mean:  0.4858	loss:                      0.4601	mi_loss:                   0.0030
q_taken_mean:              2.8418	return_mean:              68.3700	return_median:            68.2000	return_std:                6.5916
target_mean:               2.8521	td_error_abs:              0.5256	test_ep_length_mean:     100.0000	test_episode_limit_mean:   1.0000
test_healthy_machine_fraction_mean:  0.4781	test_return_mean:         76.0250	test_return_median:       75.8000	test_return_std:           5.9827

[INFO 16:35:37] my_main Recent Stats | t_env:    1826000 | Episode:    18260
entropy_loss:              0.0013	ep_length_mean:          100.0000	episode_limit_mean:        1.0000	epsilon:                   0.0500
grad_norm:                20.9301	healthy_machine_fraction_mean:  0.4858	loss:                      0.4601	mi_loss:                   0.0030
q_taken_mean:              2.8418	return_mean:              68.3700	return_median:            68.2000	return_std:                6.5916
target_mean:               2.8521	td_error_abs:              0.5256	test_ep_length_mean:     100.0000	test_episode_limit_mean:   1.0000
test_healthy_machine_fraction_mean:  0.4781	test_return_mean:         76.0250	test_return_median:       75.8000	test_return_std:           5.9827

[INFO 16:36:30] my_main Recent Stats | t_env:    1828000 | Episode:    18280
entropy_loss:              0.0013	ep_length_mean:          100.0000	episode_limit_mean:        1.0000	epsilon:                   0.0500
grad_norm:                20.9301	healthy_machine_fraction_mean:  0.4858	loss:                      0.4601	mi_loss:                   0.0030
q_taken_mean:              2.8418	return_mean:              68.3700	return_median:            68.2000	return_std:                6.5916
target_mean:               2.8521	td_error_abs:              0.5256	test_ep_length_mean:     100.0000	test_episode_limit_mean:   1.0000
test_healthy_machine_fraction_mean:  0.4781	test_return_mean:         76.0250	test_return_median:       75.8000	test_return_std:           5.9827

[INFO 16:37:22] my_main Recent Stats | t_env:    1830000 | Episode:    18300
entropy_loss:              0.0013	ep_length_mean:          100.0000	episode_limit_mean:        1.0000	epsilon:                   0.0500
grad_norm:                20.9301	healthy_machine_fraction_mean:  0.4858	loss:                      0.4601	mi_loss:                   0.0030
q_taken_mean:              2.8418	return_mean:              68.3700	return_median:            68.2000	return_std:                6.5916
target_mean:               2.8521	td_error_abs:              0.5256	test_ep_length_mean:     100.0000	test_episode_limit_mean:   1.0000
test_healthy_machine_fraction_mean:  0.4781	test_return_mean:         76.0250	test_return_median:       75.8000	test_return_std:           5.9827

[INFO 16:37:25] my_main t_env: 1830100 / 2050000
[INFO 16:37:25] my_main Estimated time left: 1 hours, 46 minutes, 42 seconds. Time passed: 14 hours, 33 minutes, 15 seconds
[INFO 16:38:45] my_main Recent Stats | t_env:    1832000 | Episode:    18320
entropy_loss:              0.0013	ep_length_mean:          100.0000	episode_limit_mean:        1.0000	epsilon:                   0.0500
grad_norm:                20.9301	healthy_machine_fraction_mean:  0.4844	loss:                      0.4601	mi_loss:                   0.0030
q_taken_mean:              2.8418	return_mean:              68.3440	return_median:            68.3000	return_std:                6.4552
target_mean:               2.8521	td_error_abs:              0.5256	test_ep_length_mean:     100.0000	test_episode_limit_mean:   1.0000
test_healthy_machine_fraction_mean:  0.4906	test_return_mean:         76.2500	test_return_median:       75.9000	test_return_std:           6.1447

[INFO 16:39:36] my_main Recent Stats | t_env:    1834000 | Episode:    18340
entropy_loss:              0.0014	ep_length_mean:          100.0000	episode_limit_mean:        1.0000	epsilon:                   0.0500
grad_norm:                22.4052	healthy_machine_fraction_mean:  0.4844	loss:                      0.4718	mi_loss:                   0.0030
q_taken_mean:              2.8560	return_mean:              68.3440	return_median:            68.3000	return_std:                6.4552
target_mean:               2.8684	td_error_abs:              0.5334	test_ep_length_mean:     100.0000	test_episode_limit_mean:   1.0000
test_healthy_machine_fraction_mean:  0.4906	test_return_mean:         76.2500	test_return_median:       75.9000	test_return_std:           6.1447

[INFO 16:40:28] my_main Recent Stats | t_env:    1836000 | Episode:    18360
entropy_loss:              0.0014	ep_length_mean:          100.0000	episode_limit_mean:        1.0000	epsilon:                   0.0500
grad_norm:                22.4052	healthy_machine_fraction_mean:  0.4844	loss:                      0.4718	mi_loss:                   0.0030
q_taken_mean:              2.8560	return_mean:              68.3440	return_median:            68.3000	return_std:                6.4552
target_mean:               2.8684	td_error_abs:              0.5334	test_ep_length_mean:     100.0000	test_episode_limit_mean:   1.0000
test_healthy_machine_fraction_mean:  0.4906	test_return_mean:         76.2500	test_return_median:       75.9000	test_return_std:           6.1447

[INFO 16:41:19] my_main Recent Stats | t_env:    1838000 | Episode:    18380
entropy_loss:              0.0014	ep_length_mean:          100.0000	episode_limit_mean:        1.0000	epsilon:                   0.0500
grad_norm:                22.4052	healthy_machine_fraction_mean:  0.4844	loss:                      0.4718	mi_loss:                   0.0030
q_taken_mean:              2.8560	return_mean:              68.3440	return_median:            68.3000	return_std:                6.4552
target_mean:               2.8684	td_error_abs:              0.5334	test_ep_length_mean:     100.0000	test_episode_limit_mean:   1.0000
test_healthy_machine_fraction_mean:  0.4906	test_return_mean:         76.2500	test_return_median:       75.9000	test_return_std:           6.1447

[INFO 16:42:09] my_main Recent Stats | t_env:    1840000 | Episode:    18400
entropy_loss:              0.0014	ep_length_mean:          100.0000	episode_limit_mean:        1.0000	epsilon:                   0.0500
grad_norm:                22.4052	healthy_machine_fraction_mean:  0.4844	loss:                      0.4718	mi_loss:                   0.0030
q_taken_mean:              2.8560	return_mean:              68.3440	return_median:            68.3000	return_std:                6.4552
target_mean:               2.8684	td_error_abs:              0.5334	test_ep_length_mean:     100.0000	test_episode_limit_mean:   1.0000
test_healthy_machine_fraction_mean:  0.4906	test_return_mean:         76.2500	test_return_median:       75.9000	test_return_std:           6.1447

[INFO 16:42:11] my_main Updated target network
[INFO 16:42:11] my_main t_env: 1840100 / 2050000
[INFO 16:42:11] my_main Estimated time left: 1 hours, 40 minutes, 11 seconds. Time passed: 14 hours, 38 minutes, 1 seconds
[INFO 16:43:32] my_main Recent Stats | t_env:    1842000 | Episode:    18420
entropy_loss:              0.0014	ep_length_mean:          100.0000	episode_limit_mean:        1.0000	epsilon:                   0.0500
grad_norm:                22.4052	healthy_machine_fraction_mean:  0.4960	loss:                      0.4718	mi_loss:                   0.0030
q_taken_mean:              2.8560	return_mean:              68.8980	return_median:            68.9000	return_std:                6.3969
target_mean:               2.8684	td_error_abs:              0.5334	test_ep_length_mean:     100.0000	test_episode_limit_mean:   1.0000
test_healthy_machine_fraction_mean:  0.5075	test_return_mean:         77.5438	test_return_median:       77.3000	test_return_std:           6.3779

[INFO 16:44:23] my_main Recent Stats | t_env:    1844000 | Episode:    18440
entropy_loss:              0.0014	ep_length_mean:          100.0000	episode_limit_mean:        1.0000	epsilon:                   0.0500
grad_norm:                20.9300	healthy_machine_fraction_mean:  0.4960	loss:                      0.4562	mi_loss:                   0.0030
q_taken_mean:              2.8805	return_mean:              68.8980	return_median:            68.9000	return_std:                6.3969
target_mean:               2.8908	td_error_abs:              0.5222	test_ep_length_mean:     100.0000	test_episode_limit_mean:   1.0000
test_healthy_machine_fraction_mean:  0.5075	test_return_mean:         77.5438	test_return_median:       77.3000	test_return_std:           6.3779

[INFO 16:45:14] my_main Recent Stats | t_env:    1846000 | Episode:    18460
entropy_loss:              0.0014	ep_length_mean:          100.0000	episode_limit_mean:        1.0000	epsilon:                   0.0500
grad_norm:                20.9300	healthy_machine_fraction_mean:  0.4960	loss:                      0.4562	mi_loss:                   0.0030
q_taken_mean:              2.8805	return_mean:              68.8980	return_median:            68.9000	return_std:                6.3969
target_mean:               2.8908	td_error_abs:              0.5222	test_ep_length_mean:     100.0000	test_episode_limit_mean:   1.0000
test_healthy_machine_fraction_mean:  0.5075	test_return_mean:         77.5438	test_return_median:       77.3000	test_return_std:           6.3779

[INFO 16:46:06] my_main Recent Stats | t_env:    1848000 | Episode:    18480
entropy_loss:              0.0014	ep_length_mean:          100.0000	episode_limit_mean:        1.0000	epsilon:                   0.0500
grad_norm:                20.9300	healthy_machine_fraction_mean:  0.4960	loss:                      0.4562	mi_loss:                   0.0030
q_taken_mean:              2.8805	return_mean:              68.8980	return_median:            68.9000	return_std:                6.3969
target_mean:               2.8908	td_error_abs:              0.5222	test_ep_length_mean:     100.0000	test_episode_limit_mean:   1.0000
test_healthy_machine_fraction_mean:  0.5075	test_return_mean:         77.5438	test_return_median:       77.3000	test_return_std:           6.3779

[INFO 16:46:59] my_main Recent Stats | t_env:    1850000 | Episode:    18500
entropy_loss:              0.0014	ep_length_mean:          100.0000	episode_limit_mean:        1.0000	epsilon:                   0.0500
grad_norm:                20.9300	healthy_machine_fraction_mean:  0.4960	loss:                      0.4562	mi_loss:                   0.0030
q_taken_mean:              2.8805	return_mean:              68.8980	return_median:            68.9000	return_std:                6.3969
target_mean:               2.8908	td_error_abs:              0.5222	test_ep_length_mean:     100.0000	test_episode_limit_mean:   1.0000
test_healthy_machine_fraction_mean:  0.5075	test_return_mean:         77.5438	test_return_median:       77.3000	test_return_std:           6.3779

[INFO 16:47:02] my_main t_env: 1850100 / 2050000
[INFO 16:47:02] my_main Estimated time left: 1 hours, 36 minutes, 47 seconds. Time passed: 14 hours, 42 minutes, 52 seconds
[INFO 16:48:22] my_main Recent Stats | t_env:    1852000 | Episode:    18520
entropy_loss:              0.0014	ep_length_mean:          100.0000	episode_limit_mean:        1.0000	epsilon:                   0.0500
grad_norm:                20.9300	healthy_machine_fraction_mean:  0.5142	loss:                      0.4562	mi_loss:                   0.0030
q_taken_mean:              2.8805	return_mean:              69.4960	return_median:            69.7000	return_std:                6.3485
target_mean:               2.8908	td_error_abs:              0.5222	test_ep_length_mean:     100.0000	test_episode_limit_mean:   1.0000
test_healthy_machine_fraction_mean:  0.5037	test_return_mean:         77.5563	test_return_median:       77.3000	test_return_std:           6.4840

[INFO 16:49:14] my_main Recent Stats | t_env:    1854000 | Episode:    18540
entropy_loss:              0.0014	ep_length_mean:          100.0000	episode_limit_mean:        1.0000	epsilon:                   0.0500
grad_norm:                21.5044	healthy_machine_fraction_mean:  0.5142	loss:                      0.4610	mi_loss:                   0.0030
q_taken_mean:              2.8817	return_mean:              69.4960	return_median:            69.7000	return_std:                6.3485
target_mean:               2.9041	td_error_abs:              0.5181	test_ep_length_mean:     100.0000	test_episode_limit_mean:   1.0000
test_healthy_machine_fraction_mean:  0.5037	test_return_mean:         77.5563	test_return_median:       77.3000	test_return_std:           6.4840

[INFO 16:50:06] my_main Recent Stats | t_env:    1856000 | Episode:    18560
entropy_loss:              0.0014	ep_length_mean:          100.0000	episode_limit_mean:        1.0000	epsilon:                   0.0500
grad_norm:                21.5044	healthy_machine_fraction_mean:  0.5142	loss:                      0.4610	mi_loss:                   0.0030
q_taken_mean:              2.8817	return_mean:              69.4960	return_median:            69.7000	return_std:                6.3485
target_mean:               2.9041	td_error_abs:              0.5181	test_ep_length_mean:     100.0000	test_episode_limit_mean:   1.0000
test_healthy_machine_fraction_mean:  0.5037	test_return_mean:         77.5563	test_return_median:       77.3000	test_return_std:           6.4840

[INFO 16:50:58] my_main Recent Stats | t_env:    1858000 | Episode:    18580
entropy_loss:              0.0014	ep_length_mean:          100.0000	episode_limit_mean:        1.0000	epsilon:                   0.0500
grad_norm:                21.5044	healthy_machine_fraction_mean:  0.5142	loss:                      0.4610	mi_loss:                   0.0030
q_taken_mean:              2.8817	return_mean:              69.4960	return_median:            69.7000	return_std:                6.3485
target_mean:               2.9041	td_error_abs:              0.5181	test_ep_length_mean:     100.0000	test_episode_limit_mean:   1.0000
test_healthy_machine_fraction_mean:  0.5037	test_return_mean:         77.5563	test_return_median:       77.3000	test_return_std:           6.4840

[INFO 16:51:51] my_main Recent Stats | t_env:    1860000 | Episode:    18600
entropy_loss:              0.0014	ep_length_mean:          100.0000	episode_limit_mean:        1.0000	epsilon:                   0.0500
grad_norm:                21.5044	healthy_machine_fraction_mean:  0.5142	loss:                      0.4610	mi_loss:                   0.0030
q_taken_mean:              2.8817	return_mean:              69.4960	return_median:            69.7000	return_std:                6.3485
target_mean:               2.9041	td_error_abs:              0.5181	test_ep_length_mean:     100.0000	test_episode_limit_mean:   1.0000
test_healthy_machine_fraction_mean:  0.5037	test_return_mean:         77.5563	test_return_median:       77.3000	test_return_std:           6.4840

[INFO 16:51:53] my_main Updated target network
[INFO 16:51:53] my_main t_env: 1860100 / 2050000
[INFO 16:51:53] my_main Estimated time left: 1 hours, 32 minutes, 20 seconds. Time passed: 14 hours, 47 minutes, 44 seconds
[INFO 16:53:14] my_main Recent Stats | t_env:    1862000 | Episode:    18620
entropy_loss:              0.0014	ep_length_mean:          100.0000	episode_limit_mean:        1.0000	epsilon:                   0.0500
grad_norm:                21.5044	healthy_machine_fraction_mean:  0.5200	loss:                      0.4610	mi_loss:                   0.0030
q_taken_mean:              2.8817	return_mean:              70.0560	return_median:            70.3000	return_std:                6.3090
target_mean:               2.9041	td_error_abs:              0.5181	test_ep_length_mean:     100.0000	test_episode_limit_mean:   1.0000
test_healthy_machine_fraction_mean:  0.5369	test_return_mean:         77.8375	test_return_median:       77.6000	test_return_std:           6.2986

[INFO 16:54:05] my_main Recent Stats | t_env:    1864000 | Episode:    18640
entropy_loss:              0.0014	ep_length_mean:          100.0000	episode_limit_mean:        1.0000	epsilon:                   0.0500
grad_norm:                22.5176	healthy_machine_fraction_mean:  0.5200	loss:                      0.4731	mi_loss:                   0.0030
q_taken_mean:              2.8903	return_mean:              70.0560	return_median:            70.3000	return_std:                6.3090
target_mean:               2.9215	td_error_abs:              0.5201	test_ep_length_mean:     100.0000	test_episode_limit_mean:   1.0000
test_healthy_machine_fraction_mean:  0.5369	test_return_mean:         77.8375	test_return_median:       77.6000	test_return_std:           6.2986

[INFO 16:54:57] my_main Recent Stats | t_env:    1866000 | Episode:    18660
entropy_loss:              0.0014	ep_length_mean:          100.0000	episode_limit_mean:        1.0000	epsilon:                   0.0500
grad_norm:                22.5176	healthy_machine_fraction_mean:  0.5200	loss:                      0.4731	mi_loss:                   0.0030
q_taken_mean:              2.8903	return_mean:              70.0560	return_median:            70.3000	return_std:                6.3090
target_mean:               2.9215	td_error_abs:              0.5201	test_ep_length_mean:     100.0000	test_episode_limit_mean:   1.0000
test_healthy_machine_fraction_mean:  0.5369	test_return_mean:         77.8375	test_return_median:       77.6000	test_return_std:           6.2986

[INFO 16:55:50] my_main Recent Stats | t_env:    1868000 | Episode:    18680
entropy_loss:              0.0014	ep_length_mean:          100.0000	episode_limit_mean:        1.0000	epsilon:                   0.0500
grad_norm:                22.5176	healthy_machine_fraction_mean:  0.5200	loss:                      0.4731	mi_loss:                   0.0030
q_taken_mean:              2.8903	return_mean:              70.0560	return_median:            70.3000	return_std:                6.3090
target_mean:               2.9215	td_error_abs:              0.5201	test_ep_length_mean:     100.0000	test_episode_limit_mean:   1.0000
test_healthy_machine_fraction_mean:  0.5369	test_return_mean:         77.8375	test_return_median:       77.6000	test_return_std:           6.2986

[INFO 16:56:42] my_main Recent Stats | t_env:    1870000 | Episode:    18700
entropy_loss:              0.0014	ep_length_mean:          100.0000	episode_limit_mean:        1.0000	epsilon:                   0.0500
grad_norm:                22.5176	healthy_machine_fraction_mean:  0.5200	loss:                      0.4731	mi_loss:                   0.0030
q_taken_mean:              2.8903	return_mean:              70.0560	return_median:            70.3000	return_std:                6.3090
target_mean:               2.9215	td_error_abs:              0.5201	test_ep_length_mean:     100.0000	test_episode_limit_mean:   1.0000
test_healthy_machine_fraction_mean:  0.5369	test_return_mean:         77.8375	test_return_median:       77.6000	test_return_std:           6.2986

[INFO 16:56:45] my_main t_env: 1870100 / 2050000
[INFO 16:56:45] my_main Estimated time left: 1 hours, 27 minutes, 20 seconds. Time passed: 14 hours, 52 minutes, 35 seconds
[INFO 16:58:06] my_main Recent Stats | t_env:    1872000 | Episode:    18720
entropy_loss:              0.0014	ep_length_mean:          100.0000	episode_limit_mean:        1.0000	epsilon:                   0.0500
grad_norm:                22.5176	healthy_machine_fraction_mean:  0.5378	loss:                      0.4731	mi_loss:                   0.0030
q_taken_mean:              2.8903	return_mean:              70.3000	return_median:            70.7000	return_std:                6.1947
target_mean:               2.9215	td_error_abs:              0.5201	test_ep_length_mean:     100.0000	test_episode_limit_mean:   1.0000
test_healthy_machine_fraction_mean:  0.5519	test_return_mean:         77.2313	test_return_median:       77.2000	test_return_std:           6.1353

[INFO 16:58:58] my_main Recent Stats | t_env:    1874000 | Episode:    18740
entropy_loss:              0.0014	ep_length_mean:          100.0000	episode_limit_mean:        1.0000	epsilon:                   0.0500
grad_norm:                22.5518	healthy_machine_fraction_mean:  0.5378	loss:                      0.4783	mi_loss:                   0.0030
q_taken_mean:              2.8934	return_mean:              70.3000	return_median:            70.7000	return_std:                6.1947
target_mean:               2.9246	td_error_abs:              0.5201	test_ep_length_mean:     100.0000	test_episode_limit_mean:   1.0000
test_healthy_machine_fraction_mean:  0.5519	test_return_mean:         77.2313	test_return_median:       77.2000	test_return_std:           6.1353

[INFO 16:59:50] my_main Recent Stats | t_env:    1876000 | Episode:    18760
entropy_loss:              0.0014	ep_length_mean:          100.0000	episode_limit_mean:        1.0000	epsilon:                   0.0500
grad_norm:                22.5518	healthy_machine_fraction_mean:  0.5378	loss:                      0.4783	mi_loss:                   0.0030
q_taken_mean:              2.8934	return_mean:              70.3000	return_median:            70.7000	return_std:                6.1947
target_mean:               2.9246	td_error_abs:              0.5201	test_ep_length_mean:     100.0000	test_episode_limit_mean:   1.0000
test_healthy_machine_fraction_mean:  0.5519	test_return_mean:         77.2313	test_return_median:       77.2000	test_return_std:           6.1353

[INFO 17:00:42] my_main Recent Stats | t_env:    1878000 | Episode:    18780
entropy_loss:              0.0014	ep_length_mean:          100.0000	episode_limit_mean:        1.0000	epsilon:                   0.0500
grad_norm:                22.5518	healthy_machine_fraction_mean:  0.5378	loss:                      0.4783	mi_loss:                   0.0030
q_taken_mean:              2.8934	return_mean:              70.3000	return_median:            70.7000	return_std:                6.1947
target_mean:               2.9246	td_error_abs:              0.5201	test_ep_length_mean:     100.0000	test_episode_limit_mean:   1.0000
test_healthy_machine_fraction_mean:  0.5519	test_return_mean:         77.2313	test_return_median:       77.2000	test_return_std:           6.1353

[INFO 17:01:34] my_main Recent Stats | t_env:    1880000 | Episode:    18800
entropy_loss:              0.0014	ep_length_mean:          100.0000	episode_limit_mean:        1.0000	epsilon:                   0.0500
grad_norm:                22.5518	healthy_machine_fraction_mean:  0.5378	loss:                      0.4783	mi_loss:                   0.0030
q_taken_mean:              2.8934	return_mean:              70.3000	return_median:            70.7000	return_std:                6.1947
target_mean:               2.9246	td_error_abs:              0.5201	test_ep_length_mean:     100.0000	test_episode_limit_mean:   1.0000
test_healthy_machine_fraction_mean:  0.5519	test_return_mean:         77.2313	test_return_median:       77.2000	test_return_std:           6.1353

[INFO 17:01:36] my_main Updated target network
[INFO 17:01:36] my_main t_env: 1880100 / 2050000
[INFO 17:01:36] my_main Estimated time left: 1 hours, 22 minutes, 35 seconds. Time passed: 14 hours, 57 minutes, 27 seconds
[INFO 17:02:58] my_main Recent Stats | t_env:    1882000 | Episode:    18820
entropy_loss:              0.0014	ep_length_mean:          100.0000	episode_limit_mean:        1.0000	epsilon:                   0.0500
grad_norm:                22.5518	healthy_machine_fraction_mean:  0.5270	loss:                      0.4783	mi_loss:                   0.0030
q_taken_mean:              2.8934	return_mean:              69.9740	return_median:            70.4000	return_std:                6.1347
target_mean:               2.9246	td_error_abs:              0.5201	test_ep_length_mean:     100.0000	test_episode_limit_mean:   1.0000
test_healthy_machine_fraction_mean:  0.5488	test_return_mean:         77.1437	test_return_median:       77.5000	test_return_std:           5.7770

[INFO 17:03:49] my_main Recent Stats | t_env:    1884000 | Episode:    18840
entropy_loss:              0.0013	ep_length_mean:          100.0000	episode_limit_mean:        1.0000	epsilon:                   0.0500
grad_norm:                19.8954	healthy_machine_fraction_mean:  0.5270	loss:                      0.4550	mi_loss:                   0.0030
q_taken_mean:              2.9034	return_mean:              69.9740	return_median:            70.4000	return_std:                6.1347
target_mean:               2.9307	td_error_abs:              0.5061	test_ep_length_mean:     100.0000	test_episode_limit_mean:   1.0000
test_healthy_machine_fraction_mean:  0.5488	test_return_mean:         77.1437	test_return_median:       77.5000	test_return_std:           5.7770

[INFO 17:04:41] my_main Recent Stats | t_env:    1886000 | Episode:    18860
entropy_loss:              0.0013	ep_length_mean:          100.0000	episode_limit_mean:        1.0000	epsilon:                   0.0500
grad_norm:                19.8954	healthy_machine_fraction_mean:  0.5270	loss:                      0.4550	mi_loss:                   0.0030
q_taken_mean:              2.9034	return_mean:              69.9740	return_median:            70.4000	return_std:                6.1347
target_mean:               2.9307	td_error_abs:              0.5061	test_ep_length_mean:     100.0000	test_episode_limit_mean:   1.0000
test_healthy_machine_fraction_mean:  0.5488	test_return_mean:         77.1437	test_return_median:       77.5000	test_return_std:           5.7770

[INFO 17:05:33] my_main Recent Stats | t_env:    1888000 | Episode:    18880
entropy_loss:              0.0013	ep_length_mean:          100.0000	episode_limit_mean:        1.0000	epsilon:                   0.0500
grad_norm:                19.8954	healthy_machine_fraction_mean:  0.5270	loss:                      0.4550	mi_loss:                   0.0030
q_taken_mean:              2.9034	return_mean:              69.9740	return_median:            70.4000	return_std:                6.1347
target_mean:               2.9307	td_error_abs:              0.5061	test_ep_length_mean:     100.0000	test_episode_limit_mean:   1.0000
test_healthy_machine_fraction_mean:  0.5488	test_return_mean:         77.1437	test_return_median:       77.5000	test_return_std:           5.7770

[INFO 17:06:26] my_main Recent Stats | t_env:    1890000 | Episode:    18900
entropy_loss:              0.0013	ep_length_mean:          100.0000	episode_limit_mean:        1.0000	epsilon:                   0.0500
grad_norm:                19.8954	healthy_machine_fraction_mean:  0.5270	loss:                      0.4550	mi_loss:                   0.0030
q_taken_mean:              2.9034	return_mean:              69.9740	return_median:            70.4000	return_std:                6.1347
target_mean:               2.9307	td_error_abs:              0.5061	test_ep_length_mean:     100.0000	test_episode_limit_mean:   1.0000
test_healthy_machine_fraction_mean:  0.5488	test_return_mean:         77.1437	test_return_median:       77.5000	test_return_std:           5.7770

[INFO 17:06:28] my_main t_env: 1890100 / 2050000
[INFO 17:06:28] my_main Estimated time left: 1 hours, 17 minutes, 47 seconds. Time passed: 15 hours, 2 minutes, 18 seconds
[INFO 17:07:50] my_main Recent Stats | t_env:    1892000 | Episode:    18920
entropy_loss:              0.0013	ep_length_mean:          100.0000	episode_limit_mean:        1.0000	epsilon:                   0.0500
grad_norm:                19.8954	healthy_machine_fraction_mean:  0.5100	loss:                      0.4550	mi_loss:                   0.0030
q_taken_mean:              2.9034	return_mean:              69.3700	return_median:            69.4000	return_std:                6.1782
target_mean:               2.9307	td_error_abs:              0.5061	test_ep_length_mean:     100.0000	test_episode_limit_mean:   1.0000
test_healthy_machine_fraction_mean:  0.5306	test_return_mean:         76.3000	test_return_median:       76.6000	test_return_std:           5.6753

[INFO 17:08:41] my_main Recent Stats | t_env:    1894000 | Episode:    18940
entropy_loss:              0.0013	ep_length_mean:          100.0000	episode_limit_mean:        1.0000	epsilon:                   0.0500
grad_norm:                20.6449	healthy_machine_fraction_mean:  0.5100	loss:                      0.4585	mi_loss:                   0.0030
q_taken_mean:              2.9036	return_mean:              69.3700	return_median:            69.4000	return_std:                6.1782
target_mean:               2.9319	td_error_abs:              0.5089	test_ep_length_mean:     100.0000	test_episode_limit_mean:   1.0000
test_healthy_machine_fraction_mean:  0.5306	test_return_mean:         76.3000	test_return_median:       76.6000	test_return_std:           5.6753

[INFO 17:09:33] my_main Recent Stats | t_env:    1896000 | Episode:    18960
entropy_loss:              0.0013	ep_length_mean:          100.0000	episode_limit_mean:        1.0000	epsilon:                   0.0500
grad_norm:                20.6449	healthy_machine_fraction_mean:  0.5100	loss:                      0.4585	mi_loss:                   0.0030
q_taken_mean:              2.9036	return_mean:              69.3700	return_median:            69.4000	return_std:                6.1782
target_mean:               2.9319	td_error_abs:              0.5089	test_ep_length_mean:     100.0000	test_episode_limit_mean:   1.0000
test_healthy_machine_fraction_mean:  0.5306	test_return_mean:         76.3000	test_return_median:       76.6000	test_return_std:           5.6753

[INFO 17:10:25] my_main Recent Stats | t_env:    1898000 | Episode:    18980
entropy_loss:              0.0013	ep_length_mean:          100.0000	episode_limit_mean:        1.0000	epsilon:                   0.0500
grad_norm:                20.6449	healthy_machine_fraction_mean:  0.5100	loss:                      0.4585	mi_loss:                   0.0030
q_taken_mean:              2.9036	return_mean:              69.3700	return_median:            69.4000	return_std:                6.1782
target_mean:               2.9319	td_error_abs:              0.5089	test_ep_length_mean:     100.0000	test_episode_limit_mean:   1.0000
test_healthy_machine_fraction_mean:  0.5306	test_return_mean:         76.3000	test_return_median:       76.6000	test_return_std:           5.6753

[INFO 17:11:18] my_main Recent Stats | t_env:    1900000 | Episode:    19000
entropy_loss:              0.0013	ep_length_mean:          100.0000	episode_limit_mean:        1.0000	epsilon:                   0.0500
grad_norm:                20.6449	healthy_machine_fraction_mean:  0.5100	loss:                      0.4585	mi_loss:                   0.0030
q_taken_mean:              2.9036	return_mean:              69.3700	return_median:            69.4000	return_std:                6.1782
target_mean:               2.9319	td_error_abs:              0.5089	test_ep_length_mean:     100.0000	test_episode_limit_mean:   1.0000
test_healthy_machine_fraction_mean:  0.5306	test_return_mean:         76.3000	test_return_median:       76.6000	test_return_std:           5.6753

[INFO 17:11:21] my_main Updated target network
[INFO 17:11:21] my_main t_env: 1900100 / 2050000
[INFO 17:11:21] my_main Estimated time left: 1 hours, 13 minutes, 3 seconds. Time passed: 15 hours, 7 minutes, 11 seconds
[INFO 17:12:41] my_main Recent Stats | t_env:    1902000 | Episode:    19020
entropy_loss:              0.0013	ep_length_mean:          100.0000	episode_limit_mean:        1.0000	epsilon:                   0.0500
grad_norm:                20.6449	healthy_machine_fraction_mean:  0.4888	loss:                      0.4585	mi_loss:                   0.0030
q_taken_mean:              2.9036	return_mean:              68.8880	return_median:            69.0000	return_std:                6.1025
target_mean:               2.9319	td_error_abs:              0.5089	test_ep_length_mean:     100.0000	test_episode_limit_mean:   1.0000
test_healthy_machine_fraction_mean:  0.5244	test_return_mean:         75.9313	test_return_median:       76.1000	test_return_std:           5.2798

[INFO 17:13:33] my_main Recent Stats | t_env:    1904000 | Episode:    19040
entropy_loss:              0.0013	ep_length_mean:          100.0000	episode_limit_mean:        1.0000	epsilon:                   0.0500
grad_norm:                19.3650	healthy_machine_fraction_mean:  0.4888	loss:                      0.4396	mi_loss:                   0.0030
q_taken_mean:              2.9109	return_mean:              68.8880	return_median:            69.0000	return_std:                6.1025
target_mean:               2.9377	td_error_abs:              0.4969	test_ep_length_mean:     100.0000	test_episode_limit_mean:   1.0000
test_healthy_machine_fraction_mean:  0.5244	test_return_mean:         75.9313	test_return_median:       76.1000	test_return_std:           5.2798

[INFO 17:14:25] my_main Recent Stats | t_env:    1906000 | Episode:    19060
entropy_loss:              0.0013	ep_length_mean:          100.0000	episode_limit_mean:        1.0000	epsilon:                   0.0500
grad_norm:                19.3650	healthy_machine_fraction_mean:  0.4888	loss:                      0.4396	mi_loss:                   0.0030
q_taken_mean:              2.9109	return_mean:              68.8880	return_median:            69.0000	return_std:                6.1025
target_mean:               2.9377	td_error_abs:              0.4969	test_ep_length_mean:     100.0000	test_episode_limit_mean:   1.0000
test_healthy_machine_fraction_mean:  0.5244	test_return_mean:         75.9313	test_return_median:       76.1000	test_return_std:           5.2798

[INFO 17:15:18] my_main Recent Stats | t_env:    1908000 | Episode:    19080
entropy_loss:              0.0013	ep_length_mean:          100.0000	episode_limit_mean:        1.0000	epsilon:                   0.0500
grad_norm:                19.3650	healthy_machine_fraction_mean:  0.4888	loss:                      0.4396	mi_loss:                   0.0030
q_taken_mean:              2.9109	return_mean:              68.8880	return_median:            69.0000	return_std:                6.1025
target_mean:               2.9377	td_error_abs:              0.4969	test_ep_length_mean:     100.0000	test_episode_limit_mean:   1.0000
test_healthy_machine_fraction_mean:  0.5244	test_return_mean:         75.9313	test_return_median:       76.1000	test_return_std:           5.2798

[INFO 17:16:10] my_main Recent Stats | t_env:    1910000 | Episode:    19100
entropy_loss:              0.0013	ep_length_mean:          100.0000	episode_limit_mean:        1.0000	epsilon:                   0.0500
grad_norm:                19.3650	healthy_machine_fraction_mean:  0.4888	loss:                      0.4396	mi_loss:                   0.0030
q_taken_mean:              2.9109	return_mean:              68.8880	return_median:            69.0000	return_std:                6.1025
target_mean:               2.9377	td_error_abs:              0.4969	test_ep_length_mean:     100.0000	test_episode_limit_mean:   1.0000
test_healthy_machine_fraction_mean:  0.5244	test_return_mean:         75.9313	test_return_median:       76.1000	test_return_std:           5.2798

[INFO 17:16:13] my_main t_env: 1910100 / 2050000
[INFO 17:16:13] my_main Estimated time left: 1 hours, 8 minutes, 8 seconds. Time passed: 15 hours, 12 minutes, 3 seconds
[INFO 17:17:32] my_main Recent Stats | t_env:    1912000 | Episode:    19120
entropy_loss:              0.0013	ep_length_mean:          100.0000	episode_limit_mean:        1.0000	epsilon:                   0.0500
grad_norm:                19.3650	healthy_machine_fraction_mean:  0.4858	loss:                      0.4396	mi_loss:                   0.0030
q_taken_mean:              2.9109	return_mean:              68.1920	return_median:            68.2000	return_std:                6.1411
target_mean:               2.9377	td_error_abs:              0.4969	test_ep_length_mean:     100.0000	test_episode_limit_mean:   1.0000
test_healthy_machine_fraction_mean:  0.4800	test_return_mean:         74.8063	test_return_median:       74.8000	test_return_std:           5.5607

[INFO 17:18:22] my_main Recent Stats | t_env:    1914000 | Episode:    19140
entropy_loss:              0.0013	ep_length_mean:          100.0000	episode_limit_mean:        1.0000	epsilon:                   0.0500
grad_norm:                20.5159	healthy_machine_fraction_mean:  0.4858	loss:                      0.4454	mi_loss:                   0.0030
q_taken_mean:              2.9142	return_mean:              68.1920	return_median:            68.2000	return_std:                6.1411
target_mean:               2.9427	td_error_abs:              0.5006	test_ep_length_mean:     100.0000	test_episode_limit_mean:   1.0000
test_healthy_machine_fraction_mean:  0.4800	test_return_mean:         74.8063	test_return_median:       74.8000	test_return_std:           5.5607

[INFO 17:19:13] my_main Recent Stats | t_env:    1916000 | Episode:    19160
entropy_loss:              0.0013	ep_length_mean:          100.0000	episode_limit_mean:        1.0000	epsilon:                   0.0500
grad_norm:                20.5159	healthy_machine_fraction_mean:  0.4858	loss:                      0.4454	mi_loss:                   0.0030
q_taken_mean:              2.9142	return_mean:              68.1920	return_median:            68.2000	return_std:                6.1411
target_mean:               2.9427	td_error_abs:              0.5006	test_ep_length_mean:     100.0000	test_episode_limit_mean:   1.0000
test_healthy_machine_fraction_mean:  0.4800	test_return_mean:         74.8063	test_return_median:       74.8000	test_return_std:           5.5607

[INFO 17:20:06] my_main Recent Stats | t_env:    1918000 | Episode:    19180
entropy_loss:              0.0013	ep_length_mean:          100.0000	episode_limit_mean:        1.0000	epsilon:                   0.0500
grad_norm:                20.5159	healthy_machine_fraction_mean:  0.4858	loss:                      0.4454	mi_loss:                   0.0030
q_taken_mean:              2.9142	return_mean:              68.1920	return_median:            68.2000	return_std:                6.1411
target_mean:               2.9427	td_error_abs:              0.5006	test_ep_length_mean:     100.0000	test_episode_limit_mean:   1.0000
test_healthy_machine_fraction_mean:  0.4800	test_return_mean:         74.8063	test_return_median:       74.8000	test_return_std:           5.5607

[INFO 17:20:57] my_main Recent Stats | t_env:    1920000 | Episode:    19200
entropy_loss:              0.0013	ep_length_mean:          100.0000	episode_limit_mean:        1.0000	epsilon:                   0.0500
grad_norm:                20.5159	healthy_machine_fraction_mean:  0.4858	loss:                      0.4454	mi_loss:                   0.0030
q_taken_mean:              2.9142	return_mean:              68.1920	return_median:            68.2000	return_std:                6.1411
target_mean:               2.9427	td_error_abs:              0.5006	test_ep_length_mean:     100.0000	test_episode_limit_mean:   1.0000
test_healthy_machine_fraction_mean:  0.4800	test_return_mean:         74.8063	test_return_median:       74.8000	test_return_std:           5.5607

[INFO 17:21:00] my_main Updated target network
[INFO 17:21:00] my_main t_env: 1920100 / 2050000
[INFO 17:21:00] my_main Estimated time left: 1 hours, 2 minutes, 6 seconds. Time passed: 15 hours, 16 minutes, 50 seconds
[INFO 17:22:21] my_main Recent Stats | t_env:    1922000 | Episode:    19220
entropy_loss:              0.0013	ep_length_mean:          100.0000	episode_limit_mean:        1.0000	epsilon:                   0.0500
grad_norm:                20.5159	healthy_machine_fraction_mean:  0.4774	loss:                      0.4454	mi_loss:                   0.0030
q_taken_mean:              2.9142	return_mean:              67.8220	return_median:            68.0000	return_std:                6.2346
target_mean:               2.9427	td_error_abs:              0.5006	test_ep_length_mean:     100.0000	test_episode_limit_mean:   1.0000
test_healthy_machine_fraction_mean:  0.4631	test_return_mean:         74.9938	test_return_median:       74.8000	test_return_std:           5.7444

[INFO 17:23:12] my_main Recent Stats | t_env:    1924000 | Episode:    19240
entropy_loss:              0.0013	ep_length_mean:          100.0000	episode_limit_mean:        1.0000	epsilon:                   0.0500
grad_norm:                19.4583	healthy_machine_fraction_mean:  0.4774	loss:                      0.4246	mi_loss:                   0.0030
q_taken_mean:              2.9244	return_mean:              67.8220	return_median:            68.0000	return_std:                6.2346
target_mean:               2.9516	td_error_abs:              0.4929	test_ep_length_mean:     100.0000	test_episode_limit_mean:   1.0000
test_healthy_machine_fraction_mean:  0.4631	test_return_mean:         74.9938	test_return_median:       74.8000	test_return_std:           5.7444

[INFO 17:24:04] my_main Recent Stats | t_env:    1926000 | Episode:    19260
entropy_loss:              0.0013	ep_length_mean:          100.0000	episode_limit_mean:        1.0000	epsilon:                   0.0500
grad_norm:                19.4583	healthy_machine_fraction_mean:  0.4774	loss:                      0.4246	mi_loss:                   0.0030
q_taken_mean:              2.9244	return_mean:              67.8220	return_median:            68.0000	return_std:                6.2346
target_mean:               2.9516	td_error_abs:              0.4929	test_ep_length_mean:     100.0000	test_episode_limit_mean:   1.0000
test_healthy_machine_fraction_mean:  0.4631	test_return_mean:         74.9938	test_return_median:       74.8000	test_return_std:           5.7444

[INFO 17:24:56] my_main Recent Stats | t_env:    1928000 | Episode:    19280
entropy_loss:              0.0013	ep_length_mean:          100.0000	episode_limit_mean:        1.0000	epsilon:                   0.0500
grad_norm:                19.4583	healthy_machine_fraction_mean:  0.4774	loss:                      0.4246	mi_loss:                   0.0030
q_taken_mean:              2.9244	return_mean:              67.8220	return_median:            68.0000	return_std:                6.2346
target_mean:               2.9516	td_error_abs:              0.4929	test_ep_length_mean:     100.0000	test_episode_limit_mean:   1.0000
test_healthy_machine_fraction_mean:  0.4631	test_return_mean:         74.9938	test_return_median:       74.8000	test_return_std:           5.7444

[INFO 17:25:48] my_main Recent Stats | t_env:    1930000 | Episode:    19300
entropy_loss:              0.0013	ep_length_mean:          100.0000	episode_limit_mean:        1.0000	epsilon:                   0.0500
grad_norm:                19.4583	healthy_machine_fraction_mean:  0.4774	loss:                      0.4246	mi_loss:                   0.0030
q_taken_mean:              2.9244	return_mean:              67.8220	return_median:            68.0000	return_std:                6.2346
target_mean:               2.9516	td_error_abs:              0.4929	test_ep_length_mean:     100.0000	test_episode_limit_mean:   1.0000
test_healthy_machine_fraction_mean:  0.4631	test_return_mean:         74.9938	test_return_median:       74.8000	test_return_std:           5.7444

[INFO 17:25:50] my_main t_env: 1930100 / 2050000
[INFO 17:25:50] my_main Estimated time left: 58 minutes, 4 seconds. Time passed: 15 hours, 21 minutes, 41 seconds
[INFO 17:27:12] my_main Recent Stats | t_env:    1932000 | Episode:    19320
entropy_loss:              0.0013	ep_length_mean:          100.0000	episode_limit_mean:        1.0000	epsilon:                   0.0500
grad_norm:                19.4583	healthy_machine_fraction_mean:  0.4756	loss:                      0.4246	mi_loss:                   0.0030
q_taken_mean:              2.9244	return_mean:              67.8680	return_median:            68.1000	return_std:                6.2764
target_mean:               2.9516	td_error_abs:              0.4929	test_ep_length_mean:     100.0000	test_episode_limit_mean:   1.0000
test_healthy_machine_fraction_mean:  0.4631	test_return_mean:         74.9875	test_return_median:       74.6000	test_return_std:           6.3239

[INFO 17:28:03] my_main Recent Stats | t_env:    1934000 | Episode:    19340
entropy_loss:              0.0013	ep_length_mean:          100.0000	episode_limit_mean:        1.0000	epsilon:                   0.0500
grad_norm:                21.6292	healthy_machine_fraction_mean:  0.4756	loss:                      0.4364	mi_loss:                   0.0030
q_taken_mean:              2.9254	return_mean:              67.8680	return_median:            68.1000	return_std:                6.2764
target_mean:               2.9555	td_error_abs:              0.5028	test_ep_length_mean:     100.0000	test_episode_limit_mean:   1.0000
test_healthy_machine_fraction_mean:  0.4631	test_return_mean:         74.9875	test_return_median:       74.6000	test_return_std:           6.3239

[INFO 17:28:55] my_main Recent Stats | t_env:    1936000 | Episode:    19360
entropy_loss:              0.0013	ep_length_mean:          100.0000	episode_limit_mean:        1.0000	epsilon:                   0.0500
grad_norm:                21.6292	healthy_machine_fraction_mean:  0.4756	loss:                      0.4364	mi_loss:                   0.0030
q_taken_mean:              2.9254	return_mean:              67.8680	return_median:            68.1000	return_std:                6.2764
target_mean:               2.9555	td_error_abs:              0.5028	test_ep_length_mean:     100.0000	test_episode_limit_mean:   1.0000
test_healthy_machine_fraction_mean:  0.4631	test_return_mean:         74.9875	test_return_median:       74.6000	test_return_std:           6.3239

[INFO 17:29:48] my_main Recent Stats | t_env:    1938000 | Episode:    19380
entropy_loss:              0.0013	ep_length_mean:          100.0000	episode_limit_mean:        1.0000	epsilon:                   0.0500
grad_norm:                21.6292	healthy_machine_fraction_mean:  0.4756	loss:                      0.4364	mi_loss:                   0.0030
q_taken_mean:              2.9254	return_mean:              67.8680	return_median:            68.1000	return_std:                6.2764
target_mean:               2.9555	td_error_abs:              0.5028	test_ep_length_mean:     100.0000	test_episode_limit_mean:   1.0000
test_healthy_machine_fraction_mean:  0.4631	test_return_mean:         74.9875	test_return_median:       74.6000	test_return_std:           6.3239

[INFO 17:30:41] my_main Recent Stats | t_env:    1940000 | Episode:    19400
entropy_loss:              0.0013	ep_length_mean:          100.0000	episode_limit_mean:        1.0000	epsilon:                   0.0500
grad_norm:                21.6292	healthy_machine_fraction_mean:  0.4756	loss:                      0.4364	mi_loss:                   0.0030
q_taken_mean:              2.9254	return_mean:              67.8680	return_median:            68.1000	return_std:                6.2764
target_mean:               2.9555	td_error_abs:              0.5028	test_ep_length_mean:     100.0000	test_episode_limit_mean:   1.0000
test_healthy_machine_fraction_mean:  0.4631	test_return_mean:         74.9875	test_return_median:       74.6000	test_return_std:           6.3239

[INFO 17:30:43] my_main Updated target network
[INFO 17:30:43] my_main t_env: 1940100 / 2050000
[INFO 17:30:43] my_main Estimated time left: 53 minutes, 37 seconds. Time passed: 15 hours, 26 minutes, 33 seconds
[INFO 17:32:04] my_main Recent Stats | t_env:    1942000 | Episode:    19420
entropy_loss:              0.0013	ep_length_mean:          100.0000	episode_limit_mean:        1.0000	epsilon:                   0.0500
grad_norm:                21.6292	healthy_machine_fraction_mean:  0.4876	loss:                      0.4364	mi_loss:                   0.0030
q_taken_mean:              2.9254	return_mean:              67.8320	return_median:            68.3000	return_std:                6.2728
target_mean:               2.9555	td_error_abs:              0.5028	test_ep_length_mean:     100.0000	test_episode_limit_mean:   1.0000
test_healthy_machine_fraction_mean:  0.4563	test_return_mean:         75.1688	test_return_median:       74.8000	test_return_std:           6.4668

[INFO 17:32:56] my_main Recent Stats | t_env:    1944000 | Episode:    19440
entropy_loss:              0.0013	ep_length_mean:          100.0000	episode_limit_mean:        1.0000	epsilon:                   0.0500
grad_norm:                20.7525	healthy_machine_fraction_mean:  0.4876	loss:                      0.4345	mi_loss:                   0.0030
q_taken_mean:              2.9349	return_mean:              67.8320	return_median:            68.3000	return_std:                6.2728
target_mean:               2.9637	td_error_abs:              0.5017	test_ep_length_mean:     100.0000	test_episode_limit_mean:   1.0000
test_healthy_machine_fraction_mean:  0.4563	test_return_mean:         75.1688	test_return_median:       74.8000	test_return_std:           6.4668

[INFO 17:33:48] my_main Recent Stats | t_env:    1946000 | Episode:    19460
entropy_loss:              0.0013	ep_length_mean:          100.0000	episode_limit_mean:        1.0000	epsilon:                   0.0500
grad_norm:                20.7525	healthy_machine_fraction_mean:  0.4876	loss:                      0.4345	mi_loss:                   0.0030
q_taken_mean:              2.9349	return_mean:              67.8320	return_median:            68.3000	return_std:                6.2728
target_mean:               2.9637	td_error_abs:              0.5017	test_ep_length_mean:     100.0000	test_episode_limit_mean:   1.0000
test_healthy_machine_fraction_mean:  0.4563	test_return_mean:         75.1688	test_return_median:       74.8000	test_return_std:           6.4668

[INFO 17:34:40] my_main Recent Stats | t_env:    1948000 | Episode:    19480
entropy_loss:              0.0013	ep_length_mean:          100.0000	episode_limit_mean:        1.0000	epsilon:                   0.0500
grad_norm:                20.7525	healthy_machine_fraction_mean:  0.4876	loss:                      0.4345	mi_loss:                   0.0030
q_taken_mean:              2.9349	return_mean:              67.8320	return_median:            68.3000	return_std:                6.2728
target_mean:               2.9637	td_error_abs:              0.5017	test_ep_length_mean:     100.0000	test_episode_limit_mean:   1.0000
test_healthy_machine_fraction_mean:  0.4563	test_return_mean:         75.1688	test_return_median:       74.8000	test_return_std:           6.4668

[INFO 17:35:33] my_main Recent Stats | t_env:    1950000 | Episode:    19500
entropy_loss:              0.0013	ep_length_mean:          100.0000	episode_limit_mean:        1.0000	epsilon:                   0.0500
grad_norm:                20.7525	healthy_machine_fraction_mean:  0.4876	loss:                      0.4345	mi_loss:                   0.0030
q_taken_mean:              2.9349	return_mean:              67.8320	return_median:            68.3000	return_std:                6.2728
target_mean:               2.9637	td_error_abs:              0.5017	test_ep_length_mean:     100.0000	test_episode_limit_mean:   1.0000
test_healthy_machine_fraction_mean:  0.4563	test_return_mean:         75.1688	test_return_median:       74.8000	test_return_std:           6.4668

[INFO 17:35:36] my_main t_env: 1950100 / 2050000
[INFO 17:35:36] my_main Estimated time left: 48 minutes, 43 seconds. Time passed: 15 hours, 31 minutes, 26 seconds
[INFO 17:36:57] my_main Recent Stats | t_env:    1952000 | Episode:    19520
entropy_loss:              0.0013	ep_length_mean:          100.0000	episode_limit_mean:        1.0000	epsilon:                   0.0500
grad_norm:                20.7525	healthy_machine_fraction_mean:  0.4920	loss:                      0.4345	mi_loss:                   0.0030
q_taken_mean:              2.9349	return_mean:              67.9400	return_median:            68.3000	return_std:                6.3809
target_mean:               2.9637	td_error_abs:              0.5017	test_ep_length_mean:     100.0000	test_episode_limit_mean:   1.0000
test_healthy_machine_fraction_mean:  0.4531	test_return_mean:         75.3500	test_return_median:       75.1000	test_return_std:           6.3654

[INFO 17:37:47] my_main Recent Stats | t_env:    1954000 | Episode:    19540
entropy_loss:              0.0013	ep_length_mean:          100.0000	episode_limit_mean:        1.0000	epsilon:                   0.0500
grad_norm:                21.6305	healthy_machine_fraction_mean:  0.4920	loss:                      0.4491	mi_loss:                   0.0030
q_taken_mean:              2.9422	return_mean:              67.9400	return_median:            68.3000	return_std:                6.3809
target_mean:               2.9720	td_error_abs:              0.5100	test_ep_length_mean:     100.0000	test_episode_limit_mean:   1.0000
test_healthy_machine_fraction_mean:  0.4531	test_return_mean:         75.3500	test_return_median:       75.1000	test_return_std:           6.3654

[INFO 17:38:39] my_main Recent Stats | t_env:    1956000 | Episode:    19560
entropy_loss:              0.0013	ep_length_mean:          100.0000	episode_limit_mean:        1.0000	epsilon:                   0.0500
grad_norm:                21.6305	healthy_machine_fraction_mean:  0.4920	loss:                      0.4491	mi_loss:                   0.0030
q_taken_mean:              2.9422	return_mean:              67.9400	return_median:            68.3000	return_std:                6.3809
target_mean:               2.9720	td_error_abs:              0.5100	test_ep_length_mean:     100.0000	test_episode_limit_mean:   1.0000
test_healthy_machine_fraction_mean:  0.4531	test_return_mean:         75.3500	test_return_median:       75.1000	test_return_std:           6.3654

[INFO 17:39:32] my_main Recent Stats | t_env:    1958000 | Episode:    19580
entropy_loss:              0.0013	ep_length_mean:          100.0000	episode_limit_mean:        1.0000	epsilon:                   0.0500
grad_norm:                21.6305	healthy_machine_fraction_mean:  0.4920	loss:                      0.4491	mi_loss:                   0.0030
q_taken_mean:              2.9422	return_mean:              67.9400	return_median:            68.3000	return_std:                6.3809
target_mean:               2.9720	td_error_abs:              0.5100	test_ep_length_mean:     100.0000	test_episode_limit_mean:   1.0000
test_healthy_machine_fraction_mean:  0.4531	test_return_mean:         75.3500	test_return_median:       75.1000	test_return_std:           6.3654

[INFO 17:40:24] my_main Recent Stats | t_env:    1960000 | Episode:    19600
entropy_loss:              0.0013	ep_length_mean:          100.0000	episode_limit_mean:        1.0000	epsilon:                   0.0500
grad_norm:                21.6305	healthy_machine_fraction_mean:  0.4920	loss:                      0.4491	mi_loss:                   0.0030
q_taken_mean:              2.9422	return_mean:              67.9400	return_median:            68.3000	return_std:                6.3809
target_mean:               2.9720	td_error_abs:              0.5100	test_ep_length_mean:     100.0000	test_episode_limit_mean:   1.0000
test_healthy_machine_fraction_mean:  0.4531	test_return_mean:         75.3500	test_return_median:       75.1000	test_return_std:           6.3654

[INFO 17:40:26] my_main Updated target network
[INFO 17:40:26] my_main t_env: 1960100 / 2050000
[INFO 17:40:26] my_main Estimated time left: 43 minutes, 33 seconds. Time passed: 15 hours, 36 minutes, 17 seconds
[INFO 17:41:47] my_main Recent Stats | t_env:    1962000 | Episode:    19620
entropy_loss:              0.0013	ep_length_mean:          100.0000	episode_limit_mean:        1.0000	epsilon:                   0.0500
grad_norm:                21.6305	healthy_machine_fraction_mean:  0.4788	loss:                      0.4491	mi_loss:                   0.0030
q_taken_mean:              2.9422	return_mean:              68.1540	return_median:            68.3000	return_std:                6.2896
target_mean:               2.9720	td_error_abs:              0.5100	test_ep_length_mean:     100.0000	test_episode_limit_mean:   1.0000
test_healthy_machine_fraction_mean:  0.4481	test_return_mean:         75.7938	test_return_median:       75.7000	test_return_std:           6.0606

[INFO 17:42:39] my_main Recent Stats | t_env:    1964000 | Episode:    19640
entropy_loss:              0.0013	ep_length_mean:          100.0000	episode_limit_mean:        1.0000	epsilon:                   0.0500
grad_norm:                20.7689	healthy_machine_fraction_mean:  0.4788	loss:                      0.4327	mi_loss:                   0.0030
q_taken_mean:              2.9514	return_mean:              68.1540	return_median:            68.3000	return_std:                6.2896
target_mean:               2.9797	td_error_abs:              0.5001	test_ep_length_mean:     100.0000	test_episode_limit_mean:   1.0000
test_healthy_machine_fraction_mean:  0.4481	test_return_mean:         75.7938	test_return_median:       75.7000	test_return_std:           6.0606

[INFO 17:43:32] my_main Recent Stats | t_env:    1966000 | Episode:    19660
entropy_loss:              0.0013	ep_length_mean:          100.0000	episode_limit_mean:        1.0000	epsilon:                   0.0500
grad_norm:                20.7689	healthy_machine_fraction_mean:  0.4788	loss:                      0.4327	mi_loss:                   0.0030
q_taken_mean:              2.9514	return_mean:              68.1540	return_median:            68.3000	return_std:                6.2896
target_mean:               2.9797	td_error_abs:              0.5001	test_ep_length_mean:     100.0000	test_episode_limit_mean:   1.0000
test_healthy_machine_fraction_mean:  0.4481	test_return_mean:         75.7938	test_return_median:       75.7000	test_return_std:           6.0606

[INFO 17:44:24] my_main Recent Stats | t_env:    1968000 | Episode:    19680
entropy_loss:              0.0013	ep_length_mean:          100.0000	episode_limit_mean:        1.0000	epsilon:                   0.0500
grad_norm:                20.7689	healthy_machine_fraction_mean:  0.4788	loss:                      0.4327	mi_loss:                   0.0030
q_taken_mean:              2.9514	return_mean:              68.1540	return_median:            68.3000	return_std:                6.2896
target_mean:               2.9797	td_error_abs:              0.5001	test_ep_length_mean:     100.0000	test_episode_limit_mean:   1.0000
test_healthy_machine_fraction_mean:  0.4481	test_return_mean:         75.7938	test_return_median:       75.7000	test_return_std:           6.0606

[INFO 17:45:16] my_main Recent Stats | t_env:    1970000 | Episode:    19700
entropy_loss:              0.0013	ep_length_mean:          100.0000	episode_limit_mean:        1.0000	epsilon:                   0.0500
grad_norm:                20.7689	healthy_machine_fraction_mean:  0.4788	loss:                      0.4327	mi_loss:                   0.0030
q_taken_mean:              2.9514	return_mean:              68.1540	return_median:            68.3000	return_std:                6.2896
target_mean:               2.9797	td_error_abs:              0.5001	test_ep_length_mean:     100.0000	test_episode_limit_mean:   1.0000
test_healthy_machine_fraction_mean:  0.4481	test_return_mean:         75.7938	test_return_median:       75.7000	test_return_std:           6.0606

[INFO 17:45:19] my_main t_env: 1970100 / 2050000
[INFO 17:45:19] my_main Estimated time left: 38 minutes, 54 seconds. Time passed: 15 hours, 41 minutes, 9 seconds
[INFO 17:46:39] my_main Recent Stats | t_env:    1972000 | Episode:    19720
entropy_loss:              0.0013	ep_length_mean:          100.0000	episode_limit_mean:        1.0000	epsilon:                   0.0500
grad_norm:                20.7689	healthy_machine_fraction_mean:  0.4670	loss:                      0.4327	mi_loss:                   0.0030
q_taken_mean:              2.9514	return_mean:              67.9380	return_median:            67.7000	return_std:                6.3683
target_mean:               2.9797	td_error_abs:              0.5001	test_ep_length_mean:     100.0000	test_episode_limit_mean:   1.0000
test_healthy_machine_fraction_mean:  0.4456	test_return_mean:         75.6437	test_return_median:       76.1000	test_return_std:           6.0418

[INFO 17:47:31] my_main Recent Stats | t_env:    1974000 | Episode:    19740
entropy_loss:              0.0013	ep_length_mean:          100.0000	episode_limit_mean:        1.0000	epsilon:                   0.0500
grad_norm:                21.8514	healthy_machine_fraction_mean:  0.4670	loss:                      0.4367	mi_loss:                   0.0030
q_taken_mean:              2.9543	return_mean:              67.9380	return_median:            67.7000	return_std:                6.3683
target_mean:               2.9844	td_error_abs:              0.5038	test_ep_length_mean:     100.0000	test_episode_limit_mean:   1.0000
test_healthy_machine_fraction_mean:  0.4456	test_return_mean:         75.6437	test_return_median:       76.1000	test_return_std:           6.0418

[INFO 17:48:23] my_main Recent Stats | t_env:    1976000 | Episode:    19760
entropy_loss:              0.0013	ep_length_mean:          100.0000	episode_limit_mean:        1.0000	epsilon:                   0.0500
grad_norm:                21.8514	healthy_machine_fraction_mean:  0.4670	loss:                      0.4367	mi_loss:                   0.0030
q_taken_mean:              2.9543	return_mean:              67.9380	return_median:            67.7000	return_std:                6.3683
target_mean:               2.9844	td_error_abs:              0.5038	test_ep_length_mean:     100.0000	test_episode_limit_mean:   1.0000
test_healthy_machine_fraction_mean:  0.4456	test_return_mean:         75.6437	test_return_median:       76.1000	test_return_std:           6.0418

[INFO 17:49:15] my_main Recent Stats | t_env:    1978000 | Episode:    19780
entropy_loss:              0.0013	ep_length_mean:          100.0000	episode_limit_mean:        1.0000	epsilon:                   0.0500
grad_norm:                21.8514	healthy_machine_fraction_mean:  0.4670	loss:                      0.4367	mi_loss:                   0.0030
q_taken_mean:              2.9543	return_mean:              67.9380	return_median:            67.7000	return_std:                6.3683
target_mean:               2.9844	td_error_abs:              0.5038	test_ep_length_mean:     100.0000	test_episode_limit_mean:   1.0000
test_healthy_machine_fraction_mean:  0.4456	test_return_mean:         75.6437	test_return_median:       76.1000	test_return_std:           6.0418

[INFO 17:50:07] my_main Recent Stats | t_env:    1980000 | Episode:    19800
entropy_loss:              0.0013	ep_length_mean:          100.0000	episode_limit_mean:        1.0000	epsilon:                   0.0500
grad_norm:                21.8514	healthy_machine_fraction_mean:  0.4670	loss:                      0.4367	mi_loss:                   0.0030
q_taken_mean:              2.9543	return_mean:              67.9380	return_median:            67.7000	return_std:                6.3683
target_mean:               2.9844	td_error_abs:              0.5038	test_ep_length_mean:     100.0000	test_episode_limit_mean:   1.0000
test_healthy_machine_fraction_mean:  0.4456	test_return_mean:         75.6437	test_return_median:       76.1000	test_return_std:           6.0418

[INFO 17:50:10] my_main Updated target network
[INFO 17:50:10] my_main t_env: 1980100 / 2050000
[INFO 17:50:10] my_main Estimated time left: 33 minutes, 54 seconds. Time passed: 15 hours, 46 minutes, 0 seconds
[INFO 17:51:31] my_main Recent Stats | t_env:    1982000 | Episode:    19820
entropy_loss:              0.0013	ep_length_mean:          100.0000	episode_limit_mean:        1.0000	epsilon:                   0.0500
grad_norm:                21.8514	healthy_machine_fraction_mean:  0.4536	loss:                      0.4367	mi_loss:                   0.0030
q_taken_mean:              2.9543	return_mean:              67.6420	return_median:            67.2000	return_std:                6.3854
target_mean:               2.9844	td_error_abs:              0.5038	test_ep_length_mean:     100.0000	test_episode_limit_mean:   1.0000
test_healthy_machine_fraction_mean:  0.4281	test_return_mean:         75.3812	test_return_median:       75.7000	test_return_std:           6.0150

[INFO 17:52:23] my_main Recent Stats | t_env:    1984000 | Episode:    19840
entropy_loss:              0.0013	ep_length_mean:          100.0000	episode_limit_mean:        1.0000	epsilon:                   0.0500
grad_norm:                19.6098	healthy_machine_fraction_mean:  0.4536	loss:                      0.4137	mi_loss:                   0.0030
q_taken_mean:              2.9703	return_mean:              67.6420	return_median:            67.2000	return_std:                6.3854
target_mean:               2.9973	td_error_abs:              0.4882	test_ep_length_mean:     100.0000	test_episode_limit_mean:   1.0000
test_healthy_machine_fraction_mean:  0.4281	test_return_mean:         75.3812	test_return_median:       75.7000	test_return_std:           6.0150

[INFO 17:53:16] my_main Recent Stats | t_env:    1986000 | Episode:    19860
entropy_loss:              0.0013	ep_length_mean:          100.0000	episode_limit_mean:        1.0000	epsilon:                   0.0500
grad_norm:                19.6098	healthy_machine_fraction_mean:  0.4536	loss:                      0.4137	mi_loss:                   0.0030
q_taken_mean:              2.9703	return_mean:              67.6420	return_median:            67.2000	return_std:                6.3854
target_mean:               2.9973	td_error_abs:              0.4882	test_ep_length_mean:     100.0000	test_episode_limit_mean:   1.0000
test_healthy_machine_fraction_mean:  0.4281	test_return_mean:         75.3812	test_return_median:       75.7000	test_return_std:           6.0150

[INFO 17:54:06] my_main Recent Stats | t_env:    1988000 | Episode:    19880
entropy_loss:              0.0013	ep_length_mean:          100.0000	episode_limit_mean:        1.0000	epsilon:                   0.0500
grad_norm:                19.6098	healthy_machine_fraction_mean:  0.4536	loss:                      0.4137	mi_loss:                   0.0030
q_taken_mean:              2.9703	return_mean:              67.6420	return_median:            67.2000	return_std:                6.3854
target_mean:               2.9973	td_error_abs:              0.4882	test_ep_length_mean:     100.0000	test_episode_limit_mean:   1.0000
test_healthy_machine_fraction_mean:  0.4281	test_return_mean:         75.3812	test_return_median:       75.7000	test_return_std:           6.0150

[INFO 17:54:55] my_main Recent Stats | t_env:    1990000 | Episode:    19900
entropy_loss:              0.0013	ep_length_mean:          100.0000	episode_limit_mean:        1.0000	epsilon:                   0.0500
grad_norm:                19.6098	healthy_machine_fraction_mean:  0.4536	loss:                      0.4137	mi_loss:                   0.0030
q_taken_mean:              2.9703	return_mean:              67.6420	return_median:            67.2000	return_std:                6.3854
target_mean:               2.9973	td_error_abs:              0.4882	test_ep_length_mean:     100.0000	test_episode_limit_mean:   1.0000
test_healthy_machine_fraction_mean:  0.4281	test_return_mean:         75.3812	test_return_median:       75.7000	test_return_std:           6.0150

[INFO 17:54:58] my_main t_env: 1990100 / 2050000
[INFO 17:54:58] my_main Estimated time left: 28 minutes, 46 seconds. Time passed: 15 hours, 50 minutes, 48 seconds
[INFO 17:56:19] my_main Recent Stats | t_env:    1992000 | Episode:    19920
entropy_loss:              0.0013	ep_length_mean:          100.0000	episode_limit_mean:        1.0000	epsilon:                   0.0500
grad_norm:                19.6098	healthy_machine_fraction_mean:  0.4220	loss:                      0.4137	mi_loss:                   0.0030
q_taken_mean:              2.9703	return_mean:              67.5320	return_median:            67.2000	return_std:                6.3347
target_mean:               2.9973	td_error_abs:              0.4882	test_ep_length_mean:     100.0000	test_episode_limit_mean:   1.0000
test_healthy_machine_fraction_mean:  0.4213	test_return_mean:         75.2125	test_return_median:       76.0000	test_return_std:           6.1489

[INFO 17:57:10] my_main Recent Stats | t_env:    1994000 | Episode:    19940
entropy_loss:              0.0013	ep_length_mean:          100.0000	episode_limit_mean:        1.0000	epsilon:                   0.0500
grad_norm:                20.1701	healthy_machine_fraction_mean:  0.4220	loss:                      0.4113	mi_loss:                   0.0030
q_taken_mean:              2.9738	return_mean:              67.5320	return_median:            67.2000	return_std:                6.3347
target_mean:               3.0014	td_error_abs:              0.4871	test_ep_length_mean:     100.0000	test_episode_limit_mean:   1.0000
test_healthy_machine_fraction_mean:  0.4213	test_return_mean:         75.2125	test_return_median:       76.0000	test_return_std:           6.1489

[INFO 17:58:01] my_main Recent Stats | t_env:    1996000 | Episode:    19960
entropy_loss:              0.0013	ep_length_mean:          100.0000	episode_limit_mean:        1.0000	epsilon:                   0.0500
grad_norm:                20.1701	healthy_machine_fraction_mean:  0.4220	loss:                      0.4113	mi_loss:                   0.0030
q_taken_mean:              2.9738	return_mean:              67.5320	return_median:            67.2000	return_std:                6.3347
target_mean:               3.0014	td_error_abs:              0.4871	test_ep_length_mean:     100.0000	test_episode_limit_mean:   1.0000
test_healthy_machine_fraction_mean:  0.4213	test_return_mean:         75.2125	test_return_median:       76.0000	test_return_std:           6.1489

[INFO 17:58:54] my_main Recent Stats | t_env:    1998000 | Episode:    19980
entropy_loss:              0.0013	ep_length_mean:          100.0000	episode_limit_mean:        1.0000	epsilon:                   0.0500
grad_norm:                20.1701	healthy_machine_fraction_mean:  0.4220	loss:                      0.4113	mi_loss:                   0.0030
q_taken_mean:              2.9738	return_mean:              67.5320	return_median:            67.2000	return_std:                6.3347
target_mean:               3.0014	td_error_abs:              0.4871	test_ep_length_mean:     100.0000	test_episode_limit_mean:   1.0000
test_healthy_machine_fraction_mean:  0.4213	test_return_mean:         75.2125	test_return_median:       76.0000	test_return_std:           6.1489

[INFO 17:59:46] my_main Recent Stats | t_env:    2000000 | Episode:    20000
entropy_loss:              0.0013	ep_length_mean:          100.0000	episode_limit_mean:        1.0000	epsilon:                   0.0500
grad_norm:                20.1701	healthy_machine_fraction_mean:  0.4220	loss:                      0.4113	mi_loss:                   0.0030
q_taken_mean:              2.9738	return_mean:              67.5320	return_median:            67.2000	return_std:                6.3347
target_mean:               3.0014	td_error_abs:              0.4871	test_ep_length_mean:     100.0000	test_episode_limit_mean:   1.0000
test_healthy_machine_fraction_mean:  0.4213	test_return_mean:         75.2125	test_return_median:       76.0000	test_return_std:           6.1489

[INFO 17:59:49] my_main Updated target network
[INFO 17:59:49] my_main t_env: 2000100 / 2050000
[INFO 17:59:49] my_main Estimated time left: 24 minutes, 12 seconds. Time passed: 15 hours, 55 minutes, 39 seconds
[INFO 18:01:10] my_main Recent Stats | t_env:    2002000 | Episode:    20020
entropy_loss:              0.0013	ep_length_mean:          100.0000	episode_limit_mean:        1.0000	epsilon:                   0.0500
grad_norm:                20.1701	healthy_machine_fraction_mean:  0.4138	loss:                      0.4113	mi_loss:                   0.0030
q_taken_mean:              2.9738	return_mean:              67.5240	return_median:            67.2000	return_std:                6.3509
target_mean:               3.0014	td_error_abs:              0.4871	test_ep_length_mean:     100.0000	test_episode_limit_mean:   1.0000
test_healthy_machine_fraction_mean:  0.3994	test_return_mean:         74.8063	test_return_median:       75.5000	test_return_std:           6.5323

[INFO 18:02:01] my_main Recent Stats | t_env:    2004000 | Episode:    20040
entropy_loss:              0.0013	ep_length_mean:          100.0000	episode_limit_mean:        1.0000	epsilon:                   0.0500
grad_norm:                20.2942	healthy_machine_fraction_mean:  0.4138	loss:                      0.4068	mi_loss:                   0.0030
q_taken_mean:              2.9801	return_mean:              67.5240	return_median:            67.2000	return_std:                6.3509
target_mean:               3.0078	td_error_abs:              0.4865	test_ep_length_mean:     100.0000	test_episode_limit_mean:   1.0000
test_healthy_machine_fraction_mean:  0.3994	test_return_mean:         74.8063	test_return_median:       75.5000	test_return_std:           6.5323

[INFO 18:02:53] my_main Recent Stats | t_env:    2006000 | Episode:    20060
entropy_loss:              0.0013	ep_length_mean:          100.0000	episode_limit_mean:        1.0000	epsilon:                   0.0500
grad_norm:                20.2942	healthy_machine_fraction_mean:  0.4138	loss:                      0.4068	mi_loss:                   0.0030
q_taken_mean:              2.9801	return_mean:              67.5240	return_median:            67.2000	return_std:                6.3509
target_mean:               3.0078	td_error_abs:              0.4865	test_ep_length_mean:     100.0000	test_episode_limit_mean:   1.0000
test_healthy_machine_fraction_mean:  0.3994	test_return_mean:         74.8063	test_return_median:       75.5000	test_return_std:           6.5323

[INFO 18:03:45] my_main Recent Stats | t_env:    2008000 | Episode:    20080
entropy_loss:              0.0013	ep_length_mean:          100.0000	episode_limit_mean:        1.0000	epsilon:                   0.0500
grad_norm:                20.2942	healthy_machine_fraction_mean:  0.4138	loss:                      0.4068	mi_loss:                   0.0030
q_taken_mean:              2.9801	return_mean:              67.5240	return_median:            67.2000	return_std:                6.3509
target_mean:               3.0078	td_error_abs:              0.4865	test_ep_length_mean:     100.0000	test_episode_limit_mean:   1.0000
test_healthy_machine_fraction_mean:  0.3994	test_return_mean:         74.8063	test_return_median:       75.5000	test_return_std:           6.5323

[INFO 18:04:37] my_main Recent Stats | t_env:    2010000 | Episode:    20100
entropy_loss:              0.0013	ep_length_mean:          100.0000	episode_limit_mean:        1.0000	epsilon:                   0.0500
grad_norm:                20.2942	healthy_machine_fraction_mean:  0.4138	loss:                      0.4068	mi_loss:                   0.0030
q_taken_mean:              2.9801	return_mean:              67.5240	return_median:            67.2000	return_std:                6.3509
target_mean:               3.0078	td_error_abs:              0.4865	test_ep_length_mean:     100.0000	test_episode_limit_mean:   1.0000
test_healthy_machine_fraction_mean:  0.3994	test_return_mean:         74.8063	test_return_median:       75.5000	test_return_std:           6.5323

[INFO 18:04:40] my_main t_env: 2010100 / 2050000
[INFO 18:04:40] my_main Estimated time left: 19 minutes, 19 seconds. Time passed: 16 hours, 30 seconds
[INFO 18:06:01] my_main Recent Stats | t_env:    2012000 | Episode:    20120
entropy_loss:              0.0013	ep_length_mean:          100.0000	episode_limit_mean:        1.0000	epsilon:                   0.0500
grad_norm:                20.2942	healthy_machine_fraction_mean:  0.4122	loss:                      0.4068	mi_loss:                   0.0030
q_taken_mean:              2.9801	return_mean:              67.1880	return_median:            67.0000	return_std:                6.3389
target_mean:               3.0078	td_error_abs:              0.4865	test_ep_length_mean:     100.0000	test_episode_limit_mean:   1.0000
test_healthy_machine_fraction_mean:  0.3781	test_return_mean:         74.7438	test_return_median:       75.7000	test_return_std:           6.8108

[INFO 18:06:53] my_main Recent Stats | t_env:    2014000 | Episode:    20140
entropy_loss:              0.0013	ep_length_mean:          100.0000	episode_limit_mean:        1.0000	epsilon:                   0.0500
grad_norm:                21.5418	healthy_machine_fraction_mean:  0.4122	loss:                      0.4222	mi_loss:                   0.0030
q_taken_mean:              2.9869	return_mean:              67.1880	return_median:            67.0000	return_std:                6.3389
target_mean:               3.0164	td_error_abs:              0.4955	test_ep_length_mean:     100.0000	test_episode_limit_mean:   1.0000
test_healthy_machine_fraction_mean:  0.3781	test_return_mean:         74.7438	test_return_median:       75.7000	test_return_std:           6.8108

[INFO 18:07:46] my_main Recent Stats | t_env:    2016000 | Episode:    20160
entropy_loss:              0.0013	ep_length_mean:          100.0000	episode_limit_mean:        1.0000	epsilon:                   0.0500
grad_norm:                21.5418	healthy_machine_fraction_mean:  0.4122	loss:                      0.4222	mi_loss:                   0.0030
q_taken_mean:              2.9869	return_mean:              67.1880	return_median:            67.0000	return_std:                6.3389
target_mean:               3.0164	td_error_abs:              0.4955	test_ep_length_mean:     100.0000	test_episode_limit_mean:   1.0000
test_healthy_machine_fraction_mean:  0.3781	test_return_mean:         74.7438	test_return_median:       75.7000	test_return_std:           6.8108

[INFO 18:08:38] my_main Recent Stats | t_env:    2018000 | Episode:    20180
entropy_loss:              0.0013	ep_length_mean:          100.0000	episode_limit_mean:        1.0000	epsilon:                   0.0500
grad_norm:                21.5418	healthy_machine_fraction_mean:  0.4122	loss:                      0.4222	mi_loss:                   0.0030
q_taken_mean:              2.9869	return_mean:              67.1880	return_median:            67.0000	return_std:                6.3389
target_mean:               3.0164	td_error_abs:              0.4955	test_ep_length_mean:     100.0000	test_episode_limit_mean:   1.0000
test_healthy_machine_fraction_mean:  0.3781	test_return_mean:         74.7438	test_return_median:       75.7000	test_return_std:           6.8108

[INFO 18:09:30] my_main Recent Stats | t_env:    2020000 | Episode:    20200
entropy_loss:              0.0013	ep_length_mean:          100.0000	episode_limit_mean:        1.0000	epsilon:                   0.0500
grad_norm:                21.5418	healthy_machine_fraction_mean:  0.4122	loss:                      0.4222	mi_loss:                   0.0030
q_taken_mean:              2.9869	return_mean:              67.1880	return_median:            67.0000	return_std:                6.3389
target_mean:               3.0164	td_error_abs:              0.4955	test_ep_length_mean:     100.0000	test_episode_limit_mean:   1.0000
test_healthy_machine_fraction_mean:  0.3781	test_return_mean:         74.7438	test_return_median:       75.7000	test_return_std:           6.8108

[INFO 18:09:33] my_main Updated target network
[INFO 18:09:33] my_main t_env: 2020100 / 2050000
[INFO 18:09:33] my_main Estimated time left: 14 minutes, 37 seconds. Time passed: 16 hours, 5 minutes, 23 seconds
[INFO 18:10:55] my_main Recent Stats | t_env:    2022000 | Episode:    20220
entropy_loss:              0.0013	ep_length_mean:          100.0000	episode_limit_mean:        1.0000	epsilon:                   0.0500
grad_norm:                21.5418	healthy_machine_fraction_mean:  0.4014	loss:                      0.4222	mi_loss:                   0.0030
q_taken_mean:              2.9869	return_mean:              67.1840	return_median:            67.2000	return_std:                6.2171
target_mean:               3.0164	td_error_abs:              0.4955	test_ep_length_mean:     100.0000	test_episode_limit_mean:   1.0000
test_healthy_machine_fraction_mean:  0.3694	test_return_mean:         74.4813	test_return_median:       75.0000	test_return_std:           6.7576

[INFO 18:11:46] my_main Recent Stats | t_env:    2024000 | Episode:    20240
entropy_loss:              0.0013	ep_length_mean:          100.0000	episode_limit_mean:        1.0000	epsilon:                   0.0500
grad_norm:                19.0781	healthy_machine_fraction_mean:  0.4014	loss:                      0.4036	mi_loss:                   0.0029
q_taken_mean:              2.9995	return_mean:              67.1840	return_median:            67.2000	return_std:                6.2171
target_mean:               3.0252	td_error_abs:              0.4832	test_ep_length_mean:     100.0000	test_episode_limit_mean:   1.0000
test_healthy_machine_fraction_mean:  0.3694	test_return_mean:         74.4813	test_return_median:       75.0000	test_return_std:           6.7576

[INFO 18:12:39] my_main Recent Stats | t_env:    2026000 | Episode:    20260
entropy_loss:              0.0013	ep_length_mean:          100.0000	episode_limit_mean:        1.0000	epsilon:                   0.0500
grad_norm:                19.0781	healthy_machine_fraction_mean:  0.4014	loss:                      0.4036	mi_loss:                   0.0029
q_taken_mean:              2.9995	return_mean:              67.1840	return_median:            67.2000	return_std:                6.2171
target_mean:               3.0252	td_error_abs:              0.4832	test_ep_length_mean:     100.0000	test_episode_limit_mean:   1.0000
test_healthy_machine_fraction_mean:  0.3694	test_return_mean:         74.4813	test_return_median:       75.0000	test_return_std:           6.7576

[INFO 18:13:31] my_main Recent Stats | t_env:    2028000 | Episode:    20280
entropy_loss:              0.0013	ep_length_mean:          100.0000	episode_limit_mean:        1.0000	epsilon:                   0.0500
grad_norm:                19.0781	healthy_machine_fraction_mean:  0.4014	loss:                      0.4036	mi_loss:                   0.0029
q_taken_mean:              2.9995	return_mean:              67.1840	return_median:            67.2000	return_std:                6.2171
target_mean:               3.0252	td_error_abs:              0.4832	test_ep_length_mean:     100.0000	test_episode_limit_mean:   1.0000
test_healthy_machine_fraction_mean:  0.3694	test_return_mean:         74.4813	test_return_median:       75.0000	test_return_std:           6.7576

[INFO 18:14:23] my_main Recent Stats | t_env:    2030000 | Episode:    20300
entropy_loss:              0.0013	ep_length_mean:          100.0000	episode_limit_mean:        1.0000	epsilon:                   0.0500
grad_norm:                19.0781	healthy_machine_fraction_mean:  0.4014	loss:                      0.4036	mi_loss:                   0.0029
q_taken_mean:              2.9995	return_mean:              67.1840	return_median:            67.2000	return_std:                6.2171
target_mean:               3.0252	td_error_abs:              0.4832	test_ep_length_mean:     100.0000	test_episode_limit_mean:   1.0000
test_healthy_machine_fraction_mean:  0.3694	test_return_mean:         74.4813	test_return_median:       75.0000	test_return_std:           6.7576

[INFO 18:14:26] my_main t_env: 2030100 / 2050000
[INFO 18:14:26] my_main Estimated time left: 9 minutes, 43 seconds. Time passed: 16 hours, 10 minutes, 16 seconds
[INFO 18:15:48] my_main Recent Stats | t_env:    2032000 | Episode:    20320
entropy_loss:              0.0013	ep_length_mean:          100.0000	episode_limit_mean:        1.0000	epsilon:                   0.0500
grad_norm:                19.0781	healthy_machine_fraction_mean:  0.4020	loss:                      0.4036	mi_loss:                   0.0029
q_taken_mean:              2.9995	return_mean:              67.5520	return_median:            67.6000	return_std:                6.3615
target_mean:               3.0252	td_error_abs:              0.4832	test_ep_length_mean:     100.0000	test_episode_limit_mean:   1.0000
test_healthy_machine_fraction_mean:  0.3844	test_return_mean:         74.4750	test_return_median:       75.2000	test_return_std:           6.6978

[INFO 18:16:40] my_main Recent Stats | t_env:    2034000 | Episode:    20340
entropy_loss:              0.0013	ep_length_mean:          100.0000	episode_limit_mean:        1.0000	epsilon:                   0.0500
grad_norm:                20.4256	healthy_machine_fraction_mean:  0.4020	loss:                      0.4156	mi_loss:                   0.0029
q_taken_mean:              3.0001	return_mean:              67.5520	return_median:            67.6000	return_std:                6.3615
target_mean:               3.0275	td_error_abs:              0.4916	test_ep_length_mean:     100.0000	test_episode_limit_mean:   1.0000
test_healthy_machine_fraction_mean:  0.3844	test_return_mean:         74.4750	test_return_median:       75.2000	test_return_std:           6.6978

[INFO 18:17:34] my_main Recent Stats | t_env:    2036000 | Episode:    20360
entropy_loss:              0.0013	ep_length_mean:          100.0000	episode_limit_mean:        1.0000	epsilon:                   0.0500
grad_norm:                20.4256	healthy_machine_fraction_mean:  0.4020	loss:                      0.4156	mi_loss:                   0.0029
q_taken_mean:              3.0001	return_mean:              67.5520	return_median:            67.6000	return_std:                6.3615
target_mean:               3.0275	td_error_abs:              0.4916	test_ep_length_mean:     100.0000	test_episode_limit_mean:   1.0000
test_healthy_machine_fraction_mean:  0.3844	test_return_mean:         74.4750	test_return_median:       75.2000	test_return_std:           6.6978

[INFO 18:18:27] my_main Recent Stats | t_env:    2038000 | Episode:    20380
entropy_loss:              0.0013	ep_length_mean:          100.0000	episode_limit_mean:        1.0000	epsilon:                   0.0500
grad_norm:                20.4256	healthy_machine_fraction_mean:  0.4020	loss:                      0.4156	mi_loss:                   0.0029
q_taken_mean:              3.0001	return_mean:              67.5520	return_median:            67.6000	return_std:                6.3615
target_mean:               3.0275	td_error_abs:              0.4916	test_ep_length_mean:     100.0000	test_episode_limit_mean:   1.0000
test_healthy_machine_fraction_mean:  0.3844	test_return_mean:         74.4750	test_return_median:       75.2000	test_return_std:           6.6978

[INFO 18:19:19] my_main Recent Stats | t_env:    2040000 | Episode:    20400
entropy_loss:              0.0013	ep_length_mean:          100.0000	episode_limit_mean:        1.0000	epsilon:                   0.0500
grad_norm:                20.4256	healthy_machine_fraction_mean:  0.4020	loss:                      0.4156	mi_loss:                   0.0029
q_taken_mean:              3.0001	return_mean:              67.5520	return_median:            67.6000	return_std:                6.3615
target_mean:               3.0275	td_error_abs:              0.4916	test_ep_length_mean:     100.0000	test_episode_limit_mean:   1.0000
test_healthy_machine_fraction_mean:  0.3844	test_return_mean:         74.4750	test_return_median:       75.2000	test_return_std:           6.6978

[INFO 18:19:21] my_main Updated target network
[INFO 18:19:21] my_main t_env: 2040100 / 2050000
[INFO 18:19:21] my_main Estimated time left: 4 minutes, 52 seconds. Time passed: 16 hours, 15 minutes, 12 seconds
[INFO 18:20:45] my_main Recent Stats | t_env:    2042000 | Episode:    20420
entropy_loss:              0.0013	ep_length_mean:          100.0000	episode_limit_mean:        1.0000	epsilon:                   0.0500
grad_norm:                20.4256	healthy_machine_fraction_mean:  0.4266	loss:                      0.4156	mi_loss:                   0.0029
q_taken_mean:              3.0001	return_mean:              67.9020	return_median:            67.8000	return_std:                6.4297
target_mean:               3.0275	td_error_abs:              0.4916	test_ep_length_mean:     100.0000	test_episode_limit_mean:   1.0000
test_healthy_machine_fraction_mean:  0.4012	test_return_mean:         74.5000	test_return_median:       74.5000	test_return_std:           6.9145

[INFO 18:21:36] my_main Recent Stats | t_env:    2044000 | Episode:    20440
entropy_loss:              0.0013	ep_length_mean:          100.0000	episode_limit_mean:        1.0000	epsilon:                   0.0500
grad_norm:                21.4676	healthy_machine_fraction_mean:  0.4266	loss:                      0.4228	mi_loss:                   0.0029
q_taken_mean:              3.0101	return_mean:              67.9020	return_median:            67.8000	return_std:                6.4297
target_mean:               3.0390	td_error_abs:              0.4965	test_ep_length_mean:     100.0000	test_episode_limit_mean:   1.0000
test_healthy_machine_fraction_mean:  0.4012	test_return_mean:         74.5000	test_return_median:       74.5000	test_return_std:           6.9145

[INFO 18:22:28] my_main Recent Stats | t_env:    2046000 | Episode:    20460
entropy_loss:              0.0013	ep_length_mean:          100.0000	episode_limit_mean:        1.0000	epsilon:                   0.0500
grad_norm:                21.4676	healthy_machine_fraction_mean:  0.4266	loss:                      0.4228	mi_loss:                   0.0029
q_taken_mean:              3.0101	return_mean:              67.9020	return_median:            67.8000	return_std:                6.4297
target_mean:               3.0390	td_error_abs:              0.4965	test_ep_length_mean:     100.0000	test_episode_limit_mean:   1.0000
test_healthy_machine_fraction_mean:  0.4012	test_return_mean:         74.5000	test_return_median:       74.5000	test_return_std:           6.9145

[INFO 18:23:22] my_main Recent Stats | t_env:    2048000 | Episode:    20480
entropy_loss:              0.0013	ep_length_mean:          100.0000	episode_limit_mean:        1.0000	epsilon:                   0.0500
grad_norm:                21.4676	healthy_machine_fraction_mean:  0.4266	loss:                      0.4228	mi_loss:                   0.0029
q_taken_mean:              3.0101	return_mean:              67.9020	return_median:            67.8000	return_std:                6.4297
target_mean:               3.0390	td_error_abs:              0.4965	test_ep_length_mean:     100.0000	test_episode_limit_mean:   1.0000
test_healthy_machine_fraction_mean:  0.4012	test_return_mean:         74.5000	test_return_median:       74.5000	test_return_std:           6.9145

[INFO 18:24:14] my_main Recent Stats | t_env:    2050000 | Episode:    20500
entropy_loss:              0.0013	ep_length_mean:          100.0000	episode_limit_mean:        1.0000	epsilon:                   0.0500
grad_norm:                21.4676	healthy_machine_fraction_mean:  0.4266	loss:                      0.4228	mi_loss:                   0.0029
q_taken_mean:              3.0101	return_mean:              67.9020	return_median:            67.8000	return_std:                6.4297
target_mean:               3.0390	td_error_abs:              0.4965	test_ep_length_mean:     100.0000	test_episode_limit_mean:   1.0000
test_healthy_machine_fraction_mean:  0.4012	test_return_mean:         74.5000	test_return_median:       74.5000	test_return_std:           6.9145

[INFO 18:24:16] my_main t_env: 2050100 / 2050000
[INFO 18:24:16] my_main Estimated time left: -. Time passed: 16 hours, 20 minutes, 7 seconds
[INFO 18:24:48] my_main Finished Training
Export tensorboard scalars at /root/autodl-tmp/AAAI/LLM_Communication/Baseline-cognac/MAIC/results/tb_logs/cognac/MAIC_COGNAC/2026-07-19_02-04-08_MAIC_COGNAC_cognac_sysadmin_10_1238 to json file /root/autodl-tmp/AAAI/LLM_Communication/Baseline-cognac/MAIC/results/cognac/MAIC_COGNAC/2026-07-19_02-04-08_MAIC_COGNAC_cognac_sysadmin_10_1238.json
[DEBUG 18:24:49] tensorboard Opening a stub record reader pointing at /root/autodl-tmp/AAAI/LLM_Communication/Baseline-cognac/MAIC/results/tb_logs/cognac/MAIC_COGNAC/2026-07-19_02-04-08_MAIC_COGNAC_cognac_sysadmin_10_1238/events.out.tfevents.1784397848.autodl-container-e9e04d9e7a-ea39e67f
[DEBUG 18:24:49] tensorboard Loading events from /root/autodl-tmp/AAAI/LLM_Communication/Baseline-cognac/MAIC/results/tb_logs/cognac/MAIC_COGNAC/2026-07-19_02-04-08_MAIC_COGNAC_cognac_sysadmin_10_1238/events.out.tfevents.1784397848.autodl-container-e9e04d9e7a-ea39e67f
[DEBUG 18:24:49] tensorboard End of file in /root/autodl-tmp/AAAI/LLM_Communication/Baseline-cognac/MAIC/results/tb_logs/cognac/MAIC_COGNAC/2026-07-19_02-04-08_MAIC_COGNAC_cognac_sysadmin_10_1238/events.out.tfevents.1784397848.autodl-container-e9e04d9e7a-ea39e67f
[DEBUG 18:24:49] tensorboard No more events in /root/autodl-tmp/AAAI/LLM_Communication/Baseline-cognac/MAIC/results/tb_logs/cognac/MAIC_COGNAC/2026-07-19_02-04-08_MAIC_COGNAC_cognac_sysadmin_10_1238/events.out.tfevents.1784397848.autodl-container-e9e04d9e7a-ea39e67f
[INFO 18:24:49] tensorboard No path found after /root/autodl-tmp/AAAI/LLM_Communication/Baseline-cognac/MAIC/results/tb_logs/cognac/MAIC_COGNAC/2026-07-19_02-04-08_MAIC_COGNAC_cognac_sysadmin_10_1238/events.out.tfevents.1784397848.autodl-container-e9e04d9e7a-ea39e67f
Exiting Main
Stopping all threads
Thread Thread-1 is alive! Is daemon: False
Thread joined
Thread Thread-2 is alive! Is daemon: True
Thread joined
Thread QueueFeederThread is alive! Is daemon: True
Thread joined
Exiting script
