[DEBUG 02:04:07] git.cmd Popen(['git', 'version'], cwd=/root/autodl-tmp/AAAI/LLM_Communication/Baseline-cognac/MAIC, stdin=None, shell=False, universal_newlines=False)
[DEBUG 02:04:07] git.cmd Popen(['git', 'version'], cwd=/root/autodl-tmp/AAAI/LLM_Communication/Baseline-cognac/MAIC, stdin=None, shell=False, universal_newlines=False)
[DEBUG 02:04:07] git.util sys.platform='linux', git_executable='git'
[DEBUG 02:04:07] git.util sys.platform='linux', git_executable='git'
[DEBUG 02:04:07] git.util sys.platform='linux', git_executable='git'
[INFO 02:04:07] root Saving to FileStorageObserver in results/sacred.
[DEBUG 02:04:08] pymarl Using capture mode "fd"
[INFO 02:04:08] pymarl Running command 'my_main'
[INFO 02:04:08] pymarl Started run with ID "1"
[DEBUG 02:04:08] pymarl Starting Heartbeat
[DEBUG 02:04:08] my_main Started
[INFO 02:04:08] my_main Experiment Parameters:
[INFO 02:04:08] my_main 

{   'action_selector': 'epsilon_greedy',
    'agent': 'maic',
    'agent_output_type': 'q',
    'attention_dim': 32,
    'batch_size': 32,
    'batch_size_run': 1,
    'buffer_cpu_only': True,
    'buffer_size': 5000,
    'burn_in_period': 32,
    'checkpoint_path': '',
    'comment': '',
    'critic_lr': 0.0005,
    'double_q': True,
    'entropy_loss_weight': 0.01,
    'env': 'cognac',
    'env_args': {   'graph_path': 'src/envs/cognac_assets/basic_directed_network_10.npy',
                    'map_name': 'sysadmin_10',
                    'max_steps': 100,
                    'seed': 1234,
                    'task': 'sysadmin_10'},
    'epsilon_anneal_time': 50000,
    'epsilon_finish': 0.05,
    'epsilon_start': 1.0,
    'evaluate': False,
    'gamma': 0.99,
    'grad_norm_clip': 10,
    'hypernet_embed': 64,
    'hypernet_layers': 2,
    'is_batch_rl': False,
    'is_from_start': True,
    'is_save_buffer': False,
    'label': 'default_label',
    'latent_dim': 8,
    'learner': 'maic_learner',
    'learner_log_interval': 10000,
    'load_buffer_id': 0,
    'load_step': 0,
    'local_results_path': 'results',
    'log_interval': 2000,
    'log_weights': True,
    'lr': 0.0005,
    'mac': 'maic_mac',
    'mi_loss_weight': 0.001,
    'mixer': 'qmix',
    'mixing_embed_dim': 32,
    'msg_l1_reg_loss_weight': 0,
    'name': 'MAIC_COGNAC',
    'nn_hidden_size': 64,
    'num_circle': 1,
    'obs_agent_id': True,
    'obs_last_action': True,
    'optim_alpha': 0.99,
    'optim_eps': 1e-05,
    'repeat_id': 1,
    'rnn_hidden_dim': 64,
    'runner': 'episode',
    'runner_log_interval': 10000,
    'save_buffer_id': 0,
    'save_buffer_interval': 1000,
    'save_buffer_size': 10000,
    'save_model': False,
    'save_model_interval': 1000000,
    'save_replay': False,
    'seed': 1234,
    't_max': 2050000,
    'target_update_interval': 200,
    'test_greedy': True,
    'test_interval': 10000,
    'test_nepisode': 32,
    'use_cuda': True,
    'use_tensorboard': True,
    'var_floor': 0.002}

<class 'envs.cognac_wrapper.COGNACWrapper'>
[INFO 02:04:09] my_main Beginning training for 2050000 timesteps
/root/autodl-tmp/AAAI/LLM_Communication/Baseline-cognac/MAIC/src/components/episode_buffer.py:104: UserWarning: Creating a tensor from a list of numpy.ndarrays is extremely slow. Please consider converting the list to a single numpy.ndarray with numpy.array() before converting to a tensor. (Triggered internally at ../torch/csrc/utils/tensor_new.cpp:278.)
  v = th.tensor(v, dtype=dtype, device=self.device)
/root/autodl-tmp/AAAI/LLM_Communication/Baseline-cognac/MAIC/src/components/episode_buffer.py:104: UserWarning: To copy construct from a tensor, it is recommended to use sourceTensor.clone().detach() or sourceTensor.clone().detach().requires_grad_(True), rather than torch.tensor(sourceTensor).
  v = th.tensor(v, dtype=dtype, device=self.device)
[INFO 02:04:10] my_main t_env: 100 / 2050000
[INFO 02:04:10] my_main Estimated time left: 2 minutes, 28 seconds. Time passed: 0 seconds
[INFO 02:04:34] my_main Recent Stats | t_env:       2000 | Episode:       20
ep_length_mean:          100.0000	episode_limit_mean:        1.0000	epsilon:                   1.0000	healthy_machine_fraction_mean:  0.3000
return_mean:               3.0000	return_median:             3.0000	return_std:                0.0000	test_ep_length_mean:     100.0000
test_episode_limit_mean:   1.0000	test_healthy_machine_fraction_mean:  0.2438	test_return_mean:          4.2188	test_return_median:        4.0000
test_return_std:           2.0423	
[INFO 02:04:54] my_main Recent Stats | t_env:       4000 | Episode:       40
entropy_loss:              0.0325	ep_length_mean:          100.0000	episode_limit_mean:        1.0000	epsilon:                   1.0000
grad_norm:                 0.7346	healthy_machine_fraction_mean:  0.3000	loss:                      0.0882	mi_loss:                   0.0028
q_taken_mean:              0.0254	return_mean:               3.0000	return_median:             3.0000	return_std:                0.0000
target_mean:               0.0334	td_error_abs:              0.1417	test_ep_length_mean:     100.0000	test_episode_limit_mean:   1.0000
test_healthy_machine_fraction_mean:  0.2438	test_return_mean:          4.2188	test_return_median:        4.0000	test_return_std:           2.0423

[INFO 02:05:25] my_main Recent Stats | t_env:       6000 | Episode:       60
entropy_loss:              0.0325	ep_length_mean:          100.0000	episode_limit_mean:        1.0000	epsilon:                   1.0000
grad_norm:                 0.7346	healthy_machine_fraction_mean:  0.3000	loss:                      0.0882	mi_loss:                   0.0028
q_taken_mean:              0.0254	return_mean:               3.0000	return_median:             3.0000	return_std:                0.0000
target_mean:               0.0334	td_error_abs:              0.1417	test_ep_length_mean:     100.0000	test_episode_limit_mean:   1.0000
test_healthy_machine_fraction_mean:  0.2438	test_return_mean:          4.2188	test_return_median:        4.0000	test_return_std:           2.0423

[INFO 02:05:55] my_main Recent Stats | t_env:       8000 | Episode:       80
entropy_loss:              0.0325	ep_length_mean:          100.0000	episode_limit_mean:        1.0000	epsilon:                   1.0000
grad_norm:                 0.7346	healthy_machine_fraction_mean:  0.3000	loss:                      0.0882	mi_loss:                   0.0028
q_taken_mean:              0.0254	return_mean:               3.0000	return_median:             3.0000	return_std:                0.0000
target_mean:               0.0334	td_error_abs:              0.1417	test_ep_length_mean:     100.0000	test_episode_limit_mean:   1.0000
test_healthy_machine_fraction_mean:  0.2438	test_return_mean:          4.2188	test_return_median:        4.0000	test_return_std:           2.0423

[INFO 02:06:25] my_main Recent Stats | t_env:      10000 | Episode:      100
entropy_loss:              0.0325	ep_length_mean:          100.0000	episode_limit_mean:        1.0000	epsilon:                   1.0000
grad_norm:                 0.7346	healthy_machine_fraction_mean:  0.3000	loss:                      0.0882	mi_loss:                   0.0028
q_taken_mean:              0.0254	return_mean:               3.0000	return_median:             3.0000	return_std:                0.0000
target_mean:               0.0334	td_error_abs:              0.1417	test_ep_length_mean:     100.0000	test_episode_limit_mean:   1.0000
test_healthy_machine_fraction_mean:  0.2438	test_return_mean:          4.2188	test_return_median:        4.0000	test_return_std:           2.0423

[INFO 02:06:27] my_main t_env: 10100 / 2050000
[INFO 02:06:27] my_main Estimated time left: 7 hours, 45 minutes, 36 seconds. Time passed: 2 minutes, 17 seconds
[INFO 02:07:10] my_main Recent Stats | t_env:      12000 | Episode:      120
entropy_loss:              0.0325	ep_length_mean:          100.0000	episode_limit_mean:        1.0000	epsilon:                   0.8100
grad_norm:                 0.7346	healthy_machine_fraction_mean:  0.3960	loss:                      0.0882	mi_loss:                   0.0028
q_taken_mean:              0.0254	return_mean:               3.0900	return_median:             3.0000	return_std:                0.9338
target_mean:               0.0334	td_error_abs:              0.1417	test_ep_length_mean:     100.0000	test_episode_limit_mean:   1.0000
test_healthy_machine_fraction_mean:  0.1391	test_return_mean:          5.4531	test_return_median:        5.0000	test_return_std:           1.9263

[INFO 02:07:43] my_main Recent Stats | t_env:      14000 | Episode:      140
entropy_loss:              0.0208	ep_length_mean:          100.0000	episode_limit_mean:        1.0000	epsilon:                   0.8100
grad_norm:                 0.3824	healthy_machine_fraction_mean:  0.3960	loss:                      0.0715	mi_loss:                   0.0017
q_taken_mean:              0.0259	return_mean:               3.0900	return_median:             3.0000	return_std:                0.9338
target_mean:               0.0298	td_error_abs:              0.1323	test_ep_length_mean:     100.0000	test_episode_limit_mean:   1.0000
test_healthy_machine_fraction_mean:  0.1391	test_return_mean:          5.4531	test_return_median:        5.0000	test_return_std:           1.9263

[INFO 02:08:27] my_main Recent Stats | t_env:      16000 | Episode:      160
entropy_loss:              0.0208	ep_length_mean:          100.0000	episode_limit_mean:        1.0000	epsilon:                   0.8100
grad_norm:                 0.3824	healthy_machine_fraction_mean:  0.3960	loss:                      0.0715	mi_loss:                   0.0017
q_taken_mean:              0.0259	return_mean:               3.0900	return_median:             3.0000	return_std:                0.9338
target_mean:               0.0298	td_error_abs:              0.1323	test_ep_length_mean:     100.0000	test_episode_limit_mean:   1.0000
test_healthy_machine_fraction_mean:  0.1391	test_return_mean:          5.4531	test_return_median:        5.0000	test_return_std:           1.9263

[INFO 02:09:12] my_main Recent Stats | t_env:      18000 | Episode:      180
entropy_loss:              0.0208	ep_length_mean:          100.0000	episode_limit_mean:        1.0000	epsilon:                   0.8100
grad_norm:                 0.3824	healthy_machine_fraction_mean:  0.3960	loss:                      0.0715	mi_loss:                   0.0017
q_taken_mean:              0.0259	return_mean:               3.0900	return_median:             3.0000	return_std:                0.9338
target_mean:               0.0298	td_error_abs:              0.1323	test_ep_length_mean:     100.0000	test_episode_limit_mean:   1.0000
test_healthy_machine_fraction_mean:  0.1391	test_return_mean:          5.4531	test_return_median:        5.0000	test_return_std:           1.9263

[INFO 02:09:55] my_main Recent Stats | t_env:      20000 | Episode:      200
entropy_loss:              0.0208	ep_length_mean:          100.0000	episode_limit_mean:        1.0000	epsilon:                   0.8100
grad_norm:                 0.3824	healthy_machine_fraction_mean:  0.3960	loss:                      0.0715	mi_loss:                   0.0017
q_taken_mean:              0.0259	return_mean:               3.0900	return_median:             3.0000	return_std:                0.9338
target_mean:               0.0298	td_error_abs:              0.1323	test_ep_length_mean:     100.0000	test_episode_limit_mean:   1.0000
test_healthy_machine_fraction_mean:  0.1391	test_return_mean:          5.4531	test_return_median:        5.0000	test_return_std:           1.9263

[INFO 02:09:57] my_main Updated target network
[INFO 02:09:57] my_main t_env: 20100 / 2050000
[INFO 02:09:57] my_main Estimated time left: 11 hours, 51 minutes, 23 seconds. Time passed: 5 minutes, 47 seconds
[INFO 02:11:05] my_main Recent Stats | t_env:      22000 | Episode:      220
entropy_loss:              0.0208	ep_length_mean:          100.0000	episode_limit_mean:        1.0000	epsilon:                   0.6200
grad_norm:                 0.3824	healthy_machine_fraction_mean:  0.4233	loss:                      0.0715	mi_loss:                   0.0017
q_taken_mean:              0.0259	return_mean:               3.8733	return_median:             3.6667	return_std:                1.2864
target_mean:               0.0298	td_error_abs:              0.1323	test_ep_length_mean:     100.0000	test_episode_limit_mean:   1.0000
test_healthy_machine_fraction_mean:  0.1313	test_return_mean:          5.8750	test_return_median:        5.5000	test_return_std:           1.8447

[INFO 02:11:55] my_main Recent Stats | t_env:      24000 | Episode:      240
entropy_loss:              0.0160	ep_length_mean:          100.0000	episode_limit_mean:        1.0000	epsilon:                   0.6200
grad_norm:                 0.5755	healthy_machine_fraction_mean:  0.4233	loss:                      0.0701	mi_loss:                   0.0012
q_taken_mean:              0.0261	return_mean:               3.8733	return_median:             3.6667	return_std:                1.2864
target_mean:               0.0329	td_error_abs:              0.1370	test_ep_length_mean:     100.0000	test_episode_limit_mean:   1.0000
test_healthy_machine_fraction_mean:  0.1313	test_return_mean:          5.8750	test_return_median:        5.5000	test_return_std:           1.8447

[INFO 02:12:59] my_main Recent Stats | t_env:      26000 | Episode:      260
entropy_loss:              0.0160	ep_length_mean:          100.0000	episode_limit_mean:        1.0000	epsilon:                   0.6200
grad_norm:                 0.5755	healthy_machine_fraction_mean:  0.4233	loss:                      0.0701	mi_loss:                   0.0012
q_taken_mean:              0.0261	return_mean:               3.8733	return_median:             3.6667	return_std:                1.2864
target_mean:               0.0329	td_error_abs:              0.1370	test_ep_length_mean:     100.0000	test_episode_limit_mean:   1.0000
test_healthy_machine_fraction_mean:  0.1313	test_return_mean:          5.8750	test_return_median:        5.5000	test_return_std:           1.8447

[INFO 02:14:15] my_main Recent Stats | t_env:      28000 | Episode:      280
entropy_loss:              0.0160	ep_length_mean:          100.0000	episode_limit_mean:        1.0000	epsilon:                   0.6200
grad_norm:                 0.5755	healthy_machine_fraction_mean:  0.4233	loss:                      0.0701	mi_loss:                   0.0012
q_taken_mean:              0.0261	return_mean:               3.8733	return_median:             3.6667	return_std:                1.2864
target_mean:               0.0329	td_error_abs:              0.1370	test_ep_length_mean:     100.0000	test_episode_limit_mean:   1.0000
test_healthy_machine_fraction_mean:  0.1313	test_return_mean:          5.8750	test_return_median:        5.5000	test_return_std:           1.8447

[INFO 02:15:37] my_main Recent Stats | t_env:      30000 | Episode:      300
entropy_loss:              0.0160	ep_length_mean:          100.0000	episode_limit_mean:        1.0000	epsilon:                   0.6200
grad_norm:                 0.5755	healthy_machine_fraction_mean:  0.4233	loss:                      0.0701	mi_loss:                   0.0012
q_taken_mean:              0.0261	return_mean:               3.8733	return_median:             3.6667	return_std:                1.2864
target_mean:               0.0329	td_error_abs:              0.1370	test_ep_length_mean:     100.0000	test_episode_limit_mean:   1.0000
test_healthy_machine_fraction_mean:  0.1313	test_return_mean:          5.8750	test_return_median:        5.5000	test_return_std:           1.8447

[INFO 02:15:41] my_main t_env: 30100 / 2050000
[INFO 02:15:41] my_main Estimated time left: 19 hours, 16 minutes, 42 seconds. Time passed: 11 minutes, 31 seconds
[INFO 02:17:11] my_main Recent Stats | t_env:      32000 | Episode:      320
entropy_loss:              0.0160	ep_length_mean:          100.0000	episode_limit_mean:        1.0000	epsilon:                   0.4300
grad_norm:                 0.5755	healthy_machine_fraction_mean:  0.3820	loss:                      0.0701	mi_loss:                   0.0012
q_taken_mean:              0.0261	return_mean:               5.4800	return_median:             5.2500	return_std:                1.8225
target_mean:               0.0329	td_error_abs:              0.1370	test_ep_length_mean:     100.0000	test_episode_limit_mean:   1.0000
test_healthy_machine_fraction_mean:  0.1227	test_return_mean:          6.2891	test_return_median:        5.8750	test_return_std:           2.0906

[INFO 02:18:03] my_main Recent Stats | t_env:      34000 | Episode:      340
entropy_loss:              0.0132	ep_length_mean:          100.0000	episode_limit_mean:        1.0000	epsilon:                   0.4300
grad_norm:                 0.5235	healthy_machine_fraction_mean:  0.3820	loss:                      0.0651	mi_loss:                   0.0011
q_taken_mean:              0.0317	return_mean:               5.4800	return_median:             5.2500	return_std:                1.8225
target_mean:               0.0356	td_error_abs:              0.1400	test_ep_length_mean:     100.0000	test_episode_limit_mean:   1.0000
test_healthy_machine_fraction_mean:  0.1227	test_return_mean:          6.2891	test_return_median:        5.8750	test_return_std:           2.0906

[INFO 02:18:54] my_main Recent Stats | t_env:      36000 | Episode:      360
entropy_loss:              0.0132	ep_length_mean:          100.0000	episode_limit_mean:        1.0000	epsilon:                   0.4300
grad_norm:                 0.5235	healthy_machine_fraction_mean:  0.3820	loss:                      0.0651	mi_loss:                   0.0011
q_taken_mean:              0.0317	return_mean:               5.4800	return_median:             5.2500	return_std:                1.8225
target_mean:               0.0356	td_error_abs:              0.1400	test_ep_length_mean:     100.0000	test_episode_limit_mean:   1.0000
test_healthy_machine_fraction_mean:  0.1227	test_return_mean:          6.2891	test_return_median:        5.8750	test_return_std:           2.0906

[INFO 02:19:45] my_main Recent Stats | t_env:      38000 | Episode:      380
entropy_loss:              0.0132	ep_length_mean:          100.0000	episode_limit_mean:        1.0000	epsilon:                   0.4300
grad_norm:                 0.5235	healthy_machine_fraction_mean:  0.3820	loss:                      0.0651	mi_loss:                   0.0011
q_taken_mean:              0.0317	return_mean:               5.4800	return_median:             5.2500	return_std:                1.8225
target_mean:               0.0356	td_error_abs:              0.1400	test_ep_length_mean:     100.0000	test_episode_limit_mean:   1.0000
test_healthy_machine_fraction_mean:  0.1227	test_return_mean:          6.2891	test_return_median:        5.8750	test_return_std:           2.0906

[INFO 02:20:37] my_main Recent Stats | t_env:      40000 | Episode:      400
entropy_loss:              0.0132	ep_length_mean:          100.0000	episode_limit_mean:        1.0000	epsilon:                   0.4300
grad_norm:                 0.5235	healthy_machine_fraction_mean:  0.3820	loss:                      0.0651	mi_loss:                   0.0011
q_taken_mean:              0.0317	return_mean:               5.4800	return_median:             5.2500	return_std:                1.8225
target_mean:               0.0356	td_error_abs:              0.1400	test_ep_length_mean:     100.0000	test_episode_limit_mean:   1.0000
test_healthy_machine_fraction_mean:  0.1227	test_return_mean:          6.2891	test_return_median:        5.8750	test_return_std:           2.0906

[INFO 02:20:39] my_main Updated target network
[INFO 02:20:39] my_main t_env: 40100 / 2050000
[INFO 02:20:39] my_main Estimated time left: 16 hours, 39 minutes, 26 seconds. Time passed: 16 minutes, 29 seconds
[INFO 02:21:57] my_main Recent Stats | t_env:      42000 | Episode:      420
entropy_loss:              0.0132	ep_length_mean:          100.0000	episode_limit_mean:        1.0000	epsilon:                   0.2400
grad_norm:                 0.5235	healthy_machine_fraction_mean:  0.3430	loss:                      0.0651	mi_loss:                   0.0011
q_taken_mean:              0.0317	return_mean:               7.5060	return_median:             7.2000	return_std:                2.2142
target_mean:               0.0356	td_error_abs:              0.1400	test_ep_length_mean:     100.0000	test_episode_limit_mean:   1.0000
test_healthy_machine_fraction_mean:  0.1131	test_return_mean:          6.5125	test_return_median:        6.2000	test_return_std:           2.0657

[INFO 02:22:48] my_main Recent Stats | t_env:      44000 | Episode:      440
entropy_loss:              0.0114	ep_length_mean:          100.0000	episode_limit_mean:        1.0000	epsilon:                   0.2400
grad_norm:                 0.4739	healthy_machine_fraction_mean:  0.3430	loss:                      0.0723	mi_loss:                   0.0010
q_taken_mean:              0.0422	return_mean:               7.5060	return_median:             7.2000	return_std:                2.2142
target_mean:               0.0449	td_error_abs:              0.1558	test_ep_length_mean:     100.0000	test_episode_limit_mean:   1.0000
test_healthy_machine_fraction_mean:  0.1131	test_return_mean:          6.5125	test_return_median:        6.2000	test_return_std:           2.0657

[INFO 02:23:38] my_main Recent Stats | t_env:      46000 | Episode:      460
entropy_loss:              0.0114	ep_length_mean:          100.0000	episode_limit_mean:        1.0000	epsilon:                   0.2400
grad_norm:                 0.4739	healthy_machine_fraction_mean:  0.3430	loss:                      0.0723	mi_loss:                   0.0010
q_taken_mean:              0.0422	return_mean:               7.5060	return_median:             7.2000	return_std:                2.2142
target_mean:               0.0449	td_error_abs:              0.1558	test_ep_length_mean:     100.0000	test_episode_limit_mean:   1.0000
test_healthy_machine_fraction_mean:  0.1131	test_return_mean:          6.5125	test_return_median:        6.2000	test_return_std:           2.0657

[INFO 02:24:30] my_main Recent Stats | t_env:      48000 | Episode:      480
entropy_loss:              0.0114	ep_length_mean:          100.0000	episode_limit_mean:        1.0000	epsilon:                   0.2400
grad_norm:                 0.4739	healthy_machine_fraction_mean:  0.3430	loss:                      0.0723	mi_loss:                   0.0010
q_taken_mean:              0.0422	return_mean:               7.5060	return_median:             7.2000	return_std:                2.2142
target_mean:               0.0449	td_error_abs:              0.1558	test_ep_length_mean:     100.0000	test_episode_limit_mean:   1.0000
test_healthy_machine_fraction_mean:  0.1131	test_return_mean:          6.5125	test_return_median:        6.2000	test_return_std:           2.0657

[INFO 02:25:21] my_main Recent Stats | t_env:      50000 | Episode:      500
entropy_loss:              0.0114	ep_length_mean:          100.0000	episode_limit_mean:        1.0000	epsilon:                   0.2400
grad_norm:                 0.4739	healthy_machine_fraction_mean:  0.3430	loss:                      0.0723	mi_loss:                   0.0010
q_taken_mean:              0.0422	return_mean:               7.5060	return_median:             7.2000	return_std:                2.2142
target_mean:               0.0449	td_error_abs:              0.1558	test_ep_length_mean:     100.0000	test_episode_limit_mean:   1.0000
test_healthy_machine_fraction_mean:  0.1131	test_return_mean:          6.5125	test_return_median:        6.2000	test_return_std:           2.0657

[INFO 02:25:23] my_main t_env: 50100 / 2050000
[INFO 02:25:23] my_main Estimated time left: 15 hours, 46 minutes, 44 seconds. Time passed: 21 minutes, 13 seconds
[INFO 02:26:41] my_main Recent Stats | t_env:      52000 | Episode:      520
entropy_loss:              0.0114	ep_length_mean:          100.0000	episode_limit_mean:        1.0000	epsilon:                   0.0500
grad_norm:                 0.4739	healthy_machine_fraction_mean:  0.3028	loss:                      0.0723	mi_loss:                   0.0010
q_taken_mean:              0.0422	return_mean:              10.2500	return_median:            10.0000	return_std:                3.0242
target_mean:               0.0449	td_error_abs:              0.1558	test_ep_length_mean:     100.0000	test_episode_limit_mean:   1.0000
test_healthy_machine_fraction_mean:  0.0775	test_return_mean:          7.1750	test_return_median:        6.8000	test_return_std:           2.0603

[INFO 02:27:32] my_main Recent Stats | t_env:      54000 | Episode:      540
entropy_loss:              0.0056	ep_length_mean:          100.0000	episode_limit_mean:        1.0000	epsilon:                   0.0500
grad_norm:                 0.3819	healthy_machine_fraction_mean:  0.3028	loss:                      0.0771	mi_loss:                   0.0006
q_taken_mean:              0.0551	return_mean:              10.2500	return_median:            10.0000	return_std:                3.0242
target_mean:               0.0558	td_error_abs:              0.1722	test_ep_length_mean:     100.0000	test_episode_limit_mean:   1.0000
test_healthy_machine_fraction_mean:  0.0775	test_return_mean:          7.1750	test_return_median:        6.8000	test_return_std:           2.0603

[INFO 02:28:23] my_main Recent Stats | t_env:      56000 | Episode:      560
entropy_loss:              0.0056	ep_length_mean:          100.0000	episode_limit_mean:        1.0000	epsilon:                   0.0500
grad_norm:                 0.3819	healthy_machine_fraction_mean:  0.3028	loss:                      0.0771	mi_loss:                   0.0006
q_taken_mean:              0.0551	return_mean:              10.2500	return_median:            10.0000	return_std:                3.0242
target_mean:               0.0558	td_error_abs:              0.1722	test_ep_length_mean:     100.0000	test_episode_limit_mean:   1.0000
test_healthy_machine_fraction_mean:  0.0775	test_return_mean:          7.1750	test_return_median:        6.8000	test_return_std:           2.0603

[INFO 02:29:14] my_main Recent Stats | t_env:      58000 | Episode:      580
entropy_loss:              0.0056	ep_length_mean:          100.0000	episode_limit_mean:        1.0000	epsilon:                   0.0500
grad_norm:                 0.3819	healthy_machine_fraction_mean:  0.3028	loss:                      0.0771	mi_loss:                   0.0006
q_taken_mean:              0.0551	return_mean:              10.2500	return_median:            10.0000	return_std:                3.0242
target_mean:               0.0558	td_error_abs:              0.1722	test_ep_length_mean:     100.0000	test_episode_limit_mean:   1.0000
test_healthy_machine_fraction_mean:  0.0775	test_return_mean:          7.1750	test_return_median:        6.8000	test_return_std:           2.0603

[INFO 02:30:06] my_main Recent Stats | t_env:      60000 | Episode:      600
entropy_loss:              0.0056	ep_length_mean:          100.0000	episode_limit_mean:        1.0000	epsilon:                   0.0500
grad_norm:                 0.3819	healthy_machine_fraction_mean:  0.3028	loss:                      0.0771	mi_loss:                   0.0006
q_taken_mean:              0.0551	return_mean:              10.2500	return_median:            10.0000	return_std:                3.0242
target_mean:               0.0558	td_error_abs:              0.1722	test_ep_length_mean:     100.0000	test_episode_limit_mean:   1.0000
test_healthy_machine_fraction_mean:  0.0775	test_return_mean:          7.1750	test_return_median:        6.8000	test_return_std:           2.0603

[INFO 02:30:08] my_main Updated target network
[INFO 02:30:08] my_main t_env: 60100 / 2050000
[INFO 02:30:08] my_main Estimated time left: 15 hours, 45 minutes, 8 seconds. Time passed: 25 minutes, 58 seconds
[INFO 02:31:25] my_main Recent Stats | t_env:      62000 | Episode:      620
entropy_loss:              0.0056	ep_length_mean:          100.0000	episode_limit_mean:        1.0000	epsilon:                   0.0500
grad_norm:                 0.3819	healthy_machine_fraction_mean:  0.2202	loss:                      0.0771	mi_loss:                   0.0006
q_taken_mean:              0.0551	return_mean:              12.4680	return_median:            12.2000	return_std:                3.3318
target_mean:               0.0558	td_error_abs:              0.1722	test_ep_length_mean:     100.0000	test_episode_limit_mean:   1.0000
test_healthy_machine_fraction_mean:  0.0800	test_return_mean:          7.4562	test_return_median:        7.2000	test_return_std:           2.1991

[INFO 02:32:16] my_main Recent Stats | t_env:      64000 | Episode:      640
entropy_loss:              0.0044	ep_length_mean:          100.0000	episode_limit_mean:        1.0000	epsilon:                   0.0500
grad_norm:                 0.5662	healthy_machine_fraction_mean:  0.2202	loss:                      0.0977	mi_loss:                   0.0006
q_taken_mean:              0.0730	return_mean:              12.4680	return_median:            12.2000	return_std:                3.3318
target_mean:               0.0753	td_error_abs:              0.1953	test_ep_length_mean:     100.0000	test_episode_limit_mean:   1.0000
test_healthy_machine_fraction_mean:  0.0800	test_return_mean:          7.4562	test_return_median:        7.2000	test_return_std:           2.1991

[INFO 02:33:07] my_main Recent Stats | t_env:      66000 | Episode:      660
entropy_loss:              0.0044	ep_length_mean:          100.0000	episode_limit_mean:        1.0000	epsilon:                   0.0500
grad_norm:                 0.5662	healthy_machine_fraction_mean:  0.2202	loss:                      0.0977	mi_loss:                   0.0006
q_taken_mean:              0.0730	return_mean:              12.4680	return_median:            12.2000	return_std:                3.3318
target_mean:               0.0753	td_error_abs:              0.1953	test_ep_length_mean:     100.0000	test_episode_limit_mean:   1.0000
test_healthy_machine_fraction_mean:  0.0800	test_return_mean:          7.4562	test_return_median:        7.2000	test_return_std:           2.1991

[INFO 02:33:58] my_main Recent Stats | t_env:      68000 | Episode:      680
entropy_loss:              0.0044	ep_length_mean:          100.0000	episode_limit_mean:        1.0000	epsilon:                   0.0500
grad_norm:                 0.5662	healthy_machine_fraction_mean:  0.2202	loss:                      0.0977	mi_loss:                   0.0006
q_taken_mean:              0.0730	return_mean:              12.4680	return_median:            12.2000	return_std:                3.3318
target_mean:               0.0753	td_error_abs:              0.1953	test_ep_length_mean:     100.0000	test_episode_limit_mean:   1.0000
test_healthy_machine_fraction_mean:  0.0800	test_return_mean:          7.4562	test_return_median:        7.2000	test_return_std:           2.1991

[INFO 02:34:50] my_main Recent Stats | t_env:      70000 | Episode:      700
entropy_loss:              0.0044	ep_length_mean:          100.0000	episode_limit_mean:        1.0000	epsilon:                   0.0500
grad_norm:                 0.5662	healthy_machine_fraction_mean:  0.2202	loss:                      0.0977	mi_loss:                   0.0006
q_taken_mean:              0.0730	return_mean:              12.4680	return_median:            12.2000	return_std:                3.3318
target_mean:               0.0753	td_error_abs:              0.1953	test_ep_length_mean:     100.0000	test_episode_limit_mean:   1.0000
test_healthy_machine_fraction_mean:  0.0800	test_return_mean:          7.4562	test_return_median:        7.2000	test_return_std:           2.1991

[INFO 02:34:52] my_main t_env: 70100 / 2050000
[INFO 02:34:52] my_main Estimated time left: 15 hours, 37 minutes, 1 seconds. Time passed: 30 minutes, 42 seconds
[INFO 02:36:10] my_main Recent Stats | t_env:      72000 | Episode:      720
entropy_loss:              0.0044	ep_length_mean:          100.0000	episode_limit_mean:        1.0000	epsilon:                   0.0500
grad_norm:                 0.5662	healthy_machine_fraction_mean:  0.1324	loss:                      0.0977	mi_loss:                   0.0006
q_taken_mean:              0.0730	return_mean:              14.4160	return_median:            14.4000	return_std:                3.7041
target_mean:               0.0753	td_error_abs:              0.1953	test_ep_length_mean:     100.0000	test_episode_limit_mean:   1.0000
test_healthy_machine_fraction_mean:  0.0600	test_return_mean:          8.5813	test_return_median:        8.3000	test_return_std:           2.6793

[INFO 02:37:00] my_main Recent Stats | t_env:      74000 | Episode:      740
entropy_loss:              0.0037	ep_length_mean:          100.0000	episode_limit_mean:        1.0000	epsilon:                   0.0500
grad_norm:                 0.6445	healthy_machine_fraction_mean:  0.1324	loss:                      0.1185	mi_loss:                   0.0008
q_taken_mean:              0.0915	return_mean:              14.4160	return_median:            14.4000	return_std:                3.7041
target_mean:               0.0930	td_error_abs:              0.2126	test_ep_length_mean:     100.0000	test_episode_limit_mean:   1.0000
test_healthy_machine_fraction_mean:  0.0600	test_return_mean:          8.5813	test_return_median:        8.3000	test_return_std:           2.6793

[INFO 02:37:51] my_main Recent Stats | t_env:      76000 | Episode:      760
entropy_loss:              0.0037	ep_length_mean:          100.0000	episode_limit_mean:        1.0000	epsilon:                   0.0500
grad_norm:                 0.6445	healthy_machine_fraction_mean:  0.1324	loss:                      0.1185	mi_loss:                   0.0008
q_taken_mean:              0.0915	return_mean:              14.4160	return_median:            14.4000	return_std:                3.7041
target_mean:               0.0930	td_error_abs:              0.2126	test_ep_length_mean:     100.0000	test_episode_limit_mean:   1.0000
test_healthy_machine_fraction_mean:  0.0600	test_return_mean:          8.5813	test_return_median:        8.3000	test_return_std:           2.6793

[INFO 02:38:42] my_main Recent Stats | t_env:      78000 | Episode:      780
entropy_loss:              0.0037	ep_length_mean:          100.0000	episode_limit_mean:        1.0000	epsilon:                   0.0500
grad_norm:                 0.6445	healthy_machine_fraction_mean:  0.1324	loss:                      0.1185	mi_loss:                   0.0008
q_taken_mean:              0.0915	return_mean:              14.4160	return_median:            14.4000	return_std:                3.7041
target_mean:               0.0930	td_error_abs:              0.2126	test_ep_length_mean:     100.0000	test_episode_limit_mean:   1.0000
test_healthy_machine_fraction_mean:  0.0600	test_return_mean:          8.5813	test_return_median:        8.3000	test_return_std:           2.6793

[INFO 02:39:32] my_main Recent Stats | t_env:      80000 | Episode:      800
entropy_loss:              0.0037	ep_length_mean:          100.0000	episode_limit_mean:        1.0000	epsilon:                   0.0500
grad_norm:                 0.6445	healthy_machine_fraction_mean:  0.1324	loss:                      0.1185	mi_loss:                   0.0008
q_taken_mean:              0.0915	return_mean:              14.4160	return_median:            14.4000	return_std:                3.7041
target_mean:               0.0930	td_error_abs:              0.2126	test_ep_length_mean:     100.0000	test_episode_limit_mean:   1.0000
test_healthy_machine_fraction_mean:  0.0600	test_return_mean:          8.5813	test_return_median:        8.3000	test_return_std:           2.6793

[INFO 02:39:34] my_main Updated target network
[INFO 02:39:34] my_main t_env: 80100 / 2050000
[INFO 02:39:34] my_main Estimated time left: 15 hours, 25 minutes, 43 seconds. Time passed: 35 minutes, 24 seconds
[INFO 02:40:48] my_main Recent Stats | t_env:      82000 | Episode:      820
entropy_loss:              0.0037	ep_length_mean:          100.0000	episode_limit_mean:        1.0000	epsilon:                   0.0500
grad_norm:                 0.6445	healthy_machine_fraction_mean:  0.0868	loss:                      0.1185	mi_loss:                   0.0008
q_taken_mean:              0.0915	return_mean:              15.6300	return_median:            15.6000	return_std:                3.8327
target_mean:               0.0930	td_error_abs:              0.2126	test_ep_length_mean:     100.0000	test_episode_limit_mean:   1.0000
test_healthy_machine_fraction_mean:  0.0469	test_return_mean:          9.2500	test_return_median:        8.9000	test_return_std:           2.6765

[INFO 02:41:39] my_main Recent Stats | t_env:      84000 | Episode:      840
entropy_loss:              0.0033	ep_length_mean:          100.0000	episode_limit_mean:        1.0000	epsilon:                   0.0500
grad_norm:                 1.1325	healthy_machine_fraction_mean:  0.0868	loss:                      0.1533	mi_loss:                   0.0009
q_taken_mean:              0.1116	return_mean:              15.6300	return_median:            15.6000	return_std:                3.8327
target_mean:               0.1178	td_error_abs:              0.2396	test_ep_length_mean:     100.0000	test_episode_limit_mean:   1.0000
test_healthy_machine_fraction_mean:  0.0469	test_return_mean:          9.2500	test_return_median:        8.9000	test_return_std:           2.6765

[INFO 02:42:29] my_main Recent Stats | t_env:      86000 | Episode:      860
entropy_loss:              0.0033	ep_length_mean:          100.0000	episode_limit_mean:        1.0000	epsilon:                   0.0500
grad_norm:                 1.1325	healthy_machine_fraction_mean:  0.0868	loss:                      0.1533	mi_loss:                   0.0009
q_taken_mean:              0.1116	return_mean:              15.6300	return_median:            15.6000	return_std:                3.8327
target_mean:               0.1178	td_error_abs:              0.2396	test_ep_length_mean:     100.0000	test_episode_limit_mean:   1.0000
test_healthy_machine_fraction_mean:  0.0469	test_return_mean:          9.2500	test_return_median:        8.9000	test_return_std:           2.6765

[INFO 02:43:20] my_main Recent Stats | t_env:      88000 | Episode:      880
entropy_loss:              0.0033	ep_length_mean:          100.0000	episode_limit_mean:        1.0000	epsilon:                   0.0500
grad_norm:                 1.1325	healthy_machine_fraction_mean:  0.0868	loss:                      0.1533	mi_loss:                   0.0009
q_taken_mean:              0.1116	return_mean:              15.6300	return_median:            15.6000	return_std:                3.8327
target_mean:               0.1178	td_error_abs:              0.2396	test_ep_length_mean:     100.0000	test_episode_limit_mean:   1.0000
test_healthy_machine_fraction_mean:  0.0469	test_return_mean:          9.2500	test_return_median:        8.9000	test_return_std:           2.6765

[INFO 02:44:12] my_main Recent Stats | t_env:      90000 | Episode:      900
entropy_loss:              0.0033	ep_length_mean:          100.0000	episode_limit_mean:        1.0000	epsilon:                   0.0500
grad_norm:                 1.1325	healthy_machine_fraction_mean:  0.0868	loss:                      0.1533	mi_loss:                   0.0009
q_taken_mean:              0.1116	return_mean:              15.6300	return_median:            15.6000	return_std:                3.8327
target_mean:               0.1178	td_error_abs:              0.2396	test_ep_length_mean:     100.0000	test_episode_limit_mean:   1.0000
test_healthy_machine_fraction_mean:  0.0469	test_return_mean:          9.2500	test_return_median:        8.9000	test_return_std:           2.6765

[INFO 02:44:14] my_main t_env: 90100 / 2050000
[INFO 02:44:14] my_main Estimated time left: 15 hours, 14 minutes, 45 seconds. Time passed: 40 minutes, 4 seconds
[INFO 02:45:32] my_main Recent Stats | t_env:      92000 | Episode:      920
entropy_loss:              0.0033	ep_length_mean:          100.0000	episode_limit_mean:        1.0000	epsilon:                   0.0500
grad_norm:                 1.1325	healthy_machine_fraction_mean:  0.0552	loss:                      0.1533	mi_loss:                   0.0009
q_taken_mean:              0.1116	return_mean:              16.6700	return_median:            16.6000	return_std:                4.0847
target_mean:               0.1178	td_error_abs:              0.2396	test_ep_length_mean:     100.0000	test_episode_limit_mean:   1.0000
test_healthy_machine_fraction_mean:  0.0344	test_return_mean:         11.2562	test_return_median:       10.8000	test_return_std:           3.3579

[INFO 02:46:22] my_main Recent Stats | t_env:      94000 | Episode:      940
entropy_loss:              0.0030	ep_length_mean:          100.0000	episode_limit_mean:        1.0000	epsilon:                   0.0500
grad_norm:                 1.1456	healthy_machine_fraction_mean:  0.0552	loss:                      0.1725	mi_loss:                   0.0010
q_taken_mean:              0.1270	return_mean:              16.6700	return_median:            16.6000	return_std:                4.0847
target_mean:               0.1340	td_error_abs:              0.2513	test_ep_length_mean:     100.0000	test_episode_limit_mean:   1.0000
test_healthy_machine_fraction_mean:  0.0344	test_return_mean:         11.2562	test_return_median:       10.8000	test_return_std:           3.3579

[INFO 02:47:13] my_main Recent Stats | t_env:      96000 | Episode:      960
entropy_loss:              0.0030	ep_length_mean:          100.0000	episode_limit_mean:        1.0000	epsilon:                   0.0500
grad_norm:                 1.1456	healthy_machine_fraction_mean:  0.0552	loss:                      0.1725	mi_loss:                   0.0010
q_taken_mean:              0.1270	return_mean:              16.6700	return_median:            16.6000	return_std:                4.0847
target_mean:               0.1340	td_error_abs:              0.2513	test_ep_length_mean:     100.0000	test_episode_limit_mean:   1.0000
test_healthy_machine_fraction_mean:  0.0344	test_return_mean:         11.2562	test_return_median:       10.8000	test_return_std:           3.3579

[INFO 02:48:04] my_main Recent Stats | t_env:      98000 | Episode:      980
entropy_loss:              0.0030	ep_length_mean:          100.0000	episode_limit_mean:        1.0000	epsilon:                   0.0500
grad_norm:                 1.1456	healthy_machine_fraction_mean:  0.0552	loss:                      0.1725	mi_loss:                   0.0010
q_taken_mean:              0.1270	return_mean:              16.6700	return_median:            16.6000	return_std:                4.0847
target_mean:               0.1340	td_error_abs:              0.2513	test_ep_length_mean:     100.0000	test_episode_limit_mean:   1.0000
test_healthy_machine_fraction_mean:  0.0344	test_return_mean:         11.2562	test_return_median:       10.8000	test_return_std:           3.3579

[INFO 02:48:55] my_main Recent Stats | t_env:     100000 | Episode:     1000
entropy_loss:              0.0030	ep_length_mean:          100.0000	episode_limit_mean:        1.0000	epsilon:                   0.0500
grad_norm:                 1.1456	healthy_machine_fraction_mean:  0.0552	loss:                      0.1725	mi_loss:                   0.0010
q_taken_mean:              0.1270	return_mean:              16.6700	return_median:            16.6000	return_std:                4.0847
target_mean:               0.1340	td_error_abs:              0.2513	test_ep_length_mean:     100.0000	test_episode_limit_mean:   1.0000
test_healthy_machine_fraction_mean:  0.0344	test_return_mean:         11.2562	test_return_median:       10.8000	test_return_std:           3.3579

[INFO 02:48:58] my_main Updated target network
[INFO 02:48:58] my_main t_env: 100100 / 2050000
[INFO 02:48:58] my_main Estimated time left: 15 hours, 22 minutes, 28 seconds. Time passed: 44 minutes, 48 seconds
[INFO 02:50:16] my_main Recent Stats | t_env:     102000 | Episode:     1020
entropy_loss:              0.0030	ep_length_mean:          100.0000	episode_limit_mean:        1.0000	epsilon:                   0.0500
grad_norm:                 1.1456	healthy_machine_fraction_mean:  0.0426	loss:                      0.1725	mi_loss:                   0.0010
q_taken_mean:              0.1270	return_mean:              17.9980	return_median:            17.8000	return_std:                4.2765
target_mean:               0.1340	td_error_abs:              0.2513	test_ep_length_mean:     100.0000	test_episode_limit_mean:   1.0000
test_healthy_machine_fraction_mean:  0.0238	test_return_mean:         14.0875	test_return_median:       13.4000	test_return_std:           4.4677

[INFO 02:51:07] my_main Recent Stats | t_env:     104000 | Episode:     1040
entropy_loss:              0.0027	ep_length_mean:          100.0000	episode_limit_mean:        1.0000	epsilon:                   0.0500
grad_norm:                 1.4347	healthy_machine_fraction_mean:  0.0426	loss:                      0.1845	mi_loss:                   0.0012
q_taken_mean:              0.1475	return_mean:              17.9980	return_median:            17.8000	return_std:                4.2765
target_mean:               0.1528	td_error_abs:              0.2672	test_ep_length_mean:     100.0000	test_episode_limit_mean:   1.0000
test_healthy_machine_fraction_mean:  0.0238	test_return_mean:         14.0875	test_return_median:       13.4000	test_return_std:           4.4677

[INFO 02:51:59] my_main Recent Stats | t_env:     106000 | Episode:     1060
entropy_loss:              0.0027	ep_length_mean:          100.0000	episode_limit_mean:        1.0000	epsilon:                   0.0500
grad_norm:                 1.4347	healthy_machine_fraction_mean:  0.0426	loss:                      0.1845	mi_loss:                   0.0012
q_taken_mean:              0.1475	return_mean:              17.9980	return_median:            17.8000	return_std:                4.2765
target_mean:               0.1528	td_error_abs:              0.2672	test_ep_length_mean:     100.0000	test_episode_limit_mean:   1.0000
test_healthy_machine_fraction_mean:  0.0238	test_return_mean:         14.0875	test_return_median:       13.4000	test_return_std:           4.4677

[INFO 02:52:49] my_main Recent Stats | t_env:     108000 | Episode:     1080
entropy_loss:              0.0027	ep_length_mean:          100.0000	episode_limit_mean:        1.0000	epsilon:                   0.0500
grad_norm:                 1.4347	healthy_machine_fraction_mean:  0.0426	loss:                      0.1845	mi_loss:                   0.0012
q_taken_mean:              0.1475	return_mean:              17.9980	return_median:            17.8000	return_std:                4.2765
target_mean:               0.1528	td_error_abs:              0.2672	test_ep_length_mean:     100.0000	test_episode_limit_mean:   1.0000
test_healthy_machine_fraction_mean:  0.0238	test_return_mean:         14.0875	test_return_median:       13.4000	test_return_std:           4.4677

[INFO 02:53:40] my_main Recent Stats | t_env:     110000 | Episode:     1100
entropy_loss:              0.0027	ep_length_mean:          100.0000	episode_limit_mean:        1.0000	epsilon:                   0.0500
grad_norm:                 1.4347	healthy_machine_fraction_mean:  0.0426	loss:                      0.1845	mi_loss:                   0.0012
q_taken_mean:              0.1475	return_mean:              17.9980	return_median:            17.8000	return_std:                4.2765
target_mean:               0.1528	td_error_abs:              0.2672	test_ep_length_mean:     100.0000	test_episode_limit_mean:   1.0000
test_healthy_machine_fraction_mean:  0.0238	test_return_mean:         14.0875	test_return_median:       13.4000	test_return_std:           4.4677

[INFO 02:53:43] my_main t_env: 110100 / 2050000
[INFO 02:53:43] my_main Estimated time left: 15 hours, 20 minutes, 42 seconds. Time passed: 49 minutes, 33 seconds
[INFO 02:55:01] my_main Recent Stats | t_env:     112000 | Episode:     1120
entropy_loss:              0.0027	ep_length_mean:          100.0000	episode_limit_mean:        1.0000	epsilon:                   0.0500
grad_norm:                 1.4347	healthy_machine_fraction_mean:  0.0384	loss:                      0.1845	mi_loss:                   0.0012
q_taken_mean:              0.1475	return_mean:              20.8420	return_median:            20.6000	return_std:                4.8945
target_mean:               0.1528	td_error_abs:              0.2672	test_ep_length_mean:     100.0000	test_episode_limit_mean:   1.0000
test_healthy_machine_fraction_mean:  0.0169	test_return_mean:         17.3562	test_return_median:       16.8000	test_return_std:           5.2375

[INFO 02:55:52] my_main Recent Stats | t_env:     114000 | Episode:     1140
entropy_loss:              0.0025	ep_length_mean:          100.0000	episode_limit_mean:        1.0000	epsilon:                   0.0500
grad_norm:                 1.7446	healthy_machine_fraction_mean:  0.0384	loss:                      0.1897	mi_loss:                   0.0013
q_taken_mean:              0.1672	return_mean:              20.8420	return_median:            20.6000	return_std:                4.8945
target_mean:               0.1681	td_error_abs:              0.2850	test_ep_length_mean:     100.0000	test_episode_limit_mean:   1.0000
test_healthy_machine_fraction_mean:  0.0169	test_return_mean:         17.3562	test_return_median:       16.8000	test_return_std:           5.2375

[INFO 02:56:43] my_main Recent Stats | t_env:     116000 | Episode:     1160
entropy_loss:              0.0025	ep_length_mean:          100.0000	episode_limit_mean:        1.0000	epsilon:                   0.0500
grad_norm:                 1.7446	healthy_machine_fraction_mean:  0.0384	loss:                      0.1897	mi_loss:                   0.0013
q_taken_mean:              0.1672	return_mean:              20.8420	return_median:            20.6000	return_std:                4.8945
target_mean:               0.1681	td_error_abs:              0.2850	test_ep_length_mean:     100.0000	test_episode_limit_mean:   1.0000
test_healthy_machine_fraction_mean:  0.0169	test_return_mean:         17.3562	test_return_median:       16.8000	test_return_std:           5.2375

[INFO 02:57:34] my_main Recent Stats | t_env:     118000 | Episode:     1180
entropy_loss:              0.0025	ep_length_mean:          100.0000	episode_limit_mean:        1.0000	epsilon:                   0.0500
grad_norm:                 1.7446	healthy_machine_fraction_mean:  0.0384	loss:                      0.1897	mi_loss:                   0.0013
q_taken_mean:              0.1672	return_mean:              20.8420	return_median:            20.6000	return_std:                4.8945
target_mean:               0.1681	td_error_abs:              0.2850	test_ep_length_mean:     100.0000	test_episode_limit_mean:   1.0000
test_healthy_machine_fraction_mean:  0.0169	test_return_mean:         17.3562	test_return_median:       16.8000	test_return_std:           5.2375

[INFO 02:58:26] my_main Recent Stats | t_env:     120000 | Episode:     1200
entropy_loss:              0.0025	ep_length_mean:          100.0000	episode_limit_mean:        1.0000	epsilon:                   0.0500
grad_norm:                 1.7446	healthy_machine_fraction_mean:  0.0384	loss:                      0.1897	mi_loss:                   0.0013
q_taken_mean:              0.1672	return_mean:              20.8420	return_median:            20.6000	return_std:                4.8945
target_mean:               0.1681	td_error_abs:              0.2850	test_ep_length_mean:     100.0000	test_episode_limit_mean:   1.0000
test_healthy_machine_fraction_mean:  0.0169	test_return_mean:         17.3562	test_return_median:       16.8000	test_return_std:           5.2375

[INFO 02:58:28] my_main Updated target network
[INFO 02:58:28] my_main t_env: 120100 / 2050000
[INFO 02:58:28] my_main Estimated time left: 15 hours, 18 minutes, 9 seconds. Time passed: 54 minutes, 18 seconds
[INFO 02:59:46] my_main Recent Stats | t_env:     122000 | Episode:     1220
entropy_loss:              0.0025	ep_length_mean:          100.0000	episode_limit_mean:        1.0000	epsilon:                   0.0500
grad_norm:                 1.7446	healthy_machine_fraction_mean:  0.0430	loss:                      0.1897	mi_loss:                   0.0013
q_taken_mean:              0.1672	return_mean:              23.6280	return_median:            23.1000	return_std:                5.4829
target_mean:               0.1681	td_error_abs:              0.2850	test_ep_length_mean:     100.0000	test_episode_limit_mean:   1.0000
test_healthy_machine_fraction_mean:  0.0144	test_return_mean:         19.8875	test_return_median:       19.0000	test_return_std:           6.1004

[INFO 03:00:37] my_main Recent Stats | t_env:     124000 | Episode:     1240
entropy_loss:              0.0023	ep_length_mean:          100.0000	episode_limit_mean:        1.0000	epsilon:                   0.0500
grad_norm:                 1.7355	healthy_machine_fraction_mean:  0.0430	loss:                      0.1963	mi_loss:                   0.0014
q_taken_mean:              0.1904	return_mean:              23.6280	return_median:            23.1000	return_std:                5.4829
target_mean:               0.1910	td_error_abs:              0.2971	test_ep_length_mean:     100.0000	test_episode_limit_mean:   1.0000
test_healthy_machine_fraction_mean:  0.0144	test_return_mean:         19.8875	test_return_median:       19.0000	test_return_std:           6.1004

[INFO 03:01:28] my_main Recent Stats | t_env:     126000 | Episode:     1260
entropy_loss:              0.0023	ep_length_mean:          100.0000	episode_limit_mean:        1.0000	epsilon:                   0.0500
grad_norm:                 1.7355	healthy_machine_fraction_mean:  0.0430	loss:                      0.1963	mi_loss:                   0.0014
q_taken_mean:              0.1904	return_mean:              23.6280	return_median:            23.1000	return_std:                5.4829
target_mean:               0.1910	td_error_abs:              0.2971	test_ep_length_mean:     100.0000	test_episode_limit_mean:   1.0000
test_healthy_machine_fraction_mean:  0.0144	test_return_mean:         19.8875	test_return_median:       19.0000	test_return_std:           6.1004

[INFO 03:02:19] my_main Recent Stats | t_env:     128000 | Episode:     1280
entropy_loss:              0.0023	ep_length_mean:          100.0000	episode_limit_mean:        1.0000	epsilon:                   0.0500
grad_norm:                 1.7355	healthy_machine_fraction_mean:  0.0430	loss:                      0.1963	mi_loss:                   0.0014
q_taken_mean:              0.1904	return_mean:              23.6280	return_median:            23.1000	return_std:                5.4829
target_mean:               0.1910	td_error_abs:              0.2971	test_ep_length_mean:     100.0000	test_episode_limit_mean:   1.0000
test_healthy_machine_fraction_mean:  0.0144	test_return_mean:         19.8875	test_return_median:       19.0000	test_return_std:           6.1004

[INFO 03:03:10] my_main Recent Stats | t_env:     130000 | Episode:     1300
entropy_loss:              0.0023	ep_length_mean:          100.0000	episode_limit_mean:        1.0000	epsilon:                   0.0500
grad_norm:                 1.7355	healthy_machine_fraction_mean:  0.0430	loss:                      0.1963	mi_loss:                   0.0014
q_taken_mean:              0.1904	return_mean:              23.6280	return_median:            23.1000	return_std:                5.4829
target_mean:               0.1910	td_error_abs:              0.2971	test_ep_length_mean:     100.0000	test_episode_limit_mean:   1.0000
test_healthy_machine_fraction_mean:  0.0144	test_return_mean:         19.8875	test_return_median:       19.0000	test_return_std:           6.1004

[INFO 03:03:13] my_main t_env: 130100 / 2050000
[INFO 03:03:13] my_main Estimated time left: 15 hours, 10 minutes, 10 seconds. Time passed: 59 minutes, 3 seconds
[INFO 03:04:31] my_main Recent Stats | t_env:     132000 | Episode:     1320
entropy_loss:              0.0023	ep_length_mean:          100.0000	episode_limit_mean:        1.0000	epsilon:                   0.0500
grad_norm:                 1.7355	healthy_machine_fraction_mean:  0.0528	loss:                      0.1963	mi_loss:                   0.0014
q_taken_mean:              0.1904	return_mean:              27.1160	return_median:            26.7000	return_std:                6.0032
target_mean:               0.1910	td_error_abs:              0.2971	test_ep_length_mean:     100.0000	test_episode_limit_mean:   1.0000
test_healthy_machine_fraction_mean:  0.0125	test_return_mean:         23.0938	test_return_median:       22.4000	test_return_std:           7.5944

[INFO 03:05:22] my_main Recent Stats | t_env:     134000 | Episode:     1340
entropy_loss:              0.0021	ep_length_mean:          100.0000	episode_limit_mean:        1.0000	epsilon:                   0.0500
grad_norm:                 1.2596	healthy_machine_fraction_mean:  0.0528	loss:                      0.1950	mi_loss:                   0.0016
q_taken_mean:              0.2120	return_mean:              27.1160	return_median:            26.7000	return_std:                6.0032
target_mean:               0.2085	td_error_abs:              0.3063	test_ep_length_mean:     100.0000	test_episode_limit_mean:   1.0000
test_healthy_machine_fraction_mean:  0.0125	test_return_mean:         23.0938	test_return_median:       22.4000	test_return_std:           7.5944

[INFO 03:06:14] my_main Recent Stats | t_env:     136000 | Episode:     1360
entropy_loss:              0.0021	ep_length_mean:          100.0000	episode_limit_mean:        1.0000	epsilon:                   0.0500
grad_norm:                 1.2596	healthy_machine_fraction_mean:  0.0528	loss:                      0.1950	mi_loss:                   0.0016
q_taken_mean:              0.2120	return_mean:              27.1160	return_median:            26.7000	return_std:                6.0032
target_mean:               0.2085	td_error_abs:              0.3063	test_ep_length_mean:     100.0000	test_episode_limit_mean:   1.0000
test_healthy_machine_fraction_mean:  0.0125	test_return_mean:         23.0938	test_return_median:       22.4000	test_return_std:           7.5944

[INFO 03:07:04] my_main Recent Stats | t_env:     138000 | Episode:     1380
entropy_loss:              0.0021	ep_length_mean:          100.0000	episode_limit_mean:        1.0000	epsilon:                   0.0500
grad_norm:                 1.2596	healthy_machine_fraction_mean:  0.0528	loss:                      0.1950	mi_loss:                   0.0016
q_taken_mean:              0.2120	return_mean:              27.1160	return_median:            26.7000	return_std:                6.0032
target_mean:               0.2085	td_error_abs:              0.3063	test_ep_length_mean:     100.0000	test_episode_limit_mean:   1.0000
test_healthy_machine_fraction_mean:  0.0125	test_return_mean:         23.0938	test_return_median:       22.4000	test_return_std:           7.5944

[INFO 03:07:55] my_main Recent Stats | t_env:     140000 | Episode:     1400
entropy_loss:              0.0021	ep_length_mean:          100.0000	episode_limit_mean:        1.0000	epsilon:                   0.0500
grad_norm:                 1.2596	healthy_machine_fraction_mean:  0.0528	loss:                      0.1950	mi_loss:                   0.0016
q_taken_mean:              0.2120	return_mean:              27.1160	return_median:            26.7000	return_std:                6.0032
target_mean:               0.2085	td_error_abs:              0.3063	test_ep_length_mean:     100.0000	test_episode_limit_mean:   1.0000
test_healthy_machine_fraction_mean:  0.0125	test_return_mean:         23.0938	test_return_median:       22.4000	test_return_std:           7.5944

[INFO 03:07:58] my_main Updated target network
[INFO 03:07:58] my_main t_env: 140100 / 2050000
[INFO 03:07:58] my_main Estimated time left: 15 hours, 6 minutes, 56 seconds. Time passed: 1 hours, 3 minutes, 48 seconds
[INFO 03:09:16] my_main Recent Stats | t_env:     142000 | Episode:     1420
entropy_loss:              0.0021	ep_length_mean:          100.0000	episode_limit_mean:        1.0000	epsilon:                   0.0500
grad_norm:                 1.2596	healthy_machine_fraction_mean:  0.0636	loss:                      0.1950	mi_loss:                   0.0016
q_taken_mean:              0.2120	return_mean:              30.1340	return_median:            29.7000	return_std:                6.3592
target_mean:               0.2085	td_error_abs:              0.3063	test_ep_length_mean:     100.0000	test_episode_limit_mean:   1.0000
test_healthy_machine_fraction_mean:  0.0150	test_return_mean:         25.5000	test_return_median:       24.8000	test_return_std:           8.2366

[INFO 03:10:07] my_main Recent Stats | t_env:     144000 | Episode:     1440
entropy_loss:              0.0020	ep_length_mean:          100.0000	episode_limit_mean:        1.0000	epsilon:                   0.0500
grad_norm:                 1.4558	healthy_machine_fraction_mean:  0.0636	loss:                      0.1999	mi_loss:                   0.0017
q_taken_mean:              0.2390	return_mean:              30.1340	return_median:            29.7000	return_std:                6.3592
target_mean:               0.2365	td_error_abs:              0.3158	test_ep_length_mean:     100.0000	test_episode_limit_mean:   1.0000
test_healthy_machine_fraction_mean:  0.0150	test_return_mean:         25.5000	test_return_median:       24.8000	test_return_std:           8.2366

[INFO 03:10:59] my_main Recent Stats | t_env:     146000 | Episode:     1460
entropy_loss:              0.0020	ep_length_mean:          100.0000	episode_limit_mean:        1.0000	epsilon:                   0.0500
grad_norm:                 1.4558	healthy_machine_fraction_mean:  0.0636	loss:                      0.1999	mi_loss:                   0.0017
q_taken_mean:              0.2390	return_mean:              30.1340	return_median:            29.7000	return_std:                6.3592
target_mean:               0.2365	td_error_abs:              0.3158	test_ep_length_mean:     100.0000	test_episode_limit_mean:   1.0000
test_healthy_machine_fraction_mean:  0.0150	test_return_mean:         25.5000	test_return_median:       24.8000	test_return_std:           8.2366

[INFO 03:11:50] my_main Recent Stats | t_env:     148000 | Episode:     1480
entropy_loss:              0.0020	ep_length_mean:          100.0000	episode_limit_mean:        1.0000	epsilon:                   0.0500
grad_norm:                 1.4558	healthy_machine_fraction_mean:  0.0636	loss:                      0.1999	mi_loss:                   0.0017
q_taken_mean:              0.2390	return_mean:              30.1340	return_median:            29.7000	return_std:                6.3592
target_mean:               0.2365	td_error_abs:              0.3158	test_ep_length_mean:     100.0000	test_episode_limit_mean:   1.0000
test_healthy_machine_fraction_mean:  0.0150	test_return_mean:         25.5000	test_return_median:       24.8000	test_return_std:           8.2366

[INFO 03:12:41] my_main Recent Stats | t_env:     150000 | Episode:     1500
entropy_loss:              0.0020	ep_length_mean:          100.0000	episode_limit_mean:        1.0000	epsilon:                   0.0500
grad_norm:                 1.4558	healthy_machine_fraction_mean:  0.0636	loss:                      0.1999	mi_loss:                   0.0017
q_taken_mean:              0.2390	return_mean:              30.1340	return_median:            29.7000	return_std:                6.3592
target_mean:               0.2365	td_error_abs:              0.3158	test_ep_length_mean:     100.0000	test_episode_limit_mean:   1.0000
test_healthy_machine_fraction_mean:  0.0150	test_return_mean:         25.5000	test_return_median:       24.8000	test_return_std:           8.2366

[INFO 03:12:44] my_main t_env: 150100 / 2050000
[INFO 03:12:44] my_main Estimated time left: 15 hours, 5 minutes, 44 seconds. Time passed: 1 hours, 8 minutes, 34 seconds
[INFO 03:14:02] my_main Recent Stats | t_env:     152000 | Episode:     1520
entropy_loss:              0.0020	ep_length_mean:          100.0000	episode_limit_mean:        1.0000	epsilon:                   0.0500
grad_norm:                 1.4558	healthy_machine_fraction_mean:  0.0760	loss:                      0.1999	mi_loss:                   0.0017
q_taken_mean:              0.2390	return_mean:              32.9520	return_median:            32.5000	return_std:                6.8280
target_mean:               0.2365	td_error_abs:              0.3158	test_ep_length_mean:     100.0000	test_episode_limit_mean:   1.0000
test_healthy_machine_fraction_mean:  0.0194	test_return_mean:         27.7937	test_return_median:       27.3000	test_return_std:           8.7573

[INFO 03:14:54] my_main Recent Stats | t_env:     154000 | Episode:     1540
entropy_loss:              0.0020	ep_length_mean:          100.0000	episode_limit_mean:        1.0000	epsilon:                   0.0500
grad_norm:                 1.9689	healthy_machine_fraction_mean:  0.0760	loss:                      0.2123	mi_loss:                   0.0018
q_taken_mean:              0.2640	return_mean:              32.9520	return_median:            32.5000	return_std:                6.8280
target_mean:               0.2603	td_error_abs:              0.3295	test_ep_length_mean:     100.0000	test_episode_limit_mean:   1.0000
test_healthy_machine_fraction_mean:  0.0194	test_return_mean:         27.7937	test_return_median:       27.3000	test_return_std:           8.7573

[INFO 03:15:44] my_main Recent Stats | t_env:     156000 | Episode:     1560
entropy_loss:              0.0020	ep_length_mean:          100.0000	episode_limit_mean:        1.0000	epsilon:                   0.0500
grad_norm:                 1.9689	healthy_machine_fraction_mean:  0.0760	loss:                      0.2123	mi_loss:                   0.0018
q_taken_mean:              0.2640	return_mean:              32.9520	return_median:            32.5000	return_std:                6.8280
target_mean:               0.2603	td_error_abs:              0.3295	test_ep_length_mean:     100.0000	test_episode_limit_mean:   1.0000
test_healthy_machine_fraction_mean:  0.0194	test_return_mean:         27.7937	test_return_median:       27.3000	test_return_std:           8.7573

[INFO 03:16:32] my_main Recent Stats | t_env:     158000 | Episode:     1580
entropy_loss:              0.0020	ep_length_mean:          100.0000	episode_limit_mean:        1.0000	epsilon:                   0.0500
grad_norm:                 1.9689	healthy_machine_fraction_mean:  0.0760	loss:                      0.2123	mi_loss:                   0.0018
q_taken_mean:              0.2640	return_mean:              32.9520	return_median:            32.5000	return_std:                6.8280
target_mean:               0.2603	td_error_abs:              0.3295	test_ep_length_mean:     100.0000	test_episode_limit_mean:   1.0000
test_healthy_machine_fraction_mean:  0.0194	test_return_mean:         27.7937	test_return_median:       27.3000	test_return_std:           8.7573

[INFO 03:17:22] my_main Recent Stats | t_env:     160000 | Episode:     1600
entropy_loss:              0.0020	ep_length_mean:          100.0000	episode_limit_mean:        1.0000	epsilon:                   0.0500
grad_norm:                 1.9689	healthy_machine_fraction_mean:  0.0760	loss:                      0.2123	mi_loss:                   0.0018
q_taken_mean:              0.2640	return_mean:              32.9520	return_median:            32.5000	return_std:                6.8280
target_mean:               0.2603	td_error_abs:              0.3295	test_ep_length_mean:     100.0000	test_episode_limit_mean:   1.0000
test_healthy_machine_fraction_mean:  0.0194	test_return_mean:         27.7937	test_return_median:       27.3000	test_return_std:           8.7573

[INFO 03:17:24] my_main Updated target network
[INFO 03:17:24] my_main t_env: 160100 / 2050000
[INFO 03:17:24] my_main Estimated time left: 14 hours, 44 minutes, 23 seconds. Time passed: 1 hours, 13 minutes, 15 seconds
[INFO 03:18:43] my_main Recent Stats | t_env:     162000 | Episode:     1620
entropy_loss:              0.0020	ep_length_mean:          100.0000	episode_limit_mean:        1.0000	epsilon:                   0.0500
grad_norm:                 1.9689	healthy_machine_fraction_mean:  0.0808	loss:                      0.2123	mi_loss:                   0.0018
q_taken_mean:              0.2640	return_mean:              34.9800	return_median:            34.5000	return_std:                7.1256
target_mean:               0.2603	td_error_abs:              0.3295	test_ep_length_mean:     100.0000	test_episode_limit_mean:   1.0000
test_healthy_machine_fraction_mean:  0.0194	test_return_mean:         28.9312	test_return_median:       28.0000	test_return_std:           9.7788

[INFO 03:19:34] my_main Recent Stats | t_env:     164000 | Episode:     1640
entropy_loss:              0.0019	ep_length_mean:          100.0000	episode_limit_mean:        1.0000	epsilon:                   0.0500
grad_norm:                 2.5203	healthy_machine_fraction_mean:  0.0808	loss:                      0.2348	mi_loss:                   0.0020
q_taken_mean:              0.2950	return_mean:              34.9800	return_median:            34.5000	return_std:                7.1256
target_mean:               0.2983	td_error_abs:              0.3382	test_ep_length_mean:     100.0000	test_episode_limit_mean:   1.0000
test_healthy_machine_fraction_mean:  0.0194	test_return_mean:         28.9312	test_return_median:       28.0000	test_return_std:           9.7788

[INFO 03:20:24] my_main Recent Stats | t_env:     166000 | Episode:     1660
entropy_loss:              0.0019	ep_length_mean:          100.0000	episode_limit_mean:        1.0000	epsilon:                   0.0500
grad_norm:                 2.5203	healthy_machine_fraction_mean:  0.0808	loss:                      0.2348	mi_loss:                   0.0020
q_taken_mean:              0.2950	return_mean:              34.9800	return_median:            34.5000	return_std:                7.1256
target_mean:               0.2983	td_error_abs:              0.3382	test_ep_length_mean:     100.0000	test_episode_limit_mean:   1.0000
test_healthy_machine_fraction_mean:  0.0194	test_return_mean:         28.9312	test_return_median:       28.0000	test_return_std:           9.7788

[INFO 03:21:15] my_main Recent Stats | t_env:     168000 | Episode:     1680
entropy_loss:              0.0019	ep_length_mean:          100.0000	episode_limit_mean:        1.0000	epsilon:                   0.0500
grad_norm:                 2.5203	healthy_machine_fraction_mean:  0.0808	loss:                      0.2348	mi_loss:                   0.0020
q_taken_mean:              0.2950	return_mean:              34.9800	return_median:            34.5000	return_std:                7.1256
target_mean:               0.2983	td_error_abs:              0.3382	test_ep_length_mean:     100.0000	test_episode_limit_mean:   1.0000
test_healthy_machine_fraction_mean:  0.0194	test_return_mean:         28.9312	test_return_median:       28.0000	test_return_std:           9.7788

[INFO 03:22:06] my_main Recent Stats | t_env:     170000 | Episode:     1700
entropy_loss:              0.0019	ep_length_mean:          100.0000	episode_limit_mean:        1.0000	epsilon:                   0.0500
grad_norm:                 2.5203	healthy_machine_fraction_mean:  0.0808	loss:                      0.2348	mi_loss:                   0.0020
q_taken_mean:              0.2950	return_mean:              34.9800	return_median:            34.5000	return_std:                7.1256
target_mean:               0.2983	td_error_abs:              0.3382	test_ep_length_mean:     100.0000	test_episode_limit_mean:   1.0000
test_healthy_machine_fraction_mean:  0.0194	test_return_mean:         28.9312	test_return_median:       28.0000	test_return_std:           9.7788

[INFO 03:22:09] my_main t_env: 170100 / 2050000
[INFO 03:22:09] my_main Estimated time left: 14 hours, 51 minutes, 29 seconds. Time passed: 1 hours, 17 minutes, 59 seconds
[INFO 03:23:27] my_main Recent Stats | t_env:     172000 | Episode:     1720
entropy_loss:              0.0019	ep_length_mean:          100.0000	episode_limit_mean:        1.0000	epsilon:                   0.0500
grad_norm:                 2.5203	healthy_machine_fraction_mean:  0.0890	loss:                      0.2348	mi_loss:                   0.0020
q_taken_mean:              0.2950	return_mean:              37.4720	return_median:            37.0000	return_std:                7.1915
target_mean:               0.2983	td_error_abs:              0.3382	test_ep_length_mean:     100.0000	test_episode_limit_mean:   1.0000
test_healthy_machine_fraction_mean:  0.0344	test_return_mean:         33.4000	test_return_median:       32.9000	test_return_std:          10.1963

[INFO 03:24:18] my_main Recent Stats | t_env:     174000 | Episode:     1740
entropy_loss:              0.0019	ep_length_mean:          100.0000	episode_limit_mean:        1.0000	epsilon:                   0.0500
grad_norm:                 3.3676	healthy_machine_fraction_mean:  0.0890	loss:                      0.2571	mi_loss:                   0.0021
q_taken_mean:              0.3341	return_mean:              37.4720	return_median:            37.0000	return_std:                7.1915
target_mean:               0.3323	td_error_abs:              0.3655	test_ep_length_mean:     100.0000	test_episode_limit_mean:   1.0000
test_healthy_machine_fraction_mean:  0.0344	test_return_mean:         33.4000	test_return_median:       32.9000	test_return_std:          10.1963

[INFO 03:25:09] my_main Recent Stats | t_env:     176000 | Episode:     1760
entropy_loss:              0.0019	ep_length_mean:          100.0000	episode_limit_mean:        1.0000	epsilon:                   0.0500
grad_norm:                 3.3676	healthy_machine_fraction_mean:  0.0890	loss:                      0.2571	mi_loss:                   0.0021
q_taken_mean:              0.3341	return_mean:              37.4720	return_median:            37.0000	return_std:                7.1915
target_mean:               0.3323	td_error_abs:              0.3655	test_ep_length_mean:     100.0000	test_episode_limit_mean:   1.0000
test_healthy_machine_fraction_mean:  0.0344	test_return_mean:         33.4000	test_return_median:       32.9000	test_return_std:          10.1963

[INFO 03:26:00] my_main Recent Stats | t_env:     178000 | Episode:     1780
entropy_loss:              0.0019	ep_length_mean:          100.0000	episode_limit_mean:        1.0000	epsilon:                   0.0500
grad_norm:                 3.3676	healthy_machine_fraction_mean:  0.0890	loss:                      0.2571	mi_loss:                   0.0021
q_taken_mean:              0.3341	return_mean:              37.4720	return_median:            37.0000	return_std:                7.1915
target_mean:               0.3323	td_error_abs:              0.3655	test_ep_length_mean:     100.0000	test_episode_limit_mean:   1.0000
test_healthy_machine_fraction_mean:  0.0344	test_return_mean:         33.4000	test_return_median:       32.9000	test_return_std:          10.1963

[INFO 03:26:52] my_main Recent Stats | t_env:     180000 | Episode:     1800
entropy_loss:              0.0019	ep_length_mean:          100.0000	episode_limit_mean:        1.0000	epsilon:                   0.0500
grad_norm:                 3.3676	healthy_machine_fraction_mean:  0.0890	loss:                      0.2571	mi_loss:                   0.0021
q_taken_mean:              0.3341	return_mean:              37.4720	return_median:            37.0000	return_std:                7.1915
target_mean:               0.3323	td_error_abs:              0.3655	test_ep_length_mean:     100.0000	test_episode_limit_mean:   1.0000
test_healthy_machine_fraction_mean:  0.0344	test_return_mean:         33.4000	test_return_median:       32.9000	test_return_std:          10.1963

[INFO 03:26:54] my_main Updated target network
[INFO 03:26:54] my_main t_env: 180100 / 2050000
[INFO 03:26:54] my_main Estimated time left: 14 hours, 49 minutes, 33 seconds. Time passed: 1 hours, 22 minutes, 45 seconds
[INFO 03:28:13] my_main Recent Stats | t_env:     182000 | Episode:     1820
entropy_loss:              0.0019	ep_length_mean:          100.0000	episode_limit_mean:        1.0000	epsilon:                   0.0500
grad_norm:                 3.3676	healthy_machine_fraction_mean:  0.0960	loss:                      0.2571	mi_loss:                   0.0021
q_taken_mean:              0.3341	return_mean:              39.1480	return_median:            38.6000	return_std:                7.3036
target_mean:               0.3323	td_error_abs:              0.3655	test_ep_length_mean:     100.0000	test_episode_limit_mean:   1.0000
test_healthy_machine_fraction_mean:  0.0394	test_return_mean:         35.9250	test_return_median:       34.9000	test_return_std:          10.7172

[INFO 03:29:04] my_main Recent Stats | t_env:     184000 | Episode:     1840
entropy_loss:              0.0019	ep_length_mean:          100.0000	episode_limit_mean:        1.0000	epsilon:                   0.0500
grad_norm:                 4.2337	healthy_machine_fraction_mean:  0.0960	loss:                      0.2688	mi_loss:                   0.0022
q_taken_mean:              0.3705	return_mean:              39.1480	return_median:            38.6000	return_std:                7.3036
target_mean:               0.3726	td_error_abs:              0.3744	test_ep_length_mean:     100.0000	test_episode_limit_mean:   1.0000
test_healthy_machine_fraction_mean:  0.0394	test_return_mean:         35.9250	test_return_median:       34.9000	test_return_std:          10.7172

[INFO 03:29:55] my_main Recent Stats | t_env:     186000 | Episode:     1860
entropy_loss:              0.0019	ep_length_mean:          100.0000	episode_limit_mean:        1.0000	epsilon:                   0.0500
grad_norm:                 4.2337	healthy_machine_fraction_mean:  0.0960	loss:                      0.2688	mi_loss:                   0.0022
q_taken_mean:              0.3705	return_mean:              39.1480	return_median:            38.6000	return_std:                7.3036
target_mean:               0.3726	td_error_abs:              0.3744	test_ep_length_mean:     100.0000	test_episode_limit_mean:   1.0000
test_healthy_machine_fraction_mean:  0.0394	test_return_mean:         35.9250	test_return_median:       34.9000	test_return_std:          10.7172

[INFO 03:30:46] my_main Recent Stats | t_env:     188000 | Episode:     1880
entropy_loss:              0.0019	ep_length_mean:          100.0000	episode_limit_mean:        1.0000	epsilon:                   0.0500
grad_norm:                 4.2337	healthy_machine_fraction_mean:  0.0960	loss:                      0.2688	mi_loss:                   0.0022
q_taken_mean:              0.3705	return_mean:              39.1480	return_median:            38.6000	return_std:                7.3036
target_mean:               0.3726	td_error_abs:              0.3744	test_ep_length_mean:     100.0000	test_episode_limit_mean:   1.0000
test_healthy_machine_fraction_mean:  0.0394	test_return_mean:         35.9250	test_return_median:       34.9000	test_return_std:          10.7172

[INFO 03:31:37] my_main Recent Stats | t_env:     190000 | Episode:     1900
entropy_loss:              0.0019	ep_length_mean:          100.0000	episode_limit_mean:        1.0000	epsilon:                   0.0500
grad_norm:                 4.2337	healthy_machine_fraction_mean:  0.0960	loss:                      0.2688	mi_loss:                   0.0022
q_taken_mean:              0.3705	return_mean:              39.1480	return_median:            38.6000	return_std:                7.3036
target_mean:               0.3726	td_error_abs:              0.3744	test_ep_length_mean:     100.0000	test_episode_limit_mean:   1.0000
test_healthy_machine_fraction_mean:  0.0394	test_return_mean:         35.9250	test_return_median:       34.9000	test_return_std:          10.7172

[INFO 03:31:39] my_main t_env: 190100 / 2050000
[INFO 03:31:39] my_main Estimated time left: 14 hours, 43 minutes, 15 seconds. Time passed: 1 hours, 27 minutes, 30 seconds
[INFO 03:32:57] my_main Recent Stats | t_env:     192000 | Episode:     1920
entropy_loss:              0.0019	ep_length_mean:          100.0000	episode_limit_mean:        1.0000	epsilon:                   0.0500
grad_norm:                 4.2337	healthy_machine_fraction_mean:  0.1030	loss:                      0.2688	mi_loss:                   0.0022
q_taken_mean:              0.3705	return_mean:              40.8680	return_median:            40.8000	return_std:                7.2026
target_mean:               0.3726	td_error_abs:              0.3744	test_ep_length_mean:     100.0000	test_episode_limit_mean:   1.0000
test_healthy_machine_fraction_mean:  0.0431	test_return_mean:         38.4562	test_return_median:       37.2000	test_return_std:          11.4013

[INFO 03:33:49] my_main Recent Stats | t_env:     194000 | Episode:     1940
entropy_loss:              0.0020	ep_length_mean:          100.0000	episode_limit_mean:        1.0000	epsilon:                   0.0500
grad_norm:                 5.3623	healthy_machine_fraction_mean:  0.1030	loss:                      0.2902	mi_loss:                   0.0024
q_taken_mean:              0.3970	return_mean:              40.8680	return_median:            40.8000	return_std:                7.2026
target_mean:               0.4030	td_error_abs:              0.3891	test_ep_length_mean:     100.0000	test_episode_limit_mean:   1.0000
test_healthy_machine_fraction_mean:  0.0431	test_return_mean:         38.4562	test_return_median:       37.2000	test_return_std:          11.4013

[INFO 03:34:40] my_main Recent Stats | t_env:     196000 | Episode:     1960
entropy_loss:              0.0020	ep_length_mean:          100.0000	episode_limit_mean:        1.0000	epsilon:                   0.0500
grad_norm:                 5.3623	healthy_machine_fraction_mean:  0.1030	loss:                      0.2902	mi_loss:                   0.0024
q_taken_mean:              0.3970	return_mean:              40.8680	return_median:            40.8000	return_std:                7.2026
target_mean:               0.4030	td_error_abs:              0.3891	test_ep_length_mean:     100.0000	test_episode_limit_mean:   1.0000
test_healthy_machine_fraction_mean:  0.0431	test_return_mean:         38.4562	test_return_median:       37.2000	test_return_std:          11.4013

[INFO 03:35:31] my_main Recent Stats | t_env:     198000 | Episode:     1980
entropy_loss:              0.0020	ep_length_mean:          100.0000	episode_limit_mean:        1.0000	epsilon:                   0.0500
grad_norm:                 5.3623	healthy_machine_fraction_mean:  0.1030	loss:                      0.2902	mi_loss:                   0.0024
q_taken_mean:              0.3970	return_mean:              40.8680	return_median:            40.8000	return_std:                7.2026
target_mean:               0.4030	td_error_abs:              0.3891	test_ep_length_mean:     100.0000	test_episode_limit_mean:   1.0000
test_healthy_machine_fraction_mean:  0.0431	test_return_mean:         38.4562	test_return_median:       37.2000	test_return_std:          11.4013

[INFO 03:36:22] my_main Recent Stats | t_env:     200000 | Episode:     2000
entropy_loss:              0.0020	ep_length_mean:          100.0000	episode_limit_mean:        1.0000	epsilon:                   0.0500
grad_norm:                 5.3623	healthy_machine_fraction_mean:  0.1030	loss:                      0.2902	mi_loss:                   0.0024
q_taken_mean:              0.3970	return_mean:              40.8680	return_median:            40.8000	return_std:                7.2026
target_mean:               0.4030	td_error_abs:              0.3891	test_ep_length_mean:     100.0000	test_episode_limit_mean:   1.0000
test_healthy_machine_fraction_mean:  0.0431	test_return_mean:         38.4562	test_return_median:       37.2000	test_return_std:          11.4013

[INFO 03:36:24] my_main Updated target network
[INFO 03:36:24] my_main t_env: 200100 / 2050000
[INFO 03:36:24] my_main Estimated time left: 14 hours, 38 minutes, 50 seconds. Time passed: 1 hours, 32 minutes, 15 seconds
[INFO 03:37:43] my_main Recent Stats | t_env:     202000 | Episode:     2020
entropy_loss:              0.0020	ep_length_mean:          100.0000	episode_limit_mean:        1.0000	epsilon:                   0.0500
grad_norm:                 5.3623	healthy_machine_fraction_mean:  0.1006	loss:                      0.2902	mi_loss:                   0.0024
q_taken_mean:              0.3970	return_mean:              42.3960	return_median:            42.6000	return_std:                7.2160
target_mean:               0.4030	td_error_abs:              0.3891	test_ep_length_mean:     100.0000	test_episode_limit_mean:   1.0000
test_healthy_machine_fraction_mean:  0.0437	test_return_mean:         38.7250	test_return_median:       37.4000	test_return_std:          11.1277

[INFO 03:38:34] my_main Recent Stats | t_env:     204000 | Episode:     2040
entropy_loss:              0.0020	ep_length_mean:          100.0000	episode_limit_mean:        1.0000	epsilon:                   0.0500
grad_norm:                 6.5177	healthy_machine_fraction_mean:  0.1006	loss:                      0.3231	mi_loss:                   0.0025
q_taken_mean:              0.4362	return_mean:              42.3960	return_median:            42.6000	return_std:                7.2160
target_mean:               0.4525	td_error_abs:              0.4055	test_ep_length_mean:     100.0000	test_episode_limit_mean:   1.0000
test_healthy_machine_fraction_mean:  0.0437	test_return_mean:         38.7250	test_return_median:       37.4000	test_return_std:          11.1277

[INFO 03:39:25] my_main Recent Stats | t_env:     206000 | Episode:     2060
entropy_loss:              0.0020	ep_length_mean:          100.0000	episode_limit_mean:        1.0000	epsilon:                   0.0500
grad_norm:                 6.5177	healthy_machine_fraction_mean:  0.1006	loss:                      0.3231	mi_loss:                   0.0025
q_taken_mean:              0.4362	return_mean:              42.3960	return_median:            42.6000	return_std:                7.2160
target_mean:               0.4525	td_error_abs:              0.4055	test_ep_length_mean:     100.0000	test_episode_limit_mean:   1.0000
test_healthy_machine_fraction_mean:  0.0437	test_return_mean:         38.7250	test_return_median:       37.4000	test_return_std:          11.1277

[INFO 03:40:17] my_main Recent Stats | t_env:     208000 | Episode:     2080
entropy_loss:              0.0020	ep_length_mean:          100.0000	episode_limit_mean:        1.0000	epsilon:                   0.0500
grad_norm:                 6.5177	healthy_machine_fraction_mean:  0.1006	loss:                      0.3231	mi_loss:                   0.0025
q_taken_mean:              0.4362	return_mean:              42.3960	return_median:            42.6000	return_std:                7.2160
target_mean:               0.4525	td_error_abs:              0.4055	test_ep_length_mean:     100.0000	test_episode_limit_mean:   1.0000
test_healthy_machine_fraction_mean:  0.0437	test_return_mean:         38.7250	test_return_median:       37.4000	test_return_std:          11.1277

[INFO 03:41:08] my_main Recent Stats | t_env:     210000 | Episode:     2100
entropy_loss:              0.0020	ep_length_mean:          100.0000	episode_limit_mean:        1.0000	epsilon:                   0.0500
grad_norm:                 6.5177	healthy_machine_fraction_mean:  0.1006	loss:                      0.3231	mi_loss:                   0.0025
q_taken_mean:              0.4362	return_mean:              42.3960	return_median:            42.6000	return_std:                7.2160
target_mean:               0.4525	td_error_abs:              0.4055	test_ep_length_mean:     100.0000	test_episode_limit_mean:   1.0000
test_healthy_machine_fraction_mean:  0.0437	test_return_mean:         38.7250	test_return_median:       37.4000	test_return_std:          11.1277

[INFO 03:41:10] my_main t_env: 210100 / 2050000
[INFO 03:41:10] my_main Estimated time left: 14 hours, 36 minutes, 43 seconds. Time passed: 1 hours, 37 minutes, 0 seconds
[INFO 03:42:29] my_main Recent Stats | t_env:     212000 | Episode:     2120
entropy_loss:              0.0020	ep_length_mean:          100.0000	episode_limit_mean:        1.0000	epsilon:                   0.0500
grad_norm:                 6.5177	healthy_machine_fraction_mean:  0.1206	loss:                      0.3231	mi_loss:                   0.0025
q_taken_mean:              0.4362	return_mean:              44.2600	return_median:            44.7000	return_std:                7.0564
target_mean:               0.4525	td_error_abs:              0.4055	test_ep_length_mean:     100.0000	test_episode_limit_mean:   1.0000
test_healthy_machine_fraction_mean:  0.0600	test_return_mean:         43.1313	test_return_median:       42.7000	test_return_std:          11.2604

[INFO 03:43:19] my_main Recent Stats | t_env:     214000 | Episode:     2140
entropy_loss:              0.0021	ep_length_mean:          100.0000	episode_limit_mean:        1.0000	epsilon:                   0.0500
grad_norm:                 7.2533	healthy_machine_fraction_mean:  0.1206	loss:                      0.3443	mi_loss:                   0.0027
q_taken_mean:              0.4763	return_mean:              44.2600	return_median:            44.7000	return_std:                7.0564
target_mean:               0.4939	td_error_abs:              0.4223	test_ep_length_mean:     100.0000	test_episode_limit_mean:   1.0000
test_healthy_machine_fraction_mean:  0.0600	test_return_mean:         43.1313	test_return_median:       42.7000	test_return_std:          11.2604

[INFO 03:44:11] my_main Recent Stats | t_env:     216000 | Episode:     2160
entropy_loss:              0.0021	ep_length_mean:          100.0000	episode_limit_mean:        1.0000	epsilon:                   0.0500
grad_norm:                 7.2533	healthy_machine_fraction_mean:  0.1206	loss:                      0.3443	mi_loss:                   0.0027
q_taken_mean:              0.4763	return_mean:              44.2600	return_median:            44.7000	return_std:                7.0564
target_mean:               0.4939	td_error_abs:              0.4223	test_ep_length_mean:     100.0000	test_episode_limit_mean:   1.0000
test_healthy_machine_fraction_mean:  0.0600	test_return_mean:         43.1313	test_return_median:       42.7000	test_return_std:          11.2604

[INFO 03:45:02] my_main Recent Stats | t_env:     218000 | Episode:     2180
entropy_loss:              0.0021	ep_length_mean:          100.0000	episode_limit_mean:        1.0000	epsilon:                   0.0500
grad_norm:                 7.2533	healthy_machine_fraction_mean:  0.1206	loss:                      0.3443	mi_loss:                   0.0027
q_taken_mean:              0.4763	return_mean:              44.2600	return_median:            44.7000	return_std:                7.0564
target_mean:               0.4939	td_error_abs:              0.4223	test_ep_length_mean:     100.0000	test_episode_limit_mean:   1.0000
test_healthy_machine_fraction_mean:  0.0600	test_return_mean:         43.1313	test_return_median:       42.7000	test_return_std:          11.2604

[INFO 03:45:53] my_main Recent Stats | t_env:     220000 | Episode:     2200
entropy_loss:              0.0021	ep_length_mean:          100.0000	episode_limit_mean:        1.0000	epsilon:                   0.0500
grad_norm:                 7.2533	healthy_machine_fraction_mean:  0.1206	loss:                      0.3443	mi_loss:                   0.0027
q_taken_mean:              0.4763	return_mean:              44.2600	return_median:            44.7000	return_std:                7.0564
target_mean:               0.4939	td_error_abs:              0.4223	test_ep_length_mean:     100.0000	test_episode_limit_mean:   1.0000
test_healthy_machine_fraction_mean:  0.0600	test_return_mean:         43.1313	test_return_median:       42.7000	test_return_std:          11.2604

[INFO 03:45:55] my_main Updated target network
[INFO 03:45:55] my_main t_env: 220100 / 2050000
[INFO 03:45:55] my_main Estimated time left: 14 hours, 28 minutes, 34 seconds. Time passed: 1 hours, 41 minutes, 45 seconds
[INFO 03:47:13] my_main Recent Stats | t_env:     222000 | Episode:     2220
entropy_loss:              0.0021	ep_length_mean:          100.0000	episode_limit_mean:        1.0000	epsilon:                   0.0500
grad_norm:                 7.2533	healthy_machine_fraction_mean:  0.1236	loss:                      0.3443	mi_loss:                   0.0027
q_taken_mean:              0.4763	return_mean:              45.4380	return_median:            46.1000	return_std:                7.0201
target_mean:               0.4939	td_error_abs:              0.4223	test_ep_length_mean:     100.0000	test_episode_limit_mean:   1.0000
test_healthy_machine_fraction_mean:  0.0556	test_return_mean:         43.9875	test_return_median:       43.9000	test_return_std:          11.0647

[INFO 03:48:05] my_main Recent Stats | t_env:     224000 | Episode:     2240
entropy_loss:              0.0022	ep_length_mean:          100.0000	episode_limit_mean:        1.0000	epsilon:                   0.0500
grad_norm:                 7.0903	healthy_machine_fraction_mean:  0.1236	loss:                      0.3365	mi_loss:                   0.0028
q_taken_mean:              0.5122	return_mean:              45.4380	return_median:            46.1000	return_std:                7.0201
target_mean:               0.5362	td_error_abs:              0.4134	test_ep_length_mean:     100.0000	test_episode_limit_mean:   1.0000
test_healthy_machine_fraction_mean:  0.0556	test_return_mean:         43.9875	test_return_median:       43.9000	test_return_std:          11.0647

[INFO 03:48:56] my_main Recent Stats | t_env:     226000 | Episode:     2260
entropy_loss:              0.0022	ep_length_mean:          100.0000	episode_limit_mean:        1.0000	epsilon:                   0.0500
grad_norm:                 7.0903	healthy_machine_fraction_mean:  0.1236	loss:                      0.3365	mi_loss:                   0.0028
q_taken_mean:              0.5122	return_mean:              45.4380	return_median:            46.1000	return_std:                7.0201
target_mean:               0.5362	td_error_abs:              0.4134	test_ep_length_mean:     100.0000	test_episode_limit_mean:   1.0000
test_healthy_machine_fraction_mean:  0.0556	test_return_mean:         43.9875	test_return_median:       43.9000	test_return_std:          11.0647

[INFO 03:49:47] my_main Recent Stats | t_env:     228000 | Episode:     2280
entropy_loss:              0.0022	ep_length_mean:          100.0000	episode_limit_mean:        1.0000	epsilon:                   0.0500
grad_norm:                 7.0903	healthy_machine_fraction_mean:  0.1236	loss:                      0.3365	mi_loss:                   0.0028
q_taken_mean:              0.5122	return_mean:              45.4380	return_median:            46.1000	return_std:                7.0201
target_mean:               0.5362	td_error_abs:              0.4134	test_ep_length_mean:     100.0000	test_episode_limit_mean:   1.0000
test_healthy_machine_fraction_mean:  0.0556	test_return_mean:         43.9875	test_return_median:       43.9000	test_return_std:          11.0647

[INFO 03:50:38] my_main Recent Stats | t_env:     230000 | Episode:     2300
entropy_loss:              0.0022	ep_length_mean:          100.0000	episode_limit_mean:        1.0000	epsilon:                   0.0500
grad_norm:                 7.0903	healthy_machine_fraction_mean:  0.1236	loss:                      0.3365	mi_loss:                   0.0028
q_taken_mean:              0.5122	return_mean:              45.4380	return_median:            46.1000	return_std:                7.0201
target_mean:               0.5362	td_error_abs:              0.4134	test_ep_length_mean:     100.0000	test_episode_limit_mean:   1.0000
test_healthy_machine_fraction_mean:  0.0556	test_return_mean:         43.9875	test_return_median:       43.9000	test_return_std:          11.0647

[INFO 03:50:41] my_main t_env: 230100 / 2050000
[INFO 03:50:41] my_main Estimated time left: 14 hours, 26 minutes, 57 seconds. Time passed: 1 hours, 46 minutes, 31 seconds
[INFO 03:51:59] my_main Recent Stats | t_env:     232000 | Episode:     2320
entropy_loss:              0.0022	ep_length_mean:          100.0000	episode_limit_mean:        1.0000	epsilon:                   0.0500
grad_norm:                 7.0903	healthy_machine_fraction_mean:  0.1394	loss:                      0.3365	mi_loss:                   0.0028
q_taken_mean:              0.5122	return_mean:              47.6740	return_median:            48.3000	return_std:                7.0447
target_mean:               0.5362	td_error_abs:              0.4134	test_ep_length_mean:     100.0000	test_episode_limit_mean:   1.0000
test_healthy_machine_fraction_mean:  0.0956	test_return_mean:         48.1875	test_return_median:       48.5000	test_return_std:           9.9100

[INFO 03:52:50] my_main Recent Stats | t_env:     234000 | Episode:     2340
entropy_loss:              0.0023	ep_length_mean:          100.0000	episode_limit_mean:        1.0000	epsilon:                   0.0500
grad_norm:                 7.2927	healthy_machine_fraction_mean:  0.1394	loss:                      0.3307	mi_loss:                   0.0029
q_taken_mean:              0.5517	return_mean:              47.6740	return_median:            48.3000	return_std:                7.0447
target_mean:               0.5687	td_error_abs:              0.4161	test_ep_length_mean:     100.0000	test_episode_limit_mean:   1.0000
test_healthy_machine_fraction_mean:  0.0956	test_return_mean:         48.1875	test_return_median:       48.5000	test_return_std:           9.9100

[INFO 03:53:37] my_main Recent Stats | t_env:     236000 | Episode:     2360
entropy_loss:              0.0023	ep_length_mean:          100.0000	episode_limit_mean:        1.0000	epsilon:                   0.0500
grad_norm:                 7.2927	healthy_machine_fraction_mean:  0.1394	loss:                      0.3307	mi_loss:                   0.0029
q_taken_mean:              0.5517	return_mean:              47.6740	return_median:            48.3000	return_std:                7.0447
target_mean:               0.5687	td_error_abs:              0.4161	test_ep_length_mean:     100.0000	test_episode_limit_mean:   1.0000
test_healthy_machine_fraction_mean:  0.0956	test_return_mean:         48.1875	test_return_median:       48.5000	test_return_std:           9.9100

[INFO 03:54:28] my_main Recent Stats | t_env:     238000 | Episode:     2380
entropy_loss:              0.0023	ep_length_mean:          100.0000	episode_limit_mean:        1.0000	epsilon:                   0.0500
grad_norm:                 7.2927	healthy_machine_fraction_mean:  0.1394	loss:                      0.3307	mi_loss:                   0.0029
q_taken_mean:              0.5517	return_mean:              47.6740	return_median:            48.3000	return_std:                7.0447
target_mean:               0.5687	td_error_abs:              0.4161	test_ep_length_mean:     100.0000	test_episode_limit_mean:   1.0000
test_healthy_machine_fraction_mean:  0.0956	test_return_mean:         48.1875	test_return_median:       48.5000	test_return_std:           9.9100

[INFO 03:55:19] my_main Recent Stats | t_env:     240000 | Episode:     2400
entropy_loss:              0.0023	ep_length_mean:          100.0000	episode_limit_mean:        1.0000	epsilon:                   0.0500
grad_norm:                 7.2927	healthy_machine_fraction_mean:  0.1394	loss:                      0.3307	mi_loss:                   0.0029
q_taken_mean:              0.5517	return_mean:              47.6740	return_median:            48.3000	return_std:                7.0447
target_mean:               0.5687	td_error_abs:              0.4161	test_ep_length_mean:     100.0000	test_episode_limit_mean:   1.0000
test_healthy_machine_fraction_mean:  0.0956	test_return_mean:         48.1875	test_return_median:       48.5000	test_return_std:           9.9100

[INFO 03:55:21] my_main Updated target network
[INFO 03:55:21] my_main t_env: 240100 / 2050000
[INFO 03:55:21] my_main Estimated time left: 14 hours, 5 minutes, 52 seconds. Time passed: 1 hours, 51 minutes, 12 seconds
[INFO 03:56:40] my_main Recent Stats | t_env:     242000 | Episode:     2420
entropy_loss:              0.0023	ep_length_mean:          100.0000	episode_limit_mean:        1.0000	epsilon:                   0.0500
grad_norm:                 7.2927	healthy_machine_fraction_mean:  0.1572	loss:                      0.3307	mi_loss:                   0.0029
q_taken_mean:              0.5517	return_mean:              49.1200	return_median:            49.4000	return_std:                7.3865
target_mean:               0.5687	td_error_abs:              0.4161	test_ep_length_mean:     100.0000	test_episode_limit_mean:   1.0000
test_healthy_machine_fraction_mean:  0.1138	test_return_mean:         51.3687	test_return_median:       52.6000	test_return_std:           9.4600

[INFO 03:57:31] my_main Recent Stats | t_env:     244000 | Episode:     2440
entropy_loss:              0.0025	ep_length_mean:          100.0000	episode_limit_mean:        1.0000	epsilon:                   0.0500
grad_norm:                 8.4572	healthy_machine_fraction_mean:  0.1572	loss:                      0.3516	mi_loss:                   0.0030
q_taken_mean:              0.5995	return_mean:              49.1200	return_median:            49.4000	return_std:                7.3865
target_mean:               0.6185	td_error_abs:              0.4350	test_ep_length_mean:     100.0000	test_episode_limit_mean:   1.0000
test_healthy_machine_fraction_mean:  0.1138	test_return_mean:         51.3687	test_return_median:       52.6000	test_return_std:           9.4600

[INFO 03:58:22] my_main Recent Stats | t_env:     246000 | Episode:     2460
entropy_loss:              0.0025	ep_length_mean:          100.0000	episode_limit_mean:        1.0000	epsilon:                   0.0500
grad_norm:                 8.4572	healthy_machine_fraction_mean:  0.1572	loss:                      0.3516	mi_loss:                   0.0030
q_taken_mean:              0.5995	return_mean:              49.1200	return_median:            49.4000	return_std:                7.3865
target_mean:               0.6185	td_error_abs:              0.4350	test_ep_length_mean:     100.0000	test_episode_limit_mean:   1.0000
test_healthy_machine_fraction_mean:  0.1138	test_return_mean:         51.3687	test_return_median:       52.6000	test_return_std:           9.4600

[INFO 03:59:13] my_main Recent Stats | t_env:     248000 | Episode:     2480
entropy_loss:              0.0025	ep_length_mean:          100.0000	episode_limit_mean:        1.0000	epsilon:                   0.0500
grad_norm:                 8.4572	healthy_machine_fraction_mean:  0.1572	loss:                      0.3516	mi_loss:                   0.0030
q_taken_mean:              0.5995	return_mean:              49.1200	return_median:            49.4000	return_std:                7.3865
target_mean:               0.6185	td_error_abs:              0.4350	test_ep_length_mean:     100.0000	test_episode_limit_mean:   1.0000
test_healthy_machine_fraction_mean:  0.1138	test_return_mean:         51.3687	test_return_median:       52.6000	test_return_std:           9.4600

[INFO 04:00:03] my_main Recent Stats | t_env:     250000 | Episode:     2500
entropy_loss:              0.0025	ep_length_mean:          100.0000	episode_limit_mean:        1.0000	epsilon:                   0.0500
grad_norm:                 8.4572	healthy_machine_fraction_mean:  0.1572	loss:                      0.3516	mi_loss:                   0.0030
q_taken_mean:              0.5995	return_mean:              49.1200	return_median:            49.4000	return_std:                7.3865
target_mean:               0.6185	td_error_abs:              0.4350	test_ep_length_mean:     100.0000	test_episode_limit_mean:   1.0000
test_healthy_machine_fraction_mean:  0.1138	test_return_mean:         51.3687	test_return_median:       52.6000	test_return_std:           9.4600

[INFO 04:00:06] my_main t_env: 250100 / 2050000
[INFO 04:00:06] my_main Estimated time left: 14 hours, 12 minutes, 57 seconds. Time passed: 1 hours, 55 minutes, 56 seconds
[INFO 04:01:23] my_main Recent Stats | t_env:     252000 | Episode:     2520
entropy_loss:              0.0025	ep_length_mean:          100.0000	episode_limit_mean:        1.0000	epsilon:                   0.0500
grad_norm:                 8.4572	healthy_machine_fraction_mean:  0.1912	loss:                      0.3516	mi_loss:                   0.0030
q_taken_mean:              0.5995	return_mean:              51.0940	return_median:            51.2000	return_std:                7.1736
target_mean:               0.6185	td_error_abs:              0.4350	test_ep_length_mean:     100.0000	test_episode_limit_mean:   1.0000
test_healthy_machine_fraction_mean:  0.1225	test_return_mean:         54.5312	test_return_median:       56.5000	test_return_std:           9.7661

[INFO 04:02:14] my_main Recent Stats | t_env:     254000 | Episode:     2540
entropy_loss:              0.0026	ep_length_mean:          100.0000	episode_limit_mean:        1.0000	epsilon:                   0.0500
grad_norm:                 7.7754	healthy_machine_fraction_mean:  0.1912	loss:                      0.3341	mi_loss:                   0.0030
q_taken_mean:              0.6328	return_mean:              51.0940	return_median:            51.2000	return_std:                7.1736
target_mean:               0.6489	td_error_abs:              0.4248	test_ep_length_mean:     100.0000	test_episode_limit_mean:   1.0000
test_healthy_machine_fraction_mean:  0.1225	test_return_mean:         54.5312	test_return_median:       56.5000	test_return_std:           9.7661

[INFO 04:03:05] my_main Recent Stats | t_env:     256000 | Episode:     2560
entropy_loss:              0.0026	ep_length_mean:          100.0000	episode_limit_mean:        1.0000	epsilon:                   0.0500
grad_norm:                 7.7754	healthy_machine_fraction_mean:  0.1912	loss:                      0.3341	mi_loss:                   0.0030
q_taken_mean:              0.6328	return_mean:              51.0940	return_median:            51.2000	return_std:                7.1736
target_mean:               0.6489	td_error_abs:              0.4248	test_ep_length_mean:     100.0000	test_episode_limit_mean:   1.0000
test_healthy_machine_fraction_mean:  0.1225	test_return_mean:         54.5312	test_return_median:       56.5000	test_return_std:           9.7661

[INFO 04:03:56] my_main Recent Stats | t_env:     258000 | Episode:     2580
entropy_loss:              0.0026	ep_length_mean:          100.0000	episode_limit_mean:        1.0000	epsilon:                   0.0500
grad_norm:                 7.7754	healthy_machine_fraction_mean:  0.1912	loss:                      0.3341	mi_loss:                   0.0030
q_taken_mean:              0.6328	return_mean:              51.0940	return_median:            51.2000	return_std:                7.1736
target_mean:               0.6489	td_error_abs:              0.4248	test_ep_length_mean:     100.0000	test_episode_limit_mean:   1.0000
test_healthy_machine_fraction_mean:  0.1225	test_return_mean:         54.5312	test_return_median:       56.5000	test_return_std:           9.7661

[INFO 04:04:47] my_main Recent Stats | t_env:     260000 | Episode:     2600
entropy_loss:              0.0026	ep_length_mean:          100.0000	episode_limit_mean:        1.0000	epsilon:                   0.0500
grad_norm:                 7.7754	healthy_machine_fraction_mean:  0.1912	loss:                      0.3341	mi_loss:                   0.0030
q_taken_mean:              0.6328	return_mean:              51.0940	return_median:            51.2000	return_std:                7.1736
target_mean:               0.6489	td_error_abs:              0.4248	test_ep_length_mean:     100.0000	test_episode_limit_mean:   1.0000
test_healthy_machine_fraction_mean:  0.1225	test_return_mean:         54.5312	test_return_median:       56.5000	test_return_std:           9.7661

[INFO 04:04:49] my_main Updated target network
[INFO 04:04:49] my_main t_env: 260100 / 2050000
[INFO 04:04:49] my_main Estimated time left: 14 hours, 6 minutes, 42 seconds. Time passed: 2 hours, 40 seconds
[INFO 04:06:07] my_main Recent Stats | t_env:     262000 | Episode:     2620
entropy_loss:              0.0026	ep_length_mean:          100.0000	episode_limit_mean:        1.0000	epsilon:                   0.0500
grad_norm:                 7.7754	healthy_machine_fraction_mean:  0.2052	loss:                      0.3341	mi_loss:                   0.0030
q_taken_mean:              0.6328	return_mean:              52.5440	return_median:            52.7000	return_std:                7.0605
target_mean:               0.6489	td_error_abs:              0.4248	test_ep_length_mean:     100.0000	test_episode_limit_mean:   1.0000
test_healthy_machine_fraction_mean:  0.1225	test_return_mean:         54.0312	test_return_median:       55.6000	test_return_std:           9.6567

[INFO 04:06:59] my_main Recent Stats | t_env:     264000 | Episode:     2640
entropy_loss:              0.0027	ep_length_mean:          100.0000	episode_limit_mean:        1.0000	epsilon:                   0.0500
grad_norm:                 7.9692	healthy_machine_fraction_mean:  0.2052	loss:                      0.3255	mi_loss:                   0.0031
q_taken_mean:              0.6562	return_mean:              52.5440	return_median:            52.7000	return_std:                7.0605
target_mean:               0.6725	td_error_abs:              0.4187	test_ep_length_mean:     100.0000	test_episode_limit_mean:   1.0000
test_healthy_machine_fraction_mean:  0.1225	test_return_mean:         54.0312	test_return_median:       55.6000	test_return_std:           9.6567

[INFO 04:07:50] my_main Recent Stats | t_env:     266000 | Episode:     2660
entropy_loss:              0.0027	ep_length_mean:          100.0000	episode_limit_mean:        1.0000	epsilon:                   0.0500
grad_norm:                 7.9692	healthy_machine_fraction_mean:  0.2052	loss:                      0.3255	mi_loss:                   0.0031
q_taken_mean:              0.6562	return_mean:              52.5440	return_median:            52.7000	return_std:                7.0605
target_mean:               0.6725	td_error_abs:              0.4187	test_ep_length_mean:     100.0000	test_episode_limit_mean:   1.0000
test_healthy_machine_fraction_mean:  0.1225	test_return_mean:         54.0312	test_return_median:       55.6000	test_return_std:           9.6567

[INFO 04:08:41] my_main Recent Stats | t_env:     268000 | Episode:     2680
entropy_loss:              0.0027	ep_length_mean:          100.0000	episode_limit_mean:        1.0000	epsilon:                   0.0500
grad_norm:                 7.9692	healthy_machine_fraction_mean:  0.2052	loss:                      0.3255	mi_loss:                   0.0031
q_taken_mean:              0.6562	return_mean:              52.5440	return_median:            52.7000	return_std:                7.0605
target_mean:               0.6725	td_error_abs:              0.4187	test_ep_length_mean:     100.0000	test_episode_limit_mean:   1.0000
test_healthy_machine_fraction_mean:  0.1225	test_return_mean:         54.0312	test_return_median:       55.6000	test_return_std:           9.6567

[INFO 04:09:33] my_main Recent Stats | t_env:     270000 | Episode:     2700
entropy_loss:              0.0027	ep_length_mean:          100.0000	episode_limit_mean:        1.0000	epsilon:                   0.0500
grad_norm:                 7.9692	healthy_machine_fraction_mean:  0.2052	loss:                      0.3255	mi_loss:                   0.0031
q_taken_mean:              0.6562	return_mean:              52.5440	return_median:            52.7000	return_std:                7.0605
target_mean:               0.6725	td_error_abs:              0.4187	test_ep_length_mean:     100.0000	test_episode_limit_mean:   1.0000
test_healthy_machine_fraction_mean:  0.1225	test_return_mean:         54.0312	test_return_median:       55.6000	test_return_std:           9.6567

[INFO 04:09:35] my_main t_env: 270100 / 2050000
[INFO 04:09:35] my_main Estimated time left: 14 hours, 7 minutes, 14 seconds. Time passed: 2 hours, 5 minutes, 25 seconds
[INFO 04:10:53] my_main Recent Stats | t_env:     272000 | Episode:     2720
entropy_loss:              0.0027	ep_length_mean:          100.0000	episode_limit_mean:        1.0000	epsilon:                   0.0500
grad_norm:                 7.9692	healthy_machine_fraction_mean:  0.2268	loss:                      0.3255	mi_loss:                   0.0031
q_taken_mean:              0.6562	return_mean:              53.8700	return_median:            54.1000	return_std:                7.1842
target_mean:               0.6725	td_error_abs:              0.4187	test_ep_length_mean:     100.0000	test_episode_limit_mean:   1.0000
test_healthy_machine_fraction_mean:  0.1581	test_return_mean:         55.2250	test_return_median:       56.9000	test_return_std:           9.4831

[INFO 04:11:44] my_main Recent Stats | t_env:     274000 | Episode:     2740
entropy_loss:              0.0028	ep_length_mean:          100.0000	episode_limit_mean:        1.0000	epsilon:                   0.0500
grad_norm:                 8.8124	healthy_machine_fraction_mean:  0.2268	loss:                      0.3390	mi_loss:                   0.0031
q_taken_mean:              0.6757	return_mean:              53.8700	return_median:            54.1000	return_std:                7.1842
target_mean:               0.6946	td_error_abs:              0.4275	test_ep_length_mean:     100.0000	test_episode_limit_mean:   1.0000
test_healthy_machine_fraction_mean:  0.1581	test_return_mean:         55.2250	test_return_median:       56.9000	test_return_std:           9.4831

[INFO 04:12:36] my_main Recent Stats | t_env:     276000 | Episode:     2760
entropy_loss:              0.0028	ep_length_mean:          100.0000	episode_limit_mean:        1.0000	epsilon:                   0.0500
grad_norm:                 8.8124	healthy_machine_fraction_mean:  0.2268	loss:                      0.3390	mi_loss:                   0.0031
q_taken_mean:              0.6757	return_mean:              53.8700	return_median:            54.1000	return_std:                7.1842
target_mean:               0.6946	td_error_abs:              0.4275	test_ep_length_mean:     100.0000	test_episode_limit_mean:   1.0000
test_healthy_machine_fraction_mean:  0.1581	test_return_mean:         55.2250	test_return_median:       56.9000	test_return_std:           9.4831

[INFO 04:13:27] my_main Recent Stats | t_env:     278000 | Episode:     2780
entropy_loss:              0.0028	ep_length_mean:          100.0000	episode_limit_mean:        1.0000	epsilon:                   0.0500
grad_norm:                 8.8124	healthy_machine_fraction_mean:  0.2268	loss:                      0.3390	mi_loss:                   0.0031
q_taken_mean:              0.6757	return_mean:              53.8700	return_median:            54.1000	return_std:                7.1842
target_mean:               0.6946	td_error_abs:              0.4275	test_ep_length_mean:     100.0000	test_episode_limit_mean:   1.0000
test_healthy_machine_fraction_mean:  0.1581	test_return_mean:         55.2250	test_return_median:       56.9000	test_return_std:           9.4831

[INFO 04:14:18] my_main Recent Stats | t_env:     280000 | Episode:     2800
entropy_loss:              0.0028	ep_length_mean:          100.0000	episode_limit_mean:        1.0000	epsilon:                   0.0500
grad_norm:                 8.8124	healthy_machine_fraction_mean:  0.2268	loss:                      0.3390	mi_loss:                   0.0031
q_taken_mean:              0.6757	return_mean:              53.8700	return_median:            54.1000	return_std:                7.1842
target_mean:               0.6946	td_error_abs:              0.4275	test_ep_length_mean:     100.0000	test_episode_limit_mean:   1.0000
test_healthy_machine_fraction_mean:  0.1581	test_return_mean:         55.2250	test_return_median:       56.9000	test_return_std:           9.4831

[INFO 04:14:20] my_main Updated target network
[INFO 04:14:20] my_main t_env: 280100 / 2050000
[INFO 04:14:20] my_main Estimated time left: 14 hours, 2 minutes, 2 seconds. Time passed: 2 hours, 10 minutes, 11 seconds
[INFO 04:15:39] my_main Recent Stats | t_env:     282000 | Episode:     2820
entropy_loss:              0.0028	ep_length_mean:          100.0000	episode_limit_mean:        1.0000	epsilon:                   0.0500
grad_norm:                 8.8124	healthy_machine_fraction_mean:  0.2308	loss:                      0.3390	mi_loss:                   0.0031
q_taken_mean:              0.6757	return_mean:              54.0040	return_median:            54.5000	return_std:                7.1096
target_mean:               0.6946	td_error_abs:              0.4275	test_ep_length_mean:     100.0000	test_episode_limit_mean:   1.0000
test_healthy_machine_fraction_mean:  0.1475	test_return_mean:         54.7812	test_return_median:       56.8000	test_return_std:           9.8507

[INFO 04:16:30] my_main Recent Stats | t_env:     284000 | Episode:     2840
entropy_loss:              0.0029	ep_length_mean:          100.0000	episode_limit_mean:        1.0000	epsilon:                   0.0500
grad_norm:                 9.7208	healthy_machine_fraction_mean:  0.2308	loss:                      0.3649	mi_loss:                   0.0031
q_taken_mean:              0.6954	return_mean:              54.0040	return_median:            54.5000	return_std:                7.1096
target_mean:               0.7235	td_error_abs:              0.4376	test_ep_length_mean:     100.0000	test_episode_limit_mean:   1.0000
test_healthy_machine_fraction_mean:  0.1475	test_return_mean:         54.7812	test_return_median:       56.8000	test_return_std:           9.8507

[INFO 04:17:20] my_main Recent Stats | t_env:     286000 | Episode:     2860
entropy_loss:              0.0029	ep_length_mean:          100.0000	episode_limit_mean:        1.0000	epsilon:                   0.0500
grad_norm:                 9.7208	healthy_machine_fraction_mean:  0.2308	loss:                      0.3649	mi_loss:                   0.0031
q_taken_mean:              0.6954	return_mean:              54.0040	return_median:            54.5000	return_std:                7.1096
target_mean:               0.7235	td_error_abs:              0.4376	test_ep_length_mean:     100.0000	test_episode_limit_mean:   1.0000
test_healthy_machine_fraction_mean:  0.1475	test_return_mean:         54.7812	test_return_median:       56.8000	test_return_std:           9.8507

[INFO 04:18:11] my_main Recent Stats | t_env:     288000 | Episode:     2880
entropy_loss:              0.0029	ep_length_mean:          100.0000	episode_limit_mean:        1.0000	epsilon:                   0.0500
grad_norm:                 9.7208	healthy_machine_fraction_mean:  0.2308	loss:                      0.3649	mi_loss:                   0.0031
q_taken_mean:              0.6954	return_mean:              54.0040	return_median:            54.5000	return_std:                7.1096
target_mean:               0.7235	td_error_abs:              0.4376	test_ep_length_mean:     100.0000	test_episode_limit_mean:   1.0000
test_healthy_machine_fraction_mean:  0.1475	test_return_mean:         54.7812	test_return_median:       56.8000	test_return_std:           9.8507

[INFO 04:19:03] my_main Recent Stats | t_env:     290000 | Episode:     2900
entropy_loss:              0.0029	ep_length_mean:          100.0000	episode_limit_mean:        1.0000	epsilon:                   0.0500
grad_norm:                 9.7208	healthy_machine_fraction_mean:  0.2308	loss:                      0.3649	mi_loss:                   0.0031
q_taken_mean:              0.6954	return_mean:              54.0040	return_median:            54.5000	return_std:                7.1096
target_mean:               0.7235	td_error_abs:              0.4376	test_ep_length_mean:     100.0000	test_episode_limit_mean:   1.0000
test_healthy_machine_fraction_mean:  0.1475	test_return_mean:         54.7812	test_return_median:       56.8000	test_return_std:           9.8507

[INFO 04:19:05] my_main t_env: 290100 / 2050000
[INFO 04:19:05] my_main Estimated time left: 13 hours, 54 minutes, 58 seconds. Time passed: 2 hours, 14 minutes, 55 seconds
[INFO 04:20:24] my_main Recent Stats | t_env:     292000 | Episode:     2920
entropy_loss:              0.0029	ep_length_mean:          100.0000	episode_limit_mean:        1.0000	epsilon:                   0.0500
grad_norm:                 9.7208	healthy_machine_fraction_mean:  0.2402	loss:                      0.3649	mi_loss:                   0.0031
q_taken_mean:              0.6954	return_mean:              54.4540	return_median:            55.0000	return_std:                6.9248
target_mean:               0.7235	td_error_abs:              0.4376	test_ep_length_mean:     100.0000	test_episode_limit_mean:   1.0000
test_healthy_machine_fraction_mean:  0.1444	test_return_mean:         54.7687	test_return_median:       56.7000	test_return_std:          10.3433

[INFO 04:21:15] my_main Recent Stats | t_env:     294000 | Episode:     2940
entropy_loss:              0.0029	ep_length_mean:          100.0000	episode_limit_mean:        1.0000	epsilon:                   0.0500
grad_norm:                 8.8758	healthy_machine_fraction_mean:  0.2402	loss:                      0.3458	mi_loss:                   0.0032
q_taken_mean:              0.7191	return_mean:              54.4540	return_median:            55.0000	return_std:                6.9248
target_mean:               0.7355	td_error_abs:              0.4301	test_ep_length_mean:     100.0000	test_episode_limit_mean:   1.0000
test_healthy_machine_fraction_mean:  0.1444	test_return_mean:         54.7687	test_return_median:       56.7000	test_return_std:          10.3433

[INFO 04:22:06] my_main Recent Stats | t_env:     296000 | Episode:     2960
entropy_loss:              0.0029	ep_length_mean:          100.0000	episode_limit_mean:        1.0000	epsilon:                   0.0500
grad_norm:                 8.8758	healthy_machine_fraction_mean:  0.2402	loss:                      0.3458	mi_loss:                   0.0032
q_taken_mean:              0.7191	return_mean:              54.4540	return_median:            55.0000	return_std:                6.9248
target_mean:               0.7355	td_error_abs:              0.4301	test_ep_length_mean:     100.0000	test_episode_limit_mean:   1.0000
test_healthy_machine_fraction_mean:  0.1444	test_return_mean:         54.7687	test_return_median:       56.7000	test_return_std:          10.3433

[INFO 04:22:58] my_main Recent Stats | t_env:     298000 | Episode:     2980
entropy_loss:              0.0029	ep_length_mean:          100.0000	episode_limit_mean:        1.0000	epsilon:                   0.0500
grad_norm:                 8.8758	healthy_machine_fraction_mean:  0.2402	loss:                      0.3458	mi_loss:                   0.0032
q_taken_mean:              0.7191	return_mean:              54.4540	return_median:            55.0000	return_std:                6.9248
target_mean:               0.7355	td_error_abs:              0.4301	test_ep_length_mean:     100.0000	test_episode_limit_mean:   1.0000
test_healthy_machine_fraction_mean:  0.1444	test_return_mean:         54.7687	test_return_median:       56.7000	test_return_std:          10.3433

[INFO 04:23:49] my_main Recent Stats | t_env:     300000 | Episode:     3000
entropy_loss:              0.0029	ep_length_mean:          100.0000	episode_limit_mean:        1.0000	epsilon:                   0.0500
grad_norm:                 8.8758	healthy_machine_fraction_mean:  0.2402	loss:                      0.3458	mi_loss:                   0.0032
q_taken_mean:              0.7191	return_mean:              54.4540	return_median:            55.0000	return_std:                6.9248
target_mean:               0.7355	td_error_abs:              0.4301	test_ep_length_mean:     100.0000	test_episode_limit_mean:   1.0000
test_healthy_machine_fraction_mean:  0.1444	test_return_mean:         54.7687	test_return_median:       56.7000	test_return_std:          10.3433

[INFO 04:23:51] my_main Updated target network
[INFO 04:23:52] my_main t_env: 300100 / 2050000
[INFO 04:23:52] my_main Estimated time left: 13 hours, 55 minutes, 8 seconds. Time passed: 2 hours, 19 minutes, 42 seconds
[INFO 04:25:10] my_main Recent Stats | t_env:     302000 | Episode:     3020
entropy_loss:              0.0029	ep_length_mean:          100.0000	episode_limit_mean:        1.0000	epsilon:                   0.0500
grad_norm:                 8.8758	healthy_machine_fraction_mean:  0.2422	loss:                      0.3458	mi_loss:                   0.0032
q_taken_mean:              0.7191	return_mean:              54.5020	return_median:            55.1000	return_std:                7.0068
target_mean:               0.7355	td_error_abs:              0.4301	test_ep_length_mean:     100.0000	test_episode_limit_mean:   1.0000
test_healthy_machine_fraction_mean:  0.1556	test_return_mean:         55.7437	test_return_median:       57.1000	test_return_std:          10.2160

[INFO 04:26:01] my_main Recent Stats | t_env:     304000 | Episode:     3040
entropy_loss:              0.0030	ep_length_mean:          100.0000	episode_limit_mean:        1.0000	epsilon:                   0.0500
grad_norm:                10.0034	healthy_machine_fraction_mean:  0.2422	loss:                      0.3647	mi_loss:                   0.0032
q_taken_mean:              0.7425	return_mean:              54.5020	return_median:            55.1000	return_std:                7.0068
target_mean:               0.7613	td_error_abs:              0.4388	test_ep_length_mean:     100.0000	test_episode_limit_mean:   1.0000
test_healthy_machine_fraction_mean:  0.1556	test_return_mean:         55.7437	test_return_median:       57.1000	test_return_std:          10.2160

[INFO 04:26:52] my_main Recent Stats | t_env:     306000 | Episode:     3060
entropy_loss:              0.0030	ep_length_mean:          100.0000	episode_limit_mean:        1.0000	epsilon:                   0.0500
grad_norm:                10.0034	healthy_machine_fraction_mean:  0.2422	loss:                      0.3647	mi_loss:                   0.0032
q_taken_mean:              0.7425	return_mean:              54.5020	return_median:            55.1000	return_std:                7.0068
target_mean:               0.7613	td_error_abs:              0.4388	test_ep_length_mean:     100.0000	test_episode_limit_mean:   1.0000
test_healthy_machine_fraction_mean:  0.1556	test_return_mean:         55.7437	test_return_median:       57.1000	test_return_std:          10.2160

[INFO 04:27:43] my_main Recent Stats | t_env:     308000 | Episode:     3080
entropy_loss:              0.0030	ep_length_mean:          100.0000	episode_limit_mean:        1.0000	epsilon:                   0.0500
grad_norm:                10.0034	healthy_machine_fraction_mean:  0.2422	loss:                      0.3647	mi_loss:                   0.0032
q_taken_mean:              0.7425	return_mean:              54.5020	return_median:            55.1000	return_std:                7.0068
target_mean:               0.7613	td_error_abs:              0.4388	test_ep_length_mean:     100.0000	test_episode_limit_mean:   1.0000
test_healthy_machine_fraction_mean:  0.1556	test_return_mean:         55.7437	test_return_median:       57.1000	test_return_std:          10.2160

[INFO 04:28:34] my_main Recent Stats | t_env:     310000 | Episode:     3100
entropy_loss:              0.0030	ep_length_mean:          100.0000	episode_limit_mean:        1.0000	epsilon:                   0.0500
grad_norm:                10.0034	healthy_machine_fraction_mean:  0.2422	loss:                      0.3647	mi_loss:                   0.0032
q_taken_mean:              0.7425	return_mean:              54.5020	return_median:            55.1000	return_std:                7.0068
target_mean:               0.7613	td_error_abs:              0.4388	test_ep_length_mean:     100.0000	test_episode_limit_mean:   1.0000
test_healthy_machine_fraction_mean:  0.1556	test_return_mean:         55.7437	test_return_median:       57.1000	test_return_std:          10.2160

[INFO 04:28:37] my_main t_env: 310100 / 2050000
[INFO 04:28:37] my_main Estimated time left: 13 hours, 46 minutes, 47 seconds. Time passed: 2 hours, 24 minutes, 27 seconds
[INFO 04:29:54] my_main Recent Stats | t_env:     312000 | Episode:     3120
entropy_loss:              0.0030	ep_length_mean:          100.0000	episode_limit_mean:        1.0000	epsilon:                   0.0500
grad_norm:                10.0034	healthy_machine_fraction_mean:  0.2490	loss:                      0.3647	mi_loss:                   0.0032
q_taken_mean:              0.7425	return_mean:              54.6380	return_median:            55.1000	return_std:                7.0657
target_mean:               0.7613	td_error_abs:              0.4388	test_ep_length_mean:     100.0000	test_episode_limit_mean:   1.0000
test_healthy_machine_fraction_mean:  0.1919	test_return_mean:         57.2687	test_return_median:       58.7000	test_return_std:           9.8723

[INFO 04:30:41] my_main Recent Stats | t_env:     314000 | Episode:     3140
entropy_loss:              0.0030	ep_length_mean:          100.0000	episode_limit_mean:        1.0000	epsilon:                   0.0500
grad_norm:                10.1803	healthy_machine_fraction_mean:  0.2490	loss:                      0.3785	mi_loss:                   0.0032
q_taken_mean:              0.7709	return_mean:              54.6380	return_median:            55.1000	return_std:                7.0657
target_mean:               0.7895	td_error_abs:              0.4455	test_ep_length_mean:     100.0000	test_episode_limit_mean:   1.0000
test_healthy_machine_fraction_mean:  0.1919	test_return_mean:         57.2687	test_return_median:       58.7000	test_return_std:           9.8723

[INFO 04:31:33] my_main Recent Stats | t_env:     316000 | Episode:     3160
entropy_loss:              0.0030	ep_length_mean:          100.0000	episode_limit_mean:        1.0000	epsilon:                   0.0500
grad_norm:                10.1803	healthy_machine_fraction_mean:  0.2490	loss:                      0.3785	mi_loss:                   0.0032
q_taken_mean:              0.7709	return_mean:              54.6380	return_median:            55.1000	return_std:                7.0657
target_mean:               0.7895	td_error_abs:              0.4455	test_ep_length_mean:     100.0000	test_episode_limit_mean:   1.0000
test_healthy_machine_fraction_mean:  0.1919	test_return_mean:         57.2687	test_return_median:       58.7000	test_return_std:           9.8723

[INFO 04:32:23] my_main Recent Stats | t_env:     318000 | Episode:     3180
entropy_loss:              0.0030	ep_length_mean:          100.0000	episode_limit_mean:        1.0000	epsilon:                   0.0500
grad_norm:                10.1803	healthy_machine_fraction_mean:  0.2490	loss:                      0.3785	mi_loss:                   0.0032
q_taken_mean:              0.7709	return_mean:              54.6380	return_median:            55.1000	return_std:                7.0657
target_mean:               0.7895	td_error_abs:              0.4455	test_ep_length_mean:     100.0000	test_episode_limit_mean:   1.0000
test_healthy_machine_fraction_mean:  0.1919	test_return_mean:         57.2687	test_return_median:       58.7000	test_return_std:           9.8723

[INFO 04:33:14] my_main Recent Stats | t_env:     320000 | Episode:     3200
entropy_loss:              0.0030	ep_length_mean:          100.0000	episode_limit_mean:        1.0000	epsilon:                   0.0500
grad_norm:                10.1803	healthy_machine_fraction_mean:  0.2490	loss:                      0.3785	mi_loss:                   0.0032
q_taken_mean:              0.7709	return_mean:              54.6380	return_median:            55.1000	return_std:                7.0657
target_mean:               0.7895	td_error_abs:              0.4455	test_ep_length_mean:     100.0000	test_episode_limit_mean:   1.0000
test_healthy_machine_fraction_mean:  0.1919	test_return_mean:         57.2687	test_return_median:       58.7000	test_return_std:           9.8723

[INFO 04:33:17] my_main Updated target network
[INFO 04:33:17] my_main t_env: 320100 / 2050000
[INFO 04:33:17] my_main Estimated time left: 13 hours, 27 minutes, 34 seconds. Time passed: 2 hours, 29 minutes, 7 seconds
[INFO 04:34:36] my_main Recent Stats | t_env:     322000 | Episode:     3220
entropy_loss:              0.0030	ep_length_mean:          100.0000	episode_limit_mean:        1.0000	epsilon:                   0.0500
grad_norm:                10.1803	healthy_machine_fraction_mean:  0.2510	loss:                      0.3785	mi_loss:                   0.0032
q_taken_mean:              0.7709	return_mean:              54.6140	return_median:            54.9000	return_std:                6.8269
target_mean:               0.7895	td_error_abs:              0.4455	test_ep_length_mean:     100.0000	test_episode_limit_mean:   1.0000
test_healthy_machine_fraction_mean:  0.1775	test_return_mean:         57.1375	test_return_median:       58.5000	test_return_std:          10.4647

[INFO 04:35:28] my_main Recent Stats | t_env:     324000 | Episode:     3240
entropy_loss:              0.0030	ep_length_mean:          100.0000	episode_limit_mean:        1.0000	epsilon:                   0.0500
grad_norm:                10.5890	healthy_machine_fraction_mean:  0.2510	loss:                      0.3809	mi_loss:                   0.0033
q_taken_mean:              0.8057	return_mean:              54.6140	return_median:            54.9000	return_std:                6.8269
target_mean:               0.8137	td_error_abs:              0.4554	test_ep_length_mean:     100.0000	test_episode_limit_mean:   1.0000
test_healthy_machine_fraction_mean:  0.1775	test_return_mean:         57.1375	test_return_median:       58.5000	test_return_std:          10.4647

[INFO 04:36:18] my_main Recent Stats | t_env:     326000 | Episode:     3260
entropy_loss:              0.0030	ep_length_mean:          100.0000	episode_limit_mean:        1.0000	epsilon:                   0.0500
grad_norm:                10.5890	healthy_machine_fraction_mean:  0.2510	loss:                      0.3809	mi_loss:                   0.0033
q_taken_mean:              0.8057	return_mean:              54.6140	return_median:            54.9000	return_std:                6.8269
target_mean:               0.8137	td_error_abs:              0.4554	test_ep_length_mean:     100.0000	test_episode_limit_mean:   1.0000
test_healthy_machine_fraction_mean:  0.1775	test_return_mean:         57.1375	test_return_median:       58.5000	test_return_std:          10.4647

[INFO 04:37:10] my_main Recent Stats | t_env:     328000 | Episode:     3280
entropy_loss:              0.0030	ep_length_mean:          100.0000	episode_limit_mean:        1.0000	epsilon:                   0.0500
grad_norm:                10.5890	healthy_machine_fraction_mean:  0.2510	loss:                      0.3809	mi_loss:                   0.0033
q_taken_mean:              0.8057	return_mean:              54.6140	return_median:            54.9000	return_std:                6.8269
target_mean:               0.8137	td_error_abs:              0.4554	test_ep_length_mean:     100.0000	test_episode_limit_mean:   1.0000
test_healthy_machine_fraction_mean:  0.1775	test_return_mean:         57.1375	test_return_median:       58.5000	test_return_std:          10.4647

[INFO 04:38:01] my_main Recent Stats | t_env:     330000 | Episode:     3300
entropy_loss:              0.0030	ep_length_mean:          100.0000	episode_limit_mean:        1.0000	epsilon:                   0.0500
grad_norm:                10.5890	healthy_machine_fraction_mean:  0.2510	loss:                      0.3809	mi_loss:                   0.0033
q_taken_mean:              0.8057	return_mean:              54.6140	return_median:            54.9000	return_std:                6.8269
target_mean:               0.8137	td_error_abs:              0.4554	test_ep_length_mean:     100.0000	test_episode_limit_mean:   1.0000
test_healthy_machine_fraction_mean:  0.1775	test_return_mean:         57.1375	test_return_median:       58.5000	test_return_std:          10.4647

[INFO 04:38:03] my_main t_env: 330100 / 2050000
[INFO 04:38:03] my_main Estimated time left: 13 hours, 40 minutes, 33 seconds. Time passed: 2 hours, 33 minutes, 53 seconds
[INFO 04:39:21] my_main Recent Stats | t_env:     332000 | Episode:     3320
entropy_loss:              0.0030	ep_length_mean:          100.0000	episode_limit_mean:        1.0000	epsilon:                   0.0500
grad_norm:                10.5890	healthy_machine_fraction_mean:  0.2574	loss:                      0.3809	mi_loss:                   0.0033
q_taken_mean:              0.8057	return_mean:              54.8860	return_median:            54.9000	return_std:                6.7824
target_mean:               0.8137	td_error_abs:              0.4554	test_ep_length_mean:     100.0000	test_episode_limit_mean:   1.0000
test_healthy_machine_fraction_mean:  0.1881	test_return_mean:         57.8312	test_return_median:       58.8000	test_return_std:          10.2174

[INFO 04:40:12] my_main Recent Stats | t_env:     334000 | Episode:     3340
entropy_loss:              0.0030	ep_length_mean:          100.0000	episode_limit_mean:        1.0000	epsilon:                   0.0500
grad_norm:                10.5996	healthy_machine_fraction_mean:  0.2574	loss:                      0.3735	mi_loss:                   0.0033
q_taken_mean:              0.8378	return_mean:              54.8860	return_median:            54.9000	return_std:                6.7824
target_mean:               0.8349	td_error_abs:              0.4612	test_ep_length_mean:     100.0000	test_episode_limit_mean:   1.0000
test_healthy_machine_fraction_mean:  0.1881	test_return_mean:         57.8312	test_return_median:       58.8000	test_return_std:          10.2174

[INFO 04:41:03] my_main Recent Stats | t_env:     336000 | Episode:     3360
entropy_loss:              0.0030	ep_length_mean:          100.0000	episode_limit_mean:        1.0000	epsilon:                   0.0500
grad_norm:                10.5996	healthy_machine_fraction_mean:  0.2574	loss:                      0.3735	mi_loss:                   0.0033
q_taken_mean:              0.8378	return_mean:              54.8860	return_median:            54.9000	return_std:                6.7824
target_mean:               0.8349	td_error_abs:              0.4612	test_ep_length_mean:     100.0000	test_episode_limit_mean:   1.0000
test_healthy_machine_fraction_mean:  0.1881	test_return_mean:         57.8312	test_return_median:       58.8000	test_return_std:          10.2174

[INFO 04:41:55] my_main Recent Stats | t_env:     338000 | Episode:     3380
entropy_loss:              0.0030	ep_length_mean:          100.0000	episode_limit_mean:        1.0000	epsilon:                   0.0500
grad_norm:                10.5996	healthy_machine_fraction_mean:  0.2574	loss:                      0.3735	mi_loss:                   0.0033
q_taken_mean:              0.8378	return_mean:              54.8860	return_median:            54.9000	return_std:                6.7824
target_mean:               0.8349	td_error_abs:              0.4612	test_ep_length_mean:     100.0000	test_episode_limit_mean:   1.0000
test_healthy_machine_fraction_mean:  0.1881	test_return_mean:         57.8312	test_return_median:       58.8000	test_return_std:          10.2174

[INFO 04:42:46] my_main Recent Stats | t_env:     340000 | Episode:     3400
entropy_loss:              0.0030	ep_length_mean:          100.0000	episode_limit_mean:        1.0000	epsilon:                   0.0500
grad_norm:                10.5996	healthy_machine_fraction_mean:  0.2574	loss:                      0.3735	mi_loss:                   0.0033
q_taken_mean:              0.8378	return_mean:              54.8860	return_median:            54.9000	return_std:                6.7824
target_mean:               0.8349	td_error_abs:              0.4612	test_ep_length_mean:     100.0000	test_episode_limit_mean:   1.0000
test_healthy_machine_fraction_mean:  0.1881	test_return_mean:         57.8312	test_return_median:       58.8000	test_return_std:          10.2174

[INFO 04:42:49] my_main Updated target network
[INFO 04:42:49] my_main t_env: 340100 / 2050000
[INFO 04:42:49] my_main Estimated time left: 13 hours, 34 minutes, 21 seconds. Time passed: 2 hours, 38 minutes, 39 seconds
[INFO 04:44:07] my_main Recent Stats | t_env:     342000 | Episode:     3420
entropy_loss:              0.0030	ep_length_mean:          100.0000	episode_limit_mean:        1.0000	epsilon:                   0.0500
grad_norm:                10.5996	healthy_machine_fraction_mean:  0.2642	loss:                      0.3735	mi_loss:                   0.0033
q_taken_mean:              0.8378	return_mean:              55.3380	return_median:            55.3000	return_std:                6.5566
target_mean:               0.8349	td_error_abs:              0.4612	test_ep_length_mean:     100.0000	test_episode_limit_mean:   1.0000
test_healthy_machine_fraction_mean:  0.1969	test_return_mean:         57.6375	test_return_median:       58.4000	test_return_std:           9.5437

[INFO 04:44:58] my_main Recent Stats | t_env:     344000 | Episode:     3440
entropy_loss:              0.0030	ep_length_mean:          100.0000	episode_limit_mean:        1.0000	epsilon:                   0.0500
grad_norm:                11.1695	healthy_machine_fraction_mean:  0.2642	loss:                      0.3888	mi_loss:                   0.0034
q_taken_mean:              0.8678	return_mean:              55.3380	return_median:            55.3000	return_std:                6.5566
target_mean:               0.8747	td_error_abs:              0.4611	test_ep_length_mean:     100.0000	test_episode_limit_mean:   1.0000
test_healthy_machine_fraction_mean:  0.1969	test_return_mean:         57.6375	test_return_median:       58.4000	test_return_std:           9.5437

[INFO 04:45:50] my_main Recent Stats | t_env:     346000 | Episode:     3460
entropy_loss:              0.0030	ep_length_mean:          100.0000	episode_limit_mean:        1.0000	epsilon:                   0.0500
grad_norm:                11.1695	healthy_machine_fraction_mean:  0.2642	loss:                      0.3888	mi_loss:                   0.0034
q_taken_mean:              0.8678	return_mean:              55.3380	return_median:            55.3000	return_std:                6.5566
target_mean:               0.8747	td_error_abs:              0.4611	test_ep_length_mean:     100.0000	test_episode_limit_mean:   1.0000
test_healthy_machine_fraction_mean:  0.1969	test_return_mean:         57.6375	test_return_median:       58.4000	test_return_std:           9.5437

[INFO 04:46:41] my_main Recent Stats | t_env:     348000 | Episode:     3480
entropy_loss:              0.0030	ep_length_mean:          100.0000	episode_limit_mean:        1.0000	epsilon:                   0.0500
grad_norm:                11.1695	healthy_machine_fraction_mean:  0.2642	loss:                      0.3888	mi_loss:                   0.0034
q_taken_mean:              0.8678	return_mean:              55.3380	return_median:            55.3000	return_std:                6.5566
target_mean:               0.8747	td_error_abs:              0.4611	test_ep_length_mean:     100.0000	test_episode_limit_mean:   1.0000
test_healthy_machine_fraction_mean:  0.1969	test_return_mean:         57.6375	test_return_median:       58.4000	test_return_std:           9.5437

[INFO 04:47:33] my_main Recent Stats | t_env:     350000 | Episode:     3500
entropy_loss:              0.0030	ep_length_mean:          100.0000	episode_limit_mean:        1.0000	epsilon:                   0.0500
grad_norm:                11.1695	healthy_machine_fraction_mean:  0.2642	loss:                      0.3888	mi_loss:                   0.0034
q_taken_mean:              0.8678	return_mean:              55.3380	return_median:            55.3000	return_std:                6.5566
target_mean:               0.8747	td_error_abs:              0.4611	test_ep_length_mean:     100.0000	test_episode_limit_mean:   1.0000
test_healthy_machine_fraction_mean:  0.1969	test_return_mean:         57.6375	test_return_median:       58.4000	test_return_std:           9.5437

[INFO 04:47:35] my_main t_env: 350100 / 2050000
[INFO 04:47:35] my_main Estimated time left: 13 hours, 30 minutes, 54 seconds. Time passed: 2 hours, 43 minutes, 25 seconds
[INFO 04:48:54] my_main Recent Stats | t_env:     352000 | Episode:     3520
entropy_loss:              0.0030	ep_length_mean:          100.0000	episode_limit_mean:        1.0000	epsilon:                   0.0500
grad_norm:                11.1695	healthy_machine_fraction_mean:  0.2534	loss:                      0.3888	mi_loss:                   0.0034
q_taken_mean:              0.8678	return_mean:              55.4140	return_median:            55.4000	return_std:                6.5525
target_mean:               0.8747	td_error_abs:              0.4611	test_ep_length_mean:     100.0000	test_episode_limit_mean:   1.0000
test_healthy_machine_fraction_mean:  0.2350	test_return_mean:         58.9125	test_return_median:       59.9000	test_return_std:           9.4015

[INFO 04:49:45] my_main Recent Stats | t_env:     354000 | Episode:     3540
entropy_loss:              0.0030	ep_length_mean:          100.0000	episode_limit_mean:        1.0000	epsilon:                   0.0500
grad_norm:                11.4425	healthy_machine_fraction_mean:  0.2534	loss:                      0.3983	mi_loss:                   0.0034
q_taken_mean:              0.8947	return_mean:              55.4140	return_median:            55.4000	return_std:                6.5525
target_mean:               0.9017	td_error_abs:              0.4685	test_ep_length_mean:     100.0000	test_episode_limit_mean:   1.0000
test_healthy_machine_fraction_mean:  0.2350	test_return_mean:         58.9125	test_return_median:       59.9000	test_return_std:           9.4015

[INFO 04:50:36] my_main Recent Stats | t_env:     356000 | Episode:     3560
entropy_loss:              0.0030	ep_length_mean:          100.0000	episode_limit_mean:        1.0000	epsilon:                   0.0500
grad_norm:                11.4425	healthy_machine_fraction_mean:  0.2534	loss:                      0.3983	mi_loss:                   0.0034
q_taken_mean:              0.8947	return_mean:              55.4140	return_median:            55.4000	return_std:                6.5525
target_mean:               0.9017	td_error_abs:              0.4685	test_ep_length_mean:     100.0000	test_episode_limit_mean:   1.0000
test_healthy_machine_fraction_mean:  0.2350	test_return_mean:         58.9125	test_return_median:       59.9000	test_return_std:           9.4015

[INFO 04:51:27] my_main Recent Stats | t_env:     358000 | Episode:     3580
entropy_loss:              0.0030	ep_length_mean:          100.0000	episode_limit_mean:        1.0000	epsilon:                   0.0500
grad_norm:                11.4425	healthy_machine_fraction_mean:  0.2534	loss:                      0.3983	mi_loss:                   0.0034
q_taken_mean:              0.8947	return_mean:              55.4140	return_median:            55.4000	return_std:                6.5525
target_mean:               0.9017	td_error_abs:              0.4685	test_ep_length_mean:     100.0000	test_episode_limit_mean:   1.0000
test_healthy_machine_fraction_mean:  0.2350	test_return_mean:         58.9125	test_return_median:       59.9000	test_return_std:           9.4015

[INFO 04:52:19] my_main Recent Stats | t_env:     360000 | Episode:     3600
entropy_loss:              0.0030	ep_length_mean:          100.0000	episode_limit_mean:        1.0000	epsilon:                   0.0500
grad_norm:                11.4425	healthy_machine_fraction_mean:  0.2534	loss:                      0.3983	mi_loss:                   0.0034
q_taken_mean:              0.8947	return_mean:              55.4140	return_median:            55.4000	return_std:                6.5525
target_mean:               0.9017	td_error_abs:              0.4685	test_ep_length_mean:     100.0000	test_episode_limit_mean:   1.0000
test_healthy_machine_fraction_mean:  0.2350	test_return_mean:         58.9125	test_return_median:       59.9000	test_return_std:           9.4015

[INFO 04:52:21] my_main Updated target network
[INFO 04:52:21] my_main t_env: 360100 / 2050000
[INFO 04:52:21] my_main Estimated time left: 13 hours, 26 minutes, 41 seconds. Time passed: 2 hours, 48 minutes, 12 seconds
[INFO 04:53:40] my_main Recent Stats | t_env:     362000 | Episode:     3620
entropy_loss:              0.0030	ep_length_mean:          100.0000	episode_limit_mean:        1.0000	epsilon:                   0.0500
grad_norm:                11.4425	healthy_machine_fraction_mean:  0.2446	loss:                      0.3983	mi_loss:                   0.0034
q_taken_mean:              0.8947	return_mean:              55.4460	return_median:            55.6000	return_std:                6.4686
target_mean:               0.9017	td_error_abs:              0.4685	test_ep_length_mean:     100.0000	test_episode_limit_mean:   1.0000
test_healthy_machine_fraction_mean:  0.2069	test_return_mean:         59.1938	test_return_median:       60.3000	test_return_std:           9.5258

[INFO 04:54:31] my_main Recent Stats | t_env:     364000 | Episode:     3640
entropy_loss:              0.0030	ep_length_mean:          100.0000	episode_limit_mean:        1.0000	epsilon:                   0.0500
grad_norm:                11.7020	healthy_machine_fraction_mean:  0.2446	loss:                      0.3828	mi_loss:                   0.0035
q_taken_mean:              0.9186	return_mean:              55.4460	return_median:            55.6000	return_std:                6.4686
target_mean:               0.9259	td_error_abs:              0.4632	test_ep_length_mean:     100.0000	test_episode_limit_mean:   1.0000
test_healthy_machine_fraction_mean:  0.2069	test_return_mean:         59.1938	test_return_median:       60.3000	test_return_std:           9.5258

[INFO 04:55:22] my_main Recent Stats | t_env:     366000 | Episode:     3660
entropy_loss:              0.0030	ep_length_mean:          100.0000	episode_limit_mean:        1.0000	epsilon:                   0.0500
grad_norm:                11.7020	healthy_machine_fraction_mean:  0.2446	loss:                      0.3828	mi_loss:                   0.0035
q_taken_mean:              0.9186	return_mean:              55.4460	return_median:            55.6000	return_std:                6.4686
target_mean:               0.9259	td_error_abs:              0.4632	test_ep_length_mean:     100.0000	test_episode_limit_mean:   1.0000
test_healthy_machine_fraction_mean:  0.2069	test_return_mean:         59.1938	test_return_median:       60.3000	test_return_std:           9.5258

[INFO 04:56:13] my_main Recent Stats | t_env:     368000 | Episode:     3680
entropy_loss:              0.0030	ep_length_mean:          100.0000	episode_limit_mean:        1.0000	epsilon:                   0.0500
grad_norm:                11.7020	healthy_machine_fraction_mean:  0.2446	loss:                      0.3828	mi_loss:                   0.0035
q_taken_mean:              0.9186	return_mean:              55.4460	return_median:            55.6000	return_std:                6.4686
target_mean:               0.9259	td_error_abs:              0.4632	test_ep_length_mean:     100.0000	test_episode_limit_mean:   1.0000
test_healthy_machine_fraction_mean:  0.2069	test_return_mean:         59.1938	test_return_median:       60.3000	test_return_std:           9.5258

[INFO 04:57:05] my_main Recent Stats | t_env:     370000 | Episode:     3700
entropy_loss:              0.0030	ep_length_mean:          100.0000	episode_limit_mean:        1.0000	epsilon:                   0.0500
grad_norm:                11.7020	healthy_machine_fraction_mean:  0.2446	loss:                      0.3828	mi_loss:                   0.0035
q_taken_mean:              0.9186	return_mean:              55.4460	return_median:            55.6000	return_std:                6.4686
target_mean:               0.9259	td_error_abs:              0.4632	test_ep_length_mean:     100.0000	test_episode_limit_mean:   1.0000
test_healthy_machine_fraction_mean:  0.2069	test_return_mean:         59.1938	test_return_median:       60.3000	test_return_std:           9.5258

[INFO 04:57:07] my_main t_env: 370100 / 2050000
[INFO 04:57:07] my_main Estimated time left: 13 hours, 19 minutes, 53 seconds. Time passed: 2 hours, 52 minutes, 57 seconds
[INFO 04:58:26] my_main Recent Stats | t_env:     372000 | Episode:     3720
entropy_loss:              0.0030	ep_length_mean:          100.0000	episode_limit_mean:        1.0000	epsilon:                   0.0500
grad_norm:                11.7020	healthy_machine_fraction_mean:  0.2438	loss:                      0.3828	mi_loss:                   0.0035
q_taken_mean:              0.9186	return_mean:              55.7360	return_median:            55.8000	return_std:                6.6642
target_mean:               0.9259	td_error_abs:              0.4632	test_ep_length_mean:     100.0000	test_episode_limit_mean:   1.0000
test_healthy_machine_fraction_mean:  0.2112	test_return_mean:         59.9813	test_return_median:       60.6000	test_return_std:           8.6888

[INFO 04:59:17] my_main Recent Stats | t_env:     374000 | Episode:     3740
entropy_loss:              0.0031	ep_length_mean:          100.0000	episode_limit_mean:        1.0000	epsilon:                   0.0500
grad_norm:                12.1145	healthy_machine_fraction_mean:  0.2438	loss:                      0.3910	mi_loss:                   0.0035
q_taken_mean:              0.9385	return_mean:              55.7360	return_median:            55.8000	return_std:                6.6642
target_mean:               0.9572	td_error_abs:              0.4579	test_ep_length_mean:     100.0000	test_episode_limit_mean:   1.0000
test_healthy_machine_fraction_mean:  0.2112	test_return_mean:         59.9813	test_return_median:       60.6000	test_return_std:           8.6888

[INFO 05:00:08] my_main Recent Stats | t_env:     376000 | Episode:     3760
entropy_loss:              0.0031	ep_length_mean:          100.0000	episode_limit_mean:        1.0000	epsilon:                   0.0500
grad_norm:                12.1145	healthy_machine_fraction_mean:  0.2438	loss:                      0.3910	mi_loss:                   0.0035
q_taken_mean:              0.9385	return_mean:              55.7360	return_median:            55.8000	return_std:                6.6642
target_mean:               0.9572	td_error_abs:              0.4579	test_ep_length_mean:     100.0000	test_episode_limit_mean:   1.0000
test_healthy_machine_fraction_mean:  0.2112	test_return_mean:         59.9813	test_return_median:       60.6000	test_return_std:           8.6888

[INFO 05:01:00] my_main Recent Stats | t_env:     378000 | Episode:     3780
entropy_loss:              0.0031	ep_length_mean:          100.0000	episode_limit_mean:        1.0000	epsilon:                   0.0500
grad_norm:                12.1145	healthy_machine_fraction_mean:  0.2438	loss:                      0.3910	mi_loss:                   0.0035
q_taken_mean:              0.9385	return_mean:              55.7360	return_median:            55.8000	return_std:                6.6642
target_mean:               0.9572	td_error_abs:              0.4579	test_ep_length_mean:     100.0000	test_episode_limit_mean:   1.0000
test_healthy_machine_fraction_mean:  0.2112	test_return_mean:         59.9813	test_return_median:       60.6000	test_return_std:           8.6888

[INFO 05:01:50] my_main Recent Stats | t_env:     380000 | Episode:     3800
entropy_loss:              0.0031	ep_length_mean:          100.0000	episode_limit_mean:        1.0000	epsilon:                   0.0500
grad_norm:                12.1145	healthy_machine_fraction_mean:  0.2438	loss:                      0.3910	mi_loss:                   0.0035
q_taken_mean:              0.9385	return_mean:              55.7360	return_median:            55.8000	return_std:                6.6642
target_mean:               0.9572	td_error_abs:              0.4579	test_ep_length_mean:     100.0000	test_episode_limit_mean:   1.0000
test_healthy_machine_fraction_mean:  0.2112	test_return_mean:         59.9813	test_return_median:       60.6000	test_return_std:           8.6888

[INFO 05:01:53] my_main Updated target network
[INFO 05:01:53] my_main t_env: 380100 / 2050000
[INFO 05:01:53] my_main Estimated time left: 13 hours, 14 minutes, 29 seconds. Time passed: 2 hours, 57 minutes, 43 seconds
[INFO 05:03:11] my_main Recent Stats | t_env:     382000 | Episode:     3820
entropy_loss:              0.0031	ep_length_mean:          100.0000	episode_limit_mean:        1.0000	epsilon:                   0.0500
grad_norm:                12.1145	healthy_machine_fraction_mean:  0.2364	loss:                      0.3910	mi_loss:                   0.0035
q_taken_mean:              0.9385	return_mean:              55.8580	return_median:            56.2000	return_std:                6.6887
target_mean:               0.9572	td_error_abs:              0.4579	test_ep_length_mean:     100.0000	test_episode_limit_mean:   1.0000
test_healthy_machine_fraction_mean:  0.2038	test_return_mean:         60.1875	test_return_median:       61.0000	test_return_std:           8.7920

[INFO 05:04:02] my_main Recent Stats | t_env:     384000 | Episode:     3840
entropy_loss:              0.0031	ep_length_mean:          100.0000	episode_limit_mean:        1.0000	epsilon:                   0.0500
grad_norm:                12.1667	healthy_machine_fraction_mean:  0.2364	loss:                      0.3882	mi_loss:                   0.0036
q_taken_mean:              0.9529	return_mean:              55.8580	return_median:            56.2000	return_std:                6.6887
target_mean:               0.9816	td_error_abs:              0.4478	test_ep_length_mean:     100.0000	test_episode_limit_mean:   1.0000
test_healthy_machine_fraction_mean:  0.2038	test_return_mean:         60.1875	test_return_median:       61.0000	test_return_std:           8.7920

[INFO 05:04:54] my_main Recent Stats | t_env:     386000 | Episode:     3860
entropy_loss:              0.0031	ep_length_mean:          100.0000	episode_limit_mean:        1.0000	epsilon:                   0.0500
grad_norm:                12.1667	healthy_machine_fraction_mean:  0.2364	loss:                      0.3882	mi_loss:                   0.0036
q_taken_mean:              0.9529	return_mean:              55.8580	return_median:            56.2000	return_std:                6.6887
target_mean:               0.9816	td_error_abs:              0.4478	test_ep_length_mean:     100.0000	test_episode_limit_mean:   1.0000
test_healthy_machine_fraction_mean:  0.2038	test_return_mean:         60.1875	test_return_median:       61.0000	test_return_std:           8.7920

[INFO 05:05:44] my_main Recent Stats | t_env:     388000 | Episode:     3880
entropy_loss:              0.0031	ep_length_mean:          100.0000	episode_limit_mean:        1.0000	epsilon:                   0.0500
grad_norm:                12.1667	healthy_machine_fraction_mean:  0.2364	loss:                      0.3882	mi_loss:                   0.0036
q_taken_mean:              0.9529	return_mean:              55.8580	return_median:            56.2000	return_std:                6.6887
target_mean:               0.9816	td_error_abs:              0.4478	test_ep_length_mean:     100.0000	test_episode_limit_mean:   1.0000
test_healthy_machine_fraction_mean:  0.2038	test_return_mean:         60.1875	test_return_median:       61.0000	test_return_std:           8.7920

[INFO 05:06:36] my_main Recent Stats | t_env:     390000 | Episode:     3900
entropy_loss:              0.0031	ep_length_mean:          100.0000	episode_limit_mean:        1.0000	epsilon:                   0.0500
grad_norm:                12.1667	healthy_machine_fraction_mean:  0.2364	loss:                      0.3882	mi_loss:                   0.0036
q_taken_mean:              0.9529	return_mean:              55.8580	return_median:            56.2000	return_std:                6.6887
target_mean:               0.9816	td_error_abs:              0.4478	test_ep_length_mean:     100.0000	test_episode_limit_mean:   1.0000
test_healthy_machine_fraction_mean:  0.2038	test_return_mean:         60.1875	test_return_median:       61.0000	test_return_std:           8.7920

[INFO 05:06:38] my_main t_env: 390100 / 2050000
[INFO 05:06:38] my_main Estimated time left: 13 hours, 9 minutes, 21 seconds. Time passed: 3 hours, 2 minutes, 28 seconds
[INFO 05:07:52] my_main Recent Stats | t_env:     392000 | Episode:     3920
entropy_loss:              0.0031	ep_length_mean:          100.0000	episode_limit_mean:        1.0000	epsilon:                   0.0500
grad_norm:                12.1667	healthy_machine_fraction_mean:  0.2246	loss:                      0.3882	mi_loss:                   0.0036
q_taken_mean:              0.9529	return_mean:              55.5640	return_median:            55.8000	return_std:                6.8052
target_mean:               0.9816	td_error_abs:              0.4478	test_ep_length_mean:     100.0000	test_episode_limit_mean:   1.0000
test_healthy_machine_fraction_mean:  0.2194	test_return_mean:         61.1562	test_return_median:       61.5000	test_return_std:           8.5714

[INFO 05:08:44] my_main Recent Stats | t_env:     394000 | Episode:     3940
entropy_loss:              0.0031	ep_length_mean:          100.0000	episode_limit_mean:        1.0000	epsilon:                   0.0500
grad_norm:                12.4643	healthy_machine_fraction_mean:  0.2246	loss:                      0.3818	mi_loss:                   0.0036
q_taken_mean:              0.9608	return_mean:              55.5640	return_median:            55.8000	return_std:                6.8052
target_mean:               0.9904	td_error_abs:              0.4476	test_ep_length_mean:     100.0000	test_episode_limit_mean:   1.0000
test_healthy_machine_fraction_mean:  0.2194	test_return_mean:         61.1562	test_return_median:       61.5000	test_return_std:           8.5714

[INFO 05:09:35] my_main Recent Stats | t_env:     396000 | Episode:     3960
entropy_loss:              0.0031	ep_length_mean:          100.0000	episode_limit_mean:        1.0000	epsilon:                   0.0500
grad_norm:                12.4643	healthy_machine_fraction_mean:  0.2246	loss:                      0.3818	mi_loss:                   0.0036
q_taken_mean:              0.9608	return_mean:              55.5640	return_median:            55.8000	return_std:                6.8052
target_mean:               0.9904	td_error_abs:              0.4476	test_ep_length_mean:     100.0000	test_episode_limit_mean:   1.0000
test_healthy_machine_fraction_mean:  0.2194	test_return_mean:         61.1562	test_return_median:       61.5000	test_return_std:           8.5714

[INFO 05:10:26] my_main Recent Stats | t_env:     398000 | Episode:     3980
entropy_loss:              0.0031	ep_length_mean:          100.0000	episode_limit_mean:        1.0000	epsilon:                   0.0500
grad_norm:                12.4643	healthy_machine_fraction_mean:  0.2246	loss:                      0.3818	mi_loss:                   0.0036
q_taken_mean:              0.9608	return_mean:              55.5640	return_median:            55.8000	return_std:                6.8052
target_mean:               0.9904	td_error_abs:              0.4476	test_ep_length_mean:     100.0000	test_episode_limit_mean:   1.0000
test_healthy_machine_fraction_mean:  0.2194	test_return_mean:         61.1562	test_return_median:       61.5000	test_return_std:           8.5714

[INFO 05:11:17] my_main Recent Stats | t_env:     400000 | Episode:     4000
entropy_loss:              0.0031	ep_length_mean:          100.0000	episode_limit_mean:        1.0000	epsilon:                   0.0500
grad_norm:                12.4643	healthy_machine_fraction_mean:  0.2246	loss:                      0.3818	mi_loss:                   0.0036
q_taken_mean:              0.9608	return_mean:              55.5640	return_median:            55.8000	return_std:                6.8052
target_mean:               0.9904	td_error_abs:              0.4476	test_ep_length_mean:     100.0000	test_episode_limit_mean:   1.0000
test_healthy_machine_fraction_mean:  0.2194	test_return_mean:         61.1562	test_return_median:       61.5000	test_return_std:           8.5714

[INFO 05:11:20] my_main Updated target network
[INFO 05:11:20] my_main t_env: 400100 / 2050000
[INFO 05:11:20] my_main Estimated time left: 12 hours, 54 minutes, 39 seconds. Time passed: 3 hours, 7 minutes, 10 seconds
[INFO 05:12:39] my_main Recent Stats | t_env:     402000 | Episode:     4020
entropy_loss:              0.0031	ep_length_mean:          100.0000	episode_limit_mean:        1.0000	epsilon:                   0.0500
grad_norm:                12.4643	healthy_machine_fraction_mean:  0.2246	loss:                      0.3818	mi_loss:                   0.0036
q_taken_mean:              0.9608	return_mean:              55.7880	return_median:            56.0000	return_std:                6.8533
target_mean:               0.9904	td_error_abs:              0.4476	test_ep_length_mean:     100.0000	test_episode_limit_mean:   1.0000
test_healthy_machine_fraction_mean:  0.1863	test_return_mean:         60.6625	test_return_median:       60.6000	test_return_std:           8.5394

[INFO 05:13:30] my_main Recent Stats | t_env:     404000 | Episode:     4040
entropy_loss:              0.0031	ep_length_mean:          100.0000	episode_limit_mean:        1.0000	epsilon:                   0.0500
grad_norm:                12.1986	healthy_machine_fraction_mean:  0.2246	loss:                      0.3682	mi_loss:                   0.0036
q_taken_mean:              0.9759	return_mean:              55.7880	return_median:            56.0000	return_std:                6.8533
target_mean:               1.0047	td_error_abs:              0.4411	test_ep_length_mean:     100.0000	test_episode_limit_mean:   1.0000
test_healthy_machine_fraction_mean:  0.1863	test_return_mean:         60.6625	test_return_median:       60.6000	test_return_std:           8.5394

[INFO 05:14:20] my_main Recent Stats | t_env:     406000 | Episode:     4060
entropy_loss:              0.0031	ep_length_mean:          100.0000	episode_limit_mean:        1.0000	epsilon:                   0.0500
grad_norm:                12.1986	healthy_machine_fraction_mean:  0.2246	loss:                      0.3682	mi_loss:                   0.0036
q_taken_mean:              0.9759	return_mean:              55.7880	return_median:            56.0000	return_std:                6.8533
target_mean:               1.0047	td_error_abs:              0.4411	test_ep_length_mean:     100.0000	test_episode_limit_mean:   1.0000
test_healthy_machine_fraction_mean:  0.1863	test_return_mean:         60.6625	test_return_median:       60.6000	test_return_std:           8.5394

[INFO 05:15:12] my_main Recent Stats | t_env:     408000 | Episode:     4080
entropy_loss:              0.0031	ep_length_mean:          100.0000	episode_limit_mean:        1.0000	epsilon:                   0.0500
grad_norm:                12.1986	healthy_machine_fraction_mean:  0.2246	loss:                      0.3682	mi_loss:                   0.0036
q_taken_mean:              0.9759	return_mean:              55.7880	return_median:            56.0000	return_std:                6.8533
target_mean:               1.0047	td_error_abs:              0.4411	test_ep_length_mean:     100.0000	test_episode_limit_mean:   1.0000
test_healthy_machine_fraction_mean:  0.1863	test_return_mean:         60.6625	test_return_median:       60.6000	test_return_std:           8.5394

[INFO 05:16:03] my_main Recent Stats | t_env:     410000 | Episode:     4100
entropy_loss:              0.0031	ep_length_mean:          100.0000	episode_limit_mean:        1.0000	epsilon:                   0.0500
grad_norm:                12.1986	healthy_machine_fraction_mean:  0.2246	loss:                      0.3682	mi_loss:                   0.0036
q_taken_mean:              0.9759	return_mean:              55.7880	return_median:            56.0000	return_std:                6.8533
target_mean:               1.0047	td_error_abs:              0.4411	test_ep_length_mean:     100.0000	test_episode_limit_mean:   1.0000
test_healthy_machine_fraction_mean:  0.1863	test_return_mean:         60.6625	test_return_median:       60.6000	test_return_std:           8.5394

[INFO 05:16:06] my_main t_env: 410100 / 2050000
[INFO 05:16:06] my_main Estimated time left: 13 hours, 1 minutes, 59 seconds. Time passed: 3 hours, 11 minutes, 56 seconds
[INFO 05:17:25] my_main Recent Stats | t_env:     412000 | Episode:     4120
entropy_loss:              0.0031	ep_length_mean:          100.0000	episode_limit_mean:        1.0000	epsilon:                   0.0500
grad_norm:                12.1986	healthy_machine_fraction_mean:  0.2186	loss:                      0.3682	mi_loss:                   0.0036
q_taken_mean:              0.9759	return_mean:              55.8820	return_median:            56.1000	return_std:                7.0329
target_mean:               1.0047	td_error_abs:              0.4411	test_ep_length_mean:     100.0000	test_episode_limit_mean:   1.0000
test_healthy_machine_fraction_mean:  0.1913	test_return_mean:         61.2875	test_return_median:       60.7000	test_return_std:           7.8623

[INFO 05:18:16] my_main Recent Stats | t_env:     414000 | Episode:     4140
entropy_loss:              0.0030	ep_length_mean:          100.0000	episode_limit_mean:        1.0000	epsilon:                   0.0500
grad_norm:                12.5887	healthy_machine_fraction_mean:  0.2186	loss:                      0.3856	mi_loss:                   0.0037
q_taken_mean:              0.9884	return_mean:              55.8820	return_median:            56.1000	return_std:                7.0329
target_mean:               1.0179	td_error_abs:              0.4511	test_ep_length_mean:     100.0000	test_episode_limit_mean:   1.0000
test_healthy_machine_fraction_mean:  0.1913	test_return_mean:         61.2875	test_return_median:       60.7000	test_return_std:           7.8623

[INFO 05:19:08] my_main Recent Stats | t_env:     416000 | Episode:     4160
entropy_loss:              0.0030	ep_length_mean:          100.0000	episode_limit_mean:        1.0000	epsilon:                   0.0500
grad_norm:                12.5887	healthy_machine_fraction_mean:  0.2186	loss:                      0.3856	mi_loss:                   0.0037
q_taken_mean:              0.9884	return_mean:              55.8820	return_median:            56.1000	return_std:                7.0329
target_mean:               1.0179	td_error_abs:              0.4511	test_ep_length_mean:     100.0000	test_episode_limit_mean:   1.0000
test_healthy_machine_fraction_mean:  0.1913	test_return_mean:         61.2875	test_return_median:       60.7000	test_return_std:           7.8623

[INFO 05:19:59] my_main Recent Stats | t_env:     418000 | Episode:     4180
entropy_loss:              0.0030	ep_length_mean:          100.0000	episode_limit_mean:        1.0000	epsilon:                   0.0500
grad_norm:                12.5887	healthy_machine_fraction_mean:  0.2186	loss:                      0.3856	mi_loss:                   0.0037
q_taken_mean:              0.9884	return_mean:              55.8820	return_median:            56.1000	return_std:                7.0329
target_mean:               1.0179	td_error_abs:              0.4511	test_ep_length_mean:     100.0000	test_episode_limit_mean:   1.0000
test_healthy_machine_fraction_mean:  0.1913	test_return_mean:         61.2875	test_return_median:       60.7000	test_return_std:           7.8623

[INFO 05:20:50] my_main Recent Stats | t_env:     420000 | Episode:     4200
entropy_loss:              0.0030	ep_length_mean:          100.0000	episode_limit_mean:        1.0000	epsilon:                   0.0500
grad_norm:                12.5887	healthy_machine_fraction_mean:  0.2186	loss:                      0.3856	mi_loss:                   0.0037
q_taken_mean:              0.9884	return_mean:              55.8820	return_median:            56.1000	return_std:                7.0329
target_mean:               1.0179	td_error_abs:              0.4511	test_ep_length_mean:     100.0000	test_episode_limit_mean:   1.0000
test_healthy_machine_fraction_mean:  0.1913	test_return_mean:         61.2875	test_return_median:       60.7000	test_return_std:           7.8623

[INFO 05:20:52] my_main Updated target network
[INFO 05:20:52] my_main t_env: 420100 / 2050000
[INFO 05:20:52] my_main Estimated time left: 12 hours, 57 minutes, 35 seconds. Time passed: 3 hours, 16 minutes, 42 seconds
[INFO 05:22:11] my_main Recent Stats | t_env:     422000 | Episode:     4220
entropy_loss:              0.0030	ep_length_mean:          100.0000	episode_limit_mean:        1.0000	epsilon:                   0.0500
grad_norm:                12.5887	healthy_machine_fraction_mean:  0.2142	loss:                      0.3856	mi_loss:                   0.0037
q_taken_mean:              0.9884	return_mean:              56.2280	return_median:            56.5000	return_std:                6.8432
target_mean:               1.0179	td_error_abs:              0.4511	test_ep_length_mean:     100.0000	test_episode_limit_mean:   1.0000
test_healthy_machine_fraction_mean:  0.1738	test_return_mean:         60.2125	test_return_median:       59.5000	test_return_std:           8.0668

[INFO 05:23:03] my_main Recent Stats | t_env:     424000 | Episode:     4240
entropy_loss:              0.0030	ep_length_mean:          100.0000	episode_limit_mean:        1.0000	epsilon:                   0.0500
grad_norm:                12.3230	healthy_machine_fraction_mean:  0.2142	loss:                      0.3834	mi_loss:                   0.0037
q_taken_mean:              1.0020	return_mean:              56.2280	return_median:            56.5000	return_std:                6.8432
target_mean:               1.0308	td_error_abs:              0.4501	test_ep_length_mean:     100.0000	test_episode_limit_mean:   1.0000
test_healthy_machine_fraction_mean:  0.1738	test_return_mean:         60.2125	test_return_median:       59.5000	test_return_std:           8.0668

[INFO 05:23:54] my_main Recent Stats | t_env:     426000 | Episode:     4260
entropy_loss:              0.0030	ep_length_mean:          100.0000	episode_limit_mean:        1.0000	epsilon:                   0.0500
grad_norm:                12.3230	healthy_machine_fraction_mean:  0.2142	loss:                      0.3834	mi_loss:                   0.0037
q_taken_mean:              1.0020	return_mean:              56.2280	return_median:            56.5000	return_std:                6.8432
target_mean:               1.0308	td_error_abs:              0.4501	test_ep_length_mean:     100.0000	test_episode_limit_mean:   1.0000
test_healthy_machine_fraction_mean:  0.1738	test_return_mean:         60.2125	test_return_median:       59.5000	test_return_std:           8.0668

[INFO 05:24:46] my_main Recent Stats | t_env:     428000 | Episode:     4280
entropy_loss:              0.0030	ep_length_mean:          100.0000	episode_limit_mean:        1.0000	epsilon:                   0.0500
grad_norm:                12.3230	healthy_machine_fraction_mean:  0.2142	loss:                      0.3834	mi_loss:                   0.0037
q_taken_mean:              1.0020	return_mean:              56.2280	return_median:            56.5000	return_std:                6.8432
target_mean:               1.0308	td_error_abs:              0.4501	test_ep_length_mean:     100.0000	test_episode_limit_mean:   1.0000
test_healthy_machine_fraction_mean:  0.1738	test_return_mean:         60.2125	test_return_median:       59.5000	test_return_std:           8.0668

[INFO 05:25:36] my_main Recent Stats | t_env:     430000 | Episode:     4300
entropy_loss:              0.0030	ep_length_mean:          100.0000	episode_limit_mean:        1.0000	epsilon:                   0.0500
grad_norm:                12.3230	healthy_machine_fraction_mean:  0.2142	loss:                      0.3834	mi_loss:                   0.0037
q_taken_mean:              1.0020	return_mean:              56.2280	return_median:            56.5000	return_std:                6.8432
target_mean:               1.0308	td_error_abs:              0.4501	test_ep_length_mean:     100.0000	test_episode_limit_mean:   1.0000
test_healthy_machine_fraction_mean:  0.1738	test_return_mean:         60.2125	test_return_median:       59.5000	test_return_std:           8.0668

[INFO 05:25:39] my_main t_env: 430100 / 2050000
[INFO 05:25:39] my_main Estimated time left: 12 hours, 53 minutes, 53 seconds. Time passed: 3 hours, 21 minutes, 29 seconds
[INFO 05:26:58] my_main Recent Stats | t_env:     432000 | Episode:     4320
entropy_loss:              0.0030	ep_length_mean:          100.0000	episode_limit_mean:        1.0000	epsilon:                   0.0500
grad_norm:                12.3230	healthy_machine_fraction_mean:  0.2120	loss:                      0.3834	mi_loss:                   0.0037
q_taken_mean:              1.0020	return_mean:              56.5860	return_median:            56.6000	return_std:                6.9483
target_mean:               1.0308	td_error_abs:              0.4501	test_ep_length_mean:     100.0000	test_episode_limit_mean:   1.0000
test_healthy_machine_fraction_mean:  0.1756	test_return_mean:         61.0250	test_return_median:       60.2000	test_return_std:           7.8047

[INFO 05:27:48] my_main Recent Stats | t_env:     434000 | Episode:     4340
entropy_loss:              0.0030	ep_length_mean:          100.0000	episode_limit_mean:        1.0000	epsilon:                   0.0500
grad_norm:                13.0050	healthy_machine_fraction_mean:  0.2120	loss:                      0.3970	mi_loss:                   0.0037
q_taken_mean:              1.0181	return_mean:              56.5860	return_median:            56.6000	return_std:                6.9483
target_mean:               1.0481	td_error_abs:              0.4597	test_ep_length_mean:     100.0000	test_episode_limit_mean:   1.0000
test_healthy_machine_fraction_mean:  0.1756	test_return_mean:         61.0250	test_return_median:       60.2000	test_return_std:           7.8047

[INFO 05:28:40] my_main Recent Stats | t_env:     436000 | Episode:     4360
entropy_loss:              0.0030	ep_length_mean:          100.0000	episode_limit_mean:        1.0000	epsilon:                   0.0500
grad_norm:                13.0050	healthy_machine_fraction_mean:  0.2120	loss:                      0.3970	mi_loss:                   0.0037
q_taken_mean:              1.0181	return_mean:              56.5860	return_median:            56.6000	return_std:                6.9483
target_mean:               1.0481	td_error_abs:              0.4597	test_ep_length_mean:     100.0000	test_episode_limit_mean:   1.0000
test_healthy_machine_fraction_mean:  0.1756	test_return_mean:         61.0250	test_return_median:       60.2000	test_return_std:           7.8047

[INFO 05:29:31] my_main Recent Stats | t_env:     438000 | Episode:     4380
entropy_loss:              0.0030	ep_length_mean:          100.0000	episode_limit_mean:        1.0000	epsilon:                   0.0500
grad_norm:                13.0050	healthy_machine_fraction_mean:  0.2120	loss:                      0.3970	mi_loss:                   0.0037
q_taken_mean:              1.0181	return_mean:              56.5860	return_median:            56.6000	return_std:                6.9483
target_mean:               1.0481	td_error_abs:              0.4597	test_ep_length_mean:     100.0000	test_episode_limit_mean:   1.0000
test_healthy_machine_fraction_mean:  0.1756	test_return_mean:         61.0250	test_return_median:       60.2000	test_return_std:           7.8047

[INFO 05:30:22] my_main Recent Stats | t_env:     440000 | Episode:     4400
entropy_loss:              0.0030	ep_length_mean:          100.0000	episode_limit_mean:        1.0000	epsilon:                   0.0500
grad_norm:                13.0050	healthy_machine_fraction_mean:  0.2120	loss:                      0.3970	mi_loss:                   0.0037
q_taken_mean:              1.0181	return_mean:              56.5860	return_median:            56.6000	return_std:                6.9483
target_mean:               1.0481	td_error_abs:              0.4597	test_ep_length_mean:     100.0000	test_episode_limit_mean:   1.0000
test_healthy_machine_fraction_mean:  0.1756	test_return_mean:         61.0250	test_return_median:       60.2000	test_return_std:           7.8047

[INFO 05:30:24] my_main Updated target network
[INFO 05:30:24] my_main t_env: 440100 / 2050000
[INFO 05:30:24] my_main Estimated time left: 12 hours, 46 minutes, 39 seconds. Time passed: 3 hours, 26 minutes, 15 seconds
[INFO 05:31:43] my_main Recent Stats | t_env:     442000 | Episode:     4420
entropy_loss:              0.0030	ep_length_mean:          100.0000	episode_limit_mean:        1.0000	epsilon:                   0.0500
grad_norm:                13.0050	healthy_machine_fraction_mean:  0.2134	loss:                      0.3970	mi_loss:                   0.0037
q_taken_mean:              1.0181	return_mean:              57.1300	return_median:            57.4000	return_std:                6.9151
target_mean:               1.0481	td_error_abs:              0.4597	test_ep_length_mean:     100.0000	test_episode_limit_mean:   1.0000
test_healthy_machine_fraction_mean:  0.1469	test_return_mean:         60.1812	test_return_median:       60.3000	test_return_std:           8.3016

[INFO 05:32:35] my_main Recent Stats | t_env:     444000 | Episode:     4440
entropy_loss:              0.0030	ep_length_mean:          100.0000	episode_limit_mean:        1.0000	epsilon:                   0.0500
grad_norm:                12.9555	healthy_machine_fraction_mean:  0.2134	loss:                      0.3945	mi_loss:                   0.0037
q_taken_mean:              1.0461	return_mean:              57.1300	return_median:            57.4000	return_std:                6.9151
target_mean:               1.0643	td_error_abs:              0.4663	test_ep_length_mean:     100.0000	test_episode_limit_mean:   1.0000
test_healthy_machine_fraction_mean:  0.1469	test_return_mean:         60.1812	test_return_median:       60.3000	test_return_std:           8.3016

[INFO 05:33:26] my_main Recent Stats | t_env:     446000 | Episode:     4460
entropy_loss:              0.0030	ep_length_mean:          100.0000	episode_limit_mean:        1.0000	epsilon:                   0.0500
grad_norm:                12.9555	healthy_machine_fraction_mean:  0.2134	loss:                      0.3945	mi_loss:                   0.0037
q_taken_mean:              1.0461	return_mean:              57.1300	return_median:            57.4000	return_std:                6.9151
target_mean:               1.0643	td_error_abs:              0.4663	test_ep_length_mean:     100.0000	test_episode_limit_mean:   1.0000
test_healthy_machine_fraction_mean:  0.1469	test_return_mean:         60.1812	test_return_median:       60.3000	test_return_std:           8.3016

[INFO 05:34:16] my_main Recent Stats | t_env:     448000 | Episode:     4480
entropy_loss:              0.0030	ep_length_mean:          100.0000	episode_limit_mean:        1.0000	epsilon:                   0.0500
grad_norm:                12.9555	healthy_machine_fraction_mean:  0.2134	loss:                      0.3945	mi_loss:                   0.0037
q_taken_mean:              1.0461	return_mean:              57.1300	return_median:            57.4000	return_std:                6.9151
target_mean:               1.0643	td_error_abs:              0.4663	test_ep_length_mean:     100.0000	test_episode_limit_mean:   1.0000
test_healthy_machine_fraction_mean:  0.1469	test_return_mean:         60.1812	test_return_median:       60.3000	test_return_std:           8.3016

[INFO 05:35:06] my_main Recent Stats | t_env:     450000 | Episode:     4500
entropy_loss:              0.0030	ep_length_mean:          100.0000	episode_limit_mean:        1.0000	epsilon:                   0.0500
grad_norm:                12.9555	healthy_machine_fraction_mean:  0.2134	loss:                      0.3945	mi_loss:                   0.0037
q_taken_mean:              1.0461	return_mean:              57.1300	return_median:            57.4000	return_std:                6.9151
target_mean:               1.0643	td_error_abs:              0.4663	test_ep_length_mean:     100.0000	test_episode_limit_mean:   1.0000
test_healthy_machine_fraction_mean:  0.1469	test_return_mean:         60.1812	test_return_median:       60.3000	test_return_std:           8.3016

[INFO 05:35:09] my_main t_env: 450100 / 2050000
[INFO 05:35:09] my_main Estimated time left: 12 hours, 38 minutes, 4 seconds. Time passed: 3 hours, 30 minutes, 59 seconds
[INFO 05:36:27] my_main Recent Stats | t_env:     452000 | Episode:     4520
entropy_loss:              0.0030	ep_length_mean:          100.0000	episode_limit_mean:        1.0000	epsilon:                   0.0500
grad_norm:                12.9555	healthy_machine_fraction_mean:  0.2174	loss:                      0.3945	mi_loss:                   0.0037
q_taken_mean:              1.0461	return_mean:              57.5220	return_median:            57.8000	return_std:                6.7159
target_mean:               1.0643	td_error_abs:              0.4663	test_ep_length_mean:     100.0000	test_episode_limit_mean:   1.0000
test_healthy_machine_fraction_mean:  0.1556	test_return_mean:         61.0063	test_return_median:       61.3000	test_return_std:           7.9432

[INFO 05:37:19] my_main Recent Stats | t_env:     454000 | Episode:     4540
entropy_loss:              0.0030	ep_length_mean:          100.0000	episode_limit_mean:        1.0000	epsilon:                   0.0500
grad_norm:                13.0615	healthy_machine_fraction_mean:  0.2174	loss:                      0.3926	mi_loss:                   0.0038
q_taken_mean:              1.0725	return_mean:              57.5220	return_median:            57.8000	return_std:                6.7159
target_mean:               1.0797	td_error_abs:              0.4744	test_ep_length_mean:     100.0000	test_episode_limit_mean:   1.0000
test_healthy_machine_fraction_mean:  0.1556	test_return_mean:         61.0063	test_return_median:       61.3000	test_return_std:           7.9432

[INFO 05:38:10] my_main Recent Stats | t_env:     456000 | Episode:     4560
entropy_loss:              0.0030	ep_length_mean:          100.0000	episode_limit_mean:        1.0000	epsilon:                   0.0500
grad_norm:                13.0615	healthy_machine_fraction_mean:  0.2174	loss:                      0.3926	mi_loss:                   0.0038
q_taken_mean:              1.0725	return_mean:              57.5220	return_median:            57.8000	return_std:                6.7159
target_mean:               1.0797	td_error_abs:              0.4744	test_ep_length_mean:     100.0000	test_episode_limit_mean:   1.0000
test_healthy_machine_fraction_mean:  0.1556	test_return_mean:         61.0063	test_return_median:       61.3000	test_return_std:           7.9432

[INFO 05:39:01] my_main Recent Stats | t_env:     458000 | Episode:     4580
entropy_loss:              0.0030	ep_length_mean:          100.0000	episode_limit_mean:        1.0000	epsilon:                   0.0500
grad_norm:                13.0615	healthy_machine_fraction_mean:  0.2174	loss:                      0.3926	mi_loss:                   0.0038
q_taken_mean:              1.0725	return_mean:              57.5220	return_median:            57.8000	return_std:                6.7159
target_mean:               1.0797	td_error_abs:              0.4744	test_ep_length_mean:     100.0000	test_episode_limit_mean:   1.0000
test_healthy_machine_fraction_mean:  0.1556	test_return_mean:         61.0063	test_return_median:       61.3000	test_return_std:           7.9432

[INFO 05:39:52] my_main Recent Stats | t_env:     460000 | Episode:     4600
entropy_loss:              0.0030	ep_length_mean:          100.0000	episode_limit_mean:        1.0000	epsilon:                   0.0500
grad_norm:                13.0615	healthy_machine_fraction_mean:  0.2174	loss:                      0.3926	mi_loss:                   0.0038
q_taken_mean:              1.0725	return_mean:              57.5220	return_median:            57.8000	return_std:                6.7159
target_mean:               1.0797	td_error_abs:              0.4744	test_ep_length_mean:     100.0000	test_episode_limit_mean:   1.0000
test_healthy_machine_fraction_mean:  0.1556	test_return_mean:         61.0063	test_return_median:       61.3000	test_return_std:           7.9432

[INFO 05:39:55] my_main Updated target network
[INFO 05:39:55] my_main t_env: 460100 / 2050000
[INFO 05:39:55] my_main Estimated time left: 12 hours, 37 minutes, 41 seconds. Time passed: 3 hours, 35 minutes, 45 seconds
[INFO 05:41:13] my_main Recent Stats | t_env:     462000 | Episode:     4620
entropy_loss:              0.0030	ep_length_mean:          100.0000	episode_limit_mean:        1.0000	epsilon:                   0.0500
grad_norm:                13.0615	healthy_machine_fraction_mean:  0.2236	loss:                      0.3926	mi_loss:                   0.0038
q_taken_mean:              1.0725	return_mean:              58.0180	return_median:            58.1000	return_std:                6.6240
target_mean:               1.0797	td_error_abs:              0.4744	test_ep_length_mean:     100.0000	test_episode_limit_mean:   1.0000
test_healthy_machine_fraction_mean:  0.1500	test_return_mean:         60.8312	test_return_median:       61.7000	test_return_std:           8.3366

[INFO 05:42:04] my_main Recent Stats | t_env:     464000 | Episode:     4640
entropy_loss:              0.0030	ep_length_mean:          100.0000	episode_limit_mean:        1.0000	epsilon:                   0.0500
grad_norm:                13.2411	healthy_machine_fraction_mean:  0.2236	loss:                      0.3857	mi_loss:                   0.0038
q_taken_mean:              1.0979	return_mean:              58.0180	return_median:            58.1000	return_std:                6.6240
target_mean:               1.1049	td_error_abs:              0.4708	test_ep_length_mean:     100.0000	test_episode_limit_mean:   1.0000
test_healthy_machine_fraction_mean:  0.1500	test_return_mean:         60.8312	test_return_median:       61.7000	test_return_std:           8.3366

[INFO 05:42:56] my_main Recent Stats | t_env:     466000 | Episode:     4660
entropy_loss:              0.0030	ep_length_mean:          100.0000	episode_limit_mean:        1.0000	epsilon:                   0.0500
grad_norm:                13.2411	healthy_machine_fraction_mean:  0.2236	loss:                      0.3857	mi_loss:                   0.0038
q_taken_mean:              1.0979	return_mean:              58.0180	return_median:            58.1000	return_std:                6.6240
target_mean:               1.1049	td_error_abs:              0.4708	test_ep_length_mean:     100.0000	test_episode_limit_mean:   1.0000
test_healthy_machine_fraction_mean:  0.1500	test_return_mean:         60.8312	test_return_median:       61.7000	test_return_std:           8.3366

[INFO 05:43:43] my_main Recent Stats | t_env:     468000 | Episode:     4680
entropy_loss:              0.0030	ep_length_mean:          100.0000	episode_limit_mean:        1.0000	epsilon:                   0.0500
grad_norm:                13.2411	healthy_machine_fraction_mean:  0.2236	loss:                      0.3857	mi_loss:                   0.0038
q_taken_mean:              1.0979	return_mean:              58.0180	return_median:            58.1000	return_std:                6.6240
target_mean:               1.1049	td_error_abs:              0.4708	test_ep_length_mean:     100.0000	test_episode_limit_mean:   1.0000
test_healthy_machine_fraction_mean:  0.1500	test_return_mean:         60.8312	test_return_median:       61.7000	test_return_std:           8.3366

[INFO 05:44:33] my_main Recent Stats | t_env:     470000 | Episode:     4700
entropy_loss:              0.0030	ep_length_mean:          100.0000	episode_limit_mean:        1.0000	epsilon:                   0.0500
grad_norm:                13.2411	healthy_machine_fraction_mean:  0.2236	loss:                      0.3857	mi_loss:                   0.0038
q_taken_mean:              1.0979	return_mean:              58.0180	return_median:            58.1000	return_std:                6.6240
target_mean:               1.1049	td_error_abs:              0.4708	test_ep_length_mean:     100.0000	test_episode_limit_mean:   1.0000
test_healthy_machine_fraction_mean:  0.1500	test_return_mean:         60.8312	test_return_median:       61.7000	test_return_std:           8.3366

[INFO 05:44:35] my_main t_env: 470100 / 2050000
[INFO 05:44:35] my_main Estimated time left: 12 hours, 19 minutes, 16 seconds. Time passed: 3 hours, 40 minutes, 26 seconds
[INFO 05:45:54] my_main Recent Stats | t_env:     472000 | Episode:     4720
entropy_loss:              0.0030	ep_length_mean:          100.0000	episode_limit_mean:        1.0000	epsilon:                   0.0500
grad_norm:                13.2411	healthy_machine_fraction_mean:  0.2280	loss:                      0.3857	mi_loss:                   0.0038
q_taken_mean:              1.0979	return_mean:              58.0140	return_median:            58.1000	return_std:                6.6498
target_mean:               1.1049	td_error_abs:              0.4708	test_ep_length_mean:     100.0000	test_episode_limit_mean:   1.0000
test_healthy_machine_fraction_mean:  0.1669	test_return_mean:         62.5125	test_return_median:       63.4000	test_return_std:           8.3220

[INFO 05:46:45] my_main Recent Stats | t_env:     474000 | Episode:     4740
entropy_loss:              0.0030	ep_length_mean:          100.0000	episode_limit_mean:        1.0000	epsilon:                   0.0500
grad_norm:                14.0491	healthy_machine_fraction_mean:  0.2280	loss:                      0.3919	mi_loss:                   0.0038
q_taken_mean:              1.1116	return_mean:              58.0140	return_median:            58.1000	return_std:                6.6498
target_mean:               1.1204	td_error_abs:              0.4769	test_ep_length_mean:     100.0000	test_episode_limit_mean:   1.0000
test_healthy_machine_fraction_mean:  0.1669	test_return_mean:         62.5125	test_return_median:       63.4000	test_return_std:           8.3220

[INFO 05:47:37] my_main Recent Stats | t_env:     476000 | Episode:     4760
entropy_loss:              0.0030	ep_length_mean:          100.0000	episode_limit_mean:        1.0000	epsilon:                   0.0500
grad_norm:                14.0491	healthy_machine_fraction_mean:  0.2280	loss:                      0.3919	mi_loss:                   0.0038
q_taken_mean:              1.1116	return_mean:              58.0140	return_median:            58.1000	return_std:                6.6498
target_mean:               1.1204	td_error_abs:              0.4769	test_ep_length_mean:     100.0000	test_episode_limit_mean:   1.0000
test_healthy_machine_fraction_mean:  0.1669	test_return_mean:         62.5125	test_return_median:       63.4000	test_return_std:           8.3220

[INFO 05:48:28] my_main Recent Stats | t_env:     478000 | Episode:     4780
entropy_loss:              0.0030	ep_length_mean:          100.0000	episode_limit_mean:        1.0000	epsilon:                   0.0500
grad_norm:                14.0491	healthy_machine_fraction_mean:  0.2280	loss:                      0.3919	mi_loss:                   0.0038
q_taken_mean:              1.1116	return_mean:              58.0140	return_median:            58.1000	return_std:                6.6498
target_mean:               1.1204	td_error_abs:              0.4769	test_ep_length_mean:     100.0000	test_episode_limit_mean:   1.0000
test_healthy_machine_fraction_mean:  0.1669	test_return_mean:         62.5125	test_return_median:       63.4000	test_return_std:           8.3220

[INFO 05:49:19] my_main Recent Stats | t_env:     480000 | Episode:     4800
entropy_loss:              0.0030	ep_length_mean:          100.0000	episode_limit_mean:        1.0000	epsilon:                   0.0500
grad_norm:                14.0491	healthy_machine_fraction_mean:  0.2280	loss:                      0.3919	mi_loss:                   0.0038
q_taken_mean:              1.1116	return_mean:              58.0140	return_median:            58.1000	return_std:                6.6498
target_mean:               1.1204	td_error_abs:              0.4769	test_ep_length_mean:     100.0000	test_episode_limit_mean:   1.0000
test_healthy_machine_fraction_mean:  0.1669	test_return_mean:         62.5125	test_return_median:       63.4000	test_return_std:           8.3220

[INFO 05:49:22] my_main Updated target network
[INFO 05:49:22] my_main t_env: 480100 / 2050000
[INFO 05:49:22] my_main Estimated time left: 12 hours, 28 minutes, 55 seconds. Time passed: 3 hours, 45 minutes, 12 seconds
[INFO 05:50:40] my_main Recent Stats | t_env:     482000 | Episode:     4820
entropy_loss:              0.0030	ep_length_mean:          100.0000	episode_limit_mean:        1.0000	epsilon:                   0.0500
grad_norm:                14.0491	healthy_machine_fraction_mean:  0.2318	loss:                      0.3919	mi_loss:                   0.0038
q_taken_mean:              1.1116	return_mean:              57.7720	return_median:            57.8000	return_std:                6.5338
target_mean:               1.1204	td_error_abs:              0.4769	test_ep_length_mean:     100.0000	test_episode_limit_mean:   1.0000
test_healthy_machine_fraction_mean:  0.1681	test_return_mean:         62.0625	test_return_median:       62.9000	test_return_std:           8.6195

[INFO 05:51:31] my_main Recent Stats | t_env:     484000 | Episode:     4840
entropy_loss:              0.0029	ep_length_mean:          100.0000	episode_limit_mean:        1.0000	epsilon:                   0.0500
grad_norm:                13.6730	healthy_machine_fraction_mean:  0.2318	loss:                      0.3869	mi_loss:                   0.0038
q_taken_mean:              1.1366	return_mean:              57.7720	return_median:            57.8000	return_std:                6.5338
target_mean:               1.1442	td_error_abs:              0.4734	test_ep_length_mean:     100.0000	test_episode_limit_mean:   1.0000
test_healthy_machine_fraction_mean:  0.1681	test_return_mean:         62.0625	test_return_median:       62.9000	test_return_std:           8.6195

[INFO 05:52:23] my_main Recent Stats | t_env:     486000 | Episode:     4860
entropy_loss:              0.0029	ep_length_mean:          100.0000	episode_limit_mean:        1.0000	epsilon:                   0.0500
grad_norm:                13.6730	healthy_machine_fraction_mean:  0.2318	loss:                      0.3869	mi_loss:                   0.0038
q_taken_mean:              1.1366	return_mean:              57.7720	return_median:            57.8000	return_std:                6.5338
target_mean:               1.1442	td_error_abs:              0.4734	test_ep_length_mean:     100.0000	test_episode_limit_mean:   1.0000
test_healthy_machine_fraction_mean:  0.1681	test_return_mean:         62.0625	test_return_median:       62.9000	test_return_std:           8.6195

[INFO 05:53:15] my_main Recent Stats | t_env:     488000 | Episode:     4880
entropy_loss:              0.0029	ep_length_mean:          100.0000	episode_limit_mean:        1.0000	epsilon:                   0.0500
grad_norm:                13.6730	healthy_machine_fraction_mean:  0.2318	loss:                      0.3869	mi_loss:                   0.0038
q_taken_mean:              1.1366	return_mean:              57.7720	return_median:            57.8000	return_std:                6.5338
target_mean:               1.1442	td_error_abs:              0.4734	test_ep_length_mean:     100.0000	test_episode_limit_mean:   1.0000
test_healthy_machine_fraction_mean:  0.1681	test_return_mean:         62.0625	test_return_median:       62.9000	test_return_std:           8.6195

[INFO 05:54:06] my_main Recent Stats | t_env:     490000 | Episode:     4900
entropy_loss:              0.0029	ep_length_mean:          100.0000	episode_limit_mean:        1.0000	epsilon:                   0.0500
grad_norm:                13.6730	healthy_machine_fraction_mean:  0.2318	loss:                      0.3869	mi_loss:                   0.0038
q_taken_mean:              1.1366	return_mean:              57.7720	return_median:            57.8000	return_std:                6.5338
target_mean:               1.1442	td_error_abs:              0.4734	test_ep_length_mean:     100.0000	test_episode_limit_mean:   1.0000
test_healthy_machine_fraction_mean:  0.1681	test_return_mean:         62.0625	test_return_median:       62.9000	test_return_std:           8.6195

[INFO 05:54:08] my_main t_env: 490100 / 2050000
[INFO 05:54:08] my_main Estimated time left: 12 hours, 24 minutes, 48 seconds. Time passed: 3 hours, 49 minutes, 58 seconds
[INFO 05:55:27] my_main Recent Stats | t_env:     492000 | Episode:     4920
entropy_loss:              0.0029	ep_length_mean:          100.0000	episode_limit_mean:        1.0000	epsilon:                   0.0500
grad_norm:                13.6730	healthy_machine_fraction_mean:  0.2324	loss:                      0.3869	mi_loss:                   0.0038
q_taken_mean:              1.1366	return_mean:              58.3080	return_median:            58.2000	return_std:                6.5883
target_mean:               1.1442	td_error_abs:              0.4734	test_ep_length_mean:     100.0000	test_episode_limit_mean:   1.0000
test_healthy_machine_fraction_mean:  0.1912	test_return_mean:         62.8250	test_return_median:       62.9000	test_return_std:           7.9910

[INFO 05:56:18] my_main Recent Stats | t_env:     494000 | Episode:     4940
entropy_loss:              0.0030	ep_length_mean:          100.0000	episode_limit_mean:        1.0000	epsilon:                   0.0500
grad_norm:                14.3244	healthy_machine_fraction_mean:  0.2324	loss:                      0.4060	mi_loss:                   0.0038
q_taken_mean:              1.1492	return_mean:              58.3080	return_median:            58.2000	return_std:                6.5883
target_mean:               1.1690	td_error_abs:              0.4765	test_ep_length_mean:     100.0000	test_episode_limit_mean:   1.0000
test_healthy_machine_fraction_mean:  0.1912	test_return_mean:         62.8250	test_return_median:       62.9000	test_return_std:           7.9910

[INFO 05:57:09] my_main Recent Stats | t_env:     496000 | Episode:     4960
entropy_loss:              0.0030	ep_length_mean:          100.0000	episode_limit_mean:        1.0000	epsilon:                   0.0500
grad_norm:                14.3244	healthy_machine_fraction_mean:  0.2324	loss:                      0.4060	mi_loss:                   0.0038
q_taken_mean:              1.1492	return_mean:              58.3080	return_median:            58.2000	return_std:                6.5883
target_mean:               1.1690	td_error_abs:              0.4765	test_ep_length_mean:     100.0000	test_episode_limit_mean:   1.0000
test_healthy_machine_fraction_mean:  0.1912	test_return_mean:         62.8250	test_return_median:       62.9000	test_return_std:           7.9910

[INFO 05:58:00] my_main Recent Stats | t_env:     498000 | Episode:     4980
entropy_loss:              0.0030	ep_length_mean:          100.0000	episode_limit_mean:        1.0000	epsilon:                   0.0500
grad_norm:                14.3244	healthy_machine_fraction_mean:  0.2324	loss:                      0.4060	mi_loss:                   0.0038
q_taken_mean:              1.1492	return_mean:              58.3080	return_median:            58.2000	return_std:                6.5883
target_mean:               1.1690	td_error_abs:              0.4765	test_ep_length_mean:     100.0000	test_episode_limit_mean:   1.0000
test_healthy_machine_fraction_mean:  0.1912	test_return_mean:         62.8250	test_return_median:       62.9000	test_return_std:           7.9910

[INFO 05:58:51] my_main Recent Stats | t_env:     500000 | Episode:     5000
entropy_loss:              0.0030	ep_length_mean:          100.0000	episode_limit_mean:        1.0000	epsilon:                   0.0500
grad_norm:                14.3244	healthy_machine_fraction_mean:  0.2324	loss:                      0.4060	mi_loss:                   0.0038
q_taken_mean:              1.1492	return_mean:              58.3080	return_median:            58.2000	return_std:                6.5883
target_mean:               1.1690	td_error_abs:              0.4765	test_ep_length_mean:     100.0000	test_episode_limit_mean:   1.0000
test_healthy_machine_fraction_mean:  0.1912	test_return_mean:         62.8250	test_return_median:       62.9000	test_return_std:           7.9910

[INFO 05:58:53] my_main Updated target network
[INFO 05:58:53] my_main t_env: 500100 / 2050000
[INFO 05:58:53] my_main Estimated time left: 12 hours, 17 minutes, 11 seconds. Time passed: 3 hours, 54 minutes, 44 seconds
[INFO 06:00:13] my_main Recent Stats | t_env:     502000 | Episode:     5020
entropy_loss:              0.0030	ep_length_mean:          100.0000	episode_limit_mean:        1.0000	epsilon:                   0.0500
grad_norm:                14.3244	healthy_machine_fraction_mean:  0.2448	loss:                      0.4060	mi_loss:                   0.0038
q_taken_mean:              1.1492	return_mean:              58.6700	return_median:            58.4000	return_std:                6.6036
target_mean:               1.1690	td_error_abs:              0.4765	test_ep_length_mean:     100.0000	test_episode_limit_mean:   1.0000
test_healthy_machine_fraction_mean:  0.1750	test_return_mean:         63.0063	test_return_median:       62.8000	test_return_std:           8.1973

[INFO 06:01:04] my_main Recent Stats | t_env:     504000 | Episode:     5040
entropy_loss:              0.0030	ep_length_mean:          100.0000	episode_limit_mean:        1.0000	epsilon:                   0.0500
grad_norm:                14.2100	healthy_machine_fraction_mean:  0.2448	loss:                      0.4083	mi_loss:                   0.0038
q_taken_mean:              1.1707	return_mean:              58.6700	return_median:            58.4000	return_std:                6.6036
target_mean:               1.1910	td_error_abs:              0.4768	test_ep_length_mean:     100.0000	test_episode_limit_mean:   1.0000
test_healthy_machine_fraction_mean:  0.1750	test_return_mean:         63.0063	test_return_median:       62.8000	test_return_std:           8.1973

[INFO 06:01:55] my_main Recent Stats | t_env:     506000 | Episode:     5060
entropy_loss:              0.0030	ep_length_mean:          100.0000	episode_limit_mean:        1.0000	epsilon:                   0.0500
grad_norm:                14.2100	healthy_machine_fraction_mean:  0.2448	loss:                      0.4083	mi_loss:                   0.0038
q_taken_mean:              1.1707	return_mean:              58.6700	return_median:            58.4000	return_std:                6.6036
target_mean:               1.1910	td_error_abs:              0.4768	test_ep_length_mean:     100.0000	test_episode_limit_mean:   1.0000
test_healthy_machine_fraction_mean:  0.1750	test_return_mean:         63.0063	test_return_median:       62.8000	test_return_std:           8.1973

[INFO 06:02:46] my_main Recent Stats | t_env:     508000 | Episode:     5080
entropy_loss:              0.0030	ep_length_mean:          100.0000	episode_limit_mean:        1.0000	epsilon:                   0.0500
grad_norm:                14.2100	healthy_machine_fraction_mean:  0.2448	loss:                      0.4083	mi_loss:                   0.0038
q_taken_mean:              1.1707	return_mean:              58.6700	return_median:            58.4000	return_std:                6.6036
target_mean:               1.1910	td_error_abs:              0.4768	test_ep_length_mean:     100.0000	test_episode_limit_mean:   1.0000
test_healthy_machine_fraction_mean:  0.1750	test_return_mean:         63.0063	test_return_median:       62.8000	test_return_std:           8.1973

[INFO 06:03:36] my_main Recent Stats | t_env:     510000 | Episode:     5100
entropy_loss:              0.0030	ep_length_mean:          100.0000	episode_limit_mean:        1.0000	epsilon:                   0.0500
grad_norm:                14.2100	healthy_machine_fraction_mean:  0.2448	loss:                      0.4083	mi_loss:                   0.0038
q_taken_mean:              1.1707	return_mean:              58.6700	return_median:            58.4000	return_std:                6.6036
target_mean:               1.1910	td_error_abs:              0.4768	test_ep_length_mean:     100.0000	test_episode_limit_mean:   1.0000
test_healthy_machine_fraction_mean:  0.1750	test_return_mean:         63.0063	test_return_median:       62.8000	test_return_std:           8.1973

[INFO 06:03:39] my_main t_env: 510100 / 2050000
[INFO 06:03:39] my_main Estimated time left: 12 hours, 12 minutes, 10 seconds. Time passed: 3 hours, 59 minutes, 29 seconds
[INFO 06:04:58] my_main Recent Stats | t_env:     512000 | Episode:     5120
entropy_loss:              0.0030	ep_length_mean:          100.0000	episode_limit_mean:        1.0000	epsilon:                   0.0500
grad_norm:                14.2100	healthy_machine_fraction_mean:  0.2402	loss:                      0.4083	mi_loss:                   0.0038
q_taken_mean:              1.1707	return_mean:              58.8860	return_median:            58.4000	return_std:                6.5613
target_mean:               1.1910	td_error_abs:              0.4768	test_ep_length_mean:     100.0000	test_episode_limit_mean:   1.0000
test_healthy_machine_fraction_mean:  0.1931	test_return_mean:         64.0812	test_return_median:       63.3000	test_return_std:           7.6756

[INFO 06:05:49] my_main Recent Stats | t_env:     514000 | Episode:     5140
entropy_loss:              0.0030	ep_length_mean:          100.0000	episode_limit_mean:        1.0000	epsilon:                   0.0500
grad_norm:                13.2809	healthy_machine_fraction_mean:  0.2402	loss:                      0.3977	mi_loss:                   0.0039
q_taken_mean:              1.1875	return_mean:              58.8860	return_median:            58.4000	return_std:                6.5613
target_mean:               1.1972	td_error_abs:              0.4766	test_ep_length_mean:     100.0000	test_episode_limit_mean:   1.0000
test_healthy_machine_fraction_mean:  0.1931	test_return_mean:         64.0812	test_return_median:       63.3000	test_return_std:           7.6756

[INFO 06:06:40] my_main Recent Stats | t_env:     516000 | Episode:     5160
entropy_loss:              0.0030	ep_length_mean:          100.0000	episode_limit_mean:        1.0000	epsilon:                   0.0500
grad_norm:                13.2809	healthy_machine_fraction_mean:  0.2402	loss:                      0.3977	mi_loss:                   0.0039
q_taken_mean:              1.1875	return_mean:              58.8860	return_median:            58.4000	return_std:                6.5613
target_mean:               1.1972	td_error_abs:              0.4766	test_ep_length_mean:     100.0000	test_episode_limit_mean:   1.0000
test_healthy_machine_fraction_mean:  0.1931	test_return_mean:         64.0812	test_return_median:       63.3000	test_return_std:           7.6756

[INFO 06:07:31] my_main Recent Stats | t_env:     518000 | Episode:     5180
entropy_loss:              0.0030	ep_length_mean:          100.0000	episode_limit_mean:        1.0000	epsilon:                   0.0500
grad_norm:                13.2809	healthy_machine_fraction_mean:  0.2402	loss:                      0.3977	mi_loss:                   0.0039
q_taken_mean:              1.1875	return_mean:              58.8860	return_median:            58.4000	return_std:                6.5613
target_mean:               1.1972	td_error_abs:              0.4766	test_ep_length_mean:     100.0000	test_episode_limit_mean:   1.0000
test_healthy_machine_fraction_mean:  0.1931	test_return_mean:         64.0812	test_return_median:       63.3000	test_return_std:           7.6756

[INFO 06:08:21] my_main Recent Stats | t_env:     520000 | Episode:     5200
entropy_loss:              0.0030	ep_length_mean:          100.0000	episode_limit_mean:        1.0000	epsilon:                   0.0500
grad_norm:                13.2809	healthy_machine_fraction_mean:  0.2402	loss:                      0.3977	mi_loss:                   0.0039
q_taken_mean:              1.1875	return_mean:              58.8860	return_median:            58.4000	return_std:                6.5613
target_mean:               1.1972	td_error_abs:              0.4766	test_ep_length_mean:     100.0000	test_episode_limit_mean:   1.0000
test_healthy_machine_fraction_mean:  0.1931	test_return_mean:         64.0812	test_return_median:       63.3000	test_return_std:           7.6756

[INFO 06:08:23] my_main Updated target network
[INFO 06:08:23] my_main t_env: 520100 / 2050000
[INFO 06:08:23] my_main Estimated time left: 12 hours, 6 minutes, 8 seconds. Time passed: 4 hours, 4 minutes, 14 seconds
[INFO 06:09:43] my_main Recent Stats | t_env:     522000 | Episode:     5220
entropy_loss:              0.0030	ep_length_mean:          100.0000	episode_limit_mean:        1.0000	epsilon:                   0.0500
grad_norm:                13.2809	healthy_machine_fraction_mean:  0.2430	loss:                      0.3977	mi_loss:                   0.0039
q_taken_mean:              1.1875	return_mean:              59.4780	return_median:            58.9000	return_std:                6.3693
target_mean:               1.1972	td_error_abs:              0.4766	test_ep_length_mean:     100.0000	test_episode_limit_mean:   1.0000
test_healthy_machine_fraction_mean:  0.2100	test_return_mean:         64.6063	test_return_median:       64.2000	test_return_std:           7.2647

[INFO 06:10:34] my_main Recent Stats | t_env:     524000 | Episode:     5240
entropy_loss:              0.0029	ep_length_mean:          100.0000	episode_limit_mean:        1.0000	epsilon:                   0.0500
grad_norm:                13.0385	healthy_machine_fraction_mean:  0.2430	loss:                      0.3939	mi_loss:                   0.0039
q_taken_mean:              1.2312	return_mean:              59.4780	return_median:            58.9000	return_std:                6.3693
target_mean:               1.2284	td_error_abs:              0.4810	test_ep_length_mean:     100.0000	test_episode_limit_mean:   1.0000
test_healthy_machine_fraction_mean:  0.2100	test_return_mean:         64.6063	test_return_median:       64.2000	test_return_std:           7.2647

[INFO 06:11:25] my_main Recent Stats | t_env:     526000 | Episode:     5260
entropy_loss:              0.0029	ep_length_mean:          100.0000	episode_limit_mean:        1.0000	epsilon:                   0.0500
grad_norm:                13.0385	healthy_machine_fraction_mean:  0.2430	loss:                      0.3939	mi_loss:                   0.0039
q_taken_mean:              1.2312	return_mean:              59.4780	return_median:            58.9000	return_std:                6.3693
target_mean:               1.2284	td_error_abs:              0.4810	test_ep_length_mean:     100.0000	test_episode_limit_mean:   1.0000
test_healthy_machine_fraction_mean:  0.2100	test_return_mean:         64.6063	test_return_median:       64.2000	test_return_std:           7.2647

[INFO 06:12:16] my_main Recent Stats | t_env:     528000 | Episode:     5280
entropy_loss:              0.0029	ep_length_mean:          100.0000	episode_limit_mean:        1.0000	epsilon:                   0.0500
grad_norm:                13.0385	healthy_machine_fraction_mean:  0.2430	loss:                      0.3939	mi_loss:                   0.0039
q_taken_mean:              1.2312	return_mean:              59.4780	return_median:            58.9000	return_std:                6.3693
target_mean:               1.2284	td_error_abs:              0.4810	test_ep_length_mean:     100.0000	test_episode_limit_mean:   1.0000
test_healthy_machine_fraction_mean:  0.2100	test_return_mean:         64.6063	test_return_median:       64.2000	test_return_std:           7.2647

[INFO 06:13:07] my_main Recent Stats | t_env:     530000 | Episode:     5300
entropy_loss:              0.0029	ep_length_mean:          100.0000	episode_limit_mean:        1.0000	epsilon:                   0.0500
grad_norm:                13.0385	healthy_machine_fraction_mean:  0.2430	loss:                      0.3939	mi_loss:                   0.0039
q_taken_mean:              1.2312	return_mean:              59.4780	return_median:            58.9000	return_std:                6.3693
target_mean:               1.2284	td_error_abs:              0.4810	test_ep_length_mean:     100.0000	test_episode_limit_mean:   1.0000
test_healthy_machine_fraction_mean:  0.2100	test_return_mean:         64.6063	test_return_median:       64.2000	test_return_std:           7.2647

[INFO 06:13:09] my_main t_env: 530100 / 2050000
[INFO 06:13:09] my_main Estimated time left: 12 hours, 4 minutes, 21 seconds. Time passed: 4 hours, 9 minutes, 0 seconds
[INFO 06:14:28] my_main Recent Stats | t_env:     532000 | Episode:     5320
entropy_loss:              0.0029	ep_length_mean:          100.0000	episode_limit_mean:        1.0000	epsilon:                   0.0500
grad_norm:                13.0385	healthy_machine_fraction_mean:  0.2702	loss:                      0.3939	mi_loss:                   0.0039
q_taken_mean:              1.2312	return_mean:              60.5160	return_median:            59.8000	return_std:                6.2565
target_mean:               1.2284	td_error_abs:              0.4810	test_ep_length_mean:     100.0000	test_episode_limit_mean:   1.0000
test_healthy_machine_fraction_mean:  0.2425	test_return_mean:         65.3312	test_return_median:       65.0000	test_return_std:           7.0231

[INFO 06:15:20] my_main Recent Stats | t_env:     534000 | Episode:     5340
entropy_loss:              0.0029	ep_length_mean:          100.0000	episode_limit_mean:        1.0000	epsilon:                   0.0500
grad_norm:                13.2424	healthy_machine_fraction_mean:  0.2702	loss:                      0.4066	mi_loss:                   0.0039
q_taken_mean:              1.2668	return_mean:              60.5160	return_median:            59.8000	return_std:                6.2565
target_mean:               1.2539	td_error_abs:              0.4964	test_ep_length_mean:     100.0000	test_episode_limit_mean:   1.0000
test_healthy_machine_fraction_mean:  0.2425	test_return_mean:         65.3312	test_return_median:       65.0000	test_return_std:           7.0231

[INFO 06:16:11] my_main Recent Stats | t_env:     536000 | Episode:     5360
entropy_loss:              0.0029	ep_length_mean:          100.0000	episode_limit_mean:        1.0000	epsilon:                   0.0500
grad_norm:                13.2424	healthy_machine_fraction_mean:  0.2702	loss:                      0.4066	mi_loss:                   0.0039
q_taken_mean:              1.2668	return_mean:              60.5160	return_median:            59.8000	return_std:                6.2565
target_mean:               1.2539	td_error_abs:              0.4964	test_ep_length_mean:     100.0000	test_episode_limit_mean:   1.0000
test_healthy_machine_fraction_mean:  0.2425	test_return_mean:         65.3312	test_return_median:       65.0000	test_return_std:           7.0231

[INFO 06:17:03] my_main Recent Stats | t_env:     538000 | Episode:     5380
entropy_loss:              0.0029	ep_length_mean:          100.0000	episode_limit_mean:        1.0000	epsilon:                   0.0500
grad_norm:                13.2424	healthy_machine_fraction_mean:  0.2702	loss:                      0.4066	mi_loss:                   0.0039
q_taken_mean:              1.2668	return_mean:              60.5160	return_median:            59.8000	return_std:                6.2565
target_mean:               1.2539	td_error_abs:              0.4964	test_ep_length_mean:     100.0000	test_episode_limit_mean:   1.0000
test_healthy_machine_fraction_mean:  0.2425	test_return_mean:         65.3312	test_return_median:       65.0000	test_return_std:           7.0231

[INFO 06:17:54] my_main Recent Stats | t_env:     540000 | Episode:     5400
entropy_loss:              0.0029	ep_length_mean:          100.0000	episode_limit_mean:        1.0000	epsilon:                   0.0500
grad_norm:                13.2424	healthy_machine_fraction_mean:  0.2702	loss:                      0.4066	mi_loss:                   0.0039
q_taken_mean:              1.2668	return_mean:              60.5160	return_median:            59.8000	return_std:                6.2565
target_mean:               1.2539	td_error_abs:              0.4964	test_ep_length_mean:     100.0000	test_episode_limit_mean:   1.0000
test_healthy_machine_fraction_mean:  0.2425	test_return_mean:         65.3312	test_return_median:       65.0000	test_return_std:           7.0231

[INFO 06:17:57] my_main Updated target network
[INFO 06:17:57] my_main t_env: 540100 / 2050000
[INFO 06:17:57] my_main Estimated time left: 12 hours, 2 minutes, 39 seconds. Time passed: 4 hours, 13 minutes, 47 seconds
[INFO 06:19:15] my_main Recent Stats | t_env:     542000 | Episode:     5420
entropy_loss:              0.0029	ep_length_mean:          100.0000	episode_limit_mean:        1.0000	epsilon:                   0.0500
grad_norm:                13.2424	healthy_machine_fraction_mean:  0.2774	loss:                      0.4066	mi_loss:                   0.0039
q_taken_mean:              1.2668	return_mean:              60.7720	return_median:            60.0000	return_std:                6.0955
target_mean:               1.2539	td_error_abs:              0.4964	test_ep_length_mean:     100.0000	test_episode_limit_mean:   1.0000
test_healthy_machine_fraction_mean:  0.2650	test_return_mean:         66.5812	test_return_median:       65.9000	test_return_std:           6.5361

[INFO 06:20:05] my_main Recent Stats | t_env:     544000 | Episode:     5440
entropy_loss:              0.0029	ep_length_mean:          100.0000	episode_limit_mean:        1.0000	epsilon:                   0.0500
grad_norm:                14.7316	healthy_machine_fraction_mean:  0.2774	loss:                      0.4380	mi_loss:                   0.0039
q_taken_mean:              1.3024	return_mean:              60.7720	return_median:            60.0000	return_std:                6.0955
target_mean:               1.2916	td_error_abs:              0.5124	test_ep_length_mean:     100.0000	test_episode_limit_mean:   1.0000
test_healthy_machine_fraction_mean:  0.2650	test_return_mean:         66.5812	test_return_median:       65.9000	test_return_std:           6.5361

[INFO 06:20:53] my_main Recent Stats | t_env:     546000 | Episode:     5460
entropy_loss:              0.0029	ep_length_mean:          100.0000	episode_limit_mean:        1.0000	epsilon:                   0.0500
grad_norm:                14.7316	healthy_machine_fraction_mean:  0.2774	loss:                      0.4380	mi_loss:                   0.0039
q_taken_mean:              1.3024	return_mean:              60.7720	return_median:            60.0000	return_std:                6.0955
target_mean:               1.2916	td_error_abs:              0.5124	test_ep_length_mean:     100.0000	test_episode_limit_mean:   1.0000
test_healthy_machine_fraction_mean:  0.2650	test_return_mean:         66.5812	test_return_median:       65.9000	test_return_std:           6.5361

[INFO 06:21:44] my_main Recent Stats | t_env:     548000 | Episode:     5480
entropy_loss:              0.0029	ep_length_mean:          100.0000	episode_limit_mean:        1.0000	epsilon:                   0.0500
grad_norm:                14.7316	healthy_machine_fraction_mean:  0.2774	loss:                      0.4380	mi_loss:                   0.0039
q_taken_mean:              1.3024	return_mean:              60.7720	return_median:            60.0000	return_std:                6.0955
target_mean:               1.2916	td_error_abs:              0.5124	test_ep_length_mean:     100.0000	test_episode_limit_mean:   1.0000
test_healthy_machine_fraction_mean:  0.2650	test_return_mean:         66.5812	test_return_median:       65.9000	test_return_std:           6.5361

[INFO 06:22:35] my_main Recent Stats | t_env:     550000 | Episode:     5500
entropy_loss:              0.0029	ep_length_mean:          100.0000	episode_limit_mean:        1.0000	epsilon:                   0.0500
grad_norm:                14.7316	healthy_machine_fraction_mean:  0.2774	loss:                      0.4380	mi_loss:                   0.0039
q_taken_mean:              1.3024	return_mean:              60.7720	return_median:            60.0000	return_std:                6.0955
target_mean:               1.2916	td_error_abs:              0.5124	test_ep_length_mean:     100.0000	test_episode_limit_mean:   1.0000
test_healthy_machine_fraction_mean:  0.2650	test_return_mean:         66.5812	test_return_median:       65.9000	test_return_std:           6.5361

[INFO 06:22:38] my_main t_env: 550100 / 2050000
[INFO 06:22:38] my_main Estimated time left: 11 hours, 42 minutes, 59 seconds. Time passed: 4 hours, 18 minutes, 28 seconds
[INFO 06:23:57] my_main Recent Stats | t_env:     552000 | Episode:     5520
entropy_loss:              0.0029	ep_length_mean:          100.0000	episode_limit_mean:        1.0000	epsilon:                   0.0500
grad_norm:                14.7316	healthy_machine_fraction_mean:  0.2986	loss:                      0.4380	mi_loss:                   0.0039
q_taken_mean:              1.3024	return_mean:              60.9420	return_median:            60.2000	return_std:                6.0479
target_mean:               1.2916	td_error_abs:              0.5124	test_ep_length_mean:     100.0000	test_episode_limit_mean:   1.0000
test_healthy_machine_fraction_mean:  0.3156	test_return_mean:         67.5500	test_return_median:       67.2000	test_return_std:           6.0776

[INFO 06:24:49] my_main Recent Stats | t_env:     554000 | Episode:     5540
entropy_loss:              0.0029	ep_length_mean:          100.0000	episode_limit_mean:        1.0000	epsilon:                   0.0500
grad_norm:                15.8473	healthy_machine_fraction_mean:  0.2986	loss:                      0.4710	mi_loss:                   0.0039
q_taken_mean:              1.3261	return_mean:              60.9420	return_median:            60.2000	return_std:                6.0479
target_mean:               1.3272	td_error_abs:              0.5242	test_ep_length_mean:     100.0000	test_episode_limit_mean:   1.0000
test_healthy_machine_fraction_mean:  0.3156	test_return_mean:         67.5500	test_return_median:       67.2000	test_return_std:           6.0776

[INFO 06:25:40] my_main Recent Stats | t_env:     556000 | Episode:     5560
entropy_loss:              0.0029	ep_length_mean:          100.0000	episode_limit_mean:        1.0000	epsilon:                   0.0500
grad_norm:                15.8473	healthy_machine_fraction_mean:  0.2986	loss:                      0.4710	mi_loss:                   0.0039
q_taken_mean:              1.3261	return_mean:              60.9420	return_median:            60.2000	return_std:                6.0479
target_mean:               1.3272	td_error_abs:              0.5242	test_ep_length_mean:     100.0000	test_episode_limit_mean:   1.0000
test_healthy_machine_fraction_mean:  0.3156	test_return_mean:         67.5500	test_return_median:       67.2000	test_return_std:           6.0776

[INFO 06:26:32] my_main Recent Stats | t_env:     558000 | Episode:     5580
entropy_loss:              0.0029	ep_length_mean:          100.0000	episode_limit_mean:        1.0000	epsilon:                   0.0500
grad_norm:                15.8473	healthy_machine_fraction_mean:  0.2986	loss:                      0.4710	mi_loss:                   0.0039
q_taken_mean:              1.3261	return_mean:              60.9420	return_median:            60.2000	return_std:                6.0479
target_mean:               1.3272	td_error_abs:              0.5242	test_ep_length_mean:     100.0000	test_episode_limit_mean:   1.0000
test_healthy_machine_fraction_mean:  0.3156	test_return_mean:         67.5500	test_return_median:       67.2000	test_return_std:           6.0776

[INFO 06:27:23] my_main Recent Stats | t_env:     560000 | Episode:     5600
entropy_loss:              0.0029	ep_length_mean:          100.0000	episode_limit_mean:        1.0000	epsilon:                   0.0500
grad_norm:                15.8473	healthy_machine_fraction_mean:  0.2986	loss:                      0.4710	mi_loss:                   0.0039
q_taken_mean:              1.3261	return_mean:              60.9420	return_median:            60.2000	return_std:                6.0479
target_mean:               1.3272	td_error_abs:              0.5242	test_ep_length_mean:     100.0000	test_episode_limit_mean:   1.0000
test_healthy_machine_fraction_mean:  0.3156	test_return_mean:         67.5500	test_return_median:       67.2000	test_return_std:           6.0776

[INFO 06:27:25] my_main Updated target network
[INFO 06:27:25] my_main t_env: 560100 / 2050000
[INFO 06:27:25] my_main Estimated time left: 11 hours, 54 minutes, 5 seconds. Time passed: 4 hours, 23 minutes, 16 seconds
[INFO 06:28:45] my_main Recent Stats | t_env:     562000 | Episode:     5620
entropy_loss:              0.0029	ep_length_mean:          100.0000	episode_limit_mean:        1.0000	epsilon:                   0.0500
grad_norm:                15.8473	healthy_machine_fraction_mean:  0.3398	loss:                      0.4710	mi_loss:                   0.0039
q_taken_mean:              1.3261	return_mean:              61.2160	return_median:            60.8000	return_std:                5.8275
target_mean:               1.3272	td_error_abs:              0.5242	test_ep_length_mean:     100.0000	test_episode_limit_mean:   1.0000
test_healthy_machine_fraction_mean:  0.3331	test_return_mean:         67.6813	test_return_median:       67.3000	test_return_std:           5.8863

[INFO 06:29:36] my_main Recent Stats | t_env:     564000 | Episode:     5640
entropy_loss:              0.0029	ep_length_mean:          100.0000	episode_limit_mean:        1.0000	epsilon:                   0.0500
grad_norm:                17.7863	healthy_machine_fraction_mean:  0.3398	loss:                      0.5049	mi_loss:                   0.0040
q_taken_mean:              1.3581	return_mean:              61.2160	return_median:            60.8000	return_std:                5.8275
target_mean:               1.3711	td_error_abs:              0.5378	test_ep_length_mean:     100.0000	test_episode_limit_mean:   1.0000
test_healthy_machine_fraction_mean:  0.3331	test_return_mean:         67.6813	test_return_median:       67.3000	test_return_std:           5.8863

[INFO 06:30:28] my_main Recent Stats | t_env:     566000 | Episode:     5660
entropy_loss:              0.0029	ep_length_mean:          100.0000	episode_limit_mean:        1.0000	epsilon:                   0.0500
grad_norm:                17.7863	healthy_machine_fraction_mean:  0.3398	loss:                      0.5049	mi_loss:                   0.0040
q_taken_mean:              1.3581	return_mean:              61.2160	return_median:            60.8000	return_std:                5.8275
target_mean:               1.3711	td_error_abs:              0.5378	test_ep_length_mean:     100.0000	test_episode_limit_mean:   1.0000
test_healthy_machine_fraction_mean:  0.3331	test_return_mean:         67.6813	test_return_median:       67.3000	test_return_std:           5.8863

[INFO 06:31:19] my_main Recent Stats | t_env:     568000 | Episode:     5680
entropy_loss:              0.0029	ep_length_mean:          100.0000	episode_limit_mean:        1.0000	epsilon:                   0.0500
grad_norm:                17.7863	healthy_machine_fraction_mean:  0.3398	loss:                      0.5049	mi_loss:                   0.0040
q_taken_mean:              1.3581	return_mean:              61.2160	return_median:            60.8000	return_std:                5.8275
target_mean:               1.3711	td_error_abs:              0.5378	test_ep_length_mean:     100.0000	test_episode_limit_mean:   1.0000
test_healthy_machine_fraction_mean:  0.3331	test_return_mean:         67.6813	test_return_median:       67.3000	test_return_std:           5.8863

[INFO 06:32:09] my_main Recent Stats | t_env:     570000 | Episode:     5700
entropy_loss:              0.0029	ep_length_mean:          100.0000	episode_limit_mean:        1.0000	epsilon:                   0.0500
grad_norm:                17.7863	healthy_machine_fraction_mean:  0.3398	loss:                      0.5049	mi_loss:                   0.0040
q_taken_mean:              1.3581	return_mean:              61.2160	return_median:            60.8000	return_std:                5.8275
target_mean:               1.3711	td_error_abs:              0.5378	test_ep_length_mean:     100.0000	test_episode_limit_mean:   1.0000
test_healthy_machine_fraction_mean:  0.3331	test_return_mean:         67.6813	test_return_median:       67.3000	test_return_std:           5.8863

[INFO 06:32:12] my_main t_env: 570100 / 2050000
[INFO 06:32:12] my_main Estimated time left: 11 hours, 46 minutes, 47 seconds. Time passed: 4 hours, 28 minutes, 2 seconds
[INFO 06:33:31] my_main Recent Stats | t_env:     572000 | Episode:     5720
entropy_loss:              0.0029	ep_length_mean:          100.0000	episode_limit_mean:        1.0000	epsilon:                   0.0500
grad_norm:                17.7863	healthy_machine_fraction_mean:  0.3424	loss:                      0.5049	mi_loss:                   0.0040
q_taken_mean:              1.3581	return_mean:              61.1520	return_median:            60.9000	return_std:                5.9845
target_mean:               1.3711	td_error_abs:              0.5378	test_ep_length_mean:     100.0000	test_episode_limit_mean:   1.0000
test_healthy_machine_fraction_mean:  0.3206	test_return_mean:         66.4875	test_return_median:       66.0000	test_return_std:           6.1654

[INFO 06:34:23] my_main Recent Stats | t_env:     574000 | Episode:     5740
entropy_loss:              0.0029	ep_length_mean:          100.0000	episode_limit_mean:        1.0000	epsilon:                   0.0500
grad_norm:                19.2842	healthy_machine_fraction_mean:  0.3424	loss:                      0.5451	mi_loss:                   0.0040
q_taken_mean:              1.3731	return_mean:              61.1520	return_median:            60.9000	return_std:                5.9845
target_mean:               1.4000	td_error_abs:              0.5534	test_ep_length_mean:     100.0000	test_episode_limit_mean:   1.0000
test_healthy_machine_fraction_mean:  0.3206	test_return_mean:         66.4875	test_return_median:       66.0000	test_return_std:           6.1654

[INFO 06:35:14] my_main Recent Stats | t_env:     576000 | Episode:     5760
entropy_loss:              0.0029	ep_length_mean:          100.0000	episode_limit_mean:        1.0000	epsilon:                   0.0500
grad_norm:                19.2842	healthy_machine_fraction_mean:  0.3424	loss:                      0.5451	mi_loss:                   0.0040
q_taken_mean:              1.3731	return_mean:              61.1520	return_median:            60.9000	return_std:                5.9845
target_mean:               1.4000	td_error_abs:              0.5534	test_ep_length_mean:     100.0000	test_episode_limit_mean:   1.0000
test_healthy_machine_fraction_mean:  0.3206	test_return_mean:         66.4875	test_return_median:       66.0000	test_return_std:           6.1654

[INFO 06:36:05] my_main Recent Stats | t_env:     578000 | Episode:     5780
entropy_loss:              0.0029	ep_length_mean:          100.0000	episode_limit_mean:        1.0000	epsilon:                   0.0500
grad_norm:                19.2842	healthy_machine_fraction_mean:  0.3424	loss:                      0.5451	mi_loss:                   0.0040
q_taken_mean:              1.3731	return_mean:              61.1520	return_median:            60.9000	return_std:                5.9845
target_mean:               1.4000	td_error_abs:              0.5534	test_ep_length_mean:     100.0000	test_episode_limit_mean:   1.0000
test_healthy_machine_fraction_mean:  0.3206	test_return_mean:         66.4875	test_return_median:       66.0000	test_return_std:           6.1654

[INFO 06:36:56] my_main Recent Stats | t_env:     580000 | Episode:     5800
entropy_loss:              0.0029	ep_length_mean:          100.0000	episode_limit_mean:        1.0000	epsilon:                   0.0500
grad_norm:                19.2842	healthy_machine_fraction_mean:  0.3424	loss:                      0.5451	mi_loss:                   0.0040
q_taken_mean:              1.3731	return_mean:              61.1520	return_median:            60.9000	return_std:                5.9845
target_mean:               1.4000	td_error_abs:              0.5534	test_ep_length_mean:     100.0000	test_episode_limit_mean:   1.0000
test_healthy_machine_fraction_mean:  0.3206	test_return_mean:         66.4875	test_return_median:       66.0000	test_return_std:           6.1654

[INFO 06:36:59] my_main Updated target network
[INFO 06:36:59] my_main t_env: 580100 / 2050000
[INFO 06:36:59] my_main Estimated time left: 11 hours, 42 minutes, 28 seconds. Time passed: 4 hours, 32 minutes, 49 seconds
[INFO 06:38:18] my_main Recent Stats | t_env:     582000 | Episode:     5820
entropy_loss:              0.0029	ep_length_mean:          100.0000	episode_limit_mean:        1.0000	epsilon:                   0.0500
grad_norm:                19.2842	healthy_machine_fraction_mean:  0.3260	loss:                      0.5451	mi_loss:                   0.0040
q_taken_mean:              1.3731	return_mean:              60.5380	return_median:            60.6000	return_std:                6.0633
target_mean:               1.4000	td_error_abs:              0.5534	test_ep_length_mean:     100.0000	test_episode_limit_mean:   1.0000
test_healthy_machine_fraction_mean:  0.3113	test_return_mean:         66.3812	test_return_median:       65.9000	test_return_std:           5.6896

[INFO 06:39:09] my_main Recent Stats | t_env:     584000 | Episode:     5840
entropy_loss:              0.0029	ep_length_mean:          100.0000	episode_limit_mean:        1.0000	epsilon:                   0.0500
grad_norm:                19.6787	healthy_machine_fraction_mean:  0.3260	loss:                      0.5414	mi_loss:                   0.0040
q_taken_mean:              1.3862	return_mean:              60.5380	return_median:            60.6000	return_std:                6.0633
target_mean:               1.4239	td_error_abs:              0.5445	test_ep_length_mean:     100.0000	test_episode_limit_mean:   1.0000
test_healthy_machine_fraction_mean:  0.3113	test_return_mean:         66.3812	test_return_median:       65.9000	test_return_std:           5.6896

[INFO 06:39:59] my_main Recent Stats | t_env:     586000 | Episode:     5860
entropy_loss:              0.0029	ep_length_mean:          100.0000	episode_limit_mean:        1.0000	epsilon:                   0.0500
grad_norm:                19.6787	healthy_machine_fraction_mean:  0.3260	loss:                      0.5414	mi_loss:                   0.0040
q_taken_mean:              1.3862	return_mean:              60.5380	return_median:            60.6000	return_std:                6.0633
target_mean:               1.4239	td_error_abs:              0.5445	test_ep_length_mean:     100.0000	test_episode_limit_mean:   1.0000
test_healthy_machine_fraction_mean:  0.3113	test_return_mean:         66.3812	test_return_median:       65.9000	test_return_std:           5.6896

[INFO 06:40:50] my_main Recent Stats | t_env:     588000 | Episode:     5880
entropy_loss:              0.0029	ep_length_mean:          100.0000	episode_limit_mean:        1.0000	epsilon:                   0.0500
grad_norm:                19.6787	healthy_machine_fraction_mean:  0.3260	loss:                      0.5414	mi_loss:                   0.0040
q_taken_mean:              1.3862	return_mean:              60.5380	return_median:            60.6000	return_std:                6.0633
target_mean:               1.4239	td_error_abs:              0.5445	test_ep_length_mean:     100.0000	test_episode_limit_mean:   1.0000
test_healthy_machine_fraction_mean:  0.3113	test_return_mean:         66.3812	test_return_median:       65.9000	test_return_std:           5.6896

[INFO 06:41:41] my_main Recent Stats | t_env:     590000 | Episode:     5900
entropy_loss:              0.0029	ep_length_mean:          100.0000	episode_limit_mean:        1.0000	epsilon:                   0.0500
grad_norm:                19.6787	healthy_machine_fraction_mean:  0.3260	loss:                      0.5414	mi_loss:                   0.0040
q_taken_mean:              1.3862	return_mean:              60.5380	return_median:            60.6000	return_std:                6.0633
target_mean:               1.4239	td_error_abs:              0.5445	test_ep_length_mean:     100.0000	test_episode_limit_mean:   1.0000
test_healthy_machine_fraction_mean:  0.3113	test_return_mean:         66.3812	test_return_median:       65.9000	test_return_std:           5.6896

[INFO 06:41:43] my_main t_env: 590100 / 2050000
[INFO 06:41:43] my_main Estimated time left: 11 hours, 32 minutes, 17 seconds. Time passed: 4 hours, 37 minutes, 33 seconds
[INFO 06:43:03] my_main Recent Stats | t_env:     592000 | Episode:     5920
entropy_loss:              0.0029	ep_length_mean:          100.0000	episode_limit_mean:        1.0000	epsilon:                   0.0500
grad_norm:                19.6787	healthy_machine_fraction_mean:  0.3414	loss:                      0.5414	mi_loss:                   0.0040
q_taken_mean:              1.3862	return_mean:              60.2660	return_median:            60.2000	return_std:                6.2785
target_mean:               1.4239	td_error_abs:              0.5445	test_ep_length_mean:     100.0000	test_episode_limit_mean:   1.0000
test_healthy_machine_fraction_mean:  0.3131	test_return_mean:         66.6375	test_return_median:       66.7000	test_return_std:           6.2451

[INFO 06:43:53] my_main Recent Stats | t_env:     594000 | Episode:     5940
entropy_loss:              0.0029	ep_length_mean:          100.0000	episode_limit_mean:        1.0000	epsilon:                   0.0500
grad_norm:                18.8627	healthy_machine_fraction_mean:  0.3414	loss:                      0.5176	mi_loss:                   0.0040
q_taken_mean:              1.3986	return_mean:              60.2660	return_median:            60.2000	return_std:                6.2785
target_mean:               1.4348	td_error_abs:              0.5325	test_ep_length_mean:     100.0000	test_episode_limit_mean:   1.0000
test_healthy_machine_fraction_mean:  0.3131	test_return_mean:         66.6375	test_return_median:       66.7000	test_return_std:           6.2451

[INFO 06:44:45] my_main Recent Stats | t_env:     596000 | Episode:     5960
entropy_loss:              0.0029	ep_length_mean:          100.0000	episode_limit_mean:        1.0000	epsilon:                   0.0500
grad_norm:                18.8627	healthy_machine_fraction_mean:  0.3414	loss:                      0.5176	mi_loss:                   0.0040
q_taken_mean:              1.3986	return_mean:              60.2660	return_median:            60.2000	return_std:                6.2785
target_mean:               1.4348	td_error_abs:              0.5325	test_ep_length_mean:     100.0000	test_episode_limit_mean:   1.0000
test_healthy_machine_fraction_mean:  0.3131	test_return_mean:         66.6375	test_return_median:       66.7000	test_return_std:           6.2451

[INFO 06:45:36] my_main Recent Stats | t_env:     598000 | Episode:     5980
entropy_loss:              0.0029	ep_length_mean:          100.0000	episode_limit_mean:        1.0000	epsilon:                   0.0500
grad_norm:                18.8627	healthy_machine_fraction_mean:  0.3414	loss:                      0.5176	mi_loss:                   0.0040
q_taken_mean:              1.3986	return_mean:              60.2660	return_median:            60.2000	return_std:                6.2785
target_mean:               1.4348	td_error_abs:              0.5325	test_ep_length_mean:     100.0000	test_episode_limit_mean:   1.0000
test_healthy_machine_fraction_mean:  0.3131	test_return_mean:         66.6375	test_return_median:       66.7000	test_return_std:           6.2451

[INFO 06:46:27] my_main Recent Stats | t_env:     600000 | Episode:     6000
entropy_loss:              0.0029	ep_length_mean:          100.0000	episode_limit_mean:        1.0000	epsilon:                   0.0500
grad_norm:                18.8627	healthy_machine_fraction_mean:  0.3414	loss:                      0.5176	mi_loss:                   0.0040
q_taken_mean:              1.3986	return_mean:              60.2660	return_median:            60.2000	return_std:                6.2785
target_mean:               1.4348	td_error_abs:              0.5325	test_ep_length_mean:     100.0000	test_episode_limit_mean:   1.0000
test_healthy_machine_fraction_mean:  0.3131	test_return_mean:         66.6375	test_return_median:       66.7000	test_return_std:           6.2451

[INFO 06:46:29] my_main Updated target network
[INFO 06:46:29] my_main t_env: 600100 / 2050000
[INFO 06:46:29] my_main Estimated time left: 11 hours, 30 minutes, 42 seconds. Time passed: 4 hours, 42 minutes, 19 seconds
[INFO 06:47:49] my_main Recent Stats | t_env:     602000 | Episode:     6020
entropy_loss:              0.0029	ep_length_mean:          100.0000	episode_limit_mean:        1.0000	epsilon:                   0.0500
grad_norm:                18.8627	healthy_machine_fraction_mean:  0.3318	loss:                      0.5176	mi_loss:                   0.0040
q_taken_mean:              1.3986	return_mean:              60.3100	return_median:            60.2000	return_std:                6.2134
target_mean:               1.4348	td_error_abs:              0.5325	test_ep_length_mean:     100.0000	test_episode_limit_mean:   1.0000
test_healthy_machine_fraction_mean:  0.3200	test_return_mean:         66.6188	test_return_median:       66.5000	test_return_std:           5.9656

[INFO 06:48:41] my_main Recent Stats | t_env:     604000 | Episode:     6040
entropy_loss:              0.0029	ep_length_mean:          100.0000	episode_limit_mean:        1.0000	epsilon:                   0.0500
grad_norm:                19.4046	healthy_machine_fraction_mean:  0.3318	loss:                      0.5159	mi_loss:                   0.0040
q_taken_mean:              1.4125	return_mean:              60.3100	return_median:            60.2000	return_std:                6.2134
target_mean:               1.4495	td_error_abs:              0.5304	test_ep_length_mean:     100.0000	test_episode_limit_mean:   1.0000
test_healthy_machine_fraction_mean:  0.3200	test_return_mean:         66.6188	test_return_median:       66.5000	test_return_std:           5.9656

[INFO 06:49:32] my_main Recent Stats | t_env:     606000 | Episode:     6060
entropy_loss:              0.0029	ep_length_mean:          100.0000	episode_limit_mean:        1.0000	epsilon:                   0.0500
grad_norm:                19.4046	healthy_machine_fraction_mean:  0.3318	loss:                      0.5159	mi_loss:                   0.0040
q_taken_mean:              1.4125	return_mean:              60.3100	return_median:            60.2000	return_std:                6.2134
target_mean:               1.4495	td_error_abs:              0.5304	test_ep_length_mean:     100.0000	test_episode_limit_mean:   1.0000
test_healthy_machine_fraction_mean:  0.3200	test_return_mean:         66.6188	test_return_median:       66.5000	test_return_std:           5.9656

[INFO 06:50:23] my_main Recent Stats | t_env:     608000 | Episode:     6080
entropy_loss:              0.0029	ep_length_mean:          100.0000	episode_limit_mean:        1.0000	epsilon:                   0.0500
grad_norm:                19.4046	healthy_machine_fraction_mean:  0.3318	loss:                      0.5159	mi_loss:                   0.0040
q_taken_mean:              1.4125	return_mean:              60.3100	return_median:            60.2000	return_std:                6.2134
target_mean:               1.4495	td_error_abs:              0.5304	test_ep_length_mean:     100.0000	test_episode_limit_mean:   1.0000
test_healthy_machine_fraction_mean:  0.3200	test_return_mean:         66.6188	test_return_median:       66.5000	test_return_std:           5.9656

[INFO 06:51:15] my_main Recent Stats | t_env:     610000 | Episode:     6100
entropy_loss:              0.0029	ep_length_mean:          100.0000	episode_limit_mean:        1.0000	epsilon:                   0.0500
grad_norm:                19.4046	healthy_machine_fraction_mean:  0.3318	loss:                      0.5159	mi_loss:                   0.0040
q_taken_mean:              1.4125	return_mean:              60.3100	return_median:            60.2000	return_std:                6.2134
target_mean:               1.4495	td_error_abs:              0.5304	test_ep_length_mean:     100.0000	test_episode_limit_mean:   1.0000
test_healthy_machine_fraction_mean:  0.3200	test_return_mean:         66.6188	test_return_median:       66.5000	test_return_std:           5.9656

[INFO 06:51:17] my_main t_env: 610100 / 2050000
[INFO 06:51:17] my_main Estimated time left: 11 hours, 31 minutes, 33 seconds. Time passed: 4 hours, 47 minutes, 7 seconds
[INFO 06:52:37] my_main Recent Stats | t_env:     612000 | Episode:     6120
entropy_loss:              0.0029	ep_length_mean:          100.0000	episode_limit_mean:        1.0000	epsilon:                   0.0500
grad_norm:                19.4046	healthy_machine_fraction_mean:  0.3050	loss:                      0.5159	mi_loss:                   0.0040
q_taken_mean:              1.4125	return_mean:              60.0480	return_median:            60.0000	return_std:                6.3946
target_mean:               1.4495	td_error_abs:              0.5304	test_ep_length_mean:     100.0000	test_episode_limit_mean:   1.0000
test_healthy_machine_fraction_mean:  0.3156	test_return_mean:         66.6937	test_return_median:       66.6000	test_return_std:           6.1356

[INFO 06:53:28] my_main Recent Stats | t_env:     614000 | Episode:     6140
entropy_loss:              0.0029	ep_length_mean:          100.0000	episode_limit_mean:        1.0000	epsilon:                   0.0500
grad_norm:                19.8718	healthy_machine_fraction_mean:  0.3050	loss:                      0.5318	mi_loss:                   0.0040
q_taken_mean:              1.4215	return_mean:              60.0480	return_median:            60.0000	return_std:                6.3946
target_mean:               1.4594	td_error_abs:              0.5386	test_ep_length_mean:     100.0000	test_episode_limit_mean:   1.0000
test_healthy_machine_fraction_mean:  0.3156	test_return_mean:         66.6937	test_return_median:       66.6000	test_return_std:           6.1356

[INFO 06:54:19] my_main Recent Stats | t_env:     616000 | Episode:     6160
entropy_loss:              0.0029	ep_length_mean:          100.0000	episode_limit_mean:        1.0000	epsilon:                   0.0500
grad_norm:                19.8718	healthy_machine_fraction_mean:  0.3050	loss:                      0.5318	mi_loss:                   0.0040
q_taken_mean:              1.4215	return_mean:              60.0480	return_median:            60.0000	return_std:                6.3946
target_mean:               1.4594	td_error_abs:              0.5386	test_ep_length_mean:     100.0000	test_episode_limit_mean:   1.0000
test_healthy_machine_fraction_mean:  0.3156	test_return_mean:         66.6937	test_return_median:       66.6000	test_return_std:           6.1356

[INFO 06:55:10] my_main Recent Stats | t_env:     618000 | Episode:     6180
entropy_loss:              0.0029	ep_length_mean:          100.0000	episode_limit_mean:        1.0000	epsilon:                   0.0500
grad_norm:                19.8718	healthy_machine_fraction_mean:  0.3050	loss:                      0.5318	mi_loss:                   0.0040
q_taken_mean:              1.4215	return_mean:              60.0480	return_median:            60.0000	return_std:                6.3946
target_mean:               1.4594	td_error_abs:              0.5386	test_ep_length_mean:     100.0000	test_episode_limit_mean:   1.0000
test_healthy_machine_fraction_mean:  0.3156	test_return_mean:         66.6937	test_return_median:       66.6000	test_return_std:           6.1356

[INFO 06:56:01] my_main Recent Stats | t_env:     620000 | Episode:     6200
entropy_loss:              0.0029	ep_length_mean:          100.0000	episode_limit_mean:        1.0000	epsilon:                   0.0500
grad_norm:                19.8718	healthy_machine_fraction_mean:  0.3050	loss:                      0.5318	mi_loss:                   0.0040
q_taken_mean:              1.4215	return_mean:              60.0480	return_median:            60.0000	return_std:                6.3946
target_mean:               1.4594	td_error_abs:              0.5386	test_ep_length_mean:     100.0000	test_episode_limit_mean:   1.0000
test_healthy_machine_fraction_mean:  0.3156	test_return_mean:         66.6937	test_return_median:       66.6000	test_return_std:           6.1356

[INFO 06:56:04] my_main Updated target network
[INFO 06:56:04] my_main t_env: 620100 / 2050000
[INFO 06:56:04] my_main Estimated time left: 11 hours, 22 minutes, 37 seconds. Time passed: 4 hours, 51 minutes, 54 seconds
[INFO 06:57:19] my_main Recent Stats | t_env:     622000 | Episode:     6220
entropy_loss:              0.0029	ep_length_mean:          100.0000	episode_limit_mean:        1.0000	epsilon:                   0.0500
grad_norm:                19.8718	healthy_machine_fraction_mean:  0.3116	loss:                      0.5318	mi_loss:                   0.0040
q_taken_mean:              1.4215	return_mean:              60.1140	return_median:            59.9000	return_std:                6.3690
target_mean:               1.4594	td_error_abs:              0.5386	test_ep_length_mean:     100.0000	test_episode_limit_mean:   1.0000
test_healthy_machine_fraction_mean:  0.3288	test_return_mean:         68.0438	test_return_median:       68.0000	test_return_std:           5.6939

[INFO 06:58:10] my_main Recent Stats | t_env:     624000 | Episode:     6240
entropy_loss:              0.0029	ep_length_mean:          100.0000	episode_limit_mean:        1.0000	epsilon:                   0.0500
grad_norm:                19.0116	healthy_machine_fraction_mean:  0.3116	loss:                      0.5095	mi_loss:                   0.0040
q_taken_mean:              1.4300	return_mean:              60.1140	return_median:            59.9000	return_std:                6.3690
target_mean:               1.4663	td_error_abs:              0.5254	test_ep_length_mean:     100.0000	test_episode_limit_mean:   1.0000
test_healthy_machine_fraction_mean:  0.3288	test_return_mean:         68.0438	test_return_median:       68.0000	test_return_std:           5.6939

[INFO 06:59:02] my_main Recent Stats | t_env:     626000 | Episode:     6260
entropy_loss:              0.0029	ep_length_mean:          100.0000	episode_limit_mean:        1.0000	epsilon:                   0.0500
grad_norm:                19.0116	healthy_machine_fraction_mean:  0.3116	loss:                      0.5095	mi_loss:                   0.0040
q_taken_mean:              1.4300	return_mean:              60.1140	return_median:            59.9000	return_std:                6.3690
target_mean:               1.4663	td_error_abs:              0.5254	test_ep_length_mean:     100.0000	test_episode_limit_mean:   1.0000
test_healthy_machine_fraction_mean:  0.3288	test_return_mean:         68.0438	test_return_median:       68.0000	test_return_std:           5.6939

[INFO 06:59:53] my_main Recent Stats | t_env:     628000 | Episode:     6280
entropy_loss:              0.0029	ep_length_mean:          100.0000	episode_limit_mean:        1.0000	epsilon:                   0.0500
grad_norm:                19.0116	healthy_machine_fraction_mean:  0.3116	loss:                      0.5095	mi_loss:                   0.0040
q_taken_mean:              1.4300	return_mean:              60.1140	return_median:            59.9000	return_std:                6.3690
target_mean:               1.4663	td_error_abs:              0.5254	test_ep_length_mean:     100.0000	test_episode_limit_mean:   1.0000
test_healthy_machine_fraction_mean:  0.3288	test_return_mean:         68.0438	test_return_median:       68.0000	test_return_std:           5.6939

[INFO 07:00:44] my_main Recent Stats | t_env:     630000 | Episode:     6300
entropy_loss:              0.0029	ep_length_mean:          100.0000	episode_limit_mean:        1.0000	epsilon:                   0.0500
grad_norm:                19.0116	healthy_machine_fraction_mean:  0.3116	loss:                      0.5095	mi_loss:                   0.0040
q_taken_mean:              1.4300	return_mean:              60.1140	return_median:            59.9000	return_std:                6.3690
target_mean:               1.4663	td_error_abs:              0.5254	test_ep_length_mean:     100.0000	test_episode_limit_mean:   1.0000
test_healthy_machine_fraction_mean:  0.3288	test_return_mean:         68.0438	test_return_median:       68.0000	test_return_std:           5.6939

[INFO 07:00:46] my_main t_env: 630100 / 2050000
[INFO 07:00:46] my_main Estimated time left: 11 hours, 9 minutes, 8 seconds. Time passed: 4 hours, 56 minutes, 37 seconds
[INFO 07:02:05] my_main Recent Stats | t_env:     632000 | Episode:     6320
entropy_loss:              0.0029	ep_length_mean:          100.0000	episode_limit_mean:        1.0000	epsilon:                   0.0500
grad_norm:                19.0116	healthy_machine_fraction_mean:  0.3084	loss:                      0.5095	mi_loss:                   0.0040
q_taken_mean:              1.4300	return_mean:              60.7020	return_median:            60.3000	return_std:                6.4798
target_mean:               1.4663	td_error_abs:              0.5254	test_ep_length_mean:     100.0000	test_episode_limit_mean:   1.0000
test_healthy_machine_fraction_mean:  0.3300	test_return_mean:         68.2250	test_return_median:       68.2000	test_return_std:           5.9639

[INFO 07:02:56] my_main Recent Stats | t_env:     634000 | Episode:     6340
entropy_loss:              0.0029	ep_length_mean:          100.0000	episode_limit_mean:        1.0000	epsilon:                   0.0500
grad_norm:                20.4316	healthy_machine_fraction_mean:  0.3084	loss:                      0.5358	mi_loss:                   0.0040
q_taken_mean:              1.4349	return_mean:              60.7020	return_median:            60.3000	return_std:                6.4798
target_mean:               1.4739	td_error_abs:              0.5407	test_ep_length_mean:     100.0000	test_episode_limit_mean:   1.0000
test_healthy_machine_fraction_mean:  0.3300	test_return_mean:         68.2250	test_return_median:       68.2000	test_return_std:           5.9639

[INFO 07:03:48] my_main Recent Stats | t_env:     636000 | Episode:     6360
entropy_loss:              0.0029	ep_length_mean:          100.0000	episode_limit_mean:        1.0000	epsilon:                   0.0500
grad_norm:                20.4316	healthy_machine_fraction_mean:  0.3084	loss:                      0.5358	mi_loss:                   0.0040
q_taken_mean:              1.4349	return_mean:              60.7020	return_median:            60.3000	return_std:                6.4798
target_mean:               1.4739	td_error_abs:              0.5407	test_ep_length_mean:     100.0000	test_episode_limit_mean:   1.0000
test_healthy_machine_fraction_mean:  0.3300	test_return_mean:         68.2250	test_return_median:       68.2000	test_return_std:           5.9639

[INFO 07:04:40] my_main Recent Stats | t_env:     638000 | Episode:     6380
entropy_loss:              0.0029	ep_length_mean:          100.0000	episode_limit_mean:        1.0000	epsilon:                   0.0500
grad_norm:                20.4316	healthy_machine_fraction_mean:  0.3084	loss:                      0.5358	mi_loss:                   0.0040
q_taken_mean:              1.4349	return_mean:              60.7020	return_median:            60.3000	return_std:                6.4798
target_mean:               1.4739	td_error_abs:              0.5407	test_ep_length_mean:     100.0000	test_episode_limit_mean:   1.0000
test_healthy_machine_fraction_mean:  0.3300	test_return_mean:         68.2250	test_return_median:       68.2000	test_return_std:           5.9639

[INFO 07:05:31] my_main Recent Stats | t_env:     640000 | Episode:     6400
entropy_loss:              0.0029	ep_length_mean:          100.0000	episode_limit_mean:        1.0000	epsilon:                   0.0500
grad_norm:                20.4316	healthy_machine_fraction_mean:  0.3084	loss:                      0.5358	mi_loss:                   0.0040
q_taken_mean:              1.4349	return_mean:              60.7020	return_median:            60.3000	return_std:                6.4798
target_mean:               1.4739	td_error_abs:              0.5407	test_ep_length_mean:     100.0000	test_episode_limit_mean:   1.0000
test_healthy_machine_fraction_mean:  0.3300	test_return_mean:         68.2250	test_return_median:       68.2000	test_return_std:           5.9639

[INFO 07:05:33] my_main Updated target network
[INFO 07:05:33] my_main t_env: 640100 / 2050000
[INFO 07:05:33] my_main Estimated time left: 11 hours, 13 minutes, 33 seconds. Time passed: 5 hours, 1 minutes, 23 seconds
[INFO 07:06:53] my_main Recent Stats | t_env:     642000 | Episode:     6420
entropy_loss:              0.0029	ep_length_mean:          100.0000	episode_limit_mean:        1.0000	epsilon:                   0.0500
grad_norm:                20.4316	healthy_machine_fraction_mean:  0.3008	loss:                      0.5358	mi_loss:                   0.0040
q_taken_mean:              1.4349	return_mean:              60.7060	return_median:            60.3000	return_std:                6.3822
target_mean:               1.4739	td_error_abs:              0.5407	test_ep_length_mean:     100.0000	test_episode_limit_mean:   1.0000
test_healthy_machine_fraction_mean:  0.3225	test_return_mean:         68.1875	test_return_median:       68.0000	test_return_std:           5.9557

[INFO 07:07:45] my_main Recent Stats | t_env:     644000 | Episode:     6440
entropy_loss:              0.0029	ep_length_mean:          100.0000	episode_limit_mean:        1.0000	epsilon:                   0.0500
grad_norm:                20.4684	healthy_machine_fraction_mean:  0.3008	loss:                      0.5309	mi_loss:                   0.0040
q_taken_mean:              1.4440	return_mean:              60.7060	return_median:            60.3000	return_std:                6.3822
target_mean:               1.4831	td_error_abs:              0.5407	test_ep_length_mean:     100.0000	test_episode_limit_mean:   1.0000
test_healthy_machine_fraction_mean:  0.3225	test_return_mean:         68.1875	test_return_median:       68.0000	test_return_std:           5.9557

[INFO 07:08:36] my_main Recent Stats | t_env:     646000 | Episode:     6460
entropy_loss:              0.0029	ep_length_mean:          100.0000	episode_limit_mean:        1.0000	epsilon:                   0.0500
grad_norm:                20.4684	healthy_machine_fraction_mean:  0.3008	loss:                      0.5309	mi_loss:                   0.0040
q_taken_mean:              1.4440	return_mean:              60.7060	return_median:            60.3000	return_std:                6.3822
target_mean:               1.4831	td_error_abs:              0.5407	test_ep_length_mean:     100.0000	test_episode_limit_mean:   1.0000
test_healthy_machine_fraction_mean:  0.3225	test_return_mean:         68.1875	test_return_median:       68.0000	test_return_std:           5.9557

[INFO 07:09:28] my_main Recent Stats | t_env:     648000 | Episode:     6480
entropy_loss:              0.0029	ep_length_mean:          100.0000	episode_limit_mean:        1.0000	epsilon:                   0.0500
grad_norm:                20.4684	healthy_machine_fraction_mean:  0.3008	loss:                      0.5309	mi_loss:                   0.0040
q_taken_mean:              1.4440	return_mean:              60.7060	return_median:            60.3000	return_std:                6.3822
target_mean:               1.4831	td_error_abs:              0.5407	test_ep_length_mean:     100.0000	test_episode_limit_mean:   1.0000
test_healthy_machine_fraction_mean:  0.3225	test_return_mean:         68.1875	test_return_median:       68.0000	test_return_std:           5.9557

[INFO 07:10:18] my_main Recent Stats | t_env:     650000 | Episode:     6500
entropy_loss:              0.0029	ep_length_mean:          100.0000	episode_limit_mean:        1.0000	epsilon:                   0.0500
grad_norm:                20.4684	healthy_machine_fraction_mean:  0.3008	loss:                      0.5309	mi_loss:                   0.0040
q_taken_mean:              1.4440	return_mean:              60.7060	return_median:            60.3000	return_std:                6.3822
target_mean:               1.4831	td_error_abs:              0.5407	test_ep_length_mean:     100.0000	test_episode_limit_mean:   1.0000
test_healthy_machine_fraction_mean:  0.3225	test_return_mean:         68.1875	test_return_median:       68.0000	test_return_std:           5.9557

[INFO 07:10:20] my_main t_env: 650100 / 2050000
[INFO 07:10:20] my_main Estimated time left: 11 hours, 9 minutes, 39 seconds. Time passed: 5 hours, 6 minutes, 10 seconds
[INFO 07:11:39] my_main Recent Stats | t_env:     652000 | Episode:     6520
entropy_loss:              0.0029	ep_length_mean:          100.0000	episode_limit_mean:        1.0000	epsilon:                   0.0500
grad_norm:                20.4684	healthy_machine_fraction_mean:  0.2944	loss:                      0.5309	mi_loss:                   0.0040
q_taken_mean:              1.4440	return_mean:              60.6380	return_median:            60.2000	return_std:                6.4217
target_mean:               1.4831	td_error_abs:              0.5407	test_ep_length_mean:     100.0000	test_episode_limit_mean:   1.0000
test_healthy_machine_fraction_mean:  0.3213	test_return_mean:         68.1125	test_return_median:       68.3000	test_return_std:           6.1961

[INFO 07:12:31] my_main Recent Stats | t_env:     654000 | Episode:     6540
entropy_loss:              0.0029	ep_length_mean:          100.0000	episode_limit_mean:        1.0000	epsilon:                   0.0500
grad_norm:                20.0922	healthy_machine_fraction_mean:  0.2944	loss:                      0.5206	mi_loss:                   0.0040
q_taken_mean:              1.4492	return_mean:              60.6380	return_median:            60.2000	return_std:                6.4217
target_mean:               1.4878	td_error_abs:              0.5364	test_ep_length_mean:     100.0000	test_episode_limit_mean:   1.0000
test_healthy_machine_fraction_mean:  0.3213	test_return_mean:         68.1125	test_return_median:       68.3000	test_return_std:           6.1961

[INFO 07:13:23] my_main Recent Stats | t_env:     656000 | Episode:     6560
entropy_loss:              0.0029	ep_length_mean:          100.0000	episode_limit_mean:        1.0000	epsilon:                   0.0500
grad_norm:                20.0922	healthy_machine_fraction_mean:  0.2944	loss:                      0.5206	mi_loss:                   0.0040
q_taken_mean:              1.4492	return_mean:              60.6380	return_median:            60.2000	return_std:                6.4217
target_mean:               1.4878	td_error_abs:              0.5364	test_ep_length_mean:     100.0000	test_episode_limit_mean:   1.0000
test_healthy_machine_fraction_mean:  0.3213	test_return_mean:         68.1125	test_return_median:       68.3000	test_return_std:           6.1961

[INFO 07:14:15] my_main Recent Stats | t_env:     658000 | Episode:     6580
entropy_loss:              0.0029	ep_length_mean:          100.0000	episode_limit_mean:        1.0000	epsilon:                   0.0500
grad_norm:                20.0922	healthy_machine_fraction_mean:  0.2944	loss:                      0.5206	mi_loss:                   0.0040
q_taken_mean:              1.4492	return_mean:              60.6380	return_median:            60.2000	return_std:                6.4217
target_mean:               1.4878	td_error_abs:              0.5364	test_ep_length_mean:     100.0000	test_episode_limit_mean:   1.0000
test_healthy_machine_fraction_mean:  0.3213	test_return_mean:         68.1125	test_return_median:       68.3000	test_return_std:           6.1961

[INFO 07:15:05] my_main Recent Stats | t_env:     660000 | Episode:     6600
entropy_loss:              0.0029	ep_length_mean:          100.0000	episode_limit_mean:        1.0000	epsilon:                   0.0500
grad_norm:                20.0922	healthy_machine_fraction_mean:  0.2944	loss:                      0.5206	mi_loss:                   0.0040
q_taken_mean:              1.4492	return_mean:              60.6380	return_median:            60.2000	return_std:                6.4217
target_mean:               1.4878	td_error_abs:              0.5364	test_ep_length_mean:     100.0000	test_episode_limit_mean:   1.0000
test_healthy_machine_fraction_mean:  0.3213	test_return_mean:         68.1125	test_return_median:       68.3000	test_return_std:           6.1961

[INFO 07:15:08] my_main Updated target network
[INFO 07:15:08] my_main t_env: 660100 / 2050000
[INFO 07:15:08] my_main Estimated time left: 11 hours, 5 minutes, 58 seconds. Time passed: 5 hours, 10 minutes, 58 seconds
[INFO 07:16:27] my_main Recent Stats | t_env:     662000 | Episode:     6620
entropy_loss:              0.0029	ep_length_mean:          100.0000	episode_limit_mean:        1.0000	epsilon:                   0.0500
grad_norm:                20.0922	healthy_machine_fraction_mean:  0.3040	loss:                      0.5206	mi_loss:                   0.0040
q_taken_mean:              1.4492	return_mean:              60.9360	return_median:            60.2000	return_std:                6.2900
target_mean:               1.4878	td_error_abs:              0.5364	test_ep_length_mean:     100.0000	test_episode_limit_mean:   1.0000
test_healthy_machine_fraction_mean:  0.3400	test_return_mean:         68.2750	test_return_median:       68.9000	test_return_std:           5.9708

[INFO 07:17:19] my_main Recent Stats | t_env:     664000 | Episode:     6640
entropy_loss:              0.0029	ep_length_mean:          100.0000	episode_limit_mean:        1.0000	epsilon:                   0.0500
grad_norm:                17.6859	healthy_machine_fraction_mean:  0.3040	loss:                      0.4711	mi_loss:                   0.0040
q_taken_mean:              1.4719	return_mean:              60.9360	return_median:            60.2000	return_std:                6.2900
target_mean:               1.4982	td_error_abs:              0.5166	test_ep_length_mean:     100.0000	test_episode_limit_mean:   1.0000
test_healthy_machine_fraction_mean:  0.3400	test_return_mean:         68.2750	test_return_median:       68.9000	test_return_std:           5.9708

[INFO 07:18:10] my_main Recent Stats | t_env:     666000 | Episode:     6660
entropy_loss:              0.0029	ep_length_mean:          100.0000	episode_limit_mean:        1.0000	epsilon:                   0.0500
grad_norm:                17.6859	healthy_machine_fraction_mean:  0.3040	loss:                      0.4711	mi_loss:                   0.0040
q_taken_mean:              1.4719	return_mean:              60.9360	return_median:            60.2000	return_std:                6.2900
target_mean:               1.4982	td_error_abs:              0.5166	test_ep_length_mean:     100.0000	test_episode_limit_mean:   1.0000
test_healthy_machine_fraction_mean:  0.3400	test_return_mean:         68.2750	test_return_median:       68.9000	test_return_std:           5.9708

[INFO 07:19:02] my_main Recent Stats | t_env:     668000 | Episode:     6680
entropy_loss:              0.0029	ep_length_mean:          100.0000	episode_limit_mean:        1.0000	epsilon:                   0.0500
grad_norm:                17.6859	healthy_machine_fraction_mean:  0.3040	loss:                      0.4711	mi_loss:                   0.0040
q_taken_mean:              1.4719	return_mean:              60.9360	return_median:            60.2000	return_std:                6.2900
target_mean:               1.4982	td_error_abs:              0.5166	test_ep_length_mean:     100.0000	test_episode_limit_mean:   1.0000
test_healthy_machine_fraction_mean:  0.3400	test_return_mean:         68.2750	test_return_median:       68.9000	test_return_std:           5.9708

[INFO 07:19:53] my_main Recent Stats | t_env:     670000 | Episode:     6700
entropy_loss:              0.0029	ep_length_mean:          100.0000	episode_limit_mean:        1.0000	epsilon:                   0.0500
grad_norm:                17.6859	healthy_machine_fraction_mean:  0.3040	loss:                      0.4711	mi_loss:                   0.0040
q_taken_mean:              1.4719	return_mean:              60.9360	return_median:            60.2000	return_std:                6.2900
target_mean:               1.4982	td_error_abs:              0.5166	test_ep_length_mean:     100.0000	test_episode_limit_mean:   1.0000
test_healthy_machine_fraction_mean:  0.3400	test_return_mean:         68.2750	test_return_median:       68.9000	test_return_std:           5.9708

[INFO 07:19:55] my_main t_env: 670100 / 2050000
[INFO 07:19:55] my_main Estimated time left: 11 hours, 1 minutes, 27 seconds. Time passed: 5 hours, 15 minutes, 45 seconds
[INFO 07:21:15] my_main Recent Stats | t_env:     672000 | Episode:     6720
entropy_loss:              0.0029	ep_length_mean:          100.0000	episode_limit_mean:        1.0000	epsilon:                   0.0500
grad_norm:                17.6859	healthy_machine_fraction_mean:  0.3170	loss:                      0.4711	mi_loss:                   0.0040
q_taken_mean:              1.4719	return_mean:              61.2880	return_median:            60.6000	return_std:                6.1622
target_mean:               1.4982	td_error_abs:              0.5166	test_ep_length_mean:     100.0000	test_episode_limit_mean:   1.0000
test_healthy_machine_fraction_mean:  0.3556	test_return_mean:         68.6000	test_return_median:       69.2000	test_return_std:           6.2891

[INFO 07:22:06] my_main Recent Stats | t_env:     674000 | Episode:     6740
entropy_loss:              0.0028	ep_length_mean:          100.0000	episode_limit_mean:        1.0000	epsilon:                   0.0500
grad_norm:                16.4461	healthy_machine_fraction_mean:  0.3170	loss:                      0.4540	mi_loss:                   0.0040
q_taken_mean:              1.4903	return_mean:              61.2880	return_median:            60.6000	return_std:                6.1622
target_mean:               1.5056	td_error_abs:              0.5150	test_ep_length_mean:     100.0000	test_episode_limit_mean:   1.0000
test_healthy_machine_fraction_mean:  0.3556	test_return_mean:         68.6000	test_return_median:       69.2000	test_return_std:           6.2891

[INFO 07:22:57] my_main Recent Stats | t_env:     676000 | Episode:     6760
entropy_loss:              0.0028	ep_length_mean:          100.0000	episode_limit_mean:        1.0000	epsilon:                   0.0500
grad_norm:                16.4461	healthy_machine_fraction_mean:  0.3170	loss:                      0.4540	mi_loss:                   0.0040
q_taken_mean:              1.4903	return_mean:              61.2880	return_median:            60.6000	return_std:                6.1622
target_mean:               1.5056	td_error_abs:              0.5150	test_ep_length_mean:     100.0000	test_episode_limit_mean:   1.0000
test_healthy_machine_fraction_mean:  0.3556	test_return_mean:         68.6000	test_return_median:       69.2000	test_return_std:           6.2891

[INFO 07:23:48] my_main Recent Stats | t_env:     678000 | Episode:     6780
entropy_loss:              0.0028	ep_length_mean:          100.0000	episode_limit_mean:        1.0000	epsilon:                   0.0500
grad_norm:                16.4461	healthy_machine_fraction_mean:  0.3170	loss:                      0.4540	mi_loss:                   0.0040
q_taken_mean:              1.4903	return_mean:              61.2880	return_median:            60.6000	return_std:                6.1622
target_mean:               1.5056	td_error_abs:              0.5150	test_ep_length_mean:     100.0000	test_episode_limit_mean:   1.0000
test_healthy_machine_fraction_mean:  0.3556	test_return_mean:         68.6000	test_return_median:       69.2000	test_return_std:           6.2891

[INFO 07:24:39] my_main Recent Stats | t_env:     680000 | Episode:     6800
entropy_loss:              0.0028	ep_length_mean:          100.0000	episode_limit_mean:        1.0000	epsilon:                   0.0500
grad_norm:                16.4461	healthy_machine_fraction_mean:  0.3170	loss:                      0.4540	mi_loss:                   0.0040
q_taken_mean:              1.4903	return_mean:              61.2880	return_median:            60.6000	return_std:                6.1622
target_mean:               1.5056	td_error_abs:              0.5150	test_ep_length_mean:     100.0000	test_episode_limit_mean:   1.0000
test_healthy_machine_fraction_mean:  0.3556	test_return_mean:         68.6000	test_return_median:       69.2000	test_return_std:           6.2891

[INFO 07:24:41] my_main Updated target network
[INFO 07:24:41] my_main t_env: 680100 / 2050000
[INFO 07:24:41] my_main Estimated time left: 10 hours, 52 minutes, 27 seconds. Time passed: 5 hours, 20 minutes, 31 seconds
[INFO 07:26:01] my_main Recent Stats | t_env:     682000 | Episode:     6820
entropy_loss:              0.0028	ep_length_mean:          100.0000	episode_limit_mean:        1.0000	epsilon:                   0.0500
grad_norm:                16.4461	healthy_machine_fraction_mean:  0.3266	loss:                      0.4540	mi_loss:                   0.0040
q_taken_mean:              1.4903	return_mean:              60.8980	return_median:            60.5000	return_std:                5.9916
target_mean:               1.5056	td_error_abs:              0.5150	test_ep_length_mean:     100.0000	test_episode_limit_mean:   1.0000
test_healthy_machine_fraction_mean:  0.3406	test_return_mean:         68.2313	test_return_median:       68.8000	test_return_std:           6.5094

[INFO 07:26:52] my_main Recent Stats | t_env:     684000 | Episode:     6840
entropy_loss:              0.0028	ep_length_mean:          100.0000	episode_limit_mean:        1.0000	epsilon:                   0.0500
grad_norm:                15.7045	healthy_machine_fraction_mean:  0.3266	loss:                      0.4477	mi_loss:                   0.0039
q_taken_mean:              1.5142	return_mean:              60.8980	return_median:            60.5000	return_std:                5.9916
target_mean:               1.5277	td_error_abs:              0.5089	test_ep_length_mean:     100.0000	test_episode_limit_mean:   1.0000
test_healthy_machine_fraction_mean:  0.3406	test_return_mean:         68.2313	test_return_median:       68.8000	test_return_std:           6.5094

[INFO 07:27:43] my_main Recent Stats | t_env:     686000 | Episode:     6860
entropy_loss:              0.0028	ep_length_mean:          100.0000	episode_limit_mean:        1.0000	epsilon:                   0.0500
grad_norm:                15.7045	healthy_machine_fraction_mean:  0.3266	loss:                      0.4477	mi_loss:                   0.0039
q_taken_mean:              1.5142	return_mean:              60.8980	return_median:            60.5000	return_std:                5.9916
target_mean:               1.5277	td_error_abs:              0.5089	test_ep_length_mean:     100.0000	test_episode_limit_mean:   1.0000
test_healthy_machine_fraction_mean:  0.3406	test_return_mean:         68.2313	test_return_median:       68.8000	test_return_std:           6.5094

[INFO 07:28:34] my_main Recent Stats | t_env:     688000 | Episode:     6880
entropy_loss:              0.0028	ep_length_mean:          100.0000	episode_limit_mean:        1.0000	epsilon:                   0.0500
grad_norm:                15.7045	healthy_machine_fraction_mean:  0.3266	loss:                      0.4477	mi_loss:                   0.0039
q_taken_mean:              1.5142	return_mean:              60.8980	return_median:            60.5000	return_std:                5.9916
target_mean:               1.5277	td_error_abs:              0.5089	test_ep_length_mean:     100.0000	test_episode_limit_mean:   1.0000
test_healthy_machine_fraction_mean:  0.3406	test_return_mean:         68.2313	test_return_median:       68.8000	test_return_std:           6.5094

[INFO 07:29:25] my_main Recent Stats | t_env:     690000 | Episode:     6900
entropy_loss:              0.0028	ep_length_mean:          100.0000	episode_limit_mean:        1.0000	epsilon:                   0.0500
grad_norm:                15.7045	healthy_machine_fraction_mean:  0.3266	loss:                      0.4477	mi_loss:                   0.0039
q_taken_mean:              1.5142	return_mean:              60.8980	return_median:            60.5000	return_std:                5.9916
target_mean:               1.5277	td_error_abs:              0.5089	test_ep_length_mean:     100.0000	test_episode_limit_mean:   1.0000
test_healthy_machine_fraction_mean:  0.3406	test_return_mean:         68.2313	test_return_median:       68.8000	test_return_std:           6.5094

[INFO 07:29:27] my_main t_env: 690100 / 2050000
[INFO 07:29:27] my_main Estimated time left: 10 hours, 49 minutes, 32 seconds. Time passed: 5 hours, 25 minutes, 18 seconds
[INFO 07:30:46] my_main Recent Stats | t_env:     692000 | Episode:     6920
entropy_loss:              0.0028	ep_length_mean:          100.0000	episode_limit_mean:        1.0000	epsilon:                   0.0500
grad_norm:                15.7045	healthy_machine_fraction_mean:  0.3320	loss:                      0.4477	mi_loss:                   0.0039
q_taken_mean:              1.5142	return_mean:              61.1560	return_median:            60.9000	return_std:                5.8382
target_mean:               1.5277	td_error_abs:              0.5089	test_ep_length_mean:     100.0000	test_episode_limit_mean:   1.0000
test_healthy_machine_fraction_mean:  0.3275	test_return_mean:         67.3250	test_return_median:       68.1000	test_return_std:           6.3160

[INFO 07:31:37] my_main Recent Stats | t_env:     694000 | Episode:     6940
entropy_loss:              0.0028	ep_length_mean:          100.0000	episode_limit_mean:        1.0000	epsilon:                   0.0500
grad_norm:                15.8884	healthy_machine_fraction_mean:  0.3320	loss:                      0.4591	mi_loss:                   0.0039
q_taken_mean:              1.5325	return_mean:              61.1560	return_median:            60.9000	return_std:                5.8382
target_mean:               1.5461	td_error_abs:              0.5127	test_ep_length_mean:     100.0000	test_episode_limit_mean:   1.0000
test_healthy_machine_fraction_mean:  0.3275	test_return_mean:         67.3250	test_return_median:       68.1000	test_return_std:           6.3160

[INFO 07:32:28] my_main Recent Stats | t_env:     696000 | Episode:     6960
entropy_loss:              0.0028	ep_length_mean:          100.0000	episode_limit_mean:        1.0000	epsilon:                   0.0500
grad_norm:                15.8884	healthy_machine_fraction_mean:  0.3320	loss:                      0.4591	mi_loss:                   0.0039
q_taken_mean:              1.5325	return_mean:              61.1560	return_median:            60.9000	return_std:                5.8382
target_mean:               1.5461	td_error_abs:              0.5127	test_ep_length_mean:     100.0000	test_episode_limit_mean:   1.0000
test_healthy_machine_fraction_mean:  0.3275	test_return_mean:         67.3250	test_return_median:       68.1000	test_return_std:           6.3160

[INFO 07:33:20] my_main Recent Stats | t_env:     698000 | Episode:     6980
entropy_loss:              0.0028	ep_length_mean:          100.0000	episode_limit_mean:        1.0000	epsilon:                   0.0500
grad_norm:                15.8884	healthy_machine_fraction_mean:  0.3320	loss:                      0.4591	mi_loss:                   0.0039
q_taken_mean:              1.5325	return_mean:              61.1560	return_median:            60.9000	return_std:                5.8382
target_mean:               1.5461	td_error_abs:              0.5127	test_ep_length_mean:     100.0000	test_episode_limit_mean:   1.0000
test_healthy_machine_fraction_mean:  0.3275	test_return_mean:         67.3250	test_return_median:       68.1000	test_return_std:           6.3160

[INFO 07:34:06] my_main Recent Stats | t_env:     700000 | Episode:     7000
entropy_loss:              0.0028	ep_length_mean:          100.0000	episode_limit_mean:        1.0000	epsilon:                   0.0500
grad_norm:                15.8884	healthy_machine_fraction_mean:  0.3320	loss:                      0.4591	mi_loss:                   0.0039
q_taken_mean:              1.5325	return_mean:              61.1560	return_median:            60.9000	return_std:                5.8382
target_mean:               1.5461	td_error_abs:              0.5127	test_ep_length_mean:     100.0000	test_episode_limit_mean:   1.0000
test_healthy_machine_fraction_mean:  0.3275	test_return_mean:         67.3250	test_return_median:       68.1000	test_return_std:           6.3160

[INFO 07:34:08] my_main Updated target network
[INFO 07:34:08] my_main t_env: 700100 / 2050000
[INFO 07:34:08] my_main Estimated time left: 10 hours, 31 minutes, 20 seconds. Time passed: 5 hours, 29 minutes, 58 seconds
[INFO 07:35:27] my_main Recent Stats | t_env:     702000 | Episode:     7020
entropy_loss:              0.0028	ep_length_mean:          100.0000	episode_limit_mean:        1.0000	epsilon:                   0.0500
grad_norm:                15.8884	healthy_machine_fraction_mean:  0.3352	loss:                      0.4591	mi_loss:                   0.0039
q_taken_mean:              1.5325	return_mean:              61.0660	return_median:            61.0000	return_std:                5.9797
target_mean:               1.5461	td_error_abs:              0.5127	test_ep_length_mean:     100.0000	test_episode_limit_mean:   1.0000
test_healthy_machine_fraction_mean:  0.2944	test_return_mean:         66.8500	test_return_median:       67.6000	test_return_std:           6.3885

[INFO 07:36:19] my_main Recent Stats | t_env:     704000 | Episode:     7040
entropy_loss:              0.0028	ep_length_mean:          100.0000	episode_limit_mean:        1.0000	epsilon:                   0.0500
grad_norm:                15.8062	healthy_machine_fraction_mean:  0.3352	loss:                      0.4533	mi_loss:                   0.0039
q_taken_mean:              1.5546	return_mean:              61.0660	return_median:            61.0000	return_std:                5.9797
target_mean:               1.5677	td_error_abs:              0.5101	test_ep_length_mean:     100.0000	test_episode_limit_mean:   1.0000
test_healthy_machine_fraction_mean:  0.2944	test_return_mean:         66.8500	test_return_median:       67.6000	test_return_std:           6.3885

[INFO 07:37:10] my_main Recent Stats | t_env:     706000 | Episode:     7060
entropy_loss:              0.0028	ep_length_mean:          100.0000	episode_limit_mean:        1.0000	epsilon:                   0.0500
grad_norm:                15.8062	healthy_machine_fraction_mean:  0.3352	loss:                      0.4533	mi_loss:                   0.0039
q_taken_mean:              1.5546	return_mean:              61.0660	return_median:            61.0000	return_std:                5.9797
target_mean:               1.5677	td_error_abs:              0.5101	test_ep_length_mean:     100.0000	test_episode_limit_mean:   1.0000
test_healthy_machine_fraction_mean:  0.2944	test_return_mean:         66.8500	test_return_median:       67.6000	test_return_std:           6.3885

[INFO 07:38:02] my_main Recent Stats | t_env:     708000 | Episode:     7080
entropy_loss:              0.0028	ep_length_mean:          100.0000	episode_limit_mean:        1.0000	epsilon:                   0.0500
grad_norm:                15.8062	healthy_machine_fraction_mean:  0.3352	loss:                      0.4533	mi_loss:                   0.0039
q_taken_mean:              1.5546	return_mean:              61.0660	return_median:            61.0000	return_std:                5.9797
target_mean:               1.5677	td_error_abs:              0.5101	test_ep_length_mean:     100.0000	test_episode_limit_mean:   1.0000
test_healthy_machine_fraction_mean:  0.2944	test_return_mean:         66.8500	test_return_median:       67.6000	test_return_std:           6.3885

[INFO 07:38:53] my_main Recent Stats | t_env:     710000 | Episode:     7100
entropy_loss:              0.0028	ep_length_mean:          100.0000	episode_limit_mean:        1.0000	epsilon:                   0.0500
grad_norm:                15.8062	healthy_machine_fraction_mean:  0.3352	loss:                      0.4533	mi_loss:                   0.0039
q_taken_mean:              1.5546	return_mean:              61.0660	return_median:            61.0000	return_std:                5.9797
target_mean:               1.5677	td_error_abs:              0.5101	test_ep_length_mean:     100.0000	test_episode_limit_mean:   1.0000
test_healthy_machine_fraction_mean:  0.2944	test_return_mean:         66.8500	test_return_median:       67.6000	test_return_std:           6.3885

[INFO 07:38:55] my_main t_env: 710100 / 2050000
[INFO 07:38:55] my_main Estimated time left: 10 hours, 41 minutes, 10 seconds. Time passed: 5 hours, 34 minutes, 45 seconds
[INFO 07:40:15] my_main Recent Stats | t_env:     712000 | Episode:     7120
entropy_loss:              0.0028	ep_length_mean:          100.0000	episode_limit_mean:        1.0000	epsilon:                   0.0500
grad_norm:                15.8062	healthy_machine_fraction_mean:  0.3234	loss:                      0.4533	mi_loss:                   0.0039
q_taken_mean:              1.5546	return_mean:              60.7740	return_median:            60.8000	return_std:                6.1383
target_mean:               1.5677	td_error_abs:              0.5101	test_ep_length_mean:     100.0000	test_episode_limit_mean:   1.0000
test_healthy_machine_fraction_mean:  0.2819	test_return_mean:         67.0938	test_return_median:       67.4000	test_return_std:           6.5451

[INFO 07:41:06] my_main Recent Stats | t_env:     714000 | Episode:     7140
entropy_loss:              0.0028	ep_length_mean:          100.0000	episode_limit_mean:        1.0000	epsilon:                   0.0500
grad_norm:                17.9030	healthy_machine_fraction_mean:  0.3234	loss:                      0.4848	mi_loss:                   0.0039
q_taken_mean:              1.5597	return_mean:              60.7740	return_median:            60.8000	return_std:                6.1383
target_mean:               1.5842	td_error_abs:              0.5232	test_ep_length_mean:     100.0000	test_episode_limit_mean:   1.0000
test_healthy_machine_fraction_mean:  0.2819	test_return_mean:         67.0938	test_return_median:       67.4000	test_return_std:           6.5451

[INFO 07:41:57] my_main Recent Stats | t_env:     716000 | Episode:     7160
entropy_loss:              0.0028	ep_length_mean:          100.0000	episode_limit_mean:        1.0000	epsilon:                   0.0500
grad_norm:                17.9030	healthy_machine_fraction_mean:  0.3234	loss:                      0.4848	mi_loss:                   0.0039
q_taken_mean:              1.5597	return_mean:              60.7740	return_median:            60.8000	return_std:                6.1383
target_mean:               1.5842	td_error_abs:              0.5232	test_ep_length_mean:     100.0000	test_episode_limit_mean:   1.0000
test_healthy_machine_fraction_mean:  0.2819	test_return_mean:         67.0938	test_return_median:       67.4000	test_return_std:           6.5451

[INFO 07:42:48] my_main Recent Stats | t_env:     718000 | Episode:     7180
entropy_loss:              0.0028	ep_length_mean:          100.0000	episode_limit_mean:        1.0000	epsilon:                   0.0500
grad_norm:                17.9030	healthy_machine_fraction_mean:  0.3234	loss:                      0.4848	mi_loss:                   0.0039
q_taken_mean:              1.5597	return_mean:              60.7740	return_median:            60.8000	return_std:                6.1383
target_mean:               1.5842	td_error_abs:              0.5232	test_ep_length_mean:     100.0000	test_episode_limit_mean:   1.0000
test_healthy_machine_fraction_mean:  0.2819	test_return_mean:         67.0938	test_return_median:       67.4000	test_return_std:           6.5451

[INFO 07:43:39] my_main Recent Stats | t_env:     720000 | Episode:     7200
entropy_loss:              0.0028	ep_length_mean:          100.0000	episode_limit_mean:        1.0000	epsilon:                   0.0500
grad_norm:                17.9030	healthy_machine_fraction_mean:  0.3234	loss:                      0.4848	mi_loss:                   0.0039
q_taken_mean:              1.5597	return_mean:              60.7740	return_median:            60.8000	return_std:                6.1383
target_mean:               1.5842	td_error_abs:              0.5232	test_ep_length_mean:     100.0000	test_episode_limit_mean:   1.0000
test_healthy_machine_fraction_mean:  0.2819	test_return_mean:         67.0938	test_return_median:       67.4000	test_return_std:           6.5451

[INFO 07:43:41] my_main Updated target network
[INFO 07:43:41] my_main t_env: 720100 / 2050000
[INFO 07:43:41] my_main Estimated time left: 10 hours, 33 minutes, 15 seconds. Time passed: 5 hours, 39 minutes, 31 seconds
[INFO 07:45:00] my_main Recent Stats | t_env:     722000 | Episode:     7220
entropy_loss:              0.0028	ep_length_mean:          100.0000	episode_limit_mean:        1.0000	epsilon:                   0.0500
grad_norm:                17.9030	healthy_machine_fraction_mean:  0.3066	loss:                      0.4848	mi_loss:                   0.0039
q_taken_mean:              1.5597	return_mean:              60.6300	return_median:            60.9000	return_std:                6.3171
target_mean:               1.5842	td_error_abs:              0.5232	test_ep_length_mean:     100.0000	test_episode_limit_mean:   1.0000
test_healthy_machine_fraction_mean:  0.2581	test_return_mean:         66.4625	test_return_median:       66.8000	test_return_std:           6.3701

[INFO 07:45:52] my_main Recent Stats | t_env:     724000 | Episode:     7240
entropy_loss:              0.0028	ep_length_mean:          100.0000	episode_limit_mean:        1.0000	epsilon:                   0.0500
grad_norm:                18.4747	healthy_machine_fraction_mean:  0.3066	loss:                      0.4867	mi_loss:                   0.0039
q_taken_mean:              1.5700	return_mean:              60.6300	return_median:            60.9000	return_std:                6.3171
target_mean:               1.6041	td_error_abs:              0.5167	test_ep_length_mean:     100.0000	test_episode_limit_mean:   1.0000
test_healthy_machine_fraction_mean:  0.2581	test_return_mean:         66.4625	test_return_median:       66.8000	test_return_std:           6.3701

[INFO 07:46:43] my_main Recent Stats | t_env:     726000 | Episode:     7260
entropy_loss:              0.0028	ep_length_mean:          100.0000	episode_limit_mean:        1.0000	epsilon:                   0.0500
grad_norm:                18.4747	healthy_machine_fraction_mean:  0.3066	loss:                      0.4867	mi_loss:                   0.0039
q_taken_mean:              1.5700	return_mean:              60.6300	return_median:            60.9000	return_std:                6.3171
target_mean:               1.6041	td_error_abs:              0.5167	test_ep_length_mean:     100.0000	test_episode_limit_mean:   1.0000
test_healthy_machine_fraction_mean:  0.2581	test_return_mean:         66.4625	test_return_median:       66.8000	test_return_std:           6.3701

[INFO 07:47:34] my_main Recent Stats | t_env:     728000 | Episode:     7280
entropy_loss:              0.0028	ep_length_mean:          100.0000	episode_limit_mean:        1.0000	epsilon:                   0.0500
grad_norm:                18.4747	healthy_machine_fraction_mean:  0.3066	loss:                      0.4867	mi_loss:                   0.0039
q_taken_mean:              1.5700	return_mean:              60.6300	return_median:            60.9000	return_std:                6.3171
target_mean:               1.6041	td_error_abs:              0.5167	test_ep_length_mean:     100.0000	test_episode_limit_mean:   1.0000
test_healthy_machine_fraction_mean:  0.2581	test_return_mean:         66.4625	test_return_median:       66.8000	test_return_std:           6.3701

[INFO 07:48:26] my_main Recent Stats | t_env:     730000 | Episode:     7300
entropy_loss:              0.0028	ep_length_mean:          100.0000	episode_limit_mean:        1.0000	epsilon:                   0.0500
grad_norm:                18.4747	healthy_machine_fraction_mean:  0.3066	loss:                      0.4867	mi_loss:                   0.0039
q_taken_mean:              1.5700	return_mean:              60.6300	return_median:            60.9000	return_std:                6.3171
target_mean:               1.6041	td_error_abs:              0.5167	test_ep_length_mean:     100.0000	test_episode_limit_mean:   1.0000
test_healthy_machine_fraction_mean:  0.2581	test_return_mean:         66.4625	test_return_median:       66.8000	test_return_std:           6.3701

[INFO 07:48:28] my_main t_env: 730100 / 2050000
[INFO 07:48:28] my_main Estimated time left: 10 hours, 32 minutes, 16 seconds. Time passed: 5 hours, 44 minutes, 19 seconds
[INFO 07:49:47] my_main Recent Stats | t_env:     732000 | Episode:     7320
entropy_loss:              0.0028	ep_length_mean:          100.0000	episode_limit_mean:        1.0000	epsilon:                   0.0500
grad_norm:                18.4747	healthy_machine_fraction_mean:  0.2914	loss:                      0.4867	mi_loss:                   0.0039
q_taken_mean:              1.5700	return_mean:              60.8320	return_median:            61.0000	return_std:                6.3444
target_mean:               1.6041	td_error_abs:              0.5167	test_ep_length_mean:     100.0000	test_episode_limit_mean:   1.0000
test_healthy_machine_fraction_mean:  0.2594	test_return_mean:         67.0875	test_return_median:       67.5000	test_return_std:           6.2488

[INFO 07:50:39] my_main Recent Stats | t_env:     734000 | Episode:     7340
entropy_loss:              0.0028	ep_length_mean:          100.0000	episode_limit_mean:        1.0000	epsilon:                   0.0500
grad_norm:                18.9222	healthy_machine_fraction_mean:  0.2914	loss:                      0.4836	mi_loss:                   0.0039
q_taken_mean:              1.5757	return_mean:              60.8320	return_median:            61.0000	return_std:                6.3444
target_mean:               1.6107	td_error_abs:              0.5170	test_ep_length_mean:     100.0000	test_episode_limit_mean:   1.0000
test_healthy_machine_fraction_mean:  0.2594	test_return_mean:         67.0875	test_return_median:       67.5000	test_return_std:           6.2488

[INFO 07:51:31] my_main Recent Stats | t_env:     736000 | Episode:     7360
entropy_loss:              0.0028	ep_length_mean:          100.0000	episode_limit_mean:        1.0000	epsilon:                   0.0500
grad_norm:                18.9222	healthy_machine_fraction_mean:  0.2914	loss:                      0.4836	mi_loss:                   0.0039
q_taken_mean:              1.5757	return_mean:              60.8320	return_median:            61.0000	return_std:                6.3444
target_mean:               1.6107	td_error_abs:              0.5170	test_ep_length_mean:     100.0000	test_episode_limit_mean:   1.0000
test_healthy_machine_fraction_mean:  0.2594	test_return_mean:         67.0875	test_return_median:       67.5000	test_return_std:           6.2488

[INFO 07:52:22] my_main Recent Stats | t_env:     738000 | Episode:     7380
entropy_loss:              0.0028	ep_length_mean:          100.0000	episode_limit_mean:        1.0000	epsilon:                   0.0500
grad_norm:                18.9222	healthy_machine_fraction_mean:  0.2914	loss:                      0.4836	mi_loss:                   0.0039
q_taken_mean:              1.5757	return_mean:              60.8320	return_median:            61.0000	return_std:                6.3444
target_mean:               1.6107	td_error_abs:              0.5170	test_ep_length_mean:     100.0000	test_episode_limit_mean:   1.0000
test_healthy_machine_fraction_mean:  0.2594	test_return_mean:         67.0875	test_return_median:       67.5000	test_return_std:           6.2488

[INFO 07:53:13] my_main Recent Stats | t_env:     740000 | Episode:     7400
entropy_loss:              0.0028	ep_length_mean:          100.0000	episode_limit_mean:        1.0000	epsilon:                   0.0500
grad_norm:                18.9222	healthy_machine_fraction_mean:  0.2914	loss:                      0.4836	mi_loss:                   0.0039
q_taken_mean:              1.5757	return_mean:              60.8320	return_median:            61.0000	return_std:                6.3444
target_mean:               1.6107	td_error_abs:              0.5170	test_ep_length_mean:     100.0000	test_episode_limit_mean:   1.0000
test_healthy_machine_fraction_mean:  0.2594	test_return_mean:         67.0875	test_return_median:       67.5000	test_return_std:           6.2488

[INFO 07:53:16] my_main Updated target network
[INFO 07:53:16] my_main t_env: 740100 / 2050000
[INFO 07:53:16] my_main Estimated time left: 10 hours, 27 minutes, 16 seconds. Time passed: 5 hours, 49 minutes, 6 seconds
[INFO 07:54:35] my_main Recent Stats | t_env:     742000 | Episode:     7420
entropy_loss:              0.0028	ep_length_mean:          100.0000	episode_limit_mean:        1.0000	epsilon:                   0.0500
grad_norm:                18.9222	healthy_machine_fraction_mean:  0.2680	loss:                      0.4836	mi_loss:                   0.0039
q_taken_mean:              1.5757	return_mean:              60.7020	return_median:            61.0000	return_std:                6.3806
target_mean:               1.6107	td_error_abs:              0.5170	test_ep_length_mean:     100.0000	test_episode_limit_mean:   1.0000
test_healthy_machine_fraction_mean:  0.2662	test_return_mean:         67.8563	test_return_median:       67.9000	test_return_std:           6.1688

[INFO 07:55:26] my_main Recent Stats | t_env:     744000 | Episode:     7440
entropy_loss:              0.0028	ep_length_mean:          100.0000	episode_limit_mean:        1.0000	epsilon:                   0.0500
grad_norm:                19.0023	healthy_machine_fraction_mean:  0.2680	loss:                      0.4777	mi_loss:                   0.0039
q_taken_mean:              1.5851	return_mean:              60.7020	return_median:            61.0000	return_std:                6.3806
target_mean:               1.6203	td_error_abs:              0.5155	test_ep_length_mean:     100.0000	test_episode_limit_mean:   1.0000
test_healthy_machine_fraction_mean:  0.2662	test_return_mean:         67.8563	test_return_median:       67.9000	test_return_std:           6.1688

[INFO 07:56:18] my_main Recent Stats | t_env:     746000 | Episode:     7460
entropy_loss:              0.0028	ep_length_mean:          100.0000	episode_limit_mean:        1.0000	epsilon:                   0.0500
grad_norm:                19.0023	healthy_machine_fraction_mean:  0.2680	loss:                      0.4777	mi_loss:                   0.0039
q_taken_mean:              1.5851	return_mean:              60.7020	return_median:            61.0000	return_std:                6.3806
target_mean:               1.6203	td_error_abs:              0.5155	test_ep_length_mean:     100.0000	test_episode_limit_mean:   1.0000
test_healthy_machine_fraction_mean:  0.2662	test_return_mean:         67.8563	test_return_median:       67.9000	test_return_std:           6.1688

[INFO 07:57:10] my_main Recent Stats | t_env:     748000 | Episode:     7480
entropy_loss:              0.0028	ep_length_mean:          100.0000	episode_limit_mean:        1.0000	epsilon:                   0.0500
grad_norm:                19.0023	healthy_machine_fraction_mean:  0.2680	loss:                      0.4777	mi_loss:                   0.0039
q_taken_mean:              1.5851	return_mean:              60.7020	return_median:            61.0000	return_std:                6.3806
target_mean:               1.6203	td_error_abs:              0.5155	test_ep_length_mean:     100.0000	test_episode_limit_mean:   1.0000
test_healthy_machine_fraction_mean:  0.2662	test_return_mean:         67.8563	test_return_median:       67.9000	test_return_std:           6.1688

[INFO 07:58:01] my_main Recent Stats | t_env:     750000 | Episode:     7500
entropy_loss:              0.0028	ep_length_mean:          100.0000	episode_limit_mean:        1.0000	epsilon:                   0.0500
grad_norm:                19.0023	healthy_machine_fraction_mean:  0.2680	loss:                      0.4777	mi_loss:                   0.0039
q_taken_mean:              1.5851	return_mean:              60.7020	return_median:            61.0000	return_std:                6.3806
target_mean:               1.6203	td_error_abs:              0.5155	test_ep_length_mean:     100.0000	test_episode_limit_mean:   1.0000
test_healthy_machine_fraction_mean:  0.2662	test_return_mean:         67.8563	test_return_median:       67.9000	test_return_std:           6.1688

[INFO 07:58:04] my_main t_env: 750100 / 2050000
[INFO 07:58:04] my_main Estimated time left: 10 hours, 24 minutes, 13 seconds. Time passed: 5 hours, 53 minutes, 54 seconds
[INFO 07:59:23] my_main Recent Stats | t_env:     752000 | Episode:     7520
entropy_loss:              0.0028	ep_length_mean:          100.0000	episode_limit_mean:        1.0000	epsilon:                   0.0500
grad_norm:                19.0023	healthy_machine_fraction_mean:  0.2490	loss:                      0.4777	mi_loss:                   0.0039
q_taken_mean:              1.5851	return_mean:              60.9940	return_median:            61.0000	return_std:                6.4290
target_mean:               1.6203	td_error_abs:              0.5155	test_ep_length_mean:     100.0000	test_episode_limit_mean:   1.0000
test_healthy_machine_fraction_mean:  0.2588	test_return_mean:         68.3500	test_return_median:       68.4000	test_return_std:           6.2123

[INFO 08:00:14] my_main Recent Stats | t_env:     754000 | Episode:     7540
entropy_loss:              0.0028	ep_length_mean:          100.0000	episode_limit_mean:        1.0000	epsilon:                   0.0500
grad_norm:                19.2496	healthy_machine_fraction_mean:  0.2490	loss:                      0.4823	mi_loss:                   0.0039
q_taken_mean:              1.5893	return_mean:              60.9940	return_median:            61.0000	return_std:                6.4290
target_mean:               1.6251	td_error_abs:              0.5195	test_ep_length_mean:     100.0000	test_episode_limit_mean:   1.0000
test_healthy_machine_fraction_mean:  0.2588	test_return_mean:         68.3500	test_return_median:       68.4000	test_return_std:           6.2123

[INFO 08:01:06] my_main Recent Stats | t_env:     756000 | Episode:     7560
entropy_loss:              0.0028	ep_length_mean:          100.0000	episode_limit_mean:        1.0000	epsilon:                   0.0500
grad_norm:                19.2496	healthy_machine_fraction_mean:  0.2490	loss:                      0.4823	mi_loss:                   0.0039
q_taken_mean:              1.5893	return_mean:              60.9940	return_median:            61.0000	return_std:                6.4290
target_mean:               1.6251	td_error_abs:              0.5195	test_ep_length_mean:     100.0000	test_episode_limit_mean:   1.0000
test_healthy_machine_fraction_mean:  0.2588	test_return_mean:         68.3500	test_return_median:       68.4000	test_return_std:           6.2123

[INFO 08:01:56] my_main Recent Stats | t_env:     758000 | Episode:     7580
entropy_loss:              0.0028	ep_length_mean:          100.0000	episode_limit_mean:        1.0000	epsilon:                   0.0500
grad_norm:                19.2496	healthy_machine_fraction_mean:  0.2490	loss:                      0.4823	mi_loss:                   0.0039
q_taken_mean:              1.5893	return_mean:              60.9940	return_median:            61.0000	return_std:                6.4290
target_mean:               1.6251	td_error_abs:              0.5195	test_ep_length_mean:     100.0000	test_episode_limit_mean:   1.0000
test_healthy_machine_fraction_mean:  0.2588	test_return_mean:         68.3500	test_return_median:       68.4000	test_return_std:           6.2123

[INFO 08:02:47] my_main Recent Stats | t_env:     760000 | Episode:     7600
entropy_loss:              0.0028	ep_length_mean:          100.0000	episode_limit_mean:        1.0000	epsilon:                   0.0500
grad_norm:                19.2496	healthy_machine_fraction_mean:  0.2490	loss:                      0.4823	mi_loss:                   0.0039
q_taken_mean:              1.5893	return_mean:              60.9940	return_median:            61.0000	return_std:                6.4290
target_mean:               1.6251	td_error_abs:              0.5195	test_ep_length_mean:     100.0000	test_episode_limit_mean:   1.0000
test_healthy_machine_fraction_mean:  0.2588	test_return_mean:         68.3500	test_return_median:       68.4000	test_return_std:           6.2123

[INFO 08:02:49] my_main Updated target network
[INFO 08:02:49] my_main t_env: 760100 / 2050000
[INFO 08:02:49] my_main Estimated time left: 10 hours, 13 minutes, 42 seconds. Time passed: 5 hours, 58 minutes, 40 seconds
[INFO 08:04:09] my_main Recent Stats | t_env:     762000 | Episode:     7620
entropy_loss:              0.0028	ep_length_mean:          100.0000	episode_limit_mean:        1.0000	epsilon:                   0.0500
grad_norm:                19.2496	healthy_machine_fraction_mean:  0.2440	loss:                      0.4823	mi_loss:                   0.0039
q_taken_mean:              1.5893	return_mean:              61.3760	return_median:            61.4000	return_std:                6.4170
target_mean:               1.6251	td_error_abs:              0.5195	test_ep_length_mean:     100.0000	test_episode_limit_mean:   1.0000
test_healthy_machine_fraction_mean:  0.2306	test_return_mean:         67.8937	test_return_median:       67.9000	test_return_std:           6.4047

[INFO 08:05:01] my_main Recent Stats | t_env:     764000 | Episode:     7640
entropy_loss:              0.0027	ep_length_mean:          100.0000	episode_limit_mean:        1.0000	epsilon:                   0.0500
grad_norm:                18.8202	healthy_machine_fraction_mean:  0.2440	loss:                      0.4777	mi_loss:                   0.0039
q_taken_mean:              1.6000	return_mean:              61.3760	return_median:            61.4000	return_std:                6.4170
target_mean:               1.6347	td_error_abs:              0.5163	test_ep_length_mean:     100.0000	test_episode_limit_mean:   1.0000
test_healthy_machine_fraction_mean:  0.2306	test_return_mean:         67.8937	test_return_median:       67.9000	test_return_std:           6.4047

[INFO 08:05:53] my_main Recent Stats | t_env:     766000 | Episode:     7660
entropy_loss:              0.0027	ep_length_mean:          100.0000	episode_limit_mean:        1.0000	epsilon:                   0.0500
grad_norm:                18.8202	healthy_machine_fraction_mean:  0.2440	loss:                      0.4777	mi_loss:                   0.0039
q_taken_mean:              1.6000	return_mean:              61.3760	return_median:            61.4000	return_std:                6.4170
target_mean:               1.6347	td_error_abs:              0.5163	test_ep_length_mean:     100.0000	test_episode_limit_mean:   1.0000
test_healthy_machine_fraction_mean:  0.2306	test_return_mean:         67.8937	test_return_median:       67.9000	test_return_std:           6.4047

[INFO 08:06:45] my_main Recent Stats | t_env:     768000 | Episode:     7680
entropy_loss:              0.0027	ep_length_mean:          100.0000	episode_limit_mean:        1.0000	epsilon:                   0.0500
grad_norm:                18.8202	healthy_machine_fraction_mean:  0.2440	loss:                      0.4777	mi_loss:                   0.0039
q_taken_mean:              1.6000	return_mean:              61.3760	return_median:            61.4000	return_std:                6.4170
target_mean:               1.6347	td_error_abs:              0.5163	test_ep_length_mean:     100.0000	test_episode_limit_mean:   1.0000
test_healthy_machine_fraction_mean:  0.2306	test_return_mean:         67.8937	test_return_median:       67.9000	test_return_std:           6.4047

[INFO 08:07:36] my_main Recent Stats | t_env:     770000 | Episode:     7700
entropy_loss:              0.0027	ep_length_mean:          100.0000	episode_limit_mean:        1.0000	epsilon:                   0.0500
grad_norm:                18.8202	healthy_machine_fraction_mean:  0.2440	loss:                      0.4777	mi_loss:                   0.0039
q_taken_mean:              1.6000	return_mean:              61.3760	return_median:            61.4000	return_std:                6.4170
target_mean:               1.6347	td_error_abs:              0.5163	test_ep_length_mean:     100.0000	test_episode_limit_mean:   1.0000
test_healthy_machine_fraction_mean:  0.2306	test_return_mean:         67.8937	test_return_median:       67.9000	test_return_std:           6.4047

[INFO 08:07:39] my_main t_env: 770100 / 2050000
[INFO 08:07:39] my_main Estimated time left: 10 hours, 17 minutes, 4 seconds. Time passed: 6 hours, 3 minutes, 29 seconds
[INFO 08:08:58] my_main Recent Stats | t_env:     772000 | Episode:     7720
entropy_loss:              0.0027	ep_length_mean:          100.0000	episode_limit_mean:        1.0000	epsilon:                   0.0500
grad_norm:                18.8202	healthy_machine_fraction_mean:  0.2342	loss:                      0.4777	mi_loss:                   0.0039
q_taken_mean:              1.6000	return_mean:              61.2020	return_median:            61.1000	return_std:                6.5323
target_mean:               1.6347	td_error_abs:              0.5163	test_ep_length_mean:     100.0000	test_episode_limit_mean:   1.0000
test_healthy_machine_fraction_mean:  0.2263	test_return_mean:         68.0250	test_return_median:       68.0000	test_return_std:           6.4753

[INFO 08:09:49] my_main Recent Stats | t_env:     774000 | Episode:     7740
entropy_loss:              0.0027	ep_length_mean:          100.0000	episode_limit_mean:        1.0000	epsilon:                   0.0500
grad_norm:                20.2118	healthy_machine_fraction_mean:  0.2342	loss:                      0.4953	mi_loss:                   0.0039
q_taken_mean:              1.6018	return_mean:              61.2020	return_median:            61.1000	return_std:                6.5323
target_mean:               1.6394	td_error_abs:              0.5287	test_ep_length_mean:     100.0000	test_episode_limit_mean:   1.0000
test_healthy_machine_fraction_mean:  0.2263	test_return_mean:         68.0250	test_return_median:       68.0000	test_return_std:           6.4753

[INFO 08:10:37] my_main Recent Stats | t_env:     776000 | Episode:     7760
entropy_loss:              0.0027	ep_length_mean:          100.0000	episode_limit_mean:        1.0000	epsilon:                   0.0500
grad_norm:                20.2118	healthy_machine_fraction_mean:  0.2342	loss:                      0.4953	mi_loss:                   0.0039
q_taken_mean:              1.6018	return_mean:              61.2020	return_median:            61.1000	return_std:                6.5323
target_mean:               1.6394	td_error_abs:              0.5287	test_ep_length_mean:     100.0000	test_episode_limit_mean:   1.0000
test_healthy_machine_fraction_mean:  0.2263	test_return_mean:         68.0250	test_return_median:       68.0000	test_return_std:           6.4753

[INFO 08:11:28] my_main Recent Stats | t_env:     778000 | Episode:     7780
entropy_loss:              0.0027	ep_length_mean:          100.0000	episode_limit_mean:        1.0000	epsilon:                   0.0500
grad_norm:                20.2118	healthy_machine_fraction_mean:  0.2342	loss:                      0.4953	mi_loss:                   0.0039
q_taken_mean:              1.6018	return_mean:              61.2020	return_median:            61.1000	return_std:                6.5323
target_mean:               1.6394	td_error_abs:              0.5287	test_ep_length_mean:     100.0000	test_episode_limit_mean:   1.0000
test_healthy_machine_fraction_mean:  0.2263	test_return_mean:         68.0250	test_return_median:       68.0000	test_return_std:           6.4753

[INFO 08:12:18] my_main Recent Stats | t_env:     780000 | Episode:     7800
entropy_loss:              0.0027	ep_length_mean:          100.0000	episode_limit_mean:        1.0000	epsilon:                   0.0500
grad_norm:                20.2118	healthy_machine_fraction_mean:  0.2342	loss:                      0.4953	mi_loss:                   0.0039
q_taken_mean:              1.6018	return_mean:              61.2020	return_median:            61.1000	return_std:                6.5323
target_mean:               1.6394	td_error_abs:              0.5287	test_ep_length_mean:     100.0000	test_episode_limit_mean:   1.0000
test_healthy_machine_fraction_mean:  0.2263	test_return_mean:         68.0250	test_return_median:       68.0000	test_return_std:           6.4753

[INFO 08:12:20] my_main Updated target network
[INFO 08:12:20] my_main t_env: 780100 / 2050000
[INFO 08:12:20] my_main Estimated time left: 9 hours, 56 minutes, 12 seconds. Time passed: 6 hours, 8 minutes, 10 seconds
[INFO 08:13:40] my_main Recent Stats | t_env:     782000 | Episode:     7820
entropy_loss:              0.0027	ep_length_mean:          100.0000	episode_limit_mean:        1.0000	epsilon:                   0.0500
grad_norm:                20.2118	healthy_machine_fraction_mean:  0.2364	loss:                      0.4953	mi_loss:                   0.0039
q_taken_mean:              1.6018	return_mean:              61.3940	return_median:            61.3000	return_std:                6.4769
target_mean:               1.6394	td_error_abs:              0.5287	test_ep_length_mean:     100.0000	test_episode_limit_mean:   1.0000
test_healthy_machine_fraction_mean:  0.2237	test_return_mean:         67.9188	test_return_median:       67.8000	test_return_std:           6.5290

[INFO 08:14:32] my_main Recent Stats | t_env:     784000 | Episode:     7840
entropy_loss:              0.0027	ep_length_mean:          100.0000	episode_limit_mean:        1.0000	epsilon:                   0.0500
grad_norm:                20.2096	healthy_machine_fraction_mean:  0.2364	loss:                      0.4901	mi_loss:                   0.0039
q_taken_mean:              1.6099	return_mean:              61.3940	return_median:            61.3000	return_std:                6.4769
target_mean:               1.6474	td_error_abs:              0.5261	test_ep_length_mean:     100.0000	test_episode_limit_mean:   1.0000
test_healthy_machine_fraction_mean:  0.2237	test_return_mean:         67.9188	test_return_median:       67.8000	test_return_std:           6.5290

[INFO 08:15:22] my_main Recent Stats | t_env:     786000 | Episode:     7860
entropy_loss:              0.0027	ep_length_mean:          100.0000	episode_limit_mean:        1.0000	epsilon:                   0.0500
grad_norm:                20.2096	healthy_machine_fraction_mean:  0.2364	loss:                      0.4901	mi_loss:                   0.0039
q_taken_mean:              1.6099	return_mean:              61.3940	return_median:            61.3000	return_std:                6.4769
target_mean:               1.6474	td_error_abs:              0.5261	test_ep_length_mean:     100.0000	test_episode_limit_mean:   1.0000
test_healthy_machine_fraction_mean:  0.2237	test_return_mean:         67.9188	test_return_median:       67.8000	test_return_std:           6.5290

[INFO 08:16:14] my_main Recent Stats | t_env:     788000 | Episode:     7880
entropy_loss:              0.0027	ep_length_mean:          100.0000	episode_limit_mean:        1.0000	epsilon:                   0.0500
grad_norm:                20.2096	healthy_machine_fraction_mean:  0.2364	loss:                      0.4901	mi_loss:                   0.0039
q_taken_mean:              1.6099	return_mean:              61.3940	return_median:            61.3000	return_std:                6.4769
target_mean:               1.6474	td_error_abs:              0.5261	test_ep_length_mean:     100.0000	test_episode_limit_mean:   1.0000
test_healthy_machine_fraction_mean:  0.2237	test_return_mean:         67.9188	test_return_median:       67.8000	test_return_std:           6.5290

[INFO 08:17:05] my_main Recent Stats | t_env:     790000 | Episode:     7900
entropy_loss:              0.0027	ep_length_mean:          100.0000	episode_limit_mean:        1.0000	epsilon:                   0.0500
grad_norm:                20.2096	healthy_machine_fraction_mean:  0.2364	loss:                      0.4901	mi_loss:                   0.0039
q_taken_mean:              1.6099	return_mean:              61.3940	return_median:            61.3000	return_std:                6.4769
target_mean:               1.6474	td_error_abs:              0.5261	test_ep_length_mean:     100.0000	test_episode_limit_mean:   1.0000
test_healthy_machine_fraction_mean:  0.2237	test_return_mean:         67.9188	test_return_median:       67.8000	test_return_std:           6.5290

[INFO 08:17:08] my_main t_env: 790100 / 2050000
[INFO 08:17:08] my_main Estimated time left: 10 hours, 3 minutes, 39 seconds. Time passed: 6 hours, 12 minutes, 58 seconds
[INFO 08:18:27] my_main Recent Stats | t_env:     792000 | Episode:     7920
entropy_loss:              0.0027	ep_length_mean:          100.0000	episode_limit_mean:        1.0000	epsilon:                   0.0500
grad_norm:                20.2096	healthy_machine_fraction_mean:  0.2316	loss:                      0.4901	mi_loss:                   0.0039
q_taken_mean:              1.6099	return_mean:              61.1040	return_median:            60.9000	return_std:                6.5824
target_mean:               1.6474	td_error_abs:              0.5261	test_ep_length_mean:     100.0000	test_episode_limit_mean:   1.0000
test_healthy_machine_fraction_mean:  0.2206	test_return_mean:         67.8063	test_return_median:       68.0000	test_return_std:           6.8992

[INFO 08:19:18] my_main Recent Stats | t_env:     794000 | Episode:     7940
entropy_loss:              0.0026	ep_length_mean:          100.0000	episode_limit_mean:        1.0000	epsilon:                   0.0500
grad_norm:                19.7766	healthy_machine_fraction_mean:  0.2316	loss:                      0.4830	mi_loss:                   0.0038
q_taken_mean:              1.6170	return_mean:              61.1040	return_median:            60.9000	return_std:                6.5824
target_mean:               1.6537	td_error_abs:              0.5219	test_ep_length_mean:     100.0000	test_episode_limit_mean:   1.0000
test_healthy_machine_fraction_mean:  0.2206	test_return_mean:         67.8063	test_return_median:       68.0000	test_return_std:           6.8992

[INFO 08:20:10] my_main Recent Stats | t_env:     796000 | Episode:     7960
entropy_loss:              0.0026	ep_length_mean:          100.0000	episode_limit_mean:        1.0000	epsilon:                   0.0500
grad_norm:                19.7766	healthy_machine_fraction_mean:  0.2316	loss:                      0.4830	mi_loss:                   0.0038
q_taken_mean:              1.6170	return_mean:              61.1040	return_median:            60.9000	return_std:                6.5824
target_mean:               1.6537	td_error_abs:              0.5219	test_ep_length_mean:     100.0000	test_episode_limit_mean:   1.0000
test_healthy_machine_fraction_mean:  0.2206	test_return_mean:         67.8063	test_return_median:       68.0000	test_return_std:           6.8992

[INFO 08:21:01] my_main Recent Stats | t_env:     798000 | Episode:     7980
entropy_loss:              0.0026	ep_length_mean:          100.0000	episode_limit_mean:        1.0000	epsilon:                   0.0500
grad_norm:                19.7766	healthy_machine_fraction_mean:  0.2316	loss:                      0.4830	mi_loss:                   0.0038
q_taken_mean:              1.6170	return_mean:              61.1040	return_median:            60.9000	return_std:                6.5824
target_mean:               1.6537	td_error_abs:              0.5219	test_ep_length_mean:     100.0000	test_episode_limit_mean:   1.0000
test_healthy_machine_fraction_mean:  0.2206	test_return_mean:         67.8063	test_return_median:       68.0000	test_return_std:           6.8992

[INFO 08:21:52] my_main Recent Stats | t_env:     800000 | Episode:     8000
entropy_loss:              0.0026	ep_length_mean:          100.0000	episode_limit_mean:        1.0000	epsilon:                   0.0500
grad_norm:                19.7766	healthy_machine_fraction_mean:  0.2316	loss:                      0.4830	mi_loss:                   0.0038
q_taken_mean:              1.6170	return_mean:              61.1040	return_median:            60.9000	return_std:                6.5824
target_mean:               1.6537	td_error_abs:              0.5219	test_ep_length_mean:     100.0000	test_episode_limit_mean:   1.0000
test_healthy_machine_fraction_mean:  0.2206	test_return_mean:         67.8063	test_return_median:       68.0000	test_return_std:           6.8992

[INFO 08:21:55] my_main Updated target network
[INFO 08:21:55] my_main t_env: 800100 / 2050000
[INFO 08:21:55] my_main Estimated time left: 9 hours, 57 minutes, 31 seconds. Time passed: 6 hours, 17 minutes, 45 seconds
[INFO 08:23:14] my_main Recent Stats | t_env:     802000 | Episode:     8020
entropy_loss:              0.0026	ep_length_mean:          100.0000	episode_limit_mean:        1.0000	epsilon:                   0.0500
grad_norm:                19.7766	healthy_machine_fraction_mean:  0.2230	loss:                      0.4830	mi_loss:                   0.0038
q_taken_mean:              1.6170	return_mean:              60.3460	return_median:            60.6000	return_std:                6.7308
target_mean:               1.6537	td_error_abs:              0.5219	test_ep_length_mean:     100.0000	test_episode_limit_mean:   1.0000
test_healthy_machine_fraction_mean:  0.2263	test_return_mean:         66.4500	test_return_median:       66.4000	test_return_std:           7.0161

[INFO 08:24:05] my_main Recent Stats | t_env:     804000 | Episode:     8040
entropy_loss:              0.0026	ep_length_mean:          100.0000	episode_limit_mean:        1.0000	epsilon:                   0.0500
grad_norm:                19.2415	healthy_machine_fraction_mean:  0.2230	loss:                      0.4680	mi_loss:                   0.0038
q_taken_mean:              1.6284	return_mean:              60.3460	return_median:            60.6000	return_std:                6.7308
target_mean:               1.6641	td_error_abs:              0.5127	test_ep_length_mean:     100.0000	test_episode_limit_mean:   1.0000
test_healthy_machine_fraction_mean:  0.2263	test_return_mean:         66.4500	test_return_median:       66.4000	test_return_std:           7.0161

[INFO 08:24:57] my_main Recent Stats | t_env:     806000 | Episode:     8060
entropy_loss:              0.0026	ep_length_mean:          100.0000	episode_limit_mean:        1.0000	epsilon:                   0.0500
grad_norm:                19.2415	healthy_machine_fraction_mean:  0.2230	loss:                      0.4680	mi_loss:                   0.0038
q_taken_mean:              1.6284	return_mean:              60.3460	return_median:            60.6000	return_std:                6.7308
target_mean:               1.6641	td_error_abs:              0.5127	test_ep_length_mean:     100.0000	test_episode_limit_mean:   1.0000
test_healthy_machine_fraction_mean:  0.2263	test_return_mean:         66.4500	test_return_median:       66.4000	test_return_std:           7.0161

[INFO 08:25:49] my_main Recent Stats | t_env:     808000 | Episode:     8080
entropy_loss:              0.0026	ep_length_mean:          100.0000	episode_limit_mean:        1.0000	epsilon:                   0.0500
grad_norm:                19.2415	healthy_machine_fraction_mean:  0.2230	loss:                      0.4680	mi_loss:                   0.0038
q_taken_mean:              1.6284	return_mean:              60.3460	return_median:            60.6000	return_std:                6.7308
target_mean:               1.6641	td_error_abs:              0.5127	test_ep_length_mean:     100.0000	test_episode_limit_mean:   1.0000
test_healthy_machine_fraction_mean:  0.2263	test_return_mean:         66.4500	test_return_median:       66.4000	test_return_std:           7.0161

[INFO 08:26:40] my_main Recent Stats | t_env:     810000 | Episode:     8100
entropy_loss:              0.0026	ep_length_mean:          100.0000	episode_limit_mean:        1.0000	epsilon:                   0.0500
grad_norm:                19.2415	healthy_machine_fraction_mean:  0.2230	loss:                      0.4680	mi_loss:                   0.0038
q_taken_mean:              1.6284	return_mean:              60.3460	return_median:            60.6000	return_std:                6.7308
target_mean:               1.6641	td_error_abs:              0.5127	test_ep_length_mean:     100.0000	test_episode_limit_mean:   1.0000
test_healthy_machine_fraction_mean:  0.2263	test_return_mean:         66.4500	test_return_median:       66.4000	test_return_std:           7.0161

[INFO 08:26:43] my_main t_env: 810100 / 2050000
[INFO 08:26:43] my_main Estimated time left: 9 hours, 55 minutes, 30 seconds. Time passed: 6 hours, 22 minutes, 33 seconds
[INFO 08:28:02] my_main Recent Stats | t_env:     812000 | Episode:     8120
entropy_loss:              0.0026	ep_length_mean:          100.0000	episode_limit_mean:        1.0000	epsilon:                   0.0500
grad_norm:                19.2415	healthy_machine_fraction_mean:  0.2216	loss:                      0.4680	mi_loss:                   0.0038
q_taken_mean:              1.6284	return_mean:              59.6140	return_median:            60.0000	return_std:                6.6078
target_mean:               1.6641	td_error_abs:              0.5127	test_ep_length_mean:     100.0000	test_episode_limit_mean:   1.0000
test_healthy_machine_fraction_mean:  0.2300	test_return_mean:         67.1500	test_return_median:       67.4000	test_return_std:           6.7251

[INFO 08:28:53] my_main Recent Stats | t_env:     814000 | Episode:     8140
entropy_loss:              0.0027	ep_length_mean:          100.0000	episode_limit_mean:        1.0000	epsilon:                   0.0500
grad_norm:                19.7109	healthy_machine_fraction_mean:  0.2216	loss:                      0.4669	mi_loss:                   0.0038
q_taken_mean:              1.6322	return_mean:              59.6140	return_median:            60.0000	return_std:                6.6078
target_mean:               1.6689	td_error_abs:              0.5133	test_ep_length_mean:     100.0000	test_episode_limit_mean:   1.0000
test_healthy_machine_fraction_mean:  0.2300	test_return_mean:         67.1500	test_return_median:       67.4000	test_return_std:           6.7251

[INFO 08:29:45] my_main Recent Stats | t_env:     816000 | Episode:     8160
entropy_loss:              0.0027	ep_length_mean:          100.0000	episode_limit_mean:        1.0000	epsilon:                   0.0500
grad_norm:                19.7109	healthy_machine_fraction_mean:  0.2216	loss:                      0.4669	mi_loss:                   0.0038
q_taken_mean:              1.6322	return_mean:              59.6140	return_median:            60.0000	return_std:                6.6078
target_mean:               1.6689	td_error_abs:              0.5133	test_ep_length_mean:     100.0000	test_episode_limit_mean:   1.0000
test_healthy_machine_fraction_mean:  0.2300	test_return_mean:         67.1500	test_return_median:       67.4000	test_return_std:           6.7251

[INFO 08:30:37] my_main Recent Stats | t_env:     818000 | Episode:     8180
entropy_loss:              0.0027	ep_length_mean:          100.0000	episode_limit_mean:        1.0000	epsilon:                   0.0500
grad_norm:                19.7109	healthy_machine_fraction_mean:  0.2216	loss:                      0.4669	mi_loss:                   0.0038
q_taken_mean:              1.6322	return_mean:              59.6140	return_median:            60.0000	return_std:                6.6078
target_mean:               1.6689	td_error_abs:              0.5133	test_ep_length_mean:     100.0000	test_episode_limit_mean:   1.0000
test_healthy_machine_fraction_mean:  0.2300	test_return_mean:         67.1500	test_return_median:       67.4000	test_return_std:           6.7251

[INFO 08:31:27] my_main Recent Stats | t_env:     820000 | Episode:     8200
entropy_loss:              0.0027	ep_length_mean:          100.0000	episode_limit_mean:        1.0000	epsilon:                   0.0500
grad_norm:                19.7109	healthy_machine_fraction_mean:  0.2216	loss:                      0.4669	mi_loss:                   0.0038
q_taken_mean:              1.6322	return_mean:              59.6140	return_median:            60.0000	return_std:                6.6078
target_mean:               1.6689	td_error_abs:              0.5133	test_ep_length_mean:     100.0000	test_episode_limit_mean:   1.0000
test_healthy_machine_fraction_mean:  0.2300	test_return_mean:         67.1500	test_return_median:       67.4000	test_return_std:           6.7251

[INFO 08:31:29] my_main Updated target network
[INFO 08:31:29] my_main t_env: 820100 / 2050000
[INFO 08:31:29] my_main Estimated time left: 9 hours, 47 minutes, 47 seconds. Time passed: 6 hours, 27 minutes, 20 seconds
[INFO 08:32:49] my_main Recent Stats | t_env:     822000 | Episode:     8220
entropy_loss:              0.0027	ep_length_mean:          100.0000	episode_limit_mean:        1.0000	epsilon:                   0.0500
grad_norm:                19.7109	healthy_machine_fraction_mean:  0.2112	loss:                      0.4669	mi_loss:                   0.0038
q_taken_mean:              1.6322	return_mean:              59.4600	return_median:            59.9000	return_std:                6.6529
target_mean:               1.6689	td_error_abs:              0.5133	test_ep_length_mean:     100.0000	test_episode_limit_mean:   1.0000
test_healthy_machine_fraction_mean:  0.2213	test_return_mean:         66.6937	test_return_median:       66.9000	test_return_std:           6.6688

[INFO 08:33:41] my_main Recent Stats | t_env:     824000 | Episode:     8240
entropy_loss:              0.0027	ep_length_mean:          100.0000	episode_limit_mean:        1.0000	epsilon:                   0.0500
grad_norm:                19.0805	healthy_machine_fraction_mean:  0.2112	loss:                      0.4574	mi_loss:                   0.0038
q_taken_mean:              1.6573	return_mean:              59.4600	return_median:            59.9000	return_std:                6.6529
target_mean:               1.6796	td_error_abs:              0.5160	test_ep_length_mean:     100.0000	test_episode_limit_mean:   1.0000
test_healthy_machine_fraction_mean:  0.2213	test_return_mean:         66.6937	test_return_median:       66.9000	test_return_std:           6.6688

[INFO 08:34:33] my_main Recent Stats | t_env:     826000 | Episode:     8260
entropy_loss:              0.0027	ep_length_mean:          100.0000	episode_limit_mean:        1.0000	epsilon:                   0.0500
grad_norm:                19.0805	healthy_machine_fraction_mean:  0.2112	loss:                      0.4574	mi_loss:                   0.0038
q_taken_mean:              1.6573	return_mean:              59.4600	return_median:            59.9000	return_std:                6.6529
target_mean:               1.6796	td_error_abs:              0.5160	test_ep_length_mean:     100.0000	test_episode_limit_mean:   1.0000
test_healthy_machine_fraction_mean:  0.2213	test_return_mean:         66.6937	test_return_median:       66.9000	test_return_std:           6.6688

[INFO 08:35:24] my_main Recent Stats | t_env:     828000 | Episode:     8280
entropy_loss:              0.0027	ep_length_mean:          100.0000	episode_limit_mean:        1.0000	epsilon:                   0.0500
grad_norm:                19.0805	healthy_machine_fraction_mean:  0.2112	loss:                      0.4574	mi_loss:                   0.0038
q_taken_mean:              1.6573	return_mean:              59.4600	return_median:            59.9000	return_std:                6.6529
target_mean:               1.6796	td_error_abs:              0.5160	test_ep_length_mean:     100.0000	test_episode_limit_mean:   1.0000
test_healthy_machine_fraction_mean:  0.2213	test_return_mean:         66.6937	test_return_median:       66.9000	test_return_std:           6.6688

[INFO 08:36:15] my_main Recent Stats | t_env:     830000 | Episode:     8300
entropy_loss:              0.0027	ep_length_mean:          100.0000	episode_limit_mean:        1.0000	epsilon:                   0.0500
grad_norm:                19.0805	healthy_machine_fraction_mean:  0.2112	loss:                      0.4574	mi_loss:                   0.0038
q_taken_mean:              1.6573	return_mean:              59.4600	return_median:            59.9000	return_std:                6.6529
target_mean:               1.6796	td_error_abs:              0.5160	test_ep_length_mean:     100.0000	test_episode_limit_mean:   1.0000
test_healthy_machine_fraction_mean:  0.2213	test_return_mean:         66.6937	test_return_median:       66.9000	test_return_std:           6.6688

[INFO 08:36:18] my_main t_env: 830100 / 2050000
[INFO 08:36:18] my_main Estimated time left: 9 hours, 45 minutes, 43 seconds. Time passed: 6 hours, 32 minutes, 8 seconds
[INFO 08:37:38] my_main Recent Stats | t_env:     832000 | Episode:     8320
entropy_loss:              0.0027	ep_length_mean:          100.0000	episode_limit_mean:        1.0000	epsilon:                   0.0500
grad_norm:                19.0805	healthy_machine_fraction_mean:  0.1934	loss:                      0.4574	mi_loss:                   0.0038
q_taken_mean:              1.6573	return_mean:              58.8820	return_median:            59.3000	return_std:                6.6405
target_mean:               1.6796	td_error_abs:              0.5160	test_ep_length_mean:     100.0000	test_episode_limit_mean:   1.0000
test_healthy_machine_fraction_mean:  0.2075	test_return_mean:         65.4437	test_return_median:       65.8000	test_return_std:           6.7288

[INFO 08:38:29] my_main Recent Stats | t_env:     834000 | Episode:     8340
entropy_loss:              0.0027	ep_length_mean:          100.0000	episode_limit_mean:        1.0000	epsilon:                   0.0500
grad_norm:                16.9276	healthy_machine_fraction_mean:  0.1934	loss:                      0.4331	mi_loss:                   0.0037
q_taken_mean:              1.6762	return_mean:              58.8820	return_median:            59.3000	return_std:                6.6405
target_mean:               1.6873	td_error_abs:              0.5073	test_ep_length_mean:     100.0000	test_episode_limit_mean:   1.0000
test_healthy_machine_fraction_mean:  0.2075	test_return_mean:         65.4437	test_return_median:       65.8000	test_return_std:           6.7288

[INFO 08:39:20] my_main Recent Stats | t_env:     836000 | Episode:     8360
entropy_loss:              0.0027	ep_length_mean:          100.0000	episode_limit_mean:        1.0000	epsilon:                   0.0500
grad_norm:                16.9276	healthy_machine_fraction_mean:  0.1934	loss:                      0.4331	mi_loss:                   0.0037
q_taken_mean:              1.6762	return_mean:              58.8820	return_median:            59.3000	return_std:                6.6405
target_mean:               1.6873	td_error_abs:              0.5073	test_ep_length_mean:     100.0000	test_episode_limit_mean:   1.0000
test_healthy_machine_fraction_mean:  0.2075	test_return_mean:         65.4437	test_return_median:       65.8000	test_return_std:           6.7288

[INFO 08:40:12] my_main Recent Stats | t_env:     838000 | Episode:     8380
entropy_loss:              0.0027	ep_length_mean:          100.0000	episode_limit_mean:        1.0000	epsilon:                   0.0500
grad_norm:                16.9276	healthy_machine_fraction_mean:  0.1934	loss:                      0.4331	mi_loss:                   0.0037
q_taken_mean:              1.6762	return_mean:              58.8820	return_median:            59.3000	return_std:                6.6405
target_mean:               1.6873	td_error_abs:              0.5073	test_ep_length_mean:     100.0000	test_episode_limit_mean:   1.0000
test_healthy_machine_fraction_mean:  0.2075	test_return_mean:         65.4437	test_return_median:       65.8000	test_return_std:           6.7288

[INFO 08:41:03] my_main Recent Stats | t_env:     840000 | Episode:     8400
entropy_loss:              0.0027	ep_length_mean:          100.0000	episode_limit_mean:        1.0000	epsilon:                   0.0500
grad_norm:                16.9276	healthy_machine_fraction_mean:  0.1934	loss:                      0.4331	mi_loss:                   0.0037
q_taken_mean:              1.6762	return_mean:              58.8820	return_median:            59.3000	return_std:                6.6405
target_mean:               1.6873	td_error_abs:              0.5073	test_ep_length_mean:     100.0000	test_episode_limit_mean:   1.0000
test_healthy_machine_fraction_mean:  0.2075	test_return_mean:         65.4437	test_return_median:       65.8000	test_return_std:           6.7288

[INFO 08:41:06] my_main Updated target network
[INFO 08:41:06] my_main t_env: 840100 / 2050000
[INFO 08:41:06] my_main Estimated time left: 9 hours, 40 minutes, 47 seconds. Time passed: 6 hours, 36 minutes, 56 seconds
[INFO 08:42:25] my_main Recent Stats | t_env:     842000 | Episode:     8420
entropy_loss:              0.0027	ep_length_mean:          100.0000	episode_limit_mean:        1.0000	epsilon:                   0.0500
grad_norm:                16.9276	healthy_machine_fraction_mean:  0.1908	loss:                      0.4331	mi_loss:                   0.0037
q_taken_mean:              1.6762	return_mean:              58.8340	return_median:            59.3000	return_std:                6.6909
target_mean:               1.6873	td_error_abs:              0.5073	test_ep_length_mean:     100.0000	test_episode_limit_mean:   1.0000
test_healthy_machine_fraction_mean:  0.1981	test_return_mean:         65.5187	test_return_median:       65.7000	test_return_std:           6.8231

[INFO 08:43:17] my_main Recent Stats | t_env:     844000 | Episode:     8440
entropy_loss:              0.0027	ep_length_mean:          100.0000	episode_limit_mean:        1.0000	epsilon:                   0.0500
grad_norm:                16.3023	healthy_machine_fraction_mean:  0.1908	loss:                      0.4244	mi_loss:                   0.0037
q_taken_mean:              1.6998	return_mean:              58.8340	return_median:            59.3000	return_std:                6.6909
target_mean:               1.7094	td_error_abs:              0.5032	test_ep_length_mean:     100.0000	test_episode_limit_mean:   1.0000
test_healthy_machine_fraction_mean:  0.1981	test_return_mean:         65.5187	test_return_median:       65.7000	test_return_std:           6.8231

[INFO 08:44:08] my_main Recent Stats | t_env:     846000 | Episode:     8460
entropy_loss:              0.0027	ep_length_mean:          100.0000	episode_limit_mean:        1.0000	epsilon:                   0.0500
grad_norm:                16.3023	healthy_machine_fraction_mean:  0.1908	loss:                      0.4244	mi_loss:                   0.0037
q_taken_mean:              1.6998	return_mean:              58.8340	return_median:            59.3000	return_std:                6.6909
target_mean:               1.7094	td_error_abs:              0.5032	test_ep_length_mean:     100.0000	test_episode_limit_mean:   1.0000
test_healthy_machine_fraction_mean:  0.1981	test_return_mean:         65.5187	test_return_median:       65.7000	test_return_std:           6.8231

[INFO 08:45:00] my_main Recent Stats | t_env:     848000 | Episode:     8480
entropy_loss:              0.0027	ep_length_mean:          100.0000	episode_limit_mean:        1.0000	epsilon:                   0.0500
grad_norm:                16.3023	healthy_machine_fraction_mean:  0.1908	loss:                      0.4244	mi_loss:                   0.0037
q_taken_mean:              1.6998	return_mean:              58.8340	return_median:            59.3000	return_std:                6.6909
target_mean:               1.7094	td_error_abs:              0.5032	test_ep_length_mean:     100.0000	test_episode_limit_mean:   1.0000
test_healthy_machine_fraction_mean:  0.1981	test_return_mean:         65.5187	test_return_median:       65.7000	test_return_std:           6.8231

[INFO 08:45:52] my_main Recent Stats | t_env:     850000 | Episode:     8500
entropy_loss:              0.0027	ep_length_mean:          100.0000	episode_limit_mean:        1.0000	epsilon:                   0.0500
grad_norm:                16.3023	healthy_machine_fraction_mean:  0.1908	loss:                      0.4244	mi_loss:                   0.0037
q_taken_mean:              1.6998	return_mean:              58.8340	return_median:            59.3000	return_std:                6.6909
target_mean:               1.7094	td_error_abs:              0.5032	test_ep_length_mean:     100.0000	test_episode_limit_mean:   1.0000
test_healthy_machine_fraction_mean:  0.1981	test_return_mean:         65.5187	test_return_median:       65.7000	test_return_std:           6.8231

[INFO 08:45:54] my_main t_env: 850100 / 2050000
[INFO 08:45:54] my_main Estimated time left: 9 hours, 36 minutes, 56 seconds. Time passed: 6 hours, 41 minutes, 44 seconds
[INFO 08:47:09] my_main Recent Stats | t_env:     852000 | Episode:     8520
entropy_loss:              0.0027	ep_length_mean:          100.0000	episode_limit_mean:        1.0000	epsilon:                   0.0500
grad_norm:                16.3023	healthy_machine_fraction_mean:  0.1956	loss:                      0.4244	mi_loss:                   0.0037
q_taken_mean:              1.6998	return_mean:              59.2800	return_median:            59.5000	return_std:                6.4543
target_mean:               1.7094	td_error_abs:              0.5032	test_ep_length_mean:     100.0000	test_episode_limit_mean:   1.0000
test_healthy_machine_fraction_mean:  0.2019	test_return_mean:         67.0000	test_return_median:       67.4000	test_return_std:           6.6371

[INFO 08:48:00] my_main Recent Stats | t_env:     854000 | Episode:     8540
entropy_loss:              0.0027	ep_length_mean:          100.0000	episode_limit_mean:        1.0000	epsilon:                   0.0500
grad_norm:                17.1518	healthy_machine_fraction_mean:  0.1956	loss:                      0.4357	mi_loss:                   0.0037
q_taken_mean:              1.7161	return_mean:              59.2800	return_median:            59.5000	return_std:                6.4543
target_mean:               1.7271	td_error_abs:              0.5105	test_ep_length_mean:     100.0000	test_episode_limit_mean:   1.0000
test_healthy_machine_fraction_mean:  0.2019	test_return_mean:         67.0000	test_return_median:       67.4000	test_return_std:           6.6371

[INFO 08:48:52] my_main Recent Stats | t_env:     856000 | Episode:     8560
entropy_loss:              0.0027	ep_length_mean:          100.0000	episode_limit_mean:        1.0000	epsilon:                   0.0500
grad_norm:                17.1518	healthy_machine_fraction_mean:  0.1956	loss:                      0.4357	mi_loss:                   0.0037
q_taken_mean:              1.7161	return_mean:              59.2800	return_median:            59.5000	return_std:                6.4543
target_mean:               1.7271	td_error_abs:              0.5105	test_ep_length_mean:     100.0000	test_episode_limit_mean:   1.0000
test_healthy_machine_fraction_mean:  0.2019	test_return_mean:         67.0000	test_return_median:       67.4000	test_return_std:           6.6371

[INFO 08:49:43] my_main Recent Stats | t_env:     858000 | Episode:     8580
entropy_loss:              0.0027	ep_length_mean:          100.0000	episode_limit_mean:        1.0000	epsilon:                   0.0500
grad_norm:                17.1518	healthy_machine_fraction_mean:  0.1956	loss:                      0.4357	mi_loss:                   0.0037
q_taken_mean:              1.7161	return_mean:              59.2800	return_median:            59.5000	return_std:                6.4543
target_mean:               1.7271	td_error_abs:              0.5105	test_ep_length_mean:     100.0000	test_episode_limit_mean:   1.0000
test_healthy_machine_fraction_mean:  0.2019	test_return_mean:         67.0000	test_return_median:       67.4000	test_return_std:           6.6371

[INFO 08:50:34] my_main Recent Stats | t_env:     860000 | Episode:     8600
entropy_loss:              0.0027	ep_length_mean:          100.0000	episode_limit_mean:        1.0000	epsilon:                   0.0500
grad_norm:                17.1518	healthy_machine_fraction_mean:  0.1956	loss:                      0.4357	mi_loss:                   0.0037
q_taken_mean:              1.7161	return_mean:              59.2800	return_median:            59.5000	return_std:                6.4543
target_mean:               1.7271	td_error_abs:              0.5105	test_ep_length_mean:     100.0000	test_episode_limit_mean:   1.0000
test_healthy_machine_fraction_mean:  0.2019	test_return_mean:         67.0000	test_return_median:       67.4000	test_return_std:           6.6371

[INFO 08:50:36] my_main Updated target network
[INFO 08:50:36] my_main t_env: 860100 / 2050000
[INFO 08:50:36] my_main Estimated time left: 9 hours, 19 minutes, 49 seconds. Time passed: 6 hours, 46 minutes, 27 seconds
[INFO 08:51:56] my_main Recent Stats | t_env:     862000 | Episode:     8620
entropy_loss:              0.0027	ep_length_mean:          100.0000	episode_limit_mean:        1.0000	epsilon:                   0.0500
grad_norm:                17.1518	healthy_machine_fraction_mean:  0.1888	loss:                      0.4357	mi_loss:                   0.0037
q_taken_mean:              1.7161	return_mean:              60.0780	return_median:            60.1000	return_std:                6.5911
target_mean:               1.7271	td_error_abs:              0.5105	test_ep_length_mean:     100.0000	test_episode_limit_mean:   1.0000
test_healthy_machine_fraction_mean:  0.1900	test_return_mean:         66.6500	test_return_median:       67.0000	test_return_std:           6.7225

[INFO 08:52:48] my_main Recent Stats | t_env:     864000 | Episode:     8640
entropy_loss:              0.0026	ep_length_mean:          100.0000	episode_limit_mean:        1.0000	epsilon:                   0.0500
grad_norm:                15.6102	healthy_machine_fraction_mean:  0.1888	loss:                      0.4144	mi_loss:                   0.0037
q_taken_mean:              1.7431	return_mean:              60.0780	return_median:            60.1000	return_std:                6.5911
target_mean:               1.7508	td_error_abs:              0.4984	test_ep_length_mean:     100.0000	test_episode_limit_mean:   1.0000
test_healthy_machine_fraction_mean:  0.1900	test_return_mean:         66.6500	test_return_median:       67.0000	test_return_std:           6.7225

[INFO 08:53:40] my_main Recent Stats | t_env:     866000 | Episode:     8660
entropy_loss:              0.0026	ep_length_mean:          100.0000	episode_limit_mean:        1.0000	epsilon:                   0.0500
grad_norm:                15.6102	healthy_machine_fraction_mean:  0.1888	loss:                      0.4144	mi_loss:                   0.0037
q_taken_mean:              1.7431	return_mean:              60.0780	return_median:            60.1000	return_std:                6.5911
target_mean:               1.7508	td_error_abs:              0.4984	test_ep_length_mean:     100.0000	test_episode_limit_mean:   1.0000
test_healthy_machine_fraction_mean:  0.1900	test_return_mean:         66.6500	test_return_median:       67.0000	test_return_std:           6.7225

[INFO 08:54:31] my_main Recent Stats | t_env:     868000 | Episode:     8680
entropy_loss:              0.0026	ep_length_mean:          100.0000	episode_limit_mean:        1.0000	epsilon:                   0.0500
grad_norm:                15.6102	healthy_machine_fraction_mean:  0.1888	loss:                      0.4144	mi_loss:                   0.0037
q_taken_mean:              1.7431	return_mean:              60.0780	return_median:            60.1000	return_std:                6.5911
target_mean:               1.7508	td_error_abs:              0.4984	test_ep_length_mean:     100.0000	test_episode_limit_mean:   1.0000
test_healthy_machine_fraction_mean:  0.1900	test_return_mean:         66.6500	test_return_median:       67.0000	test_return_std:           6.7225

[INFO 08:55:22] my_main Recent Stats | t_env:     870000 | Episode:     8700
entropy_loss:              0.0026	ep_length_mean:          100.0000	episode_limit_mean:        1.0000	epsilon:                   0.0500
grad_norm:                15.6102	healthy_machine_fraction_mean:  0.1888	loss:                      0.4144	mi_loss:                   0.0037
q_taken_mean:              1.7431	return_mean:              60.0780	return_median:            60.1000	return_std:                6.5911
target_mean:               1.7508	td_error_abs:              0.4984	test_ep_length_mean:     100.0000	test_episode_limit_mean:   1.0000
test_healthy_machine_fraction_mean:  0.1900	test_return_mean:         66.6500	test_return_median:       67.0000	test_return_std:           6.7225

[INFO 08:55:25] my_main t_env: 870100 / 2050000
[INFO 08:55:25] my_main Estimated time left: 9 hours, 26 minutes, 55 seconds. Time passed: 6 hours, 51 minutes, 15 seconds
[INFO 08:56:45] my_main Recent Stats | t_env:     872000 | Episode:     8720
entropy_loss:              0.0026	ep_length_mean:          100.0000	episode_limit_mean:        1.0000	epsilon:                   0.0500
grad_norm:                15.6102	healthy_machine_fraction_mean:  0.2012	loss:                      0.4144	mi_loss:                   0.0037
q_taken_mean:              1.7431	return_mean:              60.5720	return_median:            60.5000	return_std:                6.3653
target_mean:               1.7508	td_error_abs:              0.4984	test_ep_length_mean:     100.0000	test_episode_limit_mean:   1.0000
test_healthy_machine_fraction_mean:  0.1987	test_return_mean:         67.9250	test_return_median:       68.5000	test_return_std:           6.7264

[INFO 08:57:36] my_main Recent Stats | t_env:     874000 | Episode:     8740
entropy_loss:              0.0026	ep_length_mean:          100.0000	episode_limit_mean:        1.0000	epsilon:                   0.0500
grad_norm:                16.0380	healthy_machine_fraction_mean:  0.2012	loss:                      0.4165	mi_loss:                   0.0037
q_taken_mean:              1.7465	return_mean:              60.5720	return_median:            60.5000	return_std:                6.3653
target_mean:               1.7681	td_error_abs:              0.4935	test_ep_length_mean:     100.0000	test_episode_limit_mean:   1.0000
test_healthy_machine_fraction_mean:  0.1987	test_return_mean:         67.9250	test_return_median:       68.5000	test_return_std:           6.7264

[INFO 08:58:28] my_main Recent Stats | t_env:     876000 | Episode:     8760
entropy_loss:              0.0026	ep_length_mean:          100.0000	episode_limit_mean:        1.0000	epsilon:                   0.0500
grad_norm:                16.0380	healthy_machine_fraction_mean:  0.2012	loss:                      0.4165	mi_loss:                   0.0037
q_taken_mean:              1.7465	return_mean:              60.5720	return_median:            60.5000	return_std:                6.3653
target_mean:               1.7681	td_error_abs:              0.4935	test_ep_length_mean:     100.0000	test_episode_limit_mean:   1.0000
test_healthy_machine_fraction_mean:  0.1987	test_return_mean:         67.9250	test_return_median:       68.5000	test_return_std:           6.7264

[INFO 08:59:19] my_main Recent Stats | t_env:     878000 | Episode:     8780
entropy_loss:              0.0026	ep_length_mean:          100.0000	episode_limit_mean:        1.0000	epsilon:                   0.0500
grad_norm:                16.0380	healthy_machine_fraction_mean:  0.2012	loss:                      0.4165	mi_loss:                   0.0037
q_taken_mean:              1.7465	return_mean:              60.5720	return_median:            60.5000	return_std:                6.3653
target_mean:               1.7681	td_error_abs:              0.4935	test_ep_length_mean:     100.0000	test_episode_limit_mean:   1.0000
test_healthy_machine_fraction_mean:  0.1987	test_return_mean:         67.9250	test_return_median:       68.5000	test_return_std:           6.7264

[INFO 09:00:09] my_main Recent Stats | t_env:     880000 | Episode:     8800
entropy_loss:              0.0026	ep_length_mean:          100.0000	episode_limit_mean:        1.0000	epsilon:                   0.0500
grad_norm:                16.0380	healthy_machine_fraction_mean:  0.2012	loss:                      0.4165	mi_loss:                   0.0037
q_taken_mean:              1.7465	return_mean:              60.5720	return_median:            60.5000	return_std:                6.3653
target_mean:               1.7681	td_error_abs:              0.4935	test_ep_length_mean:     100.0000	test_episode_limit_mean:   1.0000
test_healthy_machine_fraction_mean:  0.1987	test_return_mean:         67.9250	test_return_median:       68.5000	test_return_std:           6.7264

[INFO 09:00:11] my_main Updated target network
[INFO 09:00:11] my_main t_env: 880100 / 2050000
[INFO 09:00:11] my_main Estimated time left: 9 hours, 18 minutes, 47 seconds. Time passed: 6 hours, 56 minutes, 2 seconds
[INFO 09:01:31] my_main Recent Stats | t_env:     882000 | Episode:     8820
entropy_loss:              0.0026	ep_length_mean:          100.0000	episode_limit_mean:        1.0000	epsilon:                   0.0500
grad_norm:                16.0380	healthy_machine_fraction_mean:  0.2122	loss:                      0.4165	mi_loss:                   0.0037
q_taken_mean:              1.7465	return_mean:              61.2160	return_median:            61.1000	return_std:                6.4541
target_mean:               1.7681	td_error_abs:              0.4935	test_ep_length_mean:     100.0000	test_episode_limit_mean:   1.0000
test_healthy_machine_fraction_mean:  0.2044	test_return_mean:         69.7687	test_return_median:       70.3000	test_return_std:           6.4715

[INFO 09:02:23] my_main Recent Stats | t_env:     884000 | Episode:     8840
entropy_loss:              0.0026	ep_length_mean:          100.0000	episode_limit_mean:        1.0000	epsilon:                   0.0500
grad_norm:                17.0933	healthy_machine_fraction_mean:  0.2122	loss:                      0.4323	mi_loss:                   0.0037
q_taken_mean:              1.7589	return_mean:              61.2160	return_median:            61.1000	return_std:                6.4541
target_mean:               1.7894	td_error_abs:              0.4986	test_ep_length_mean:     100.0000	test_episode_limit_mean:   1.0000
test_healthy_machine_fraction_mean:  0.2044	test_return_mean:         69.7687	test_return_median:       70.3000	test_return_std:           6.4715

[INFO 09:03:15] my_main Recent Stats | t_env:     886000 | Episode:     8860
entropy_loss:              0.0026	ep_length_mean:          100.0000	episode_limit_mean:        1.0000	epsilon:                   0.0500
grad_norm:                17.0933	healthy_machine_fraction_mean:  0.2122	loss:                      0.4323	mi_loss:                   0.0037
q_taken_mean:              1.7589	return_mean:              61.2160	return_median:            61.1000	return_std:                6.4541
target_mean:               1.7894	td_error_abs:              0.4986	test_ep_length_mean:     100.0000	test_episode_limit_mean:   1.0000
test_healthy_machine_fraction_mean:  0.2044	test_return_mean:         69.7687	test_return_median:       70.3000	test_return_std:           6.4715

[INFO 09:04:06] my_main Recent Stats | t_env:     888000 | Episode:     8880
entropy_loss:              0.0026	ep_length_mean:          100.0000	episode_limit_mean:        1.0000	epsilon:                   0.0500
grad_norm:                17.0933	healthy_machine_fraction_mean:  0.2122	loss:                      0.4323	mi_loss:                   0.0037
q_taken_mean:              1.7589	return_mean:              61.2160	return_median:            61.1000	return_std:                6.4541
target_mean:               1.7894	td_error_abs:              0.4986	test_ep_length_mean:     100.0000	test_episode_limit_mean:   1.0000
test_healthy_machine_fraction_mean:  0.2044	test_return_mean:         69.7687	test_return_median:       70.3000	test_return_std:           6.4715

[INFO 09:04:57] my_main Recent Stats | t_env:     890000 | Episode:     8900
entropy_loss:              0.0026	ep_length_mean:          100.0000	episode_limit_mean:        1.0000	epsilon:                   0.0500
grad_norm:                17.0933	healthy_machine_fraction_mean:  0.2122	loss:                      0.4323	mi_loss:                   0.0037
q_taken_mean:              1.7589	return_mean:              61.2160	return_median:            61.1000	return_std:                6.4541
target_mean:               1.7894	td_error_abs:              0.4986	test_ep_length_mean:     100.0000	test_episode_limit_mean:   1.0000
test_healthy_machine_fraction_mean:  0.2044	test_return_mean:         69.7687	test_return_median:       70.3000	test_return_std:           6.4715

[INFO 09:05:00] my_main t_env: 890100 / 2050000
[INFO 09:05:00] my_main Estimated time left: 9 hours, 17 minutes, 40 seconds. Time passed: 7 hours, 50 seconds
[INFO 09:06:20] my_main Recent Stats | t_env:     892000 | Episode:     8920
entropy_loss:              0.0026	ep_length_mean:          100.0000	episode_limit_mean:        1.0000	epsilon:                   0.0500
grad_norm:                17.0933	healthy_machine_fraction_mean:  0.2168	loss:                      0.4323	mi_loss:                   0.0037
q_taken_mean:              1.7589	return_mean:              61.9980	return_median:            61.9000	return_std:                6.3929
target_mean:               1.7894	td_error_abs:              0.4986	test_ep_length_mean:     100.0000	test_episode_limit_mean:   1.0000
test_healthy_machine_fraction_mean:  0.2156	test_return_mean:         70.4750	test_return_median:       70.8000	test_return_std:           6.1486

[INFO 09:07:11] my_main Recent Stats | t_env:     894000 | Episode:     8940
entropy_loss:              0.0027	ep_length_mean:          100.0000	episode_limit_mean:        1.0000	epsilon:                   0.0500
grad_norm:                18.3951	healthy_machine_fraction_mean:  0.2168	loss:                      0.4504	mi_loss:                   0.0037
q_taken_mean:              1.7627	return_mean:              61.9980	return_median:            61.9000	return_std:                6.3929
target_mean:               1.7958	td_error_abs:              0.5100	test_ep_length_mean:     100.0000	test_episode_limit_mean:   1.0000
test_healthy_machine_fraction_mean:  0.2156	test_return_mean:         70.4750	test_return_median:       70.8000	test_return_std:           6.1486

[INFO 09:08:03] my_main Recent Stats | t_env:     896000 | Episode:     8960
entropy_loss:              0.0027	ep_length_mean:          100.0000	episode_limit_mean:        1.0000	epsilon:                   0.0500
grad_norm:                18.3951	healthy_machine_fraction_mean:  0.2168	loss:                      0.4504	mi_loss:                   0.0037
q_taken_mean:              1.7627	return_mean:              61.9980	return_median:            61.9000	return_std:                6.3929
target_mean:               1.7958	td_error_abs:              0.5100	test_ep_length_mean:     100.0000	test_episode_limit_mean:   1.0000
test_healthy_machine_fraction_mean:  0.2156	test_return_mean:         70.4750	test_return_median:       70.8000	test_return_std:           6.1486

[INFO 09:08:54] my_main Recent Stats | t_env:     898000 | Episode:     8980
entropy_loss:              0.0027	ep_length_mean:          100.0000	episode_limit_mean:        1.0000	epsilon:                   0.0500
grad_norm:                18.3951	healthy_machine_fraction_mean:  0.2168	loss:                      0.4504	mi_loss:                   0.0037
q_taken_mean:              1.7627	return_mean:              61.9980	return_median:            61.9000	return_std:                6.3929
target_mean:               1.7958	td_error_abs:              0.5100	test_ep_length_mean:     100.0000	test_episode_limit_mean:   1.0000
test_healthy_machine_fraction_mean:  0.2156	test_return_mean:         70.4750	test_return_median:       70.8000	test_return_std:           6.1486

[INFO 09:09:46] my_main Recent Stats | t_env:     900000 | Episode:     9000
entropy_loss:              0.0027	ep_length_mean:          100.0000	episode_limit_mean:        1.0000	epsilon:                   0.0500
grad_norm:                18.3951	healthy_machine_fraction_mean:  0.2168	loss:                      0.4504	mi_loss:                   0.0037
q_taken_mean:              1.7627	return_mean:              61.9980	return_median:            61.9000	return_std:                6.3929
target_mean:               1.7958	td_error_abs:              0.5100	test_ep_length_mean:     100.0000	test_episode_limit_mean:   1.0000
test_healthy_machine_fraction_mean:  0.2156	test_return_mean:         70.4750	test_return_median:       70.8000	test_return_std:           6.1486

[INFO 09:09:48] my_main Updated target network
[INFO 09:09:48] my_main t_env: 900100 / 2050000
[INFO 09:09:48] my_main Estimated time left: 9 hours, 13 minutes, 8 seconds. Time passed: 7 hours, 5 minutes, 39 seconds
[INFO 09:11:08] my_main Recent Stats | t_env:     902000 | Episode:     9020
entropy_loss:              0.0027	ep_length_mean:          100.0000	episode_limit_mean:        1.0000	epsilon:                   0.0500
grad_norm:                18.3951	healthy_machine_fraction_mean:  0.2240	loss:                      0.4504	mi_loss:                   0.0037
q_taken_mean:              1.7627	return_mean:              62.4940	return_median:            62.3000	return_std:                6.3343
target_mean:               1.7958	td_error_abs:              0.5100	test_ep_length_mean:     100.0000	test_episode_limit_mean:   1.0000
test_healthy_machine_fraction_mean:  0.2000	test_return_mean:         70.7062	test_return_median:       70.8000	test_return_std:           6.5132

[INFO 09:12:00] my_main Recent Stats | t_env:     904000 | Episode:     9040
entropy_loss:              0.0027	ep_length_mean:          100.0000	episode_limit_mean:        1.0000	epsilon:                   0.0500
grad_norm:                18.8633	healthy_machine_fraction_mean:  0.2240	loss:                      0.4608	mi_loss:                   0.0036
q_taken_mean:              1.7740	return_mean:              62.4940	return_median:            62.3000	return_std:                6.3343
target_mean:               1.8080	td_error_abs:              0.5163	test_ep_length_mean:     100.0000	test_episode_limit_mean:   1.0000
test_healthy_machine_fraction_mean:  0.2000	test_return_mean:         70.7062	test_return_median:       70.8000	test_return_std:           6.5132

[INFO 09:12:51] my_main Recent Stats | t_env:     906000 | Episode:     9060
entropy_loss:              0.0027	ep_length_mean:          100.0000	episode_limit_mean:        1.0000	epsilon:                   0.0500
grad_norm:                18.8633	healthy_machine_fraction_mean:  0.2240	loss:                      0.4608	mi_loss:                   0.0036
q_taken_mean:              1.7740	return_mean:              62.4940	return_median:            62.3000	return_std:                6.3343
target_mean:               1.8080	td_error_abs:              0.5163	test_ep_length_mean:     100.0000	test_episode_limit_mean:   1.0000
test_healthy_machine_fraction_mean:  0.2000	test_return_mean:         70.7062	test_return_median:       70.8000	test_return_std:           6.5132

[INFO 09:13:43] my_main Recent Stats | t_env:     908000 | Episode:     9080
entropy_loss:              0.0027	ep_length_mean:          100.0000	episode_limit_mean:        1.0000	epsilon:                   0.0500
grad_norm:                18.8633	healthy_machine_fraction_mean:  0.2240	loss:                      0.4608	mi_loss:                   0.0036
q_taken_mean:              1.7740	return_mean:              62.4940	return_median:            62.3000	return_std:                6.3343
target_mean:               1.8080	td_error_abs:              0.5163	test_ep_length_mean:     100.0000	test_episode_limit_mean:   1.0000
test_healthy_machine_fraction_mean:  0.2000	test_return_mean:         70.7062	test_return_median:       70.8000	test_return_std:           6.5132

[INFO 09:14:34] my_main Recent Stats | t_env:     910000 | Episode:     9100
entropy_loss:              0.0027	ep_length_mean:          100.0000	episode_limit_mean:        1.0000	epsilon:                   0.0500
grad_norm:                18.8633	healthy_machine_fraction_mean:  0.2240	loss:                      0.4608	mi_loss:                   0.0036
q_taken_mean:              1.7740	return_mean:              62.4940	return_median:            62.3000	return_std:                6.3343
target_mean:               1.8080	td_error_abs:              0.5163	test_ep_length_mean:     100.0000	test_episode_limit_mean:   1.0000
test_healthy_machine_fraction_mean:  0.2000	test_return_mean:         70.7062	test_return_median:       70.8000	test_return_std:           6.5132

[INFO 09:14:36] my_main t_env: 910100 / 2050000
[INFO 09:14:36] my_main Estimated time left: 9 hours, 6 minutes, 23 seconds. Time passed: 7 hours, 10 minutes, 26 seconds
[INFO 09:15:57] my_main Recent Stats | t_env:     912000 | Episode:     9120
entropy_loss:              0.0027	ep_length_mean:          100.0000	episode_limit_mean:        1.0000	epsilon:                   0.0500
grad_norm:                18.8633	healthy_machine_fraction_mean:  0.2366	loss:                      0.4608	mi_loss:                   0.0036
q_taken_mean:              1.7740	return_mean:              62.4940	return_median:            62.3000	return_std:                6.0760
target_mean:               1.8080	td_error_abs:              0.5163	test_ep_length_mean:     100.0000	test_episode_limit_mean:   1.0000
test_healthy_machine_fraction_mean:  0.2194	test_return_mean:         71.3688	test_return_median:       71.5000	test_return_std:           6.7549

[INFO 09:16:48] my_main Recent Stats | t_env:     914000 | Episode:     9140
entropy_loss:              0.0027	ep_length_mean:          100.0000	episode_limit_mean:        1.0000	epsilon:                   0.0500
grad_norm:                20.4211	healthy_machine_fraction_mean:  0.2366	loss:                      0.4835	mi_loss:                   0.0036
q_taken_mean:              1.7758	return_mean:              62.4940	return_median:            62.3000	return_std:                6.0760
target_mean:               1.8126	td_error_abs:              0.5294	test_ep_length_mean:     100.0000	test_episode_limit_mean:   1.0000
test_healthy_machine_fraction_mean:  0.2194	test_return_mean:         71.3688	test_return_median:       71.5000	test_return_std:           6.7549

[INFO 09:17:40] my_main Recent Stats | t_env:     916000 | Episode:     9160
entropy_loss:              0.0027	ep_length_mean:          100.0000	episode_limit_mean:        1.0000	epsilon:                   0.0500
grad_norm:                20.4211	healthy_machine_fraction_mean:  0.2366	loss:                      0.4835	mi_loss:                   0.0036
q_taken_mean:              1.7758	return_mean:              62.4940	return_median:            62.3000	return_std:                6.0760
target_mean:               1.8126	td_error_abs:              0.5294	test_ep_length_mean:     100.0000	test_episode_limit_mean:   1.0000
test_healthy_machine_fraction_mean:  0.2194	test_return_mean:         71.3688	test_return_median:       71.5000	test_return_std:           6.7549

[INFO 09:18:32] my_main Recent Stats | t_env:     918000 | Episode:     9180
entropy_loss:              0.0027	ep_length_mean:          100.0000	episode_limit_mean:        1.0000	epsilon:                   0.0500
grad_norm:                20.4211	healthy_machine_fraction_mean:  0.2366	loss:                      0.4835	mi_loss:                   0.0036
q_taken_mean:              1.7758	return_mean:              62.4940	return_median:            62.3000	return_std:                6.0760
target_mean:               1.8126	td_error_abs:              0.5294	test_ep_length_mean:     100.0000	test_episode_limit_mean:   1.0000
test_healthy_machine_fraction_mean:  0.2194	test_return_mean:         71.3688	test_return_median:       71.5000	test_return_std:           6.7549

[INFO 09:19:22] my_main Recent Stats | t_env:     920000 | Episode:     9200
entropy_loss:              0.0027	ep_length_mean:          100.0000	episode_limit_mean:        1.0000	epsilon:                   0.0500
grad_norm:                20.4211	healthy_machine_fraction_mean:  0.2366	loss:                      0.4835	mi_loss:                   0.0036
q_taken_mean:              1.7758	return_mean:              62.4940	return_median:            62.3000	return_std:                6.0760
target_mean:               1.8126	td_error_abs:              0.5294	test_ep_length_mean:     100.0000	test_episode_limit_mean:   1.0000
test_healthy_machine_fraction_mean:  0.2194	test_return_mean:         71.3688	test_return_median:       71.5000	test_return_std:           6.7549

[INFO 09:19:24] my_main Updated target network
[INFO 09:19:24] my_main t_env: 920100 / 2050000
[INFO 09:19:24] my_main Estimated time left: 9 hours, 2 minutes, 17 seconds. Time passed: 7 hours, 15 minutes, 14 seconds
[INFO 09:20:44] my_main Recent Stats | t_env:     922000 | Episode:     9220
entropy_loss:              0.0027	ep_length_mean:          100.0000	episode_limit_mean:        1.0000	epsilon:                   0.0500
grad_norm:                20.4211	healthy_machine_fraction_mean:  0.2344	loss:                      0.4835	mi_loss:                   0.0036
q_taken_mean:              1.7758	return_mean:              62.6700	return_median:            62.6000	return_std:                6.0444
target_mean:               1.8126	td_error_abs:              0.5294	test_ep_length_mean:     100.0000	test_episode_limit_mean:   1.0000
test_healthy_machine_fraction_mean:  0.2200	test_return_mean:         70.8312	test_return_median:       70.9000	test_return_std:           6.6972

[INFO 09:21:36] my_main Recent Stats | t_env:     924000 | Episode:     9240
entropy_loss:              0.0027	ep_length_mean:          100.0000	episode_limit_mean:        1.0000	epsilon:                   0.0500
grad_norm:                20.7552	healthy_machine_fraction_mean:  0.2344	loss:                      0.4964	mi_loss:                   0.0036
q_taken_mean:              1.7878	return_mean:              62.6700	return_median:            62.6000	return_std:                6.0444
target_mean:               1.8251	td_error_abs:              0.5336	test_ep_length_mean:     100.0000	test_episode_limit_mean:   1.0000
test_healthy_machine_fraction_mean:  0.2200	test_return_mean:         70.8312	test_return_median:       70.9000	test_return_std:           6.6972

[INFO 09:22:27] my_main Recent Stats | t_env:     926000 | Episode:     9260
entropy_loss:              0.0027	ep_length_mean:          100.0000	episode_limit_mean:        1.0000	epsilon:                   0.0500
grad_norm:                20.7552	healthy_machine_fraction_mean:  0.2344	loss:                      0.4964	mi_loss:                   0.0036
q_taken_mean:              1.7878	return_mean:              62.6700	return_median:            62.6000	return_std:                6.0444
target_mean:               1.8251	td_error_abs:              0.5336	test_ep_length_mean:     100.0000	test_episode_limit_mean:   1.0000
test_healthy_machine_fraction_mean:  0.2200	test_return_mean:         70.8312	test_return_median:       70.9000	test_return_std:           6.6972

[INFO 09:23:19] my_main Recent Stats | t_env:     928000 | Episode:     9280
entropy_loss:              0.0027	ep_length_mean:          100.0000	episode_limit_mean:        1.0000	epsilon:                   0.0500
grad_norm:                20.7552	healthy_machine_fraction_mean:  0.2344	loss:                      0.4964	mi_loss:                   0.0036
q_taken_mean:              1.7878	return_mean:              62.6700	return_median:            62.6000	return_std:                6.0444
target_mean:               1.8251	td_error_abs:              0.5336	test_ep_length_mean:     100.0000	test_episode_limit_mean:   1.0000
test_healthy_machine_fraction_mean:  0.2200	test_return_mean:         70.8312	test_return_median:       70.9000	test_return_std:           6.6972

[INFO 09:24:06] my_main Recent Stats | t_env:     930000 | Episode:     9300
entropy_loss:              0.0027	ep_length_mean:          100.0000	episode_limit_mean:        1.0000	epsilon:                   0.0500
grad_norm:                20.7552	healthy_machine_fraction_mean:  0.2344	loss:                      0.4964	mi_loss:                   0.0036
q_taken_mean:              1.7878	return_mean:              62.6700	return_median:            62.6000	return_std:                6.0444
target_mean:               1.8251	td_error_abs:              0.5336	test_ep_length_mean:     100.0000	test_episode_limit_mean:   1.0000
test_healthy_machine_fraction_mean:  0.2200	test_return_mean:         70.8312	test_return_median:       70.9000	test_return_std:           6.6972

[INFO 09:24:08] my_main t_env: 930100 / 2050000
[INFO 09:24:08] my_main Estimated time left: 8 hours, 50 minutes, 37 seconds. Time passed: 7 hours, 19 minutes, 58 seconds
[INFO 09:25:28] my_main Recent Stats | t_env:     932000 | Episode:     9320
entropy_loss:              0.0027	ep_length_mean:          100.0000	episode_limit_mean:        1.0000	epsilon:                   0.0500
grad_norm:                20.7552	healthy_machine_fraction_mean:  0.2596	loss:                      0.4964	mi_loss:                   0.0036
q_taken_mean:              1.7878	return_mean:              62.9280	return_median:            62.8000	return_std:                5.9259
target_mean:               1.8251	td_error_abs:              0.5336	test_ep_length_mean:     100.0000	test_episode_limit_mean:   1.0000
test_healthy_machine_fraction_mean:  0.2256	test_return_mean:         70.6875	test_return_median:       70.8000	test_return_std:           6.9863

[INFO 09:26:20] my_main Recent Stats | t_env:     934000 | Episode:     9340
entropy_loss:              0.0027	ep_length_mean:          100.0000	episode_limit_mean:        1.0000	epsilon:                   0.0500
grad_norm:                21.4737	healthy_machine_fraction_mean:  0.2596	loss:                      0.5044	mi_loss:                   0.0036
q_taken_mean:              1.7940	return_mean:              62.9280	return_median:            62.8000	return_std:                5.9259
target_mean:               1.8326	td_error_abs:              0.5381	test_ep_length_mean:     100.0000	test_episode_limit_mean:   1.0000
test_healthy_machine_fraction_mean:  0.2256	test_return_mean:         70.6875	test_return_median:       70.8000	test_return_std:           6.9863

[INFO 09:27:12] my_main Recent Stats | t_env:     936000 | Episode:     9360
entropy_loss:              0.0027	ep_length_mean:          100.0000	episode_limit_mean:        1.0000	epsilon:                   0.0500
grad_norm:                21.4737	healthy_machine_fraction_mean:  0.2596	loss:                      0.5044	mi_loss:                   0.0036
q_taken_mean:              1.7940	return_mean:              62.9280	return_median:            62.8000	return_std:                5.9259
target_mean:               1.8326	td_error_abs:              0.5381	test_ep_length_mean:     100.0000	test_episode_limit_mean:   1.0000
test_healthy_machine_fraction_mean:  0.2256	test_return_mean:         70.6875	test_return_median:       70.8000	test_return_std:           6.9863

[INFO 09:28:04] my_main Recent Stats | t_env:     938000 | Episode:     9380
entropy_loss:              0.0027	ep_length_mean:          100.0000	episode_limit_mean:        1.0000	epsilon:                   0.0500
grad_norm:                21.4737	healthy_machine_fraction_mean:  0.2596	loss:                      0.5044	mi_loss:                   0.0036
q_taken_mean:              1.7940	return_mean:              62.9280	return_median:            62.8000	return_std:                5.9259
target_mean:               1.8326	td_error_abs:              0.5381	test_ep_length_mean:     100.0000	test_episode_limit_mean:   1.0000
test_healthy_machine_fraction_mean:  0.2256	test_return_mean:         70.6875	test_return_median:       70.8000	test_return_std:           6.9863

[INFO 09:28:55] my_main Recent Stats | t_env:     940000 | Episode:     9400
entropy_loss:              0.0027	ep_length_mean:          100.0000	episode_limit_mean:        1.0000	epsilon:                   0.0500
grad_norm:                21.4737	healthy_machine_fraction_mean:  0.2596	loss:                      0.5044	mi_loss:                   0.0036
q_taken_mean:              1.7940	return_mean:              62.9280	return_median:            62.8000	return_std:                5.9259
target_mean:               1.8326	td_error_abs:              0.5381	test_ep_length_mean:     100.0000	test_episode_limit_mean:   1.0000
test_healthy_machine_fraction_mean:  0.2256	test_return_mean:         70.6875	test_return_median:       70.8000	test_return_std:           6.9863

[INFO 09:28:57] my_main Updated target network
[INFO 09:28:57] my_main t_env: 940100 / 2050000
[INFO 09:28:57] my_main Estimated time left: 8 hours, 54 minutes, 58 seconds. Time passed: 7 hours, 24 minutes, 48 seconds
[INFO 09:30:17] my_main Recent Stats | t_env:     942000 | Episode:     9420
entropy_loss:              0.0027	ep_length_mean:          100.0000	episode_limit_mean:        1.0000	epsilon:                   0.0500
grad_norm:                21.4737	healthy_machine_fraction_mean:  0.2638	loss:                      0.5044	mi_loss:                   0.0036
q_taken_mean:              1.7940	return_mean:              62.8960	return_median:            62.9000	return_std:                5.7880
target_mean:               1.8326	td_error_abs:              0.5381	test_ep_length_mean:     100.0000	test_episode_limit_mean:   1.0000
test_healthy_machine_fraction_mean:  0.2369	test_return_mean:         71.0563	test_return_median:       71.3000	test_return_std:           6.6856

[INFO 09:31:09] my_main Recent Stats | t_env:     944000 | Episode:     9440
entropy_loss:              0.0026	ep_length_mean:          100.0000	episode_limit_mean:        1.0000	epsilon:                   0.0500
grad_norm:                21.6303	healthy_machine_fraction_mean:  0.2638	loss:                      0.5015	mi_loss:                   0.0036
q_taken_mean:              1.8038	return_mean:              62.8960	return_median:            62.9000	return_std:                5.7880
target_mean:               1.8424	td_error_abs:              0.5346	test_ep_length_mean:     100.0000	test_episode_limit_mean:   1.0000
test_healthy_machine_fraction_mean:  0.2369	test_return_mean:         71.0563	test_return_median:       71.3000	test_return_std:           6.6856

[INFO 09:32:01] my_main Recent Stats | t_env:     946000 | Episode:     9460
entropy_loss:              0.0026	ep_length_mean:          100.0000	episode_limit_mean:        1.0000	epsilon:                   0.0500
grad_norm:                21.6303	healthy_machine_fraction_mean:  0.2638	loss:                      0.5015	mi_loss:                   0.0036
q_taken_mean:              1.8038	return_mean:              62.8960	return_median:            62.9000	return_std:                5.7880
target_mean:               1.8424	td_error_abs:              0.5346	test_ep_length_mean:     100.0000	test_episode_limit_mean:   1.0000
test_healthy_machine_fraction_mean:  0.2369	test_return_mean:         71.0563	test_return_median:       71.3000	test_return_std:           6.6856

[INFO 09:32:52] my_main Recent Stats | t_env:     948000 | Episode:     9480
entropy_loss:              0.0026	ep_length_mean:          100.0000	episode_limit_mean:        1.0000	epsilon:                   0.0500
grad_norm:                21.6303	healthy_machine_fraction_mean:  0.2638	loss:                      0.5015	mi_loss:                   0.0036
q_taken_mean:              1.8038	return_mean:              62.8960	return_median:            62.9000	return_std:                5.7880
target_mean:               1.8424	td_error_abs:              0.5346	test_ep_length_mean:     100.0000	test_episode_limit_mean:   1.0000
test_healthy_machine_fraction_mean:  0.2369	test_return_mean:         71.0563	test_return_median:       71.3000	test_return_std:           6.6856

[INFO 09:33:42] my_main Recent Stats | t_env:     950000 | Episode:     9500
entropy_loss:              0.0026	ep_length_mean:          100.0000	episode_limit_mean:        1.0000	epsilon:                   0.0500
grad_norm:                21.6303	healthy_machine_fraction_mean:  0.2638	loss:                      0.5015	mi_loss:                   0.0036
q_taken_mean:              1.8038	return_mean:              62.8960	return_median:            62.9000	return_std:                5.7880
target_mean:               1.8424	td_error_abs:              0.5346	test_ep_length_mean:     100.0000	test_episode_limit_mean:   1.0000
test_healthy_machine_fraction_mean:  0.2369	test_return_mean:         71.0563	test_return_median:       71.3000	test_return_std:           6.6856

[INFO 09:33:44] my_main t_env: 950100 / 2050000
[INFO 09:33:44] my_main Estimated time left: 8 hours, 46 minutes, 10 seconds. Time passed: 7 hours, 29 minutes, 35 seconds
[INFO 09:35:05] my_main Recent Stats | t_env:     952000 | Episode:     9520
entropy_loss:              0.0026	ep_length_mean:          100.0000	episode_limit_mean:        1.0000	epsilon:                   0.0500
grad_norm:                21.6303	healthy_machine_fraction_mean:  0.2852	loss:                      0.5015	mi_loss:                   0.0036
q_taken_mean:              1.8038	return_mean:              63.3420	return_median:            63.6000	return_std:                5.6516
target_mean:               1.8424	td_error_abs:              0.5346	test_ep_length_mean:     100.0000	test_episode_limit_mean:   1.0000
test_healthy_machine_fraction_mean:  0.2475	test_return_mean:         71.1000	test_return_median:       71.4000	test_return_std:           6.2727

[INFO 09:35:57] my_main Recent Stats | t_env:     954000 | Episode:     9540
entropy_loss:              0.0026	ep_length_mean:          100.0000	episode_limit_mean:        1.0000	epsilon:                   0.0500
grad_norm:                21.1861	healthy_machine_fraction_mean:  0.2852	loss:                      0.4972	mi_loss:                   0.0036
q_taken_mean:              1.8110	return_mean:              63.3420	return_median:            63.6000	return_std:                5.6516
target_mean:               1.8488	td_error_abs:              0.5323	test_ep_length_mean:     100.0000	test_episode_limit_mean:   1.0000
test_healthy_machine_fraction_mean:  0.2475	test_return_mean:         71.1000	test_return_median:       71.4000	test_return_std:           6.2727

[INFO 09:36:48] my_main Recent Stats | t_env:     956000 | Episode:     9560
entropy_loss:              0.0026	ep_length_mean:          100.0000	episode_limit_mean:        1.0000	epsilon:                   0.0500
grad_norm:                21.1861	healthy_machine_fraction_mean:  0.2852	loss:                      0.4972	mi_loss:                   0.0036
q_taken_mean:              1.8110	return_mean:              63.3420	return_median:            63.6000	return_std:                5.6516
target_mean:               1.8488	td_error_abs:              0.5323	test_ep_length_mean:     100.0000	test_episode_limit_mean:   1.0000
test_healthy_machine_fraction_mean:  0.2475	test_return_mean:         71.1000	test_return_median:       71.4000	test_return_std:           6.2727

[INFO 09:37:40] my_main Recent Stats | t_env:     958000 | Episode:     9580
entropy_loss:              0.0026	ep_length_mean:          100.0000	episode_limit_mean:        1.0000	epsilon:                   0.0500
grad_norm:                21.1861	healthy_machine_fraction_mean:  0.2852	loss:                      0.4972	mi_loss:                   0.0036
q_taken_mean:              1.8110	return_mean:              63.3420	return_median:            63.6000	return_std:                5.6516
target_mean:               1.8488	td_error_abs:              0.5323	test_ep_length_mean:     100.0000	test_episode_limit_mean:   1.0000
test_healthy_machine_fraction_mean:  0.2475	test_return_mean:         71.1000	test_return_median:       71.4000	test_return_std:           6.2727

[INFO 09:38:31] my_main Recent Stats | t_env:     960000 | Episode:     9600
entropy_loss:              0.0026	ep_length_mean:          100.0000	episode_limit_mean:        1.0000	epsilon:                   0.0500
grad_norm:                21.1861	healthy_machine_fraction_mean:  0.2852	loss:                      0.4972	mi_loss:                   0.0036
q_taken_mean:              1.8110	return_mean:              63.3420	return_median:            63.6000	return_std:                5.6516
target_mean:               1.8488	td_error_abs:              0.5323	test_ep_length_mean:     100.0000	test_episode_limit_mean:   1.0000
test_healthy_machine_fraction_mean:  0.2475	test_return_mean:         71.1000	test_return_median:       71.4000	test_return_std:           6.2727

[INFO 09:38:34] my_main Updated target network
[INFO 09:38:34] my_main t_env: 960100 / 2050000
[INFO 09:38:34] my_main Estimated time left: 8 hours, 45 minutes, 19 seconds. Time passed: 7 hours, 34 minutes, 24 seconds
[INFO 09:39:54] my_main Recent Stats | t_env:     962000 | Episode:     9620
entropy_loss:              0.0026	ep_length_mean:          100.0000	episode_limit_mean:        1.0000	epsilon:                   0.0500
grad_norm:                21.1861	healthy_machine_fraction_mean:  0.2952	loss:                      0.4972	mi_loss:                   0.0036
q_taken_mean:              1.8110	return_mean:              63.9400	return_median:            64.2000	return_std:                5.5974
target_mean:               1.8488	td_error_abs:              0.5323	test_ep_length_mean:     100.0000	test_episode_limit_mean:   1.0000
test_healthy_machine_fraction_mean:  0.2644	test_return_mean:         71.3500	test_return_median:       71.3000	test_return_std:           6.4213

[INFO 09:40:45] my_main Recent Stats | t_env:     964000 | Episode:     9640
entropy_loss:              0.0026	ep_length_mean:          100.0000	episode_limit_mean:        1.0000	epsilon:                   0.0500
grad_norm:                21.0844	healthy_machine_fraction_mean:  0.2952	loss:                      0.5048	mi_loss:                   0.0036
q_taken_mean:              1.8250	return_mean:              63.9400	return_median:            64.2000	return_std:                5.5974
target_mean:               1.8626	td_error_abs:              0.5337	test_ep_length_mean:     100.0000	test_episode_limit_mean:   1.0000
test_healthy_machine_fraction_mean:  0.2644	test_return_mean:         71.3500	test_return_median:       71.3000	test_return_std:           6.4213

[INFO 09:41:36] my_main Recent Stats | t_env:     966000 | Episode:     9660
entropy_loss:              0.0026	ep_length_mean:          100.0000	episode_limit_mean:        1.0000	epsilon:                   0.0500
grad_norm:                21.0844	healthy_machine_fraction_mean:  0.2952	loss:                      0.5048	mi_loss:                   0.0036
q_taken_mean:              1.8250	return_mean:              63.9400	return_median:            64.2000	return_std:                5.5974
target_mean:               1.8626	td_error_abs:              0.5337	test_ep_length_mean:     100.0000	test_episode_limit_mean:   1.0000
test_healthy_machine_fraction_mean:  0.2644	test_return_mean:         71.3500	test_return_median:       71.3000	test_return_std:           6.4213

[INFO 09:42:28] my_main Recent Stats | t_env:     968000 | Episode:     9680
entropy_loss:              0.0026	ep_length_mean:          100.0000	episode_limit_mean:        1.0000	epsilon:                   0.0500
grad_norm:                21.0844	healthy_machine_fraction_mean:  0.2952	loss:                      0.5048	mi_loss:                   0.0036
q_taken_mean:              1.8250	return_mean:              63.9400	return_median:            64.2000	return_std:                5.5974
target_mean:               1.8626	td_error_abs:              0.5337	test_ep_length_mean:     100.0000	test_episode_limit_mean:   1.0000
test_healthy_machine_fraction_mean:  0.2644	test_return_mean:         71.3500	test_return_median:       71.3000	test_return_std:           6.4213

[INFO 09:43:19] my_main Recent Stats | t_env:     970000 | Episode:     9700
entropy_loss:              0.0026	ep_length_mean:          100.0000	episode_limit_mean:        1.0000	epsilon:                   0.0500
grad_norm:                21.0844	healthy_machine_fraction_mean:  0.2952	loss:                      0.5048	mi_loss:                   0.0036
q_taken_mean:              1.8250	return_mean:              63.9400	return_median:            64.2000	return_std:                5.5974
target_mean:               1.8626	td_error_abs:              0.5337	test_ep_length_mean:     100.0000	test_episode_limit_mean:   1.0000
test_healthy_machine_fraction_mean:  0.2644	test_return_mean:         71.3500	test_return_median:       71.3000	test_return_std:           6.4213

[INFO 09:43:21] my_main t_env: 970100 / 2050000
[INFO 09:43:21] my_main Estimated time left: 8 hours, 37 minutes, 19 seconds. Time passed: 7 hours, 39 minutes, 11 seconds
[INFO 09:44:40] my_main Recent Stats | t_env:     972000 | Episode:     9720
entropy_loss:              0.0026	ep_length_mean:          100.0000	episode_limit_mean:        1.0000	epsilon:                   0.0500
grad_norm:                21.0844	healthy_machine_fraction_mean:  0.3094	loss:                      0.5048	mi_loss:                   0.0036
q_taken_mean:              1.8250	return_mean:              64.1400	return_median:            64.3000	return_std:                5.6368
target_mean:               1.8626	td_error_abs:              0.5337	test_ep_length_mean:     100.0000	test_episode_limit_mean:   1.0000
test_healthy_machine_fraction_mean:  0.2788	test_return_mean:         72.4437	test_return_median:       72.1000	test_return_std:           6.3511

[INFO 09:45:31] my_main Recent Stats | t_env:     974000 | Episode:     9740
entropy_loss:              0.0026	ep_length_mean:          100.0000	episode_limit_mean:        1.0000	epsilon:                   0.0500
grad_norm:                20.7152	healthy_machine_fraction_mean:  0.3094	loss:                      0.5001	mi_loss:                   0.0036
q_taken_mean:              1.8334	return_mean:              64.1400	return_median:            64.3000	return_std:                5.6368
target_mean:               1.8704	td_error_abs:              0.5301	test_ep_length_mean:     100.0000	test_episode_limit_mean:   1.0000
test_healthy_machine_fraction_mean:  0.2788	test_return_mean:         72.4437	test_return_median:       72.1000	test_return_std:           6.3511

[INFO 09:46:23] my_main Recent Stats | t_env:     976000 | Episode:     9760
entropy_loss:              0.0026	ep_length_mean:          100.0000	episode_limit_mean:        1.0000	epsilon:                   0.0500
grad_norm:                20.7152	healthy_machine_fraction_mean:  0.3094	loss:                      0.5001	mi_loss:                   0.0036
q_taken_mean:              1.8334	return_mean:              64.1400	return_median:            64.3000	return_std:                5.6368
target_mean:               1.8704	td_error_abs:              0.5301	test_ep_length_mean:     100.0000	test_episode_limit_mean:   1.0000
test_healthy_machine_fraction_mean:  0.2788	test_return_mean:         72.4437	test_return_median:       72.1000	test_return_std:           6.3511

[INFO 09:47:14] my_main Recent Stats | t_env:     978000 | Episode:     9780
entropy_loss:              0.0026	ep_length_mean:          100.0000	episode_limit_mean:        1.0000	epsilon:                   0.0500
grad_norm:                20.7152	healthy_machine_fraction_mean:  0.3094	loss:                      0.5001	mi_loss:                   0.0036
q_taken_mean:              1.8334	return_mean:              64.1400	return_median:            64.3000	return_std:                5.6368
target_mean:               1.8704	td_error_abs:              0.5301	test_ep_length_mean:     100.0000	test_episode_limit_mean:   1.0000
test_healthy_machine_fraction_mean:  0.2788	test_return_mean:         72.4437	test_return_median:       72.1000	test_return_std:           6.3511

[INFO 09:48:05] my_main Recent Stats | t_env:     980000 | Episode:     9800
entropy_loss:              0.0026	ep_length_mean:          100.0000	episode_limit_mean:        1.0000	epsilon:                   0.0500
grad_norm:                20.7152	healthy_machine_fraction_mean:  0.3094	loss:                      0.5001	mi_loss:                   0.0036
q_taken_mean:              1.8334	return_mean:              64.1400	return_median:            64.3000	return_std:                5.6368
target_mean:               1.8704	td_error_abs:              0.5301	test_ep_length_mean:     100.0000	test_episode_limit_mean:   1.0000
test_healthy_machine_fraction_mean:  0.2788	test_return_mean:         72.4437	test_return_median:       72.1000	test_return_std:           6.3511

[INFO 09:48:08] my_main Updated target network
[INFO 09:48:08] my_main t_env: 980100 / 2050000
[INFO 09:48:08] my_main Estimated time left: 8 hours, 31 minutes, 20 seconds. Time passed: 7 hours, 43 minutes, 58 seconds
[INFO 09:49:28] my_main Recent Stats | t_env:     982000 | Episode:     9820
entropy_loss:              0.0026	ep_length_mean:          100.0000	episode_limit_mean:        1.0000	epsilon:                   0.0500
grad_norm:                20.7152	healthy_machine_fraction_mean:  0.3036	loss:                      0.5001	mi_loss:                   0.0036
q_taken_mean:              1.8334	return_mean:              64.3620	return_median:            64.6000	return_std:                5.6367
target_mean:               1.8704	td_error_abs:              0.5301	test_ep_length_mean:     100.0000	test_episode_limit_mean:   1.0000
test_healthy_machine_fraction_mean:  0.2837	test_return_mean:         72.6250	test_return_median:       72.1000	test_return_std:           5.9292

[INFO 09:50:20] my_main Recent Stats | t_env:     984000 | Episode:     9840
entropy_loss:              0.0026	ep_length_mean:          100.0000	episode_limit_mean:        1.0000	epsilon:                   0.0500
grad_norm:                20.6110	healthy_machine_fraction_mean:  0.3036	loss:                      0.5020	mi_loss:                   0.0036
q_taken_mean:              1.8427	return_mean:              64.3620	return_median:            64.6000	return_std:                5.6367
target_mean:               1.8795	td_error_abs:              0.5296	test_ep_length_mean:     100.0000	test_episode_limit_mean:   1.0000
test_healthy_machine_fraction_mean:  0.2837	test_return_mean:         72.6250	test_return_median:       72.1000	test_return_std:           5.9292

[INFO 09:51:12] my_main Recent Stats | t_env:     986000 | Episode:     9860
entropy_loss:              0.0026	ep_length_mean:          100.0000	episode_limit_mean:        1.0000	epsilon:                   0.0500
grad_norm:                20.6110	healthy_machine_fraction_mean:  0.3036	loss:                      0.5020	mi_loss:                   0.0036
q_taken_mean:              1.8427	return_mean:              64.3620	return_median:            64.6000	return_std:                5.6367
target_mean:               1.8795	td_error_abs:              0.5296	test_ep_length_mean:     100.0000	test_episode_limit_mean:   1.0000
test_healthy_machine_fraction_mean:  0.2837	test_return_mean:         72.6250	test_return_median:       72.1000	test_return_std:           5.9292

[INFO 09:52:04] my_main Recent Stats | t_env:     988000 | Episode:     9880
entropy_loss:              0.0026	ep_length_mean:          100.0000	episode_limit_mean:        1.0000	epsilon:                   0.0500
grad_norm:                20.6110	healthy_machine_fraction_mean:  0.3036	loss:                      0.5020	mi_loss:                   0.0036
q_taken_mean:              1.8427	return_mean:              64.3620	return_median:            64.6000	return_std:                5.6367
target_mean:               1.8795	td_error_abs:              0.5296	test_ep_length_mean:     100.0000	test_episode_limit_mean:   1.0000
test_healthy_machine_fraction_mean:  0.2837	test_return_mean:         72.6250	test_return_median:       72.1000	test_return_std:           5.9292

[INFO 09:52:55] my_main Recent Stats | t_env:     990000 | Episode:     9900
entropy_loss:              0.0026	ep_length_mean:          100.0000	episode_limit_mean:        1.0000	epsilon:                   0.0500
grad_norm:                20.6110	healthy_machine_fraction_mean:  0.3036	loss:                      0.5020	mi_loss:                   0.0036
q_taken_mean:              1.8427	return_mean:              64.3620	return_median:            64.6000	return_std:                5.6367
target_mean:               1.8795	td_error_abs:              0.5296	test_ep_length_mean:     100.0000	test_episode_limit_mean:   1.0000
test_healthy_machine_fraction_mean:  0.2837	test_return_mean:         72.6250	test_return_median:       72.1000	test_return_std:           5.9292

[INFO 09:52:57] my_main t_env: 990100 / 2050000
[INFO 09:52:57] my_main Estimated time left: 8 hours, 30 minutes, 43 seconds. Time passed: 7 hours, 48 minutes, 47 seconds
[INFO 09:54:17] my_main Recent Stats | t_env:     992000 | Episode:     9920
entropy_loss:              0.0026	ep_length_mean:          100.0000	episode_limit_mean:        1.0000	epsilon:                   0.0500
grad_norm:                20.6110	healthy_machine_fraction_mean:  0.3166	loss:                      0.5020	mi_loss:                   0.0036
q_taken_mean:              1.8427	return_mean:              64.5160	return_median:            64.8000	return_std:                5.7771
target_mean:               1.8795	td_error_abs:              0.5296	test_ep_length_mean:     100.0000	test_episode_limit_mean:   1.0000
test_healthy_machine_fraction_mean:  0.2850	test_return_mean:         72.5625	test_return_median:       71.9000	test_return_std:           6.0364

[INFO 09:55:09] my_main Recent Stats | t_env:     994000 | Episode:     9940
entropy_loss:              0.0026	ep_length_mean:          100.0000	episode_limit_mean:        1.0000	epsilon:                   0.0500
grad_norm:                19.7848	healthy_machine_fraction_mean:  0.3166	loss:                      0.4972	mi_loss:                   0.0035
q_taken_mean:              1.8504	return_mean:              64.5160	return_median:            64.8000	return_std:                5.7771
target_mean:               1.8860	td_error_abs:              0.5258	test_ep_length_mean:     100.0000	test_episode_limit_mean:   1.0000
test_healthy_machine_fraction_mean:  0.2850	test_return_mean:         72.5625	test_return_median:       71.9000	test_return_std:           6.0364

[INFO 09:56:00] my_main Recent Stats | t_env:     996000 | Episode:     9960
entropy_loss:              0.0026	ep_length_mean:          100.0000	episode_limit_mean:        1.0000	epsilon:                   0.0500
grad_norm:                19.7848	healthy_machine_fraction_mean:  0.3166	loss:                      0.4972	mi_loss:                   0.0035
q_taken_mean:              1.8504	return_mean:              64.5160	return_median:            64.8000	return_std:                5.7771
target_mean:               1.8860	td_error_abs:              0.5258	test_ep_length_mean:     100.0000	test_episode_limit_mean:   1.0000
test_healthy_machine_fraction_mean:  0.2850	test_return_mean:         72.5625	test_return_median:       71.9000	test_return_std:           6.0364

[INFO 09:56:52] my_main Recent Stats | t_env:     998000 | Episode:     9980
entropy_loss:              0.0026	ep_length_mean:          100.0000	episode_limit_mean:        1.0000	epsilon:                   0.0500
grad_norm:                19.7848	healthy_machine_fraction_mean:  0.3166	loss:                      0.4972	mi_loss:                   0.0035
q_taken_mean:              1.8504	return_mean:              64.5160	return_median:            64.8000	return_std:                5.7771
target_mean:               1.8860	td_error_abs:              0.5258	test_ep_length_mean:     100.0000	test_episode_limit_mean:   1.0000
test_healthy_machine_fraction_mean:  0.2850	test_return_mean:         72.5625	test_return_median:       71.9000	test_return_std:           6.0364

[INFO 09:57:43] my_main Recent Stats | t_env:    1000000 | Episode:    10000
entropy_loss:              0.0026	ep_length_mean:          100.0000	episode_limit_mean:        1.0000	epsilon:                   0.0500
grad_norm:                19.7848	healthy_machine_fraction_mean:  0.3166	loss:                      0.4972	mi_loss:                   0.0035
q_taken_mean:              1.8504	return_mean:              64.5160	return_median:            64.8000	return_std:                5.7771
target_mean:               1.8860	td_error_abs:              0.5258	test_ep_length_mean:     100.0000	test_episode_limit_mean:   1.0000
test_healthy_machine_fraction_mean:  0.2850	test_return_mean:         72.5625	test_return_median:       71.9000	test_return_std:           6.0364

[INFO 09:57:45] my_main Updated target network
[INFO 09:57:45] my_main t_env: 1000100 / 2050000
[INFO 09:57:45] my_main Estimated time left: 8 hours, 24 minutes, 42 seconds. Time passed: 7 hours, 53 minutes, 36 seconds
[INFO 09:59:06] my_main Recent Stats | t_env:    1002000 | Episode:    10020
entropy_loss:              0.0026	ep_length_mean:          100.0000	episode_limit_mean:        1.0000	epsilon:                   0.0500
grad_norm:                19.7848	healthy_machine_fraction_mean:  0.3018	loss:                      0.4972	mi_loss:                   0.0035
q_taken_mean:              1.8504	return_mean:              64.2280	return_median:            64.4000	return_std:                5.7976
target_mean:               1.8860	td_error_abs:              0.5258	test_ep_length_mean:     100.0000	test_episode_limit_mean:   1.0000
test_healthy_machine_fraction_mean:  0.2956	test_return_mean:         72.6250	test_return_median:       71.9000	test_return_std:           6.4941

[INFO 09:59:57] my_main Recent Stats | t_env:    1004000 | Episode:    10040
entropy_loss:              0.0025	ep_length_mean:          100.0000	episode_limit_mean:        1.0000	epsilon:                   0.0500
grad_norm:                19.8552	healthy_machine_fraction_mean:  0.3018	loss:                      0.5007	mi_loss:                   0.0035
q_taken_mean:              1.8611	return_mean:              64.2280	return_median:            64.4000	return_std:                5.7976
target_mean:               1.8969	td_error_abs:              0.5267	test_ep_length_mean:     100.0000	test_episode_limit_mean:   1.0000
test_healthy_machine_fraction_mean:  0.2956	test_return_mean:         72.6250	test_return_median:       71.9000	test_return_std:           6.4941

[INFO 10:00:44] my_main Recent Stats | t_env:    1006000 | Episode:    10060
entropy_loss:              0.0025	ep_length_mean:          100.0000	episode_limit_mean:        1.0000	epsilon:                   0.0500
grad_norm:                19.8552	healthy_machine_fraction_mean:  0.3018	loss:                      0.5007	mi_loss:                   0.0035
q_taken_mean:              1.8611	return_mean:              64.2280	return_median:            64.4000	return_std:                5.7976
target_mean:               1.8969	td_error_abs:              0.5267	test_ep_length_mean:     100.0000	test_episode_limit_mean:   1.0000
test_healthy_machine_fraction_mean:  0.2956	test_return_mean:         72.6250	test_return_median:       71.9000	test_return_std:           6.4941

[INFO 10:01:36] my_main Recent Stats | t_env:    1008000 | Episode:    10080
entropy_loss:              0.0025	ep_length_mean:          100.0000	episode_limit_mean:        1.0000	epsilon:                   0.0500
grad_norm:                19.8552	healthy_machine_fraction_mean:  0.3018	loss:                      0.5007	mi_loss:                   0.0035
q_taken_mean:              1.8611	return_mean:              64.2280	return_median:            64.4000	return_std:                5.7976
target_mean:               1.8969	td_error_abs:              0.5267	test_ep_length_mean:     100.0000	test_episode_limit_mean:   1.0000
test_healthy_machine_fraction_mean:  0.2956	test_return_mean:         72.6250	test_return_median:       71.9000	test_return_std:           6.4941

[INFO 10:02:26] my_main Recent Stats | t_env:    1010000 | Episode:    10100
entropy_loss:              0.0025	ep_length_mean:          100.0000	episode_limit_mean:        1.0000	epsilon:                   0.0500
grad_norm:                19.8552	healthy_machine_fraction_mean:  0.3018	loss:                      0.5007	mi_loss:                   0.0035
q_taken_mean:              1.8611	return_mean:              64.2280	return_median:            64.4000	return_std:                5.7976
target_mean:               1.8969	td_error_abs:              0.5267	test_ep_length_mean:     100.0000	test_episode_limit_mean:   1.0000
test_healthy_machine_fraction_mean:  0.2956	test_return_mean:         72.6250	test_return_median:       71.9000	test_return_std:           6.4941

[INFO 10:02:28] my_main t_env: 1010100 / 2050000
[INFO 10:02:28] my_main Estimated time left: 8 hours, 10 minutes, 33 seconds. Time passed: 7 hours, 58 minutes, 19 seconds
[INFO 10:03:48] my_main Recent Stats | t_env:    1012000 | Episode:    10120
entropy_loss:              0.0025	ep_length_mean:          100.0000	episode_limit_mean:        1.0000	epsilon:                   0.0500
grad_norm:                19.8552	healthy_machine_fraction_mean:  0.2934	loss:                      0.5007	mi_loss:                   0.0035
q_taken_mean:              1.8611	return_mean:              63.8500	return_median:            64.0000	return_std:                6.1092
target_mean:               1.8969	td_error_abs:              0.5267	test_ep_length_mean:     100.0000	test_episode_limit_mean:   1.0000
test_healthy_machine_fraction_mean:  0.2713	test_return_mean:         72.2188	test_return_median:       71.8000	test_return_std:           6.1549

[INFO 10:04:39] my_main Recent Stats | t_env:    1014000 | Episode:    10140
entropy_loss:              0.0025	ep_length_mean:          100.0000	episode_limit_mean:        1.0000	epsilon:                   0.0500
grad_norm:                20.0015	healthy_machine_fraction_mean:  0.2934	loss:                      0.4978	mi_loss:                   0.0035
q_taken_mean:              1.8664	return_mean:              63.8500	return_median:            64.0000	return_std:                6.1092
target_mean:               1.9023	td_error_abs:              0.5275	test_ep_length_mean:     100.0000	test_episode_limit_mean:   1.0000
test_healthy_machine_fraction_mean:  0.2713	test_return_mean:         72.2188	test_return_median:       71.8000	test_return_std:           6.1549

[INFO 10:05:31] my_main Recent Stats | t_env:    1016000 | Episode:    10160
entropy_loss:              0.0025	ep_length_mean:          100.0000	episode_limit_mean:        1.0000	epsilon:                   0.0500
grad_norm:                20.0015	healthy_machine_fraction_mean:  0.2934	loss:                      0.4978	mi_loss:                   0.0035
q_taken_mean:              1.8664	return_mean:              63.8500	return_median:            64.0000	return_std:                6.1092
target_mean:               1.9023	td_error_abs:              0.5275	test_ep_length_mean:     100.0000	test_episode_limit_mean:   1.0000
test_healthy_machine_fraction_mean:  0.2713	test_return_mean:         72.2188	test_return_median:       71.8000	test_return_std:           6.1549

[INFO 10:06:22] my_main Recent Stats | t_env:    1018000 | Episode:    10180
entropy_loss:              0.0025	ep_length_mean:          100.0000	episode_limit_mean:        1.0000	epsilon:                   0.0500
grad_norm:                20.0015	healthy_machine_fraction_mean:  0.2934	loss:                      0.4978	mi_loss:                   0.0035
q_taken_mean:              1.8664	return_mean:              63.8500	return_median:            64.0000	return_std:                6.1092
target_mean:               1.9023	td_error_abs:              0.5275	test_ep_length_mean:     100.0000	test_episode_limit_mean:   1.0000
test_healthy_machine_fraction_mean:  0.2713	test_return_mean:         72.2188	test_return_median:       71.8000	test_return_std:           6.1549

[INFO 10:07:13] my_main Recent Stats | t_env:    1020000 | Episode:    10200
entropy_loss:              0.0025	ep_length_mean:          100.0000	episode_limit_mean:        1.0000	epsilon:                   0.0500
grad_norm:                20.0015	healthy_machine_fraction_mean:  0.2934	loss:                      0.4978	mi_loss:                   0.0035
q_taken_mean:              1.8664	return_mean:              63.8500	return_median:            64.0000	return_std:                6.1092
target_mean:               1.9023	td_error_abs:              0.5275	test_ep_length_mean:     100.0000	test_episode_limit_mean:   1.0000
test_healthy_machine_fraction_mean:  0.2713	test_return_mean:         72.2188	test_return_median:       71.8000	test_return_std:           6.1549

[INFO 10:07:16] my_main Updated target network
[INFO 10:07:16] my_main t_env: 1020100 / 2050000
[INFO 10:07:16] my_main Estimated time left: 8 hours, 12 minutes, 56 seconds. Time passed: 8 hours, 3 minutes, 6 seconds
[INFO 10:08:36] my_main Recent Stats | t_env:    1022000 | Episode:    10220
entropy_loss:              0.0025	ep_length_mean:          100.0000	episode_limit_mean:        1.0000	epsilon:                   0.0500
grad_norm:                20.0015	healthy_machine_fraction_mean:  0.2982	loss:                      0.4978	mi_loss:                   0.0035
q_taken_mean:              1.8664	return_mean:              64.2800	return_median:            64.5000	return_std:                6.1607
target_mean:               1.9023	td_error_abs:              0.5275	test_ep_length_mean:     100.0000	test_episode_limit_mean:   1.0000
test_healthy_machine_fraction_mean:  0.2700	test_return_mean:         71.6875	test_return_median:       71.5000	test_return_std:           6.5571

[INFO 10:09:28] my_main Recent Stats | t_env:    1024000 | Episode:    10240
entropy_loss:              0.0025	ep_length_mean:          100.0000	episode_limit_mean:        1.0000	epsilon:                   0.0500
grad_norm:                18.7649	healthy_machine_fraction_mean:  0.2982	loss:                      0.4813	mi_loss:                   0.0035
q_taken_mean:              1.8788	return_mean:              64.2800	return_median:            64.5000	return_std:                6.1607
target_mean:               1.9126	td_error_abs:              0.5189	test_ep_length_mean:     100.0000	test_episode_limit_mean:   1.0000
test_healthy_machine_fraction_mean:  0.2700	test_return_mean:         71.6875	test_return_median:       71.5000	test_return_std:           6.5571

[INFO 10:10:20] my_main Recent Stats | t_env:    1026000 | Episode:    10260
entropy_loss:              0.0025	ep_length_mean:          100.0000	episode_limit_mean:        1.0000	epsilon:                   0.0500
grad_norm:                18.7649	healthy_machine_fraction_mean:  0.2982	loss:                      0.4813	mi_loss:                   0.0035
q_taken_mean:              1.8788	return_mean:              64.2800	return_median:            64.5000	return_std:                6.1607
target_mean:               1.9126	td_error_abs:              0.5189	test_ep_length_mean:     100.0000	test_episode_limit_mean:   1.0000
test_healthy_machine_fraction_mean:  0.2700	test_return_mean:         71.6875	test_return_median:       71.5000	test_return_std:           6.5571

[INFO 10:11:12] my_main Recent Stats | t_env:    1028000 | Episode:    10280
entropy_loss:              0.0025	ep_length_mean:          100.0000	episode_limit_mean:        1.0000	epsilon:                   0.0500
grad_norm:                18.7649	healthy_machine_fraction_mean:  0.2982	loss:                      0.4813	mi_loss:                   0.0035
q_taken_mean:              1.8788	return_mean:              64.2800	return_median:            64.5000	return_std:                6.1607
target_mean:               1.9126	td_error_abs:              0.5189	test_ep_length_mean:     100.0000	test_episode_limit_mean:   1.0000
test_healthy_machine_fraction_mean:  0.2700	test_return_mean:         71.6875	test_return_median:       71.5000	test_return_std:           6.5571

[INFO 10:12:03] my_main Recent Stats | t_env:    1030000 | Episode:    10300
entropy_loss:              0.0025	ep_length_mean:          100.0000	episode_limit_mean:        1.0000	epsilon:                   0.0500
grad_norm:                18.7649	healthy_machine_fraction_mean:  0.2982	loss:                      0.4813	mi_loss:                   0.0035
q_taken_mean:              1.8788	return_mean:              64.2800	return_median:            64.5000	return_std:                6.1607
target_mean:               1.9126	td_error_abs:              0.5189	test_ep_length_mean:     100.0000	test_episode_limit_mean:   1.0000
test_healthy_machine_fraction_mean:  0.2700	test_return_mean:         71.6875	test_return_median:       71.5000	test_return_std:           6.5571

[INFO 10:12:05] my_main t_env: 1030100 / 2050000
[INFO 10:12:05] my_main Estimated time left: 8 hours, 11 minutes, 49 seconds. Time passed: 8 hours, 7 minutes, 55 seconds
[INFO 10:13:26] my_main Recent Stats | t_env:    1032000 | Episode:    10320
entropy_loss:              0.0025	ep_length_mean:          100.0000	episode_limit_mean:        1.0000	epsilon:                   0.0500
grad_norm:                18.7649	healthy_machine_fraction_mean:  0.2816	loss:                      0.4813	mi_loss:                   0.0035
q_taken_mean:              1.8788	return_mean:              63.5060	return_median:            63.6000	return_std:                6.0991
target_mean:               1.9126	td_error_abs:              0.5189	test_ep_length_mean:     100.0000	test_episode_limit_mean:   1.0000
test_healthy_machine_fraction_mean:  0.2631	test_return_mean:         71.2875	test_return_median:       71.5000	test_return_std:           6.7018

[INFO 10:14:18] my_main Recent Stats | t_env:    1034000 | Episode:    10340
entropy_loss:              0.0025	ep_length_mean:          100.0000	episode_limit_mean:        1.0000	epsilon:                   0.0500
grad_norm:                19.2233	healthy_machine_fraction_mean:  0.2816	loss:                      0.4847	mi_loss:                   0.0035
q_taken_mean:              1.8866	return_mean:              63.5060	return_median:            63.6000	return_std:                6.0991
target_mean:               1.9211	td_error_abs:              0.5207	test_ep_length_mean:     100.0000	test_episode_limit_mean:   1.0000
test_healthy_machine_fraction_mean:  0.2631	test_return_mean:         71.2875	test_return_median:       71.5000	test_return_std:           6.7018

[INFO 10:15:10] my_main Recent Stats | t_env:    1036000 | Episode:    10360
entropy_loss:              0.0025	ep_length_mean:          100.0000	episode_limit_mean:        1.0000	epsilon:                   0.0500
grad_norm:                19.2233	healthy_machine_fraction_mean:  0.2816	loss:                      0.4847	mi_loss:                   0.0035
q_taken_mean:              1.8866	return_mean:              63.5060	return_median:            63.6000	return_std:                6.0991
target_mean:               1.9211	td_error_abs:              0.5207	test_ep_length_mean:     100.0000	test_episode_limit_mean:   1.0000
test_healthy_machine_fraction_mean:  0.2631	test_return_mean:         71.2875	test_return_median:       71.5000	test_return_std:           6.7018

[INFO 10:16:01] my_main Recent Stats | t_env:    1038000 | Episode:    10380
entropy_loss:              0.0025	ep_length_mean:          100.0000	episode_limit_mean:        1.0000	epsilon:                   0.0500
grad_norm:                19.2233	healthy_machine_fraction_mean:  0.2816	loss:                      0.4847	mi_loss:                   0.0035
q_taken_mean:              1.8866	return_mean:              63.5060	return_median:            63.6000	return_std:                6.0991
target_mean:               1.9211	td_error_abs:              0.5207	test_ep_length_mean:     100.0000	test_episode_limit_mean:   1.0000
test_healthy_machine_fraction_mean:  0.2631	test_return_mean:         71.2875	test_return_median:       71.5000	test_return_std:           6.7018

[INFO 10:16:52] my_main Recent Stats | t_env:    1040000 | Episode:    10400
entropy_loss:              0.0025	ep_length_mean:          100.0000	episode_limit_mean:        1.0000	epsilon:                   0.0500
grad_norm:                19.2233	healthy_machine_fraction_mean:  0.2816	loss:                      0.4847	mi_loss:                   0.0035
q_taken_mean:              1.8866	return_mean:              63.5060	return_median:            63.6000	return_std:                6.0991
target_mean:               1.9211	td_error_abs:              0.5207	test_ep_length_mean:     100.0000	test_episode_limit_mean:   1.0000
test_healthy_machine_fraction_mean:  0.2631	test_return_mean:         71.2875	test_return_median:       71.5000	test_return_std:           6.7018

[INFO 10:16:54] my_main Updated target network
[INFO 10:16:54] my_main t_env: 1040100 / 2050000
[INFO 10:16:54] my_main Estimated time left: 8 hours, 6 minutes, 55 seconds. Time passed: 8 hours, 12 minutes, 44 seconds
[INFO 10:18:15] my_main Recent Stats | t_env:    1042000 | Episode:    10420
entropy_loss:              0.0025	ep_length_mean:          100.0000	episode_limit_mean:        1.0000	epsilon:                   0.0500
grad_norm:                19.2233	healthy_machine_fraction_mean:  0.2686	loss:                      0.4847	mi_loss:                   0.0035
q_taken_mean:              1.8866	return_mean:              63.2440	return_median:            63.1000	return_std:                6.0145
target_mean:               1.9211	td_error_abs:              0.5207	test_ep_length_mean:     100.0000	test_episode_limit_mean:   1.0000
test_healthy_machine_fraction_mean:  0.2287	test_return_mean:         69.5812	test_return_median:       70.0000	test_return_std:           6.4668

[INFO 10:19:06] my_main Recent Stats | t_env:    1044000 | Episode:    10440
entropy_loss:              0.0025	ep_length_mean:          100.0000	episode_limit_mean:        1.0000	epsilon:                   0.0500
grad_norm:                18.9047	healthy_machine_fraction_mean:  0.2686	loss:                      0.4790	mi_loss:                   0.0035
q_taken_mean:              1.9000	return_mean:              63.2440	return_median:            63.1000	return_std:                6.0145
target_mean:               1.9338	td_error_abs:              0.5173	test_ep_length_mean:     100.0000	test_episode_limit_mean:   1.0000
test_healthy_machine_fraction_mean:  0.2287	test_return_mean:         69.5812	test_return_median:       70.0000	test_return_std:           6.4668

[INFO 10:19:59] my_main Recent Stats | t_env:    1046000 | Episode:    10460
entropy_loss:              0.0025	ep_length_mean:          100.0000	episode_limit_mean:        1.0000	epsilon:                   0.0500
grad_norm:                18.9047	healthy_machine_fraction_mean:  0.2686	loss:                      0.4790	mi_loss:                   0.0035
q_taken_mean:              1.9000	return_mean:              63.2440	return_median:            63.1000	return_std:                6.0145
target_mean:               1.9338	td_error_abs:              0.5173	test_ep_length_mean:     100.0000	test_episode_limit_mean:   1.0000
test_healthy_machine_fraction_mean:  0.2287	test_return_mean:         69.5812	test_return_median:       70.0000	test_return_std:           6.4668

[INFO 10:20:50] my_main Recent Stats | t_env:    1048000 | Episode:    10480
entropy_loss:              0.0025	ep_length_mean:          100.0000	episode_limit_mean:        1.0000	epsilon:                   0.0500
grad_norm:                18.9047	healthy_machine_fraction_mean:  0.2686	loss:                      0.4790	mi_loss:                   0.0035
q_taken_mean:              1.9000	return_mean:              63.2440	return_median:            63.1000	return_std:                6.0145
target_mean:               1.9338	td_error_abs:              0.5173	test_ep_length_mean:     100.0000	test_episode_limit_mean:   1.0000
test_healthy_machine_fraction_mean:  0.2287	test_return_mean:         69.5812	test_return_median:       70.0000	test_return_std:           6.4668

[INFO 10:21:41] my_main Recent Stats | t_env:    1050000 | Episode:    10500
entropy_loss:              0.0025	ep_length_mean:          100.0000	episode_limit_mean:        1.0000	epsilon:                   0.0500
grad_norm:                18.9047	healthy_machine_fraction_mean:  0.2686	loss:                      0.4790	mi_loss:                   0.0035
q_taken_mean:              1.9000	return_mean:              63.2440	return_median:            63.1000	return_std:                6.0145
target_mean:               1.9338	td_error_abs:              0.5173	test_ep_length_mean:     100.0000	test_episode_limit_mean:   1.0000
test_healthy_machine_fraction_mean:  0.2287	test_return_mean:         69.5812	test_return_median:       70.0000	test_return_std:           6.4668

[INFO 10:21:43] my_main t_env: 1050100 / 2050000
[INFO 10:21:43] my_main Estimated time left: 8 hours, 1 minutes, 25 seconds. Time passed: 8 hours, 17 minutes, 33 seconds
[INFO 10:23:03] my_main Recent Stats | t_env:    1052000 | Episode:    10520
entropy_loss:              0.0025	ep_length_mean:          100.0000	episode_limit_mean:        1.0000	epsilon:                   0.0500
grad_norm:                18.9047	healthy_machine_fraction_mean:  0.2624	loss:                      0.4790	mi_loss:                   0.0035
q_taken_mean:              1.9000	return_mean:              62.9440	return_median:            62.9000	return_std:                6.3193
target_mean:               1.9338	td_error_abs:              0.5173	test_ep_length_mean:     100.0000	test_episode_limit_mean:   1.0000
test_healthy_machine_fraction_mean:  0.2119	test_return_mean:         68.8500	test_return_median:       69.1000	test_return_std:           6.0630

[INFO 10:23:55] my_main Recent Stats | t_env:    1054000 | Episode:    10540
entropy_loss:              0.0025	ep_length_mean:          100.0000	episode_limit_mean:        1.0000	epsilon:                   0.0500
grad_norm:                18.7182	healthy_machine_fraction_mean:  0.2624	loss:                      0.4736	mi_loss:                   0.0035
q_taken_mean:              1.9069	return_mean:              62.9440	return_median:            62.9000	return_std:                6.3193
target_mean:               1.9403	td_error_abs:              0.5127	test_ep_length_mean:     100.0000	test_episode_limit_mean:   1.0000
test_healthy_machine_fraction_mean:  0.2119	test_return_mean:         68.8500	test_return_median:       69.1000	test_return_std:           6.0630

[INFO 10:24:47] my_main Recent Stats | t_env:    1056000 | Episode:    10560
entropy_loss:              0.0025	ep_length_mean:          100.0000	episode_limit_mean:        1.0000	epsilon:                   0.0500
grad_norm:                18.7182	healthy_machine_fraction_mean:  0.2624	loss:                      0.4736	mi_loss:                   0.0035
q_taken_mean:              1.9069	return_mean:              62.9440	return_median:            62.9000	return_std:                6.3193
target_mean:               1.9403	td_error_abs:              0.5127	test_ep_length_mean:     100.0000	test_episode_limit_mean:   1.0000
test_healthy_machine_fraction_mean:  0.2119	test_return_mean:         68.8500	test_return_median:       69.1000	test_return_std:           6.0630

[INFO 10:25:38] my_main Recent Stats | t_env:    1058000 | Episode:    10580
entropy_loss:              0.0025	ep_length_mean:          100.0000	episode_limit_mean:        1.0000	epsilon:                   0.0500
grad_norm:                18.7182	healthy_machine_fraction_mean:  0.2624	loss:                      0.4736	mi_loss:                   0.0035
q_taken_mean:              1.9069	return_mean:              62.9440	return_median:            62.9000	return_std:                6.3193
target_mean:               1.9403	td_error_abs:              0.5127	test_ep_length_mean:     100.0000	test_episode_limit_mean:   1.0000
test_healthy_machine_fraction_mean:  0.2119	test_return_mean:         68.8500	test_return_median:       69.1000	test_return_std:           6.0630

[INFO 10:26:28] my_main Recent Stats | t_env:    1060000 | Episode:    10600
entropy_loss:              0.0025	ep_length_mean:          100.0000	episode_limit_mean:        1.0000	epsilon:                   0.0500
grad_norm:                18.7182	healthy_machine_fraction_mean:  0.2624	loss:                      0.4736	mi_loss:                   0.0035
q_taken_mean:              1.9069	return_mean:              62.9440	return_median:            62.9000	return_std:                6.3193
target_mean:               1.9403	td_error_abs:              0.5127	test_ep_length_mean:     100.0000	test_episode_limit_mean:   1.0000
test_healthy_machine_fraction_mean:  0.2119	test_return_mean:         68.8500	test_return_median:       69.1000	test_return_std:           6.0630

[INFO 10:26:31] my_main Updated target network
[INFO 10:26:31] my_main t_env: 1060100 / 2050000
[INFO 10:26:31] my_main Estimated time left: 7 hours, 54 minutes, 39 seconds. Time passed: 8 hours, 22 minutes, 21 seconds
[INFO 10:27:51] my_main Recent Stats | t_env:    1062000 | Episode:    10620
entropy_loss:              0.0025	ep_length_mean:          100.0000	episode_limit_mean:        1.0000	epsilon:                   0.0500
grad_norm:                18.7182	healthy_machine_fraction_mean:  0.2454	loss:                      0.4736	mi_loss:                   0.0035
q_taken_mean:              1.9069	return_mean:              62.6620	return_median:            62.8000	return_std:                6.1421
target_mean:               1.9403	td_error_abs:              0.5127	test_ep_length_mean:     100.0000	test_episode_limit_mean:   1.0000
test_healthy_machine_fraction_mean:  0.2125	test_return_mean:         68.8750	test_return_median:       69.3000	test_return_std:           5.7664

[INFO 10:28:43] my_main Recent Stats | t_env:    1064000 | Episode:    10640
entropy_loss:              0.0024	ep_length_mean:          100.0000	episode_limit_mean:        1.0000	epsilon:                   0.0500
grad_norm:                17.7673	healthy_machine_fraction_mean:  0.2454	loss:                      0.4486	mi_loss:                   0.0035
q_taken_mean:              1.9199	return_mean:              62.6620	return_median:            62.8000	return_std:                6.1421
target_mean:               1.9516	td_error_abs:              0.4980	test_ep_length_mean:     100.0000	test_episode_limit_mean:   1.0000
test_healthy_machine_fraction_mean:  0.2125	test_return_mean:         68.8750	test_return_median:       69.3000	test_return_std:           5.7664

[INFO 10:29:35] my_main Recent Stats | t_env:    1066000 | Episode:    10660
entropy_loss:              0.0024	ep_length_mean:          100.0000	episode_limit_mean:        1.0000	epsilon:                   0.0500
grad_norm:                17.7673	healthy_machine_fraction_mean:  0.2454	loss:                      0.4486	mi_loss:                   0.0035
q_taken_mean:              1.9199	return_mean:              62.6620	return_median:            62.8000	return_std:                6.1421
target_mean:               1.9516	td_error_abs:              0.4980	test_ep_length_mean:     100.0000	test_episode_limit_mean:   1.0000
test_healthy_machine_fraction_mean:  0.2125	test_return_mean:         68.8750	test_return_median:       69.3000	test_return_std:           5.7664

[INFO 10:30:27] my_main Recent Stats | t_env:    1068000 | Episode:    10680
entropy_loss:              0.0024	ep_length_mean:          100.0000	episode_limit_mean:        1.0000	epsilon:                   0.0500
grad_norm:                17.7673	healthy_machine_fraction_mean:  0.2454	loss:                      0.4486	mi_loss:                   0.0035
q_taken_mean:              1.9199	return_mean:              62.6620	return_median:            62.8000	return_std:                6.1421
target_mean:               1.9516	td_error_abs:              0.4980	test_ep_length_mean:     100.0000	test_episode_limit_mean:   1.0000
test_healthy_machine_fraction_mean:  0.2125	test_return_mean:         68.8750	test_return_median:       69.3000	test_return_std:           5.7664

[INFO 10:31:17] my_main Recent Stats | t_env:    1070000 | Episode:    10700
entropy_loss:              0.0024	ep_length_mean:          100.0000	episode_limit_mean:        1.0000	epsilon:                   0.0500
grad_norm:                17.7673	healthy_machine_fraction_mean:  0.2454	loss:                      0.4486	mi_loss:                   0.0035
q_taken_mean:              1.9199	return_mean:              62.6620	return_median:            62.8000	return_std:                6.1421
target_mean:               1.9516	td_error_abs:              0.4980	test_ep_length_mean:     100.0000	test_episode_limit_mean:   1.0000
test_healthy_machine_fraction_mean:  0.2125	test_return_mean:         68.8750	test_return_median:       69.3000	test_return_std:           5.7664

[INFO 10:31:19] my_main t_env: 1070100 / 2050000
[INFO 10:31:19] my_main Estimated time left: 7 hours, 51 minutes, 22 seconds. Time passed: 8 hours, 27 minutes, 10 seconds
[INFO 10:32:40] my_main Recent Stats | t_env:    1072000 | Episode:    10720
entropy_loss:              0.0024	ep_length_mean:          100.0000	episode_limit_mean:        1.0000	epsilon:                   0.0500
grad_norm:                17.7673	healthy_machine_fraction_mean:  0.2300	loss:                      0.4486	mi_loss:                   0.0035
q_taken_mean:              1.9199	return_mean:              62.2560	return_median:            62.3000	return_std:                6.2244
target_mean:               1.9516	td_error_abs:              0.4980	test_ep_length_mean:     100.0000	test_episode_limit_mean:   1.0000
test_healthy_machine_fraction_mean:  0.2063	test_return_mean:         68.9500	test_return_median:       69.3000	test_return_std:           5.5133

[INFO 10:33:32] my_main Recent Stats | t_env:    1074000 | Episode:    10740
entropy_loss:              0.0024	ep_length_mean:          100.0000	episode_limit_mean:        1.0000	epsilon:                   0.0500
grad_norm:                19.0082	healthy_machine_fraction_mean:  0.2300	loss:                      0.4495	mi_loss:                   0.0034
q_taken_mean:              1.9250	return_mean:              62.2560	return_median:            62.3000	return_std:                6.2244
target_mean:               1.9589	td_error_abs:              0.4995	test_ep_length_mean:     100.0000	test_episode_limit_mean:   1.0000
test_healthy_machine_fraction_mean:  0.2063	test_return_mean:         68.9500	test_return_median:       69.3000	test_return_std:           5.5133

[INFO 10:34:23] my_main Recent Stats | t_env:    1076000 | Episode:    10760
entropy_loss:              0.0024	ep_length_mean:          100.0000	episode_limit_mean:        1.0000	epsilon:                   0.0500
grad_norm:                19.0082	healthy_machine_fraction_mean:  0.2300	loss:                      0.4495	mi_loss:                   0.0034
q_taken_mean:              1.9250	return_mean:              62.2560	return_median:            62.3000	return_std:                6.2244
target_mean:               1.9589	td_error_abs:              0.4995	test_ep_length_mean:     100.0000	test_episode_limit_mean:   1.0000
test_healthy_machine_fraction_mean:  0.2063	test_return_mean:         68.9500	test_return_median:       69.3000	test_return_std:           5.5133

[INFO 10:35:15] my_main Recent Stats | t_env:    1078000 | Episode:    10780
entropy_loss:              0.0024	ep_length_mean:          100.0000	episode_limit_mean:        1.0000	epsilon:                   0.0500
grad_norm:                19.0082	healthy_machine_fraction_mean:  0.2300	loss:                      0.4495	mi_loss:                   0.0034
q_taken_mean:              1.9250	return_mean:              62.2560	return_median:            62.3000	return_std:                6.2244
target_mean:               1.9589	td_error_abs:              0.4995	test_ep_length_mean:     100.0000	test_episode_limit_mean:   1.0000
test_healthy_machine_fraction_mean:  0.2063	test_return_mean:         68.9500	test_return_median:       69.3000	test_return_std:           5.5133

[INFO 10:36:05] my_main Recent Stats | t_env:    1080000 | Episode:    10800
entropy_loss:              0.0024	ep_length_mean:          100.0000	episode_limit_mean:        1.0000	epsilon:                   0.0500
grad_norm:                19.0082	healthy_machine_fraction_mean:  0.2300	loss:                      0.4495	mi_loss:                   0.0034
q_taken_mean:              1.9250	return_mean:              62.2560	return_median:            62.3000	return_std:                6.2244
target_mean:               1.9589	td_error_abs:              0.4995	test_ep_length_mean:     100.0000	test_episode_limit_mean:   1.0000
test_healthy_machine_fraction_mean:  0.2063	test_return_mean:         68.9500	test_return_median:       69.3000	test_return_std:           5.5133

[INFO 10:36:08] my_main Updated target network
[INFO 10:36:08] my_main t_env: 1080100 / 2050000
[INFO 10:36:08] my_main Estimated time left: 7 hours, 46 minutes, 6 seconds. Time passed: 8 hours, 31 minutes, 58 seconds
[INFO 10:37:23] my_main Recent Stats | t_env:    1082000 | Episode:    10820
entropy_loss:              0.0024	ep_length_mean:          100.0000	episode_limit_mean:        1.0000	epsilon:                   0.0500
grad_norm:                19.0082	healthy_machine_fraction_mean:  0.2388	loss:                      0.4495	mi_loss:                   0.0034
q_taken_mean:              1.9250	return_mean:              63.0280	return_median:            63.2000	return_std:                6.2157
target_mean:               1.9589	td_error_abs:              0.4995	test_ep_length_mean:     100.0000	test_episode_limit_mean:   1.0000
test_healthy_machine_fraction_mean:  0.2044	test_return_mean:         69.2875	test_return_median:       69.2000	test_return_std:           5.4370

[INFO 10:38:15] my_main Recent Stats | t_env:    1084000 | Episode:    10840
entropy_loss:              0.0024	ep_length_mean:          100.0000	episode_limit_mean:        1.0000	epsilon:                   0.0500
grad_norm:                19.3247	healthy_machine_fraction_mean:  0.2388	loss:                      0.4458	mi_loss:                   0.0034
q_taken_mean:              1.9358	return_mean:              63.0280	return_median:            63.2000	return_std:                6.2157
target_mean:               1.9703	td_error_abs:              0.5001	test_ep_length_mean:     100.0000	test_episode_limit_mean:   1.0000
test_healthy_machine_fraction_mean:  0.2044	test_return_mean:         69.2875	test_return_median:       69.2000	test_return_std:           5.4370

[INFO 10:39:06] my_main Recent Stats | t_env:    1086000 | Episode:    10860
entropy_loss:              0.0024	ep_length_mean:          100.0000	episode_limit_mean:        1.0000	epsilon:                   0.0500
grad_norm:                19.3247	healthy_machine_fraction_mean:  0.2388	loss:                      0.4458	mi_loss:                   0.0034
q_taken_mean:              1.9358	return_mean:              63.0280	return_median:            63.2000	return_std:                6.2157
target_mean:               1.9703	td_error_abs:              0.5001	test_ep_length_mean:     100.0000	test_episode_limit_mean:   1.0000
test_healthy_machine_fraction_mean:  0.2044	test_return_mean:         69.2875	test_return_median:       69.2000	test_return_std:           5.4370

[INFO 10:39:58] my_main Recent Stats | t_env:    1088000 | Episode:    10880
entropy_loss:              0.0024	ep_length_mean:          100.0000	episode_limit_mean:        1.0000	epsilon:                   0.0500
grad_norm:                19.3247	healthy_machine_fraction_mean:  0.2388	loss:                      0.4458	mi_loss:                   0.0034
q_taken_mean:              1.9358	return_mean:              63.0280	return_median:            63.2000	return_std:                6.2157
target_mean:               1.9703	td_error_abs:              0.5001	test_ep_length_mean:     100.0000	test_episode_limit_mean:   1.0000
test_healthy_machine_fraction_mean:  0.2044	test_return_mean:         69.2875	test_return_median:       69.2000	test_return_std:           5.4370

[INFO 10:40:48] my_main Recent Stats | t_env:    1090000 | Episode:    10900
entropy_loss:              0.0024	ep_length_mean:          100.0000	episode_limit_mean:        1.0000	epsilon:                   0.0500
grad_norm:                19.3247	healthy_machine_fraction_mean:  0.2388	loss:                      0.4458	mi_loss:                   0.0034
q_taken_mean:              1.9358	return_mean:              63.0280	return_median:            63.2000	return_std:                6.2157
target_mean:               1.9703	td_error_abs:              0.5001	test_ep_length_mean:     100.0000	test_episode_limit_mean:   1.0000
test_healthy_machine_fraction_mean:  0.2044	test_return_mean:         69.2875	test_return_median:       69.2000	test_return_std:           5.4370

[INFO 10:40:51] my_main t_env: 1090100 / 2050000
[INFO 10:40:51] my_main Estimated time left: 7 hours, 32 minutes, 33 seconds. Time passed: 8 hours, 36 minutes, 41 seconds
[INFO 10:42:11] my_main Recent Stats | t_env:    1092000 | Episode:    10920
entropy_loss:              0.0024	ep_length_mean:          100.0000	episode_limit_mean:        1.0000	epsilon:                   0.0500
grad_norm:                19.3247	healthy_machine_fraction_mean:  0.2452	loss:                      0.4458	mi_loss:                   0.0034
q_taken_mean:              1.9358	return_mean:              63.5380	return_median:            63.7000	return_std:                6.2975
target_mean:               1.9703	td_error_abs:              0.5001	test_ep_length_mean:     100.0000	test_episode_limit_mean:   1.0000
test_healthy_machine_fraction_mean:  0.2056	test_return_mean:         70.1688	test_return_median:       70.3000	test_return_std:           5.9255

[INFO 10:43:04] my_main Recent Stats | t_env:    1094000 | Episode:    10940
entropy_loss:              0.0024	ep_length_mean:          100.0000	episode_limit_mean:        1.0000	epsilon:                   0.0500
grad_norm:                19.8040	healthy_machine_fraction_mean:  0.2452	loss:                      0.4439	mi_loss:                   0.0034
q_taken_mean:              1.9415	return_mean:              63.5380	return_median:            63.7000	return_std:                6.2975
target_mean:               1.9767	td_error_abs:              0.5024	test_ep_length_mean:     100.0000	test_episode_limit_mean:   1.0000
test_healthy_machine_fraction_mean:  0.2056	test_return_mean:         70.1688	test_return_median:       70.3000	test_return_std:           5.9255

[INFO 10:43:56] my_main Recent Stats | t_env:    1096000 | Episode:    10960
entropy_loss:              0.0024	ep_length_mean:          100.0000	episode_limit_mean:        1.0000	epsilon:                   0.0500
grad_norm:                19.8040	healthy_machine_fraction_mean:  0.2452	loss:                      0.4439	mi_loss:                   0.0034
q_taken_mean:              1.9415	return_mean:              63.5380	return_median:            63.7000	return_std:                6.2975
target_mean:               1.9767	td_error_abs:              0.5024	test_ep_length_mean:     100.0000	test_episode_limit_mean:   1.0000
test_healthy_machine_fraction_mean:  0.2056	test_return_mean:         70.1688	test_return_median:       70.3000	test_return_std:           5.9255

[INFO 10:44:48] my_main Recent Stats | t_env:    1098000 | Episode:    10980
entropy_loss:              0.0024	ep_length_mean:          100.0000	episode_limit_mean:        1.0000	epsilon:                   0.0500
grad_norm:                19.8040	healthy_machine_fraction_mean:  0.2452	loss:                      0.4439	mi_loss:                   0.0034
q_taken_mean:              1.9415	return_mean:              63.5380	return_median:            63.7000	return_std:                6.2975
target_mean:               1.9767	td_error_abs:              0.5024	test_ep_length_mean:     100.0000	test_episode_limit_mean:   1.0000
test_healthy_machine_fraction_mean:  0.2056	test_return_mean:         70.1688	test_return_median:       70.3000	test_return_std:           5.9255

[INFO 10:45:38] my_main Recent Stats | t_env:    1100000 | Episode:    11000
entropy_loss:              0.0024	ep_length_mean:          100.0000	episode_limit_mean:        1.0000	epsilon:                   0.0500
grad_norm:                19.8040	healthy_machine_fraction_mean:  0.2452	loss:                      0.4439	mi_loss:                   0.0034
q_taken_mean:              1.9415	return_mean:              63.5380	return_median:            63.7000	return_std:                6.2975
target_mean:               1.9767	td_error_abs:              0.5024	test_ep_length_mean:     100.0000	test_episode_limit_mean:   1.0000
test_healthy_machine_fraction_mean:  0.2056	test_return_mean:         70.1688	test_return_median:       70.3000	test_return_std:           5.9255

[INFO 10:45:41] my_main Updated target network
[INFO 10:45:41] my_main t_env: 1100100 / 2050000
[INFO 10:45:41] my_main Estimated time left: 7 hours, 39 minutes, 45 seconds. Time passed: 8 hours, 41 minutes, 31 seconds
[INFO 10:47:02] my_main Recent Stats | t_env:    1102000 | Episode:    11020
entropy_loss:              0.0024	ep_length_mean:          100.0000	episode_limit_mean:        1.0000	epsilon:                   0.0500
grad_norm:                19.8040	healthy_machine_fraction_mean:  0.2466	loss:                      0.4439	mi_loss:                   0.0034
q_taken_mean:              1.9415	return_mean:              63.8440	return_median:            63.9000	return_std:                6.1425
target_mean:               1.9767	td_error_abs:              0.5024	test_ep_length_mean:     100.0000	test_episode_limit_mean:   1.0000
test_healthy_machine_fraction_mean:  0.2219	test_return_mean:         70.8812	test_return_median:       71.1000	test_return_std:           5.9152

[INFO 10:47:54] my_main Recent Stats | t_env:    1104000 | Episode:    11040
entropy_loss:              0.0024	ep_length_mean:          100.0000	episode_limit_mean:        1.0000	epsilon:                   0.0500
grad_norm:                18.0187	healthy_machine_fraction_mean:  0.2466	loss:                      0.4253	mi_loss:                   0.0034
q_taken_mean:              1.9653	return_mean:              63.8440	return_median:            63.9000	return_std:                6.1425
target_mean:               1.9891	td_error_abs:              0.4991	test_ep_length_mean:     100.0000	test_episode_limit_mean:   1.0000
test_healthy_machine_fraction_mean:  0.2219	test_return_mean:         70.8812	test_return_median:       71.1000	test_return_std:           5.9152

[INFO 10:48:46] my_main Recent Stats | t_env:    1106000 | Episode:    11060
entropy_loss:              0.0024	ep_length_mean:          100.0000	episode_limit_mean:        1.0000	epsilon:                   0.0500
grad_norm:                18.0187	healthy_machine_fraction_mean:  0.2466	loss:                      0.4253	mi_loss:                   0.0034
q_taken_mean:              1.9653	return_mean:              63.8440	return_median:            63.9000	return_std:                6.1425
target_mean:               1.9891	td_error_abs:              0.4991	test_ep_length_mean:     100.0000	test_episode_limit_mean:   1.0000
test_healthy_machine_fraction_mean:  0.2219	test_return_mean:         70.8812	test_return_median:       71.1000	test_return_std:           5.9152

[INFO 10:49:37] my_main Recent Stats | t_env:    1108000 | Episode:    11080
entropy_loss:              0.0024	ep_length_mean:          100.0000	episode_limit_mean:        1.0000	epsilon:                   0.0500
grad_norm:                18.0187	healthy_machine_fraction_mean:  0.2466	loss:                      0.4253	mi_loss:                   0.0034
q_taken_mean:              1.9653	return_mean:              63.8440	return_median:            63.9000	return_std:                6.1425
target_mean:               1.9891	td_error_abs:              0.4991	test_ep_length_mean:     100.0000	test_episode_limit_mean:   1.0000
test_healthy_machine_fraction_mean:  0.2219	test_return_mean:         70.8812	test_return_median:       71.1000	test_return_std:           5.9152

[INFO 10:50:28] my_main Recent Stats | t_env:    1110000 | Episode:    11100
entropy_loss:              0.0024	ep_length_mean:          100.0000	episode_limit_mean:        1.0000	epsilon:                   0.0500
grad_norm:                18.0187	healthy_machine_fraction_mean:  0.2466	loss:                      0.4253	mi_loss:                   0.0034
q_taken_mean:              1.9653	return_mean:              63.8440	return_median:            63.9000	return_std:                6.1425
target_mean:               1.9891	td_error_abs:              0.4991	test_ep_length_mean:     100.0000	test_episode_limit_mean:   1.0000
test_healthy_machine_fraction_mean:  0.2219	test_return_mean:         70.8812	test_return_median:       71.1000	test_return_std:           5.9152

[INFO 10:50:30] my_main t_env: 1110100 / 2050000
[INFO 10:50:30] my_main Estimated time left: 7 hours, 32 minutes, 44 seconds. Time passed: 8 hours, 46 minutes, 20 seconds
[INFO 10:51:50] my_main Recent Stats | t_env:    1112000 | Episode:    11120
entropy_loss:              0.0024	ep_length_mean:          100.0000	episode_limit_mean:        1.0000	epsilon:                   0.0500
grad_norm:                18.0187	healthy_machine_fraction_mean:  0.2438	loss:                      0.4253	mi_loss:                   0.0034
q_taken_mean:              1.9653	return_mean:              64.0260	return_median:            64.0000	return_std:                6.3533
target_mean:               1.9891	td_error_abs:              0.4991	test_ep_length_mean:     100.0000	test_episode_limit_mean:   1.0000
test_healthy_machine_fraction_mean:  0.2013	test_return_mean:         69.8125	test_return_median:       69.9000	test_return_std:           6.6270

[INFO 10:52:41] my_main Recent Stats | t_env:    1114000 | Episode:    11140
entropy_loss:              0.0024	ep_length_mean:          100.0000	episode_limit_mean:        1.0000	epsilon:                   0.0500
grad_norm:                16.7372	healthy_machine_fraction_mean:  0.2438	loss:                      0.4269	mi_loss:                   0.0034
q_taken_mean:              1.9839	return_mean:              64.0260	return_median:            64.0000	return_std:                6.3533
target_mean:               1.9983	td_error_abs:              0.5066	test_ep_length_mean:     100.0000	test_episode_limit_mean:   1.0000
test_healthy_machine_fraction_mean:  0.2013	test_return_mean:         69.8125	test_return_median:       69.9000	test_return_std:           6.6270

[INFO 10:53:32] my_main Recent Stats | t_env:    1116000 | Episode:    11160
entropy_loss:              0.0024	ep_length_mean:          100.0000	episode_limit_mean:        1.0000	epsilon:                   0.0500
grad_norm:                16.7372	healthy_machine_fraction_mean:  0.2438	loss:                      0.4269	mi_loss:                   0.0034
q_taken_mean:              1.9839	return_mean:              64.0260	return_median:            64.0000	return_std:                6.3533
target_mean:               1.9983	td_error_abs:              0.5066	test_ep_length_mean:     100.0000	test_episode_limit_mean:   1.0000
test_healthy_machine_fraction_mean:  0.2013	test_return_mean:         69.8125	test_return_median:       69.9000	test_return_std:           6.6270

[INFO 10:54:24] my_main Recent Stats | t_env:    1118000 | Episode:    11180
entropy_loss:              0.0024	ep_length_mean:          100.0000	episode_limit_mean:        1.0000	epsilon:                   0.0500
grad_norm:                16.7372	healthy_machine_fraction_mean:  0.2438	loss:                      0.4269	mi_loss:                   0.0034
q_taken_mean:              1.9839	return_mean:              64.0260	return_median:            64.0000	return_std:                6.3533
target_mean:               1.9983	td_error_abs:              0.5066	test_ep_length_mean:     100.0000	test_episode_limit_mean:   1.0000
test_healthy_machine_fraction_mean:  0.2013	test_return_mean:         69.8125	test_return_median:       69.9000	test_return_std:           6.6270

[INFO 10:55:13] my_main Recent Stats | t_env:    1120000 | Episode:    11200
entropy_loss:              0.0024	ep_length_mean:          100.0000	episode_limit_mean:        1.0000	epsilon:                   0.0500
grad_norm:                16.7372	healthy_machine_fraction_mean:  0.2438	loss:                      0.4269	mi_loss:                   0.0034
q_taken_mean:              1.9839	return_mean:              64.0260	return_median:            64.0000	return_std:                6.3533
target_mean:               1.9983	td_error_abs:              0.5066	test_ep_length_mean:     100.0000	test_episode_limit_mean:   1.0000
test_healthy_machine_fraction_mean:  0.2013	test_return_mean:         69.8125	test_return_median:       69.9000	test_return_std:           6.6270

[INFO 10:55:16] my_main Updated target network
[INFO 10:55:16] my_main t_env: 1120100 / 2050000
[INFO 10:55:16] my_main Estimated time left: 7 hours, 22 minutes, 44 seconds. Time passed: 8 hours, 51 minutes, 6 seconds
[INFO 10:56:37] my_main Recent Stats | t_env:    1122000 | Episode:    11220
entropy_loss:              0.0024	ep_length_mean:          100.0000	episode_limit_mean:        1.0000	epsilon:                   0.0500
grad_norm:                16.7372	healthy_machine_fraction_mean:  0.2384	loss:                      0.4269	mi_loss:                   0.0034
q_taken_mean:              1.9839	return_mean:              63.7340	return_median:            63.8000	return_std:                6.3816
target_mean:               1.9983	td_error_abs:              0.5066	test_ep_length_mean:     100.0000	test_episode_limit_mean:   1.0000
test_healthy_machine_fraction_mean:  0.1844	test_return_mean:         69.2687	test_return_median:       69.2000	test_return_std:           6.6625

[INFO 10:57:29] my_main Recent Stats | t_env:    1124000 | Episode:    11240
entropy_loss:              0.0023	ep_length_mean:          100.0000	episode_limit_mean:        1.0000	epsilon:                   0.0500
grad_norm:                15.8479	healthy_machine_fraction_mean:  0.2384	loss:                      0.4229	mi_loss:                   0.0034
q_taken_mean:              2.0112	return_mean:              63.7340	return_median:            63.8000	return_std:                6.3816
target_mean:               2.0238	td_error_abs:              0.5034	test_ep_length_mean:     100.0000	test_episode_limit_mean:   1.0000
test_healthy_machine_fraction_mean:  0.1844	test_return_mean:         69.2687	test_return_median:       69.2000	test_return_std:           6.6625

[INFO 10:58:20] my_main Recent Stats | t_env:    1126000 | Episode:    11260
entropy_loss:              0.0023	ep_length_mean:          100.0000	episode_limit_mean:        1.0000	epsilon:                   0.0500
grad_norm:                15.8479	healthy_machine_fraction_mean:  0.2384	loss:                      0.4229	mi_loss:                   0.0034
q_taken_mean:              2.0112	return_mean:              63.7340	return_median:            63.8000	return_std:                6.3816
target_mean:               2.0238	td_error_abs:              0.5034	test_ep_length_mean:     100.0000	test_episode_limit_mean:   1.0000
test_healthy_machine_fraction_mean:  0.1844	test_return_mean:         69.2687	test_return_median:       69.2000	test_return_std:           6.6625

[INFO 10:59:12] my_main Recent Stats | t_env:    1128000 | Episode:    11280
entropy_loss:              0.0023	ep_length_mean:          100.0000	episode_limit_mean:        1.0000	epsilon:                   0.0500
grad_norm:                15.8479	healthy_machine_fraction_mean:  0.2384	loss:                      0.4229	mi_loss:                   0.0034
q_taken_mean:              2.0112	return_mean:              63.7340	return_median:            63.8000	return_std:                6.3816
target_mean:               2.0238	td_error_abs:              0.5034	test_ep_length_mean:     100.0000	test_episode_limit_mean:   1.0000
test_healthy_machine_fraction_mean:  0.1844	test_return_mean:         69.2687	test_return_median:       69.2000	test_return_std:           6.6625

[INFO 11:00:02] my_main Recent Stats | t_env:    1130000 | Episode:    11300
entropy_loss:              0.0023	ep_length_mean:          100.0000	episode_limit_mean:        1.0000	epsilon:                   0.0500
grad_norm:                15.8479	healthy_machine_fraction_mean:  0.2384	loss:                      0.4229	mi_loss:                   0.0034
q_taken_mean:              2.0112	return_mean:              63.7340	return_median:            63.8000	return_std:                6.3816
target_mean:               2.0238	td_error_abs:              0.5034	test_ep_length_mean:     100.0000	test_episode_limit_mean:   1.0000
test_healthy_machine_fraction_mean:  0.1844	test_return_mean:         69.2687	test_return_median:       69.2000	test_return_std:           6.6625

[INFO 11:00:04] my_main t_env: 1130100 / 2050000
[INFO 11:00:04] my_main Estimated time left: 7 hours, 22 minutes, 38 seconds. Time passed: 8 hours, 55 minutes, 55 seconds
[INFO 11:01:25] my_main Recent Stats | t_env:    1132000 | Episode:    11320
entropy_loss:              0.0023	ep_length_mean:          100.0000	episode_limit_mean:        1.0000	epsilon:                   0.0500
grad_norm:                15.8479	healthy_machine_fraction_mean:  0.2362	loss:                      0.4229	mi_loss:                   0.0034
q_taken_mean:              2.0112	return_mean:              63.7000	return_median:            63.7000	return_std:                6.4875
target_mean:               2.0238	td_error_abs:              0.5034	test_ep_length_mean:     100.0000	test_episode_limit_mean:   1.0000
test_healthy_machine_fraction_mean:  0.1781	test_return_mean:         68.9750	test_return_median:       69.0000	test_return_std:           6.8614

[INFO 11:02:16] my_main Recent Stats | t_env:    1134000 | Episode:    11340
entropy_loss:              0.0023	ep_length_mean:          100.0000	episode_limit_mean:        1.0000	epsilon:                   0.0500
grad_norm:                15.7821	healthy_machine_fraction_mean:  0.2362	loss:                      0.4193	mi_loss:                   0.0033
q_taken_mean:              2.0318	return_mean:              63.7000	return_median:            63.7000	return_std:                6.4875
target_mean:               2.0440	td_error_abs:              0.5010	test_ep_length_mean:     100.0000	test_episode_limit_mean:   1.0000
test_healthy_machine_fraction_mean:  0.1781	test_return_mean:         68.9750	test_return_median:       69.0000	test_return_std:           6.8614

[INFO 11:03:08] my_main Recent Stats | t_env:    1136000 | Episode:    11360
entropy_loss:              0.0023	ep_length_mean:          100.0000	episode_limit_mean:        1.0000	epsilon:                   0.0500
grad_norm:                15.7821	healthy_machine_fraction_mean:  0.2362	loss:                      0.4193	mi_loss:                   0.0033
q_taken_mean:              2.0318	return_mean:              63.7000	return_median:            63.7000	return_std:                6.4875
target_mean:               2.0440	td_error_abs:              0.5010	test_ep_length_mean:     100.0000	test_episode_limit_mean:   1.0000
test_healthy_machine_fraction_mean:  0.1781	test_return_mean:         68.9750	test_return_median:       69.0000	test_return_std:           6.8614

[INFO 11:04:00] my_main Recent Stats | t_env:    1138000 | Episode:    11380
entropy_loss:              0.0023	ep_length_mean:          100.0000	episode_limit_mean:        1.0000	epsilon:                   0.0500
grad_norm:                15.7821	healthy_machine_fraction_mean:  0.2362	loss:                      0.4193	mi_loss:                   0.0033
q_taken_mean:              2.0318	return_mean:              63.7000	return_median:            63.7000	return_std:                6.4875
target_mean:               2.0440	td_error_abs:              0.5010	test_ep_length_mean:     100.0000	test_episode_limit_mean:   1.0000
test_healthy_machine_fraction_mean:  0.1781	test_return_mean:         68.9750	test_return_median:       69.0000	test_return_std:           6.8614

[INFO 11:04:50] my_main Recent Stats | t_env:    1140000 | Episode:    11400
entropy_loss:              0.0023	ep_length_mean:          100.0000	episode_limit_mean:        1.0000	epsilon:                   0.0500
grad_norm:                15.7821	healthy_machine_fraction_mean:  0.2362	loss:                      0.4193	mi_loss:                   0.0033
q_taken_mean:              2.0318	return_mean:              63.7000	return_median:            63.7000	return_std:                6.4875
target_mean:               2.0440	td_error_abs:              0.5010	test_ep_length_mean:     100.0000	test_episode_limit_mean:   1.0000
test_healthy_machine_fraction_mean:  0.1781	test_return_mean:         68.9750	test_return_median:       69.0000	test_return_std:           6.8614

[INFO 11:04:52] my_main Updated target network
[INFO 11:04:52] my_main t_env: 1140100 / 2050000
[INFO 11:04:52] my_main Estimated time left: 7 hours, 16 minutes, 46 seconds. Time passed: 9 hours, 43 seconds
[INFO 11:06:13] my_main Recent Stats | t_env:    1142000 | Episode:    11420
entropy_loss:              0.0023	ep_length_mean:          100.0000	episode_limit_mean:        1.0000	epsilon:                   0.0500
grad_norm:                15.7821	healthy_machine_fraction_mean:  0.2244	loss:                      0.4193	mi_loss:                   0.0033
q_taken_mean:              2.0318	return_mean:              63.6840	return_median:            63.6000	return_std:                6.4633
target_mean:               2.0440	td_error_abs:              0.5010	test_ep_length_mean:     100.0000	test_episode_limit_mean:   1.0000
test_healthy_machine_fraction_mean:  0.1781	test_return_mean:         68.5500	test_return_median:       68.4000	test_return_std:           6.7735

[INFO 11:07:05] my_main Recent Stats | t_env:    1144000 | Episode:    11440
entropy_loss:              0.0023	ep_length_mean:          100.0000	episode_limit_mean:        1.0000	epsilon:                   0.0500
grad_norm:                16.2654	healthy_machine_fraction_mean:  0.2244	loss:                      0.4268	mi_loss:                   0.0033
q_taken_mean:              2.0549	return_mean:              63.6840	return_median:            63.6000	return_std:                6.4633
target_mean:               2.0678	td_error_abs:              0.5027	test_ep_length_mean:     100.0000	test_episode_limit_mean:   1.0000
test_healthy_machine_fraction_mean:  0.1781	test_return_mean:         68.5500	test_return_median:       68.4000	test_return_std:           6.7735

[INFO 11:07:57] my_main Recent Stats | t_env:    1146000 | Episode:    11460
entropy_loss:              0.0023	ep_length_mean:          100.0000	episode_limit_mean:        1.0000	epsilon:                   0.0500
grad_norm:                16.2654	healthy_machine_fraction_mean:  0.2244	loss:                      0.4268	mi_loss:                   0.0033
q_taken_mean:              2.0549	return_mean:              63.6840	return_median:            63.6000	return_std:                6.4633
target_mean:               2.0678	td_error_abs:              0.5027	test_ep_length_mean:     100.0000	test_episode_limit_mean:   1.0000
test_healthy_machine_fraction_mean:  0.1781	test_return_mean:         68.5500	test_return_median:       68.4000	test_return_std:           6.7735

[INFO 11:08:49] my_main Recent Stats | t_env:    1148000 | Episode:    11480
entropy_loss:              0.0023	ep_length_mean:          100.0000	episode_limit_mean:        1.0000	epsilon:                   0.0500
grad_norm:                16.2654	healthy_machine_fraction_mean:  0.2244	loss:                      0.4268	mi_loss:                   0.0033
q_taken_mean:              2.0549	return_mean:              63.6840	return_median:            63.6000	return_std:                6.4633
target_mean:               2.0678	td_error_abs:              0.5027	test_ep_length_mean:     100.0000	test_episode_limit_mean:   1.0000
test_healthy_machine_fraction_mean:  0.1781	test_return_mean:         68.5500	test_return_median:       68.4000	test_return_std:           6.7735

[INFO 11:09:40] my_main Recent Stats | t_env:    1150000 | Episode:    11500
entropy_loss:              0.0023	ep_length_mean:          100.0000	episode_limit_mean:        1.0000	epsilon:                   0.0500
grad_norm:                16.2654	healthy_machine_fraction_mean:  0.2244	loss:                      0.4268	mi_loss:                   0.0033
q_taken_mean:              2.0549	return_mean:              63.6840	return_median:            63.6000	return_std:                6.4633
target_mean:               2.0678	td_error_abs:              0.5027	test_ep_length_mean:     100.0000	test_episode_limit_mean:   1.0000
test_healthy_machine_fraction_mean:  0.1781	test_return_mean:         68.5500	test_return_median:       68.4000	test_return_std:           6.7735

[INFO 11:09:42] my_main t_env: 1150100 / 2050000
[INFO 11:09:42] my_main Estimated time left: 7 hours, 14 minutes, 25 seconds. Time passed: 9 hours, 5 minutes, 32 seconds
[INFO 11:11:04] my_main Recent Stats | t_env:    1152000 | Episode:    11520
entropy_loss:              0.0023	ep_length_mean:          100.0000	episode_limit_mean:        1.0000	epsilon:                   0.0500
grad_norm:                16.2654	healthy_machine_fraction_mean:  0.2154	loss:                      0.4268	mi_loss:                   0.0033
q_taken_mean:              2.0549	return_mean:              63.1140	return_median:            63.1000	return_std:                6.3276
target_mean:               2.0678	td_error_abs:              0.5027	test_ep_length_mean:     100.0000	test_episode_limit_mean:   1.0000
test_healthy_machine_fraction_mean:  0.1494	test_return_mean:         67.5062	test_return_median:       67.1000	test_return_std:           7.2296

[INFO 11:11:55] my_main Recent Stats | t_env:    1154000 | Episode:    11540
entropy_loss:              0.0023	ep_length_mean:          100.0000	episode_limit_mean:        1.0000	epsilon:                   0.0500
grad_norm:                18.1576	healthy_machine_fraction_mean:  0.2154	loss:                      0.4439	mi_loss:                   0.0033
q_taken_mean:              2.0643	return_mean:              63.1140	return_median:            63.1000	return_std:                6.3276
target_mean:               2.0883	td_error_abs:              0.5069	test_ep_length_mean:     100.0000	test_episode_limit_mean:   1.0000
test_healthy_machine_fraction_mean:  0.1494	test_return_mean:         67.5062	test_return_median:       67.1000	test_return_std:           7.2296

[INFO 11:12:47] my_main Recent Stats | t_env:    1156000 | Episode:    11560
entropy_loss:              0.0023	ep_length_mean:          100.0000	episode_limit_mean:        1.0000	epsilon:                   0.0500
grad_norm:                18.1576	healthy_machine_fraction_mean:  0.2154	loss:                      0.4439	mi_loss:                   0.0033
q_taken_mean:              2.0643	return_mean:              63.1140	return_median:            63.1000	return_std:                6.3276
target_mean:               2.0883	td_error_abs:              0.5069	test_ep_length_mean:     100.0000	test_episode_limit_mean:   1.0000
test_healthy_machine_fraction_mean:  0.1494	test_return_mean:         67.5062	test_return_median:       67.1000	test_return_std:           7.2296

[INFO 11:13:36] my_main Recent Stats | t_env:    1158000 | Episode:    11580
entropy_loss:              0.0023	ep_length_mean:          100.0000	episode_limit_mean:        1.0000	epsilon:                   0.0500
grad_norm:                18.1576	healthy_machine_fraction_mean:  0.2154	loss:                      0.4439	mi_loss:                   0.0033
q_taken_mean:              2.0643	return_mean:              63.1140	return_median:            63.1000	return_std:                6.3276
target_mean:               2.0883	td_error_abs:              0.5069	test_ep_length_mean:     100.0000	test_episode_limit_mean:   1.0000
test_healthy_machine_fraction_mean:  0.1494	test_return_mean:         67.5062	test_return_median:       67.1000	test_return_std:           7.2296

[INFO 11:14:24] my_main Recent Stats | t_env:    1160000 | Episode:    11600
entropy_loss:              0.0023	ep_length_mean:          100.0000	episode_limit_mean:        1.0000	epsilon:                   0.0500
grad_norm:                18.1576	healthy_machine_fraction_mean:  0.2154	loss:                      0.4439	mi_loss:                   0.0033
q_taken_mean:              2.0643	return_mean:              63.1140	return_median:            63.1000	return_std:                6.3276
target_mean:               2.0883	td_error_abs:              0.5069	test_ep_length_mean:     100.0000	test_episode_limit_mean:   1.0000
test_healthy_machine_fraction_mean:  0.1494	test_return_mean:         67.5062	test_return_median:       67.1000	test_return_std:           7.2296

[INFO 11:14:26] my_main Updated target network
[INFO 11:14:26] my_main t_env: 1160100 / 2050000
[INFO 11:14:26] my_main Estimated time left: 7 hours, 1 minutes, 29 seconds. Time passed: 9 hours, 10 minutes, 17 seconds
[INFO 11:15:47] my_main Recent Stats | t_env:    1162000 | Episode:    11620
entropy_loss:              0.0023	ep_length_mean:          100.0000	episode_limit_mean:        1.0000	epsilon:                   0.0500
grad_norm:                18.1576	healthy_machine_fraction_mean:  0.2222	loss:                      0.4439	mi_loss:                   0.0033
q_taken_mean:              2.0643	return_mean:              62.9480	return_median:            62.9000	return_std:                6.2977
target_mean:               2.0883	td_error_abs:              0.5069	test_ep_length_mean:     100.0000	test_episode_limit_mean:   1.0000
test_healthy_machine_fraction_mean:  0.1706	test_return_mean:         67.9000	test_return_median:       67.5000	test_return_std:           6.7523

[INFO 11:16:39] my_main Recent Stats | t_env:    1164000 | Episode:    11640
entropy_loss:              0.0022	ep_length_mean:          100.0000	episode_limit_mean:        1.0000	epsilon:                   0.0500
grad_norm:                19.1367	healthy_machine_fraction_mean:  0.2222	loss:                      0.4429	mi_loss:                   0.0033
q_taken_mean:              2.0870	return_mean:              62.9480	return_median:            62.9000	return_std:                6.2977
target_mean:               2.1097	td_error_abs:              0.5055	test_ep_length_mean:     100.0000	test_episode_limit_mean:   1.0000
test_healthy_machine_fraction_mean:  0.1706	test_return_mean:         67.9000	test_return_median:       67.5000	test_return_std:           6.7523

[INFO 11:17:30] my_main Recent Stats | t_env:    1166000 | Episode:    11660
entropy_loss:              0.0022	ep_length_mean:          100.0000	episode_limit_mean:        1.0000	epsilon:                   0.0500
grad_norm:                19.1367	healthy_machine_fraction_mean:  0.2222	loss:                      0.4429	mi_loss:                   0.0033
q_taken_mean:              2.0870	return_mean:              62.9480	return_median:            62.9000	return_std:                6.2977
target_mean:               2.1097	td_error_abs:              0.5055	test_ep_length_mean:     100.0000	test_episode_limit_mean:   1.0000
test_healthy_machine_fraction_mean:  0.1706	test_return_mean:         67.9000	test_return_median:       67.5000	test_return_std:           6.7523

[INFO 11:18:22] my_main Recent Stats | t_env:    1168000 | Episode:    11680
entropy_loss:              0.0022	ep_length_mean:          100.0000	episode_limit_mean:        1.0000	epsilon:                   0.0500
grad_norm:                19.1367	healthy_machine_fraction_mean:  0.2222	loss:                      0.4429	mi_loss:                   0.0033
q_taken_mean:              2.0870	return_mean:              62.9480	return_median:            62.9000	return_std:                6.2977
target_mean:               2.1097	td_error_abs:              0.5055	test_ep_length_mean:     100.0000	test_episode_limit_mean:   1.0000
test_healthy_machine_fraction_mean:  0.1706	test_return_mean:         67.9000	test_return_median:       67.5000	test_return_std:           6.7523

[INFO 11:19:13] my_main Recent Stats | t_env:    1170000 | Episode:    11700
entropy_loss:              0.0022	ep_length_mean:          100.0000	episode_limit_mean:        1.0000	epsilon:                   0.0500
grad_norm:                19.1367	healthy_machine_fraction_mean:  0.2222	loss:                      0.4429	mi_loss:                   0.0033
q_taken_mean:              2.0870	return_mean:              62.9480	return_median:            62.9000	return_std:                6.2977
target_mean:               2.1097	td_error_abs:              0.5055	test_ep_length_mean:     100.0000	test_episode_limit_mean:   1.0000
test_healthy_machine_fraction_mean:  0.1706	test_return_mean:         67.9000	test_return_median:       67.5000	test_return_std:           6.7523

[INFO 11:19:15] my_main t_env: 1170100 / 2050000
[INFO 11:19:15] my_main Estimated time left: 7 hours, 3 minutes, 49 seconds. Time passed: 9 hours, 15 minutes, 6 seconds
[INFO 11:20:36] my_main Recent Stats | t_env:    1172000 | Episode:    11720
entropy_loss:              0.0022	ep_length_mean:          100.0000	episode_limit_mean:        1.0000	epsilon:                   0.0500
grad_norm:                19.1367	healthy_machine_fraction_mean:  0.2204	loss:                      0.4429	mi_loss:                   0.0033
q_taken_mean:              2.0870	return_mean:              62.7780	return_median:            62.5000	return_std:                6.1892
target_mean:               2.1097	td_error_abs:              0.5055	test_ep_length_mean:     100.0000	test_episode_limit_mean:   1.0000
test_healthy_machine_fraction_mean:  0.1737	test_return_mean:         67.6375	test_return_median:       67.4000	test_return_std:           7.0378

[INFO 11:21:28] my_main Recent Stats | t_env:    1174000 | Episode:    11740
entropy_loss:              0.0022	ep_length_mean:          100.0000	episode_limit_mean:        1.0000	epsilon:                   0.0500
grad_norm:                17.8716	healthy_machine_fraction_mean:  0.2204	loss:                      0.4336	mi_loss:                   0.0033
q_taken_mean:              2.1005	return_mean:              62.7780	return_median:            62.5000	return_std:                6.1892
target_mean:               2.1148	td_error_abs:              0.5065	test_ep_length_mean:     100.0000	test_episode_limit_mean:   1.0000
test_healthy_machine_fraction_mean:  0.1737	test_return_mean:         67.6375	test_return_median:       67.4000	test_return_std:           7.0378

[INFO 11:22:20] my_main Recent Stats | t_env:    1176000 | Episode:    11760
entropy_loss:              0.0022	ep_length_mean:          100.0000	episode_limit_mean:        1.0000	epsilon:                   0.0500
grad_norm:                17.8716	healthy_machine_fraction_mean:  0.2204	loss:                      0.4336	mi_loss:                   0.0033
q_taken_mean:              2.1005	return_mean:              62.7780	return_median:            62.5000	return_std:                6.1892
target_mean:               2.1148	td_error_abs:              0.5065	test_ep_length_mean:     100.0000	test_episode_limit_mean:   1.0000
test_healthy_machine_fraction_mean:  0.1737	test_return_mean:         67.6375	test_return_median:       67.4000	test_return_std:           7.0378

[INFO 11:23:12] my_main Recent Stats | t_env:    1178000 | Episode:    11780
entropy_loss:              0.0022	ep_length_mean:          100.0000	episode_limit_mean:        1.0000	epsilon:                   0.0500
grad_norm:                17.8716	healthy_machine_fraction_mean:  0.2204	loss:                      0.4336	mi_loss:                   0.0033
q_taken_mean:              2.1005	return_mean:              62.7780	return_median:            62.5000	return_std:                6.1892
target_mean:               2.1148	td_error_abs:              0.5065	test_ep_length_mean:     100.0000	test_episode_limit_mean:   1.0000
test_healthy_machine_fraction_mean:  0.1737	test_return_mean:         67.6375	test_return_median:       67.4000	test_return_std:           7.0378

[INFO 11:24:03] my_main Recent Stats | t_env:    1180000 | Episode:    11800
entropy_loss:              0.0022	ep_length_mean:          100.0000	episode_limit_mean:        1.0000	epsilon:                   0.0500
grad_norm:                17.8716	healthy_machine_fraction_mean:  0.2204	loss:                      0.4336	mi_loss:                   0.0033
q_taken_mean:              2.1005	return_mean:              62.7780	return_median:            62.5000	return_std:                6.1892
target_mean:               2.1148	td_error_abs:              0.5065	test_ep_length_mean:     100.0000	test_episode_limit_mean:   1.0000
test_healthy_machine_fraction_mean:  0.1737	test_return_mean:         67.6375	test_return_median:       67.4000	test_return_std:           7.0378

[INFO 11:24:05] my_main Updated target network
[INFO 11:24:05] my_main t_env: 1180100 / 2050000
[INFO 11:24:05] my_main Estimated time left: 7 hours, 29 seconds. Time passed: 9 hours, 19 minutes, 56 seconds
[INFO 11:25:27] my_main Recent Stats | t_env:    1182000 | Episode:    11820
entropy_loss:              0.0022	ep_length_mean:          100.0000	episode_limit_mean:        1.0000	epsilon:                   0.0500
grad_norm:                17.8716	healthy_machine_fraction_mean:  0.2050	loss:                      0.4336	mi_loss:                   0.0033
q_taken_mean:              2.1005	return_mean:              62.2140	return_median:            62.0000	return_std:                6.2177
target_mean:               2.1148	td_error_abs:              0.5065	test_ep_length_mean:     100.0000	test_episode_limit_mean:   1.0000
test_healthy_machine_fraction_mean:  0.1506	test_return_mean:         66.9437	test_return_median:       66.7000	test_return_std:           6.8081

[INFO 11:26:18] my_main Recent Stats | t_env:    1184000 | Episode:    11840
entropy_loss:              0.0022	ep_length_mean:          100.0000	episode_limit_mean:        1.0000	epsilon:                   0.0500
grad_norm:                17.6403	healthy_machine_fraction_mean:  0.2050	loss:                      0.4289	mi_loss:                   0.0033
q_taken_mean:              2.1221	return_mean:              62.2140	return_median:            62.0000	return_std:                6.2177
target_mean:               2.1358	td_error_abs:              0.5037	test_ep_length_mean:     100.0000	test_episode_limit_mean:   1.0000
test_healthy_machine_fraction_mean:  0.1506	test_return_mean:         66.9437	test_return_median:       66.7000	test_return_std:           6.8081

[INFO 11:27:10] my_main Recent Stats | t_env:    1186000 | Episode:    11860
entropy_loss:              0.0022	ep_length_mean:          100.0000	episode_limit_mean:        1.0000	epsilon:                   0.0500
grad_norm:                17.6403	healthy_machine_fraction_mean:  0.2050	loss:                      0.4289	mi_loss:                   0.0033
q_taken_mean:              2.1221	return_mean:              62.2140	return_median:            62.0000	return_std:                6.2177
target_mean:               2.1358	td_error_abs:              0.5037	test_ep_length_mean:     100.0000	test_episode_limit_mean:   1.0000
test_healthy_machine_fraction_mean:  0.1506	test_return_mean:         66.9437	test_return_median:       66.7000	test_return_std:           6.8081

[INFO 11:28:02] my_main Recent Stats | t_env:    1188000 | Episode:    11880
entropy_loss:              0.0022	ep_length_mean:          100.0000	episode_limit_mean:        1.0000	epsilon:                   0.0500
grad_norm:                17.6403	healthy_machine_fraction_mean:  0.2050	loss:                      0.4289	mi_loss:                   0.0033
q_taken_mean:              2.1221	return_mean:              62.2140	return_median:            62.0000	return_std:                6.2177
target_mean:               2.1358	td_error_abs:              0.5037	test_ep_length_mean:     100.0000	test_episode_limit_mean:   1.0000
test_healthy_machine_fraction_mean:  0.1506	test_return_mean:         66.9437	test_return_median:       66.7000	test_return_std:           6.8081

[INFO 11:28:52] my_main Recent Stats | t_env:    1190000 | Episode:    11900
entropy_loss:              0.0022	ep_length_mean:          100.0000	episode_limit_mean:        1.0000	epsilon:                   0.0500
grad_norm:                17.6403	healthy_machine_fraction_mean:  0.2050	loss:                      0.4289	mi_loss:                   0.0033
q_taken_mean:              2.1221	return_mean:              62.2140	return_median:            62.0000	return_std:                6.2177
target_mean:               2.1358	td_error_abs:              0.5037	test_ep_length_mean:     100.0000	test_episode_limit_mean:   1.0000
test_healthy_machine_fraction_mean:  0.1506	test_return_mean:         66.9437	test_return_median:       66.7000	test_return_std:           6.8081

[INFO 11:28:55] my_main t_env: 1190100 / 2050000
[INFO 11:28:55] my_main Estimated time left: 6 hours, 54 minutes, 56 seconds. Time passed: 9 hours, 24 minutes, 45 seconds
[INFO 11:30:15] my_main Recent Stats | t_env:    1192000 | Episode:    11920
entropy_loss:              0.0022	ep_length_mean:          100.0000	episode_limit_mean:        1.0000	epsilon:                   0.0500
grad_norm:                17.6403	healthy_machine_fraction_mean:  0.2062	loss:                      0.4289	mi_loss:                   0.0033
q_taken_mean:              2.1221	return_mean:              62.1660	return_median:            62.1000	return_std:                6.2897
target_mean:               2.1358	td_error_abs:              0.5037	test_ep_length_mean:     100.0000	test_episode_limit_mean:   1.0000
test_healthy_machine_fraction_mean:  0.1694	test_return_mean:         68.5438	test_return_median:       68.2000	test_return_std:           6.4787

[INFO 11:31:08] my_main Recent Stats | t_env:    1194000 | Episode:    11940
entropy_loss:              0.0022	ep_length_mean:          100.0000	episode_limit_mean:        1.0000	epsilon:                   0.0500
grad_norm:                16.8322	healthy_machine_fraction_mean:  0.2062	loss:                      0.4191	mi_loss:                   0.0033
q_taken_mean:              2.1422	return_mean:              62.1660	return_median:            62.1000	return_std:                6.2897
target_mean:               2.1541	td_error_abs:              0.4995	test_ep_length_mean:     100.0000	test_episode_limit_mean:   1.0000
test_healthy_machine_fraction_mean:  0.1694	test_return_mean:         68.5438	test_return_median:       68.2000	test_return_std:           6.4787

[INFO 11:31:59] my_main Recent Stats | t_env:    1196000 | Episode:    11960
entropy_loss:              0.0022	ep_length_mean:          100.0000	episode_limit_mean:        1.0000	epsilon:                   0.0500
grad_norm:                16.8322	healthy_machine_fraction_mean:  0.2062	loss:                      0.4191	mi_loss:                   0.0033
q_taken_mean:              2.1422	return_mean:              62.1660	return_median:            62.1000	return_std:                6.2897
target_mean:               2.1541	td_error_abs:              0.4995	test_ep_length_mean:     100.0000	test_episode_limit_mean:   1.0000
test_healthy_machine_fraction_mean:  0.1694	test_return_mean:         68.5438	test_return_median:       68.2000	test_return_std:           6.4787

[INFO 11:32:51] my_main Recent Stats | t_env:    1198000 | Episode:    11980
entropy_loss:              0.0022	ep_length_mean:          100.0000	episode_limit_mean:        1.0000	epsilon:                   0.0500
grad_norm:                16.8322	healthy_machine_fraction_mean:  0.2062	loss:                      0.4191	mi_loss:                   0.0033
q_taken_mean:              2.1422	return_mean:              62.1660	return_median:            62.1000	return_std:                6.2897
target_mean:               2.1541	td_error_abs:              0.4995	test_ep_length_mean:     100.0000	test_episode_limit_mean:   1.0000
test_healthy_machine_fraction_mean:  0.1694	test_return_mean:         68.5438	test_return_median:       68.2000	test_return_std:           6.4787

[INFO 11:33:42] my_main Recent Stats | t_env:    1200000 | Episode:    12000
entropy_loss:              0.0022	ep_length_mean:          100.0000	episode_limit_mean:        1.0000	epsilon:                   0.0500
grad_norm:                16.8322	healthy_machine_fraction_mean:  0.2062	loss:                      0.4191	mi_loss:                   0.0033
q_taken_mean:              2.1422	return_mean:              62.1660	return_median:            62.1000	return_std:                6.2897
target_mean:               2.1541	td_error_abs:              0.4995	test_ep_length_mean:     100.0000	test_episode_limit_mean:   1.0000
test_healthy_machine_fraction_mean:  0.1694	test_return_mean:         68.5438	test_return_median:       68.2000	test_return_std:           6.4787

[INFO 11:33:44] my_main Updated target network
[INFO 11:33:44] my_main t_env: 1200100 / 2050000
[INFO 11:33:44] my_main Estimated time left: 6 hours, 49 minutes, 25 seconds. Time passed: 9 hours, 29 minutes, 34 seconds
[INFO 11:35:06] my_main Recent Stats | t_env:    1202000 | Episode:    12020
entropy_loss:              0.0022	ep_length_mean:          100.0000	episode_limit_mean:        1.0000	epsilon:                   0.0500
grad_norm:                16.8322	healthy_machine_fraction_mean:  0.2124	loss:                      0.4191	mi_loss:                   0.0033
q_taken_mean:              2.1422	return_mean:              62.7440	return_median:            62.4000	return_std:                6.5999
target_mean:               2.1541	td_error_abs:              0.4995	test_ep_length_mean:     100.0000	test_episode_limit_mean:   1.0000
test_healthy_machine_fraction_mean:  0.1881	test_return_mean:         69.7562	test_return_median:       70.0000	test_return_std:           6.1709

[INFO 11:35:57] my_main Recent Stats | t_env:    1204000 | Episode:    12040
entropy_loss:              0.0022	ep_length_mean:          100.0000	episode_limit_mean:        1.0000	epsilon:                   0.0500
grad_norm:                17.3423	healthy_machine_fraction_mean:  0.2124	loss:                      0.4182	mi_loss:                   0.0033
q_taken_mean:              2.1624	return_mean:              62.7440	return_median:            62.4000	return_std:                6.5999
target_mean:               2.1751	td_error_abs:              0.4987	test_ep_length_mean:     100.0000	test_episode_limit_mean:   1.0000
test_healthy_machine_fraction_mean:  0.1881	test_return_mean:         69.7562	test_return_median:       70.0000	test_return_std:           6.1709

[INFO 11:36:49] my_main Recent Stats | t_env:    1206000 | Episode:    12060
entropy_loss:              0.0022	ep_length_mean:          100.0000	episode_limit_mean:        1.0000	epsilon:                   0.0500
grad_norm:                17.3423	healthy_machine_fraction_mean:  0.2124	loss:                      0.4182	mi_loss:                   0.0033
q_taken_mean:              2.1624	return_mean:              62.7440	return_median:            62.4000	return_std:                6.5999
target_mean:               2.1751	td_error_abs:              0.4987	test_ep_length_mean:     100.0000	test_episode_limit_mean:   1.0000
test_healthy_machine_fraction_mean:  0.1881	test_return_mean:         69.7562	test_return_median:       70.0000	test_return_std:           6.1709

[INFO 11:37:41] my_main Recent Stats | t_env:    1208000 | Episode:    12080
entropy_loss:              0.0022	ep_length_mean:          100.0000	episode_limit_mean:        1.0000	epsilon:                   0.0500
grad_norm:                17.3423	healthy_machine_fraction_mean:  0.2124	loss:                      0.4182	mi_loss:                   0.0033
q_taken_mean:              2.1624	return_mean:              62.7440	return_median:            62.4000	return_std:                6.5999
target_mean:               2.1751	td_error_abs:              0.4987	test_ep_length_mean:     100.0000	test_episode_limit_mean:   1.0000
test_healthy_machine_fraction_mean:  0.1881	test_return_mean:         69.7562	test_return_median:       70.0000	test_return_std:           6.1709

[INFO 11:38:31] my_main Recent Stats | t_env:    1210000 | Episode:    12100
entropy_loss:              0.0022	ep_length_mean:          100.0000	episode_limit_mean:        1.0000	epsilon:                   0.0500
grad_norm:                17.3423	healthy_machine_fraction_mean:  0.2124	loss:                      0.4182	mi_loss:                   0.0033
q_taken_mean:              2.1624	return_mean:              62.7440	return_median:            62.4000	return_std:                6.5999
target_mean:               2.1751	td_error_abs:              0.4987	test_ep_length_mean:     100.0000	test_episode_limit_mean:   1.0000
test_healthy_machine_fraction_mean:  0.1881	test_return_mean:         69.7562	test_return_median:       70.0000	test_return_std:           6.1709

[INFO 11:38:34] my_main t_env: 1210100 / 2050000
[INFO 11:38:34] my_main Estimated time left: 6 hours, 45 minutes, 55 seconds. Time passed: 9 hours, 34 minutes, 24 seconds
[INFO 11:39:54] my_main Recent Stats | t_env:    1212000 | Episode:    12120
entropy_loss:              0.0022	ep_length_mean:          100.0000	episode_limit_mean:        1.0000	epsilon:                   0.0500
grad_norm:                17.3423	healthy_machine_fraction_mean:  0.2054	loss:                      0.4182	mi_loss:                   0.0033
q_taken_mean:              2.1624	return_mean:              62.8260	return_median:            62.6000	return_std:                6.7344
target_mean:               2.1751	td_error_abs:              0.4987	test_ep_length_mean:     100.0000	test_episode_limit_mean:   1.0000
test_healthy_machine_fraction_mean:  0.1794	test_return_mean:         69.1000	test_return_median:       69.6000	test_return_std:           6.8007

[INFO 11:40:46] my_main Recent Stats | t_env:    1214000 | Episode:    12140
entropy_loss:              0.0022	ep_length_mean:          100.0000	episode_limit_mean:        1.0000	epsilon:                   0.0500
grad_norm:                18.9879	healthy_machine_fraction_mean:  0.2054	loss:                      0.4359	mi_loss:                   0.0033
q_taken_mean:              2.1726	return_mean:              62.8260	return_median:            62.6000	return_std:                6.7344
target_mean:               2.1979	td_error_abs:              0.5029	test_ep_length_mean:     100.0000	test_episode_limit_mean:   1.0000
test_healthy_machine_fraction_mean:  0.1794	test_return_mean:         69.1000	test_return_median:       69.6000	test_return_std:           6.8007

[INFO 11:41:38] my_main Recent Stats | t_env:    1216000 | Episode:    12160
entropy_loss:              0.0022	ep_length_mean:          100.0000	episode_limit_mean:        1.0000	epsilon:                   0.0500
grad_norm:                18.9879	healthy_machine_fraction_mean:  0.2054	loss:                      0.4359	mi_loss:                   0.0033
q_taken_mean:              2.1726	return_mean:              62.8260	return_median:            62.6000	return_std:                6.7344
target_mean:               2.1979	td_error_abs:              0.5029	test_ep_length_mean:     100.0000	test_episode_limit_mean:   1.0000
test_healthy_machine_fraction_mean:  0.1794	test_return_mean:         69.1000	test_return_median:       69.6000	test_return_std:           6.8007

[INFO 11:42:29] my_main Recent Stats | t_env:    1218000 | Episode:    12180
entropy_loss:              0.0022	ep_length_mean:          100.0000	episode_limit_mean:        1.0000	epsilon:                   0.0500
grad_norm:                18.9879	healthy_machine_fraction_mean:  0.2054	loss:                      0.4359	mi_loss:                   0.0033
q_taken_mean:              2.1726	return_mean:              62.8260	return_median:            62.6000	return_std:                6.7344
target_mean:               2.1979	td_error_abs:              0.5029	test_ep_length_mean:     100.0000	test_episode_limit_mean:   1.0000
test_healthy_machine_fraction_mean:  0.1794	test_return_mean:         69.1000	test_return_median:       69.6000	test_return_std:           6.8007

[INFO 11:43:19] my_main Recent Stats | t_env:    1220000 | Episode:    12200
entropy_loss:              0.0022	ep_length_mean:          100.0000	episode_limit_mean:        1.0000	epsilon:                   0.0500
grad_norm:                18.9879	healthy_machine_fraction_mean:  0.2054	loss:                      0.4359	mi_loss:                   0.0033
q_taken_mean:              2.1726	return_mean:              62.8260	return_median:            62.6000	return_std:                6.7344
target_mean:               2.1979	td_error_abs:              0.5029	test_ep_length_mean:     100.0000	test_episode_limit_mean:   1.0000
test_healthy_machine_fraction_mean:  0.1794	test_return_mean:         69.1000	test_return_median:       69.6000	test_return_std:           6.8007

[INFO 11:43:21] my_main Updated target network
[INFO 11:43:21] my_main t_env: 1220100 / 2050000
[INFO 11:43:21] my_main Estimated time left: 6 hours, 37 minutes, 33 seconds. Time passed: 9 hours, 39 minutes, 12 seconds
[INFO 11:44:42] my_main Recent Stats | t_env:    1222000 | Episode:    12220
entropy_loss:              0.0022	ep_length_mean:          100.0000	episode_limit_mean:        1.0000	epsilon:                   0.0500
grad_norm:                18.9879	healthy_machine_fraction_mean:  0.1978	loss:                      0.4359	mi_loss:                   0.0033
q_taken_mean:              2.1726	return_mean:              62.9580	return_median:            62.8000	return_std:                6.8764
target_mean:               2.1979	td_error_abs:              0.5029	test_ep_length_mean:     100.0000	test_episode_limit_mean:   1.0000
test_healthy_machine_fraction_mean:  0.1738	test_return_mean:         69.2000	test_return_median:       69.7000	test_return_std:           6.7411

[INFO 11:45:35] my_main Recent Stats | t_env:    1224000 | Episode:    12240
entropy_loss:              0.0022	ep_length_mean:          100.0000	episode_limit_mean:        1.0000	epsilon:                   0.0500
grad_norm:                20.1074	healthy_machine_fraction_mean:  0.1978	loss:                      0.4433	mi_loss:                   0.0033
q_taken_mean:              2.1851	return_mean:              62.9580	return_median:            62.8000	return_std:                6.8764
target_mean:               2.2185	td_error_abs:              0.5002	test_ep_length_mean:     100.0000	test_episode_limit_mean:   1.0000
test_healthy_machine_fraction_mean:  0.1738	test_return_mean:         69.2000	test_return_median:       69.7000	test_return_std:           6.7411

[INFO 11:46:26] my_main Recent Stats | t_env:    1226000 | Episode:    12260
entropy_loss:              0.0022	ep_length_mean:          100.0000	episode_limit_mean:        1.0000	epsilon:                   0.0500
grad_norm:                20.1074	healthy_machine_fraction_mean:  0.1978	loss:                      0.4433	mi_loss:                   0.0033
q_taken_mean:              2.1851	return_mean:              62.9580	return_median:            62.8000	return_std:                6.8764
target_mean:               2.2185	td_error_abs:              0.5002	test_ep_length_mean:     100.0000	test_episode_limit_mean:   1.0000
test_healthy_machine_fraction_mean:  0.1738	test_return_mean:         69.2000	test_return_median:       69.7000	test_return_std:           6.7411

[INFO 11:47:19] my_main Recent Stats | t_env:    1228000 | Episode:    12280
entropy_loss:              0.0022	ep_length_mean:          100.0000	episode_limit_mean:        1.0000	epsilon:                   0.0500
grad_norm:                20.1074	healthy_machine_fraction_mean:  0.1978	loss:                      0.4433	mi_loss:                   0.0033
q_taken_mean:              2.1851	return_mean:              62.9580	return_median:            62.8000	return_std:                6.8764
target_mean:               2.2185	td_error_abs:              0.5002	test_ep_length_mean:     100.0000	test_episode_limit_mean:   1.0000
test_healthy_machine_fraction_mean:  0.1738	test_return_mean:         69.2000	test_return_median:       69.7000	test_return_std:           6.7411

[INFO 11:48:10] my_main Recent Stats | t_env:    1230000 | Episode:    12300
entropy_loss:              0.0022	ep_length_mean:          100.0000	episode_limit_mean:        1.0000	epsilon:                   0.0500
grad_norm:                20.1074	healthy_machine_fraction_mean:  0.1978	loss:                      0.4433	mi_loss:                   0.0033
q_taken_mean:              2.1851	return_mean:              62.9580	return_median:            62.8000	return_std:                6.8764
target_mean:               2.2185	td_error_abs:              0.5002	test_ep_length_mean:     100.0000	test_episode_limit_mean:   1.0000
test_healthy_machine_fraction_mean:  0.1738	test_return_mean:         69.2000	test_return_median:       69.7000	test_return_std:           6.7411

[INFO 11:48:12] my_main t_env: 1230100 / 2050000
[INFO 11:48:12] my_main Estimated time left: 6 hours, 37 minutes, 10 seconds. Time passed: 9 hours, 44 minutes, 2 seconds
[INFO 11:49:33] my_main Recent Stats | t_env:    1232000 | Episode:    12320
entropy_loss:              0.0022	ep_length_mean:          100.0000	episode_limit_mean:        1.0000	epsilon:                   0.0500
grad_norm:                20.1074	healthy_machine_fraction_mean:  0.2028	loss:                      0.4433	mi_loss:                   0.0033
q_taken_mean:              2.1851	return_mean:              63.1200	return_median:            63.0000	return_std:                6.8938
target_mean:               2.2185	td_error_abs:              0.5002	test_ep_length_mean:     100.0000	test_episode_limit_mean:   1.0000
test_healthy_machine_fraction_mean:  0.1856	test_return_mean:         69.0375	test_return_median:       69.8000	test_return_std:           7.0602

[INFO 11:50:20] my_main Recent Stats | t_env:    1234000 | Episode:    12340
entropy_loss:              0.0022	ep_length_mean:          100.0000	episode_limit_mean:        1.0000	epsilon:                   0.0500
grad_norm:                20.2404	healthy_machine_fraction_mean:  0.2028	loss:                      0.4482	mi_loss:                   0.0032
q_taken_mean:              2.1915	return_mean:              63.1200	return_median:            63.0000	return_std:                6.8938
target_mean:               2.2251	td_error_abs:              0.5017	test_ep_length_mean:     100.0000	test_episode_limit_mean:   1.0000
test_healthy_machine_fraction_mean:  0.1856	test_return_mean:         69.0375	test_return_median:       69.8000	test_return_std:           7.0602

[INFO 11:51:11] my_main Recent Stats | t_env:    1236000 | Episode:    12360
entropy_loss:              0.0022	ep_length_mean:          100.0000	episode_limit_mean:        1.0000	epsilon:                   0.0500
grad_norm:                20.2404	healthy_machine_fraction_mean:  0.2028	loss:                      0.4482	mi_loss:                   0.0032
q_taken_mean:              2.1915	return_mean:              63.1200	return_median:            63.0000	return_std:                6.8938
target_mean:               2.2251	td_error_abs:              0.5017	test_ep_length_mean:     100.0000	test_episode_limit_mean:   1.0000
test_healthy_machine_fraction_mean:  0.1856	test_return_mean:         69.0375	test_return_median:       69.8000	test_return_std:           7.0602

[INFO 11:52:03] my_main Recent Stats | t_env:    1238000 | Episode:    12380
entropy_loss:              0.0022	ep_length_mean:          100.0000	episode_limit_mean:        1.0000	epsilon:                   0.0500
grad_norm:                20.2404	healthy_machine_fraction_mean:  0.2028	loss:                      0.4482	mi_loss:                   0.0032
q_taken_mean:              2.1915	return_mean:              63.1200	return_median:            63.0000	return_std:                6.8938
target_mean:               2.2251	td_error_abs:              0.5017	test_ep_length_mean:     100.0000	test_episode_limit_mean:   1.0000
test_healthy_machine_fraction_mean:  0.1856	test_return_mean:         69.0375	test_return_median:       69.8000	test_return_std:           7.0602

[INFO 11:52:53] my_main Recent Stats | t_env:    1240000 | Episode:    12400
entropy_loss:              0.0022	ep_length_mean:          100.0000	episode_limit_mean:        1.0000	epsilon:                   0.0500
grad_norm:                20.2404	healthy_machine_fraction_mean:  0.2028	loss:                      0.4482	mi_loss:                   0.0032
q_taken_mean:              2.1915	return_mean:              63.1200	return_median:            63.0000	return_std:                6.8938
target_mean:               2.2251	td_error_abs:              0.5017	test_ep_length_mean:     100.0000	test_episode_limit_mean:   1.0000
test_healthy_machine_fraction_mean:  0.1856	test_return_mean:         69.0375	test_return_median:       69.8000	test_return_std:           7.0602

[INFO 11:52:56] my_main Updated target network
[INFO 11:52:56] my_main t_env: 1240100 / 2050000
[INFO 11:52:56] my_main Estimated time left: 6 hours, 23 minutes, 20 seconds. Time passed: 9 hours, 48 minutes, 46 seconds
[INFO 11:54:17] my_main Recent Stats | t_env:    1242000 | Episode:    12420
entropy_loss:              0.0022	ep_length_mean:          100.0000	episode_limit_mean:        1.0000	epsilon:                   0.0500
grad_norm:                20.2404	healthy_machine_fraction_mean:  0.1996	loss:                      0.4482	mi_loss:                   0.0032
q_taken_mean:              2.1915	return_mean:              62.8140	return_median:            62.7000	return_std:                6.7845
target_mean:               2.2251	td_error_abs:              0.5017	test_ep_length_mean:     100.0000	test_episode_limit_mean:   1.0000
test_healthy_machine_fraction_mean:  0.1737	test_return_mean:         67.7938	test_return_median:       68.7000	test_return_std:           7.7646

[INFO 11:55:09] my_main Recent Stats | t_env:    1244000 | Episode:    12440
entropy_loss:              0.0022	ep_length_mean:          100.0000	episode_limit_mean:        1.0000	epsilon:                   0.0500
grad_norm:                21.5298	healthy_machine_fraction_mean:  0.1996	loss:                      0.4563	mi_loss:                   0.0032
q_taken_mean:              2.1994	return_mean:              62.8140	return_median:            62.7000	return_std:                6.7845
target_mean:               2.2355	td_error_abs:              0.5083	test_ep_length_mean:     100.0000	test_episode_limit_mean:   1.0000
test_healthy_machine_fraction_mean:  0.1737	test_return_mean:         67.7938	test_return_median:       68.7000	test_return_std:           7.7646

[INFO 11:56:01] my_main Recent Stats | t_env:    1246000 | Episode:    12460
entropy_loss:              0.0022	ep_length_mean:          100.0000	episode_limit_mean:        1.0000	epsilon:                   0.0500
grad_norm:                21.5298	healthy_machine_fraction_mean:  0.1996	loss:                      0.4563	mi_loss:                   0.0032
q_taken_mean:              2.1994	return_mean:              62.8140	return_median:            62.7000	return_std:                6.7845
target_mean:               2.2355	td_error_abs:              0.5083	test_ep_length_mean:     100.0000	test_episode_limit_mean:   1.0000
test_healthy_machine_fraction_mean:  0.1737	test_return_mean:         67.7938	test_return_median:       68.7000	test_return_std:           7.7646

[INFO 11:56:52] my_main Recent Stats | t_env:    1248000 | Episode:    12480
entropy_loss:              0.0022	ep_length_mean:          100.0000	episode_limit_mean:        1.0000	epsilon:                   0.0500
grad_norm:                21.5298	healthy_machine_fraction_mean:  0.1996	loss:                      0.4563	mi_loss:                   0.0032
q_taken_mean:              2.1994	return_mean:              62.8140	return_median:            62.7000	return_std:                6.7845
target_mean:               2.2355	td_error_abs:              0.5083	test_ep_length_mean:     100.0000	test_episode_limit_mean:   1.0000
test_healthy_machine_fraction_mean:  0.1737	test_return_mean:         67.7938	test_return_median:       68.7000	test_return_std:           7.7646

[INFO 11:57:42] my_main Recent Stats | t_env:    1250000 | Episode:    12500
entropy_loss:              0.0022	ep_length_mean:          100.0000	episode_limit_mean:        1.0000	epsilon:                   0.0500
grad_norm:                21.5298	healthy_machine_fraction_mean:  0.1996	loss:                      0.4563	mi_loss:                   0.0032
q_taken_mean:              2.1994	return_mean:              62.8140	return_median:            62.7000	return_std:                6.7845
target_mean:               2.2355	td_error_abs:              0.5083	test_ep_length_mean:     100.0000	test_episode_limit_mean:   1.0000
test_healthy_machine_fraction_mean:  0.1737	test_return_mean:         67.7938	test_return_median:       68.7000	test_return_std:           7.7646

[INFO 11:57:44] my_main t_env: 1250100 / 2050000
[INFO 11:57:44] my_main Estimated time left: 6 hours, 24 minutes, 17 seconds. Time passed: 9 hours, 53 minutes, 34 seconds
[INFO 11:59:06] my_main Recent Stats | t_env:    1252000 | Episode:    12520
entropy_loss:              0.0022	ep_length_mean:          100.0000	episode_limit_mean:        1.0000	epsilon:                   0.0500
grad_norm:                21.5298	healthy_machine_fraction_mean:  0.1986	loss:                      0.4563	mi_loss:                   0.0032
q_taken_mean:              2.1994	return_mean:              62.8580	return_median:            62.9000	return_std:                6.6586
target_mean:               2.2355	td_error_abs:              0.5083	test_ep_length_mean:     100.0000	test_episode_limit_mean:   1.0000
test_healthy_machine_fraction_mean:  0.1762	test_return_mean:         67.7188	test_return_median:       68.4000	test_return_std:           7.6994

[INFO 11:59:57] my_main Recent Stats | t_env:    1254000 | Episode:    12540
entropy_loss:              0.0022	ep_length_mean:          100.0000	episode_limit_mean:        1.0000	epsilon:                   0.0500
grad_norm:                21.0626	healthy_machine_fraction_mean:  0.1986	loss:                      0.4469	mi_loss:                   0.0032
q_taken_mean:              2.2068	return_mean:              62.8580	return_median:            62.9000	return_std:                6.6586
target_mean:               2.2421	td_error_abs:              0.5038	test_ep_length_mean:     100.0000	test_episode_limit_mean:   1.0000
test_healthy_machine_fraction_mean:  0.1762	test_return_mean:         67.7188	test_return_median:       68.4000	test_return_std:           7.6994

[INFO 12:00:49] my_main Recent Stats | t_env:    1256000 | Episode:    12560
entropy_loss:              0.0022	ep_length_mean:          100.0000	episode_limit_mean:        1.0000	epsilon:                   0.0500
grad_norm:                21.0626	healthy_machine_fraction_mean:  0.1986	loss:                      0.4469	mi_loss:                   0.0032
q_taken_mean:              2.2068	return_mean:              62.8580	return_median:            62.9000	return_std:                6.6586
target_mean:               2.2421	td_error_abs:              0.5038	test_ep_length_mean:     100.0000	test_episode_limit_mean:   1.0000
test_healthy_machine_fraction_mean:  0.1762	test_return_mean:         67.7188	test_return_median:       68.4000	test_return_std:           7.6994

[INFO 12:01:41] my_main Recent Stats | t_env:    1258000 | Episode:    12580
entropy_loss:              0.0022	ep_length_mean:          100.0000	episode_limit_mean:        1.0000	epsilon:                   0.0500
grad_norm:                21.0626	healthy_machine_fraction_mean:  0.1986	loss:                      0.4469	mi_loss:                   0.0032
q_taken_mean:              2.2068	return_mean:              62.8580	return_median:            62.9000	return_std:                6.6586
target_mean:               2.2421	td_error_abs:              0.5038	test_ep_length_mean:     100.0000	test_episode_limit_mean:   1.0000
test_healthy_machine_fraction_mean:  0.1762	test_return_mean:         67.7188	test_return_median:       68.4000	test_return_std:           7.6994

[INFO 12:02:32] my_main Recent Stats | t_env:    1260000 | Episode:    12600
entropy_loss:              0.0022	ep_length_mean:          100.0000	episode_limit_mean:        1.0000	epsilon:                   0.0500
grad_norm:                21.0626	healthy_machine_fraction_mean:  0.1986	loss:                      0.4469	mi_loss:                   0.0032
q_taken_mean:              2.2068	return_mean:              62.8580	return_median:            62.9000	return_std:                6.6586
target_mean:               2.2421	td_error_abs:              0.5038	test_ep_length_mean:     100.0000	test_episode_limit_mean:   1.0000
test_healthy_machine_fraction_mean:  0.1762	test_return_mean:         67.7188	test_return_median:       68.4000	test_return_std:           7.6994

[INFO 12:02:34] my_main Updated target network
[INFO 12:02:34] my_main t_env: 1260100 / 2050000
[INFO 12:02:34] my_main Estimated time left: 6 hours, 22 minutes, 8 seconds. Time passed: 9 hours, 58 minutes, 25 seconds
[INFO 12:03:55] my_main Recent Stats | t_env:    1262000 | Episode:    12620
entropy_loss:              0.0022	ep_length_mean:          100.0000	episode_limit_mean:        1.0000	epsilon:                   0.0500
grad_norm:                21.0626	healthy_machine_fraction_mean:  0.2050	loss:                      0.4469	mi_loss:                   0.0032
q_taken_mean:              2.2068	return_mean:              63.3180	return_median:            63.1000	return_std:                6.2777
target_mean:               2.2421	td_error_abs:              0.5038	test_ep_length_mean:     100.0000	test_episode_limit_mean:   1.0000
test_healthy_machine_fraction_mean:  0.1750	test_return_mean:         69.1562	test_return_median:       69.7000	test_return_std:           7.1152

[INFO 12:04:47] my_main Recent Stats | t_env:    1264000 | Episode:    12640
entropy_loss:              0.0022	ep_length_mean:          100.0000	episode_limit_mean:        1.0000	epsilon:                   0.0500
grad_norm:                19.6765	healthy_machine_fraction_mean:  0.2050	loss:                      0.4344	mi_loss:                   0.0032
q_taken_mean:              2.2160	return_mean:              63.3180	return_median:            63.1000	return_std:                6.2777
target_mean:               2.2489	td_error_abs:              0.4965	test_ep_length_mean:     100.0000	test_episode_limit_mean:   1.0000
test_healthy_machine_fraction_mean:  0.1750	test_return_mean:         69.1562	test_return_median:       69.7000	test_return_std:           7.1152

[INFO 12:05:39] my_main Recent Stats | t_env:    1266000 | Episode:    12660
entropy_loss:              0.0022	ep_length_mean:          100.0000	episode_limit_mean:        1.0000	epsilon:                   0.0500
grad_norm:                19.6765	healthy_machine_fraction_mean:  0.2050	loss:                      0.4344	mi_loss:                   0.0032
q_taken_mean:              2.2160	return_mean:              63.3180	return_median:            63.1000	return_std:                6.2777
target_mean:               2.2489	td_error_abs:              0.4965	test_ep_length_mean:     100.0000	test_episode_limit_mean:   1.0000
test_healthy_machine_fraction_mean:  0.1750	test_return_mean:         69.1562	test_return_median:       69.7000	test_return_std:           7.1152

[INFO 12:06:32] my_main Recent Stats | t_env:    1268000 | Episode:    12680
entropy_loss:              0.0022	ep_length_mean:          100.0000	episode_limit_mean:        1.0000	epsilon:                   0.0500
grad_norm:                19.6765	healthy_machine_fraction_mean:  0.2050	loss:                      0.4344	mi_loss:                   0.0032
q_taken_mean:              2.2160	return_mean:              63.3180	return_median:            63.1000	return_std:                6.2777
target_mean:               2.2489	td_error_abs:              0.4965	test_ep_length_mean:     100.0000	test_episode_limit_mean:   1.0000
test_healthy_machine_fraction_mean:  0.1750	test_return_mean:         69.1562	test_return_median:       69.7000	test_return_std:           7.1152

[INFO 12:07:22] my_main Recent Stats | t_env:    1270000 | Episode:    12700
entropy_loss:              0.0022	ep_length_mean:          100.0000	episode_limit_mean:        1.0000	epsilon:                   0.0500
grad_norm:                19.6765	healthy_machine_fraction_mean:  0.2050	loss:                      0.4344	mi_loss:                   0.0032
q_taken_mean:              2.2160	return_mean:              63.3180	return_median:            63.1000	return_std:                6.2777
target_mean:               2.2489	td_error_abs:              0.4965	test_ep_length_mean:     100.0000	test_episode_limit_mean:   1.0000
test_healthy_machine_fraction_mean:  0.1750	test_return_mean:         69.1562	test_return_median:       69.7000	test_return_std:           7.1152

[INFO 12:07:24] my_main t_env: 1270100 / 2050000
[INFO 12:07:24] my_main Estimated time left: 6 hours, 16 minutes, 14 seconds. Time passed: 10 hours, 3 minutes, 14 seconds
[INFO 12:08:45] my_main Recent Stats | t_env:    1272000 | Episode:    12720
entropy_loss:              0.0022	ep_length_mean:          100.0000	episode_limit_mean:        1.0000	epsilon:                   0.0500
grad_norm:                19.6765	healthy_machine_fraction_mean:  0.2242	loss:                      0.4344	mi_loss:                   0.0032
q_taken_mean:              2.2160	return_mean:              63.7480	return_median:            63.5000	return_std:                6.2037
target_mean:               2.2489	td_error_abs:              0.4965	test_ep_length_mean:     100.0000	test_episode_limit_mean:   1.0000
test_healthy_machine_fraction_mean:  0.1912	test_return_mean:         69.9000	test_return_median:       70.4000	test_return_std:           6.6771

[INFO 12:09:38] my_main Recent Stats | t_env:    1274000 | Episode:    12740
entropy_loss:              0.0022	ep_length_mean:          100.0000	episode_limit_mean:        1.0000	epsilon:                   0.0500
grad_norm:                21.1516	healthy_machine_fraction_mean:  0.2242	loss:                      0.4487	mi_loss:                   0.0032
q_taken_mean:              2.2227	return_mean:              63.7480	return_median:            63.5000	return_std:                6.2037
target_mean:               2.2582	td_error_abs:              0.5065	test_ep_length_mean:     100.0000	test_episode_limit_mean:   1.0000
test_healthy_machine_fraction_mean:  0.1912	test_return_mean:         69.9000	test_return_median:       70.4000	test_return_std:           6.6771

[INFO 12:10:30] my_main Recent Stats | t_env:    1276000 | Episode:    12760
entropy_loss:              0.0022	ep_length_mean:          100.0000	episode_limit_mean:        1.0000	epsilon:                   0.0500
grad_norm:                21.1516	healthy_machine_fraction_mean:  0.2242	loss:                      0.4487	mi_loss:                   0.0032
q_taken_mean:              2.2227	return_mean:              63.7480	return_median:            63.5000	return_std:                6.2037
target_mean:               2.2582	td_error_abs:              0.5065	test_ep_length_mean:     100.0000	test_episode_limit_mean:   1.0000
test_healthy_machine_fraction_mean:  0.1912	test_return_mean:         69.9000	test_return_median:       70.4000	test_return_std:           6.6771

[INFO 12:11:22] my_main Recent Stats | t_env:    1278000 | Episode:    12780
entropy_loss:              0.0022	ep_length_mean:          100.0000	episode_limit_mean:        1.0000	epsilon:                   0.0500
grad_norm:                21.1516	healthy_machine_fraction_mean:  0.2242	loss:                      0.4487	mi_loss:                   0.0032
q_taken_mean:              2.2227	return_mean:              63.7480	return_median:            63.5000	return_std:                6.2037
target_mean:               2.2582	td_error_abs:              0.5065	test_ep_length_mean:     100.0000	test_episode_limit_mean:   1.0000
test_healthy_machine_fraction_mean:  0.1912	test_return_mean:         69.9000	test_return_median:       70.4000	test_return_std:           6.6771

[INFO 12:12:11] my_main Recent Stats | t_env:    1280000 | Episode:    12800
entropy_loss:              0.0022	ep_length_mean:          100.0000	episode_limit_mean:        1.0000	epsilon:                   0.0500
grad_norm:                21.1516	healthy_machine_fraction_mean:  0.2242	loss:                      0.4487	mi_loss:                   0.0032
q_taken_mean:              2.2227	return_mean:              63.7480	return_median:            63.5000	return_std:                6.2037
target_mean:               2.2582	td_error_abs:              0.5065	test_ep_length_mean:     100.0000	test_episode_limit_mean:   1.0000
test_healthy_machine_fraction_mean:  0.1912	test_return_mean:         69.9000	test_return_median:       70.4000	test_return_std:           6.6771

[INFO 12:12:14] my_main Updated target network
[INFO 12:12:14] my_main t_env: 1280100 / 2050000
[INFO 12:12:14] my_main Estimated time left: 6 hours, 11 minutes, 37 seconds. Time passed: 10 hours, 8 minutes, 4 seconds
[INFO 12:13:34] my_main Recent Stats | t_env:    1282000 | Episode:    12820
entropy_loss:              0.0022	ep_length_mean:          100.0000	episode_limit_mean:        1.0000	epsilon:                   0.0500
grad_norm:                21.1516	healthy_machine_fraction_mean:  0.2336	loss:                      0.4487	mi_loss:                   0.0032
q_taken_mean:              2.2227	return_mean:              64.2780	return_median:            64.0000	return_std:                6.1328
target_mean:               2.2582	td_error_abs:              0.5065	test_ep_length_mean:     100.0000	test_episode_limit_mean:   1.0000
test_healthy_machine_fraction_mean:  0.2025	test_return_mean:         70.5687	test_return_median:       70.7000	test_return_std:           6.2900

[INFO 12:14:26] my_main Recent Stats | t_env:    1284000 | Episode:    12840
entropy_loss:              0.0022	ep_length_mean:          100.0000	episode_limit_mean:        1.0000	epsilon:                   0.0500
grad_norm:                21.4755	healthy_machine_fraction_mean:  0.2336	loss:                      0.4545	mi_loss:                   0.0032
q_taken_mean:              2.2331	return_mean:              64.2780	return_median:            64.0000	return_std:                6.1328
target_mean:               2.2692	td_error_abs:              0.5081	test_ep_length_mean:     100.0000	test_episode_limit_mean:   1.0000
test_healthy_machine_fraction_mean:  0.2025	test_return_mean:         70.5687	test_return_median:       70.7000	test_return_std:           6.2900

[INFO 12:15:19] my_main Recent Stats | t_env:    1286000 | Episode:    12860
entropy_loss:              0.0022	ep_length_mean:          100.0000	episode_limit_mean:        1.0000	epsilon:                   0.0500
grad_norm:                21.4755	healthy_machine_fraction_mean:  0.2336	loss:                      0.4545	mi_loss:                   0.0032
q_taken_mean:              2.2331	return_mean:              64.2780	return_median:            64.0000	return_std:                6.1328
target_mean:               2.2692	td_error_abs:              0.5081	test_ep_length_mean:     100.0000	test_episode_limit_mean:   1.0000
test_healthy_machine_fraction_mean:  0.2025	test_return_mean:         70.5687	test_return_median:       70.7000	test_return_std:           6.2900

[INFO 12:16:11] my_main Recent Stats | t_env:    1288000 | Episode:    12880
entropy_loss:              0.0022	ep_length_mean:          100.0000	episode_limit_mean:        1.0000	epsilon:                   0.0500
grad_norm:                21.4755	healthy_machine_fraction_mean:  0.2336	loss:                      0.4545	mi_loss:                   0.0032
q_taken_mean:              2.2331	return_mean:              64.2780	return_median:            64.0000	return_std:                6.1328
target_mean:               2.2692	td_error_abs:              0.5081	test_ep_length_mean:     100.0000	test_episode_limit_mean:   1.0000
test_healthy_machine_fraction_mean:  0.2025	test_return_mean:         70.5687	test_return_median:       70.7000	test_return_std:           6.2900

[INFO 12:17:01] my_main Recent Stats | t_env:    1290000 | Episode:    12900
entropy_loss:              0.0022	ep_length_mean:          100.0000	episode_limit_mean:        1.0000	epsilon:                   0.0500
grad_norm:                21.4755	healthy_machine_fraction_mean:  0.2336	loss:                      0.4545	mi_loss:                   0.0032
q_taken_mean:              2.2331	return_mean:              64.2780	return_median:            64.0000	return_std:                6.1328
target_mean:               2.2692	td_error_abs:              0.5081	test_ep_length_mean:     100.0000	test_episode_limit_mean:   1.0000
test_healthy_machine_fraction_mean:  0.2025	test_return_mean:         70.5687	test_return_median:       70.7000	test_return_std:           6.2900

[INFO 12:17:03] my_main t_env: 1290100 / 2050000
[INFO 12:17:03] my_main Estimated time left: 6 hours, 7 minutes, 1 seconds. Time passed: 10 hours, 12 minutes, 54 seconds
[INFO 12:18:24] my_main Recent Stats | t_env:    1292000 | Episode:    12920
entropy_loss:              0.0022	ep_length_mean:          100.0000	episode_limit_mean:        1.0000	epsilon:                   0.0500
grad_norm:                21.4755	healthy_machine_fraction_mean:  0.2418	loss:                      0.4545	mi_loss:                   0.0032
q_taken_mean:              2.2331	return_mean:              64.6680	return_median:            64.4000	return_std:                6.3089
target_mean:               2.2692	td_error_abs:              0.5081	test_ep_length_mean:     100.0000	test_episode_limit_mean:   1.0000
test_healthy_machine_fraction_mean:  0.2231	test_return_mean:         71.3063	test_return_median:       71.4000	test_return_std:           5.9808

[INFO 12:19:16] my_main Recent Stats | t_env:    1294000 | Episode:    12940
entropy_loss:              0.0022	ep_length_mean:          100.0000	episode_limit_mean:        1.0000	epsilon:                   0.0500
grad_norm:                21.2072	healthy_machine_fraction_mean:  0.2418	loss:                      0.4592	mi_loss:                   0.0031
q_taken_mean:              2.2421	return_mean:              64.6680	return_median:            64.4000	return_std:                6.3089
target_mean:               2.2778	td_error_abs:              0.5079	test_ep_length_mean:     100.0000	test_episode_limit_mean:   1.0000
test_healthy_machine_fraction_mean:  0.2231	test_return_mean:         71.3063	test_return_median:       71.4000	test_return_std:           5.9808

[INFO 12:20:06] my_main Recent Stats | t_env:    1296000 | Episode:    12960
entropy_loss:              0.0022	ep_length_mean:          100.0000	episode_limit_mean:        1.0000	epsilon:                   0.0500
grad_norm:                21.2072	healthy_machine_fraction_mean:  0.2418	loss:                      0.4592	mi_loss:                   0.0031
q_taken_mean:              2.2421	return_mean:              64.6680	return_median:            64.4000	return_std:                6.3089
target_mean:               2.2778	td_error_abs:              0.5079	test_ep_length_mean:     100.0000	test_episode_limit_mean:   1.0000
test_healthy_machine_fraction_mean:  0.2231	test_return_mean:         71.3063	test_return_median:       71.4000	test_return_std:           5.9808

[INFO 12:20:59] my_main Recent Stats | t_env:    1298000 | Episode:    12980
entropy_loss:              0.0022	ep_length_mean:          100.0000	episode_limit_mean:        1.0000	epsilon:                   0.0500
grad_norm:                21.2072	healthy_machine_fraction_mean:  0.2418	loss:                      0.4592	mi_loss:                   0.0031
q_taken_mean:              2.2421	return_mean:              64.6680	return_median:            64.4000	return_std:                6.3089
target_mean:               2.2778	td_error_abs:              0.5079	test_ep_length_mean:     100.0000	test_episode_limit_mean:   1.0000
test_healthy_machine_fraction_mean:  0.2231	test_return_mean:         71.3063	test_return_median:       71.4000	test_return_std:           5.9808

[INFO 12:21:49] my_main Recent Stats | t_env:    1300000 | Episode:    13000
entropy_loss:              0.0022	ep_length_mean:          100.0000	episode_limit_mean:        1.0000	epsilon:                   0.0500
grad_norm:                21.2072	healthy_machine_fraction_mean:  0.2418	loss:                      0.4592	mi_loss:                   0.0031
q_taken_mean:              2.2421	return_mean:              64.6680	return_median:            64.4000	return_std:                6.3089
target_mean:               2.2778	td_error_abs:              0.5079	test_ep_length_mean:     100.0000	test_episode_limit_mean:   1.0000
test_healthy_machine_fraction_mean:  0.2231	test_return_mean:         71.3063	test_return_median:       71.4000	test_return_std:           5.9808

[INFO 12:21:51] my_main Updated target network
[INFO 12:21:51] my_main t_env: 1300100 / 2050000
[INFO 12:21:51] my_main Estimated time left: 5 hours, 59 minutes, 58 seconds. Time passed: 10 hours, 17 minutes, 42 seconds
[INFO 12:23:12] my_main Recent Stats | t_env:    1302000 | Episode:    13020
entropy_loss:              0.0022	ep_length_mean:          100.0000	episode_limit_mean:        1.0000	epsilon:                   0.0500
grad_norm:                21.2072	healthy_machine_fraction_mean:  0.2372	loss:                      0.4592	mi_loss:                   0.0031
q_taken_mean:              2.2421	return_mean:              64.5680	return_median:            64.4000	return_std:                6.3130
target_mean:               2.2778	td_error_abs:              0.5079	test_ep_length_mean:     100.0000	test_episode_limit_mean:   1.0000
test_healthy_machine_fraction_mean:  0.2225	test_return_mean:         71.2313	test_return_median:       71.5000	test_return_std:           5.8216

[INFO 12:24:04] my_main Recent Stats | t_env:    1304000 | Episode:    13040
entropy_loss:              0.0022	ep_length_mean:          100.0000	episode_limit_mean:        1.0000	epsilon:                   0.0500
grad_norm:                21.4784	healthy_machine_fraction_mean:  0.2372	loss:                      0.4646	mi_loss:                   0.0031
q_taken_mean:              2.2523	return_mean:              64.5680	return_median:            64.4000	return_std:                6.3130
target_mean:               2.2884	td_error_abs:              0.5098	test_ep_length_mean:     100.0000	test_episode_limit_mean:   1.0000
test_healthy_machine_fraction_mean:  0.2225	test_return_mean:         71.2313	test_return_median:       71.5000	test_return_std:           5.8216

[INFO 12:24:57] my_main Recent Stats | t_env:    1306000 | Episode:    13060
entropy_loss:              0.0022	ep_length_mean:          100.0000	episode_limit_mean:        1.0000	epsilon:                   0.0500
grad_norm:                21.4784	healthy_machine_fraction_mean:  0.2372	loss:                      0.4646	mi_loss:                   0.0031
q_taken_mean:              2.2523	return_mean:              64.5680	return_median:            64.4000	return_std:                6.3130
target_mean:               2.2884	td_error_abs:              0.5098	test_ep_length_mean:     100.0000	test_episode_limit_mean:   1.0000
test_healthy_machine_fraction_mean:  0.2225	test_return_mean:         71.2313	test_return_median:       71.5000	test_return_std:           5.8216

[INFO 12:25:48] my_main Recent Stats | t_env:    1308000 | Episode:    13080
entropy_loss:              0.0022	ep_length_mean:          100.0000	episode_limit_mean:        1.0000	epsilon:                   0.0500
grad_norm:                21.4784	healthy_machine_fraction_mean:  0.2372	loss:                      0.4646	mi_loss:                   0.0031
q_taken_mean:              2.2523	return_mean:              64.5680	return_median:            64.4000	return_std:                6.3130
target_mean:               2.2884	td_error_abs:              0.5098	test_ep_length_mean:     100.0000	test_episode_limit_mean:   1.0000
test_healthy_machine_fraction_mean:  0.2225	test_return_mean:         71.2313	test_return_median:       71.5000	test_return_std:           5.8216

[INFO 12:26:35] my_main Recent Stats | t_env:    1310000 | Episode:    13100
entropy_loss:              0.0022	ep_length_mean:          100.0000	episode_limit_mean:        1.0000	epsilon:                   0.0500
grad_norm:                21.4784	healthy_machine_fraction_mean:  0.2372	loss:                      0.4646	mi_loss:                   0.0031
q_taken_mean:              2.2523	return_mean:              64.5680	return_median:            64.4000	return_std:                6.3130
target_mean:               2.2884	td_error_abs:              0.5098	test_ep_length_mean:     100.0000	test_episode_limit_mean:   1.0000
test_healthy_machine_fraction_mean:  0.2225	test_return_mean:         71.2313	test_return_median:       71.5000	test_return_std:           5.8216

[INFO 12:26:38] my_main t_env: 1310100 / 2050000
[INFO 12:26:38] my_main Estimated time left: 5 hours, 52 minutes, 59 seconds. Time passed: 10 hours, 22 minutes, 28 seconds
[INFO 12:27:57] my_main Recent Stats | t_env:    1312000 | Episode:    13120
entropy_loss:              0.0022	ep_length_mean:          100.0000	episode_limit_mean:        1.0000	epsilon:                   0.0500
grad_norm:                21.4784	healthy_machine_fraction_mean:  0.2426	loss:                      0.4646	mi_loss:                   0.0031
q_taken_mean:              2.2523	return_mean:              64.4240	return_median:            64.5000	return_std:                6.5668
target_mean:               2.2884	td_error_abs:              0.5098	test_ep_length_mean:     100.0000	test_episode_limit_mean:   1.0000
test_healthy_machine_fraction_mean:  0.2400	test_return_mean:         69.6875	test_return_median:       69.7000	test_return_std:           6.0771

[INFO 12:28:49] my_main Recent Stats | t_env:    1314000 | Episode:    13140
entropy_loss:              0.0022	ep_length_mean:          100.0000	episode_limit_mean:        1.0000	epsilon:                   0.0500
grad_norm:                22.6036	healthy_machine_fraction_mean:  0.2426	loss:                      0.4702	mi_loss:                   0.0031
q_taken_mean:              2.2565	return_mean:              64.4240	return_median:            64.5000	return_std:                6.5668
target_mean:               2.2947	td_error_abs:              0.5129	test_ep_length_mean:     100.0000	test_episode_limit_mean:   1.0000
test_healthy_machine_fraction_mean:  0.2400	test_return_mean:         69.6875	test_return_median:       69.7000	test_return_std:           6.0771

[INFO 12:29:41] my_main Recent Stats | t_env:    1316000 | Episode:    13160
entropy_loss:              0.0022	ep_length_mean:          100.0000	episode_limit_mean:        1.0000	epsilon:                   0.0500
grad_norm:                22.6036	healthy_machine_fraction_mean:  0.2426	loss:                      0.4702	mi_loss:                   0.0031
q_taken_mean:              2.2565	return_mean:              64.4240	return_median:            64.5000	return_std:                6.5668
target_mean:               2.2947	td_error_abs:              0.5129	test_ep_length_mean:     100.0000	test_episode_limit_mean:   1.0000
test_healthy_machine_fraction_mean:  0.2400	test_return_mean:         69.6875	test_return_median:       69.7000	test_return_std:           6.0771

[INFO 12:30:33] my_main Recent Stats | t_env:    1318000 | Episode:    13180
entropy_loss:              0.0022	ep_length_mean:          100.0000	episode_limit_mean:        1.0000	epsilon:                   0.0500
grad_norm:                22.6036	healthy_machine_fraction_mean:  0.2426	loss:                      0.4702	mi_loss:                   0.0031
q_taken_mean:              2.2565	return_mean:              64.4240	return_median:            64.5000	return_std:                6.5668
target_mean:               2.2947	td_error_abs:              0.5129	test_ep_length_mean:     100.0000	test_episode_limit_mean:   1.0000
test_healthy_machine_fraction_mean:  0.2400	test_return_mean:         69.6875	test_return_median:       69.7000	test_return_std:           6.0771

[INFO 12:31:23] my_main Recent Stats | t_env:    1320000 | Episode:    13200
entropy_loss:              0.0022	ep_length_mean:          100.0000	episode_limit_mean:        1.0000	epsilon:                   0.0500
grad_norm:                22.6036	healthy_machine_fraction_mean:  0.2426	loss:                      0.4702	mi_loss:                   0.0031
q_taken_mean:              2.2565	return_mean:              64.4240	return_median:            64.5000	return_std:                6.5668
target_mean:               2.2947	td_error_abs:              0.5129	test_ep_length_mean:     100.0000	test_episode_limit_mean:   1.0000
test_healthy_machine_fraction_mean:  0.2400	test_return_mean:         69.6875	test_return_median:       69.7000	test_return_std:           6.0771

[INFO 12:31:26] my_main Updated target network
[INFO 12:31:26] my_main t_env: 1320100 / 2050000
[INFO 12:31:26] my_main Estimated time left: 5 hours, 50 minutes, 28 seconds. Time passed: 10 hours, 27 minutes, 16 seconds
[INFO 12:32:47] my_main Recent Stats | t_env:    1322000 | Episode:    13220
entropy_loss:              0.0022	ep_length_mean:          100.0000	episode_limit_mean:        1.0000	epsilon:                   0.0500
grad_norm:                22.6036	healthy_machine_fraction_mean:  0.2388	loss:                      0.4702	mi_loss:                   0.0031
q_taken_mean:              2.2565	return_mean:              64.3680	return_median:            64.5000	return_std:                6.4720
target_mean:               2.2947	td_error_abs:              0.5129	test_ep_length_mean:     100.0000	test_episode_limit_mean:   1.0000
test_healthy_machine_fraction_mean:  0.2356	test_return_mean:         69.5875	test_return_median:       69.7000	test_return_std:           6.0456

[INFO 12:33:39] my_main Recent Stats | t_env:    1324000 | Episode:    13240
entropy_loss:              0.0022	ep_length_mean:          100.0000	episode_limit_mean:        1.0000	epsilon:                   0.0500
grad_norm:                22.7028	healthy_machine_fraction_mean:  0.2388	loss:                      0.4668	mi_loss:                   0.0031
q_taken_mean:              2.2657	return_mean:              64.3680	return_median:            64.5000	return_std:                6.4720
target_mean:               2.3041	td_error_abs:              0.5109	test_ep_length_mean:     100.0000	test_episode_limit_mean:   1.0000
test_healthy_machine_fraction_mean:  0.2356	test_return_mean:         69.5875	test_return_median:       69.7000	test_return_std:           6.0456

[INFO 12:34:31] my_main Recent Stats | t_env:    1326000 | Episode:    13260
entropy_loss:              0.0022	ep_length_mean:          100.0000	episode_limit_mean:        1.0000	epsilon:                   0.0500
grad_norm:                22.7028	healthy_machine_fraction_mean:  0.2388	loss:                      0.4668	mi_loss:                   0.0031
q_taken_mean:              2.2657	return_mean:              64.3680	return_median:            64.5000	return_std:                6.4720
target_mean:               2.3041	td_error_abs:              0.5109	test_ep_length_mean:     100.0000	test_episode_limit_mean:   1.0000
test_healthy_machine_fraction_mean:  0.2356	test_return_mean:         69.5875	test_return_median:       69.7000	test_return_std:           6.0456

[INFO 12:35:22] my_main Recent Stats | t_env:    1328000 | Episode:    13280
entropy_loss:              0.0022	ep_length_mean:          100.0000	episode_limit_mean:        1.0000	epsilon:                   0.0500
grad_norm:                22.7028	healthy_machine_fraction_mean:  0.2388	loss:                      0.4668	mi_loss:                   0.0031
q_taken_mean:              2.2657	return_mean:              64.3680	return_median:            64.5000	return_std:                6.4720
target_mean:               2.3041	td_error_abs:              0.5109	test_ep_length_mean:     100.0000	test_episode_limit_mean:   1.0000
test_healthy_machine_fraction_mean:  0.2356	test_return_mean:         69.5875	test_return_median:       69.7000	test_return_std:           6.0456

[INFO 12:36:13] my_main Recent Stats | t_env:    1330000 | Episode:    13300
entropy_loss:              0.0022	ep_length_mean:          100.0000	episode_limit_mean:        1.0000	epsilon:                   0.0500
grad_norm:                22.7028	healthy_machine_fraction_mean:  0.2388	loss:                      0.4668	mi_loss:                   0.0031
q_taken_mean:              2.2657	return_mean:              64.3680	return_median:            64.5000	return_std:                6.4720
target_mean:               2.3041	td_error_abs:              0.5109	test_ep_length_mean:     100.0000	test_episode_limit_mean:   1.0000
test_healthy_machine_fraction_mean:  0.2356	test_return_mean:         69.5875	test_return_median:       69.7000	test_return_std:           6.0456

[INFO 12:36:16] my_main t_env: 1330100 / 2050000
[INFO 12:36:16] my_main Estimated time left: 5 hours, 47 minutes, 57 seconds. Time passed: 10 hours, 32 minutes, 6 seconds
[INFO 12:37:37] my_main Recent Stats | t_env:    1332000 | Episode:    13320
entropy_loss:              0.0022	ep_length_mean:          100.0000	episode_limit_mean:        1.0000	epsilon:                   0.0500
grad_norm:                22.7028	healthy_machine_fraction_mean:  0.2558	loss:                      0.4668	mi_loss:                   0.0031
q_taken_mean:              2.2657	return_mean:              64.5820	return_median:            64.7000	return_std:                6.5951
target_mean:               2.3041	td_error_abs:              0.5109	test_ep_length_mean:     100.0000	test_episode_limit_mean:   1.0000
test_healthy_machine_fraction_mean:  0.2313	test_return_mean:         70.1562	test_return_median:       70.4000	test_return_std:           6.1760

[INFO 12:38:28] my_main Recent Stats | t_env:    1334000 | Episode:    13340
entropy_loss:              0.0022	ep_length_mean:          100.0000	episode_limit_mean:        1.0000	epsilon:                   0.0500
grad_norm:                22.3491	healthy_machine_fraction_mean:  0.2558	loss:                      0.4538	mi_loss:                   0.0031
q_taken_mean:              2.2744	return_mean:              64.5820	return_median:            64.7000	return_std:                6.5951
target_mean:               2.3121	td_error_abs:              0.5055	test_ep_length_mean:     100.0000	test_episode_limit_mean:   1.0000
test_healthy_machine_fraction_mean:  0.2313	test_return_mean:         70.1562	test_return_median:       70.4000	test_return_std:           6.1760

[INFO 12:39:19] my_main Recent Stats | t_env:    1336000 | Episode:    13360
entropy_loss:              0.0022	ep_length_mean:          100.0000	episode_limit_mean:        1.0000	epsilon:                   0.0500
grad_norm:                22.3491	healthy_machine_fraction_mean:  0.2558	loss:                      0.4538	mi_loss:                   0.0031
q_taken_mean:              2.2744	return_mean:              64.5820	return_median:            64.7000	return_std:                6.5951
target_mean:               2.3121	td_error_abs:              0.5055	test_ep_length_mean:     100.0000	test_episode_limit_mean:   1.0000
test_healthy_machine_fraction_mean:  0.2313	test_return_mean:         70.1562	test_return_median:       70.4000	test_return_std:           6.1760

[INFO 12:40:10] my_main Recent Stats | t_env:    1338000 | Episode:    13380
entropy_loss:              0.0022	ep_length_mean:          100.0000	episode_limit_mean:        1.0000	epsilon:                   0.0500
grad_norm:                22.3491	healthy_machine_fraction_mean:  0.2558	loss:                      0.4538	mi_loss:                   0.0031
q_taken_mean:              2.2744	return_mean:              64.5820	return_median:            64.7000	return_std:                6.5951
target_mean:               2.3121	td_error_abs:              0.5055	test_ep_length_mean:     100.0000	test_episode_limit_mean:   1.0000
test_healthy_machine_fraction_mean:  0.2313	test_return_mean:         70.1562	test_return_median:       70.4000	test_return_std:           6.1760

[INFO 12:41:01] my_main Recent Stats | t_env:    1340000 | Episode:    13400
entropy_loss:              0.0022	ep_length_mean:          100.0000	episode_limit_mean:        1.0000	epsilon:                   0.0500
grad_norm:                22.3491	healthy_machine_fraction_mean:  0.2558	loss:                      0.4538	mi_loss:                   0.0031
q_taken_mean:              2.2744	return_mean:              64.5820	return_median:            64.7000	return_std:                6.5951
target_mean:               2.3121	td_error_abs:              0.5055	test_ep_length_mean:     100.0000	test_episode_limit_mean:   1.0000
test_healthy_machine_fraction_mean:  0.2313	test_return_mean:         70.1562	test_return_median:       70.4000	test_return_std:           6.1760

[INFO 12:41:04] my_main Updated target network
[INFO 12:41:04] my_main t_env: 1340100 / 2050000
[INFO 12:41:04] my_main Estimated time left: 5 hours, 40 minutes, 31 seconds. Time passed: 10 hours, 36 minutes, 54 seconds
[INFO 12:42:25] my_main Recent Stats | t_env:    1342000 | Episode:    13420
entropy_loss:              0.0022	ep_length_mean:          100.0000	episode_limit_mean:        1.0000	epsilon:                   0.0500
grad_norm:                22.3491	healthy_machine_fraction_mean:  0.2696	loss:                      0.4538	mi_loss:                   0.0031
q_taken_mean:              2.2744	return_mean:              64.9340	return_median:            65.0000	return_std:                6.5026
target_mean:               2.3121	td_error_abs:              0.5055	test_ep_length_mean:     100.0000	test_episode_limit_mean:   1.0000
test_healthy_machine_fraction_mean:  0.2206	test_return_mean:         70.5563	test_return_median:       70.7000	test_return_std:           6.0601

[INFO 12:43:17] my_main Recent Stats | t_env:    1344000 | Episode:    13440
entropy_loss:              0.0021	ep_length_mean:          100.0000	episode_limit_mean:        1.0000	epsilon:                   0.0500
grad_norm:                22.0015	healthy_machine_fraction_mean:  0.2696	loss:                      0.4526	mi_loss:                   0.0031
q_taken_mean:              2.2817	return_mean:              64.9340	return_median:            65.0000	return_std:                6.5026
target_mean:               2.3188	td_error_abs:              0.5032	test_ep_length_mean:     100.0000	test_episode_limit_mean:   1.0000
test_healthy_machine_fraction_mean:  0.2206	test_return_mean:         70.5563	test_return_median:       70.7000	test_return_std:           6.0601

[INFO 12:44:09] my_main Recent Stats | t_env:    1346000 | Episode:    13460
entropy_loss:              0.0021	ep_length_mean:          100.0000	episode_limit_mean:        1.0000	epsilon:                   0.0500
grad_norm:                22.0015	healthy_machine_fraction_mean:  0.2696	loss:                      0.4526	mi_loss:                   0.0031
q_taken_mean:              2.2817	return_mean:              64.9340	return_median:            65.0000	return_std:                6.5026
target_mean:               2.3188	td_error_abs:              0.5032	test_ep_length_mean:     100.0000	test_episode_limit_mean:   1.0000
test_healthy_machine_fraction_mean:  0.2206	test_return_mean:         70.5563	test_return_median:       70.7000	test_return_std:           6.0601

[INFO 12:45:00] my_main Recent Stats | t_env:    1348000 | Episode:    13480
entropy_loss:              0.0021	ep_length_mean:          100.0000	episode_limit_mean:        1.0000	epsilon:                   0.0500
grad_norm:                22.0015	healthy_machine_fraction_mean:  0.2696	loss:                      0.4526	mi_loss:                   0.0031
q_taken_mean:              2.2817	return_mean:              64.9340	return_median:            65.0000	return_std:                6.5026
target_mean:               2.3188	td_error_abs:              0.5032	test_ep_length_mean:     100.0000	test_episode_limit_mean:   1.0000
test_healthy_machine_fraction_mean:  0.2206	test_return_mean:         70.5563	test_return_median:       70.7000	test_return_std:           6.0601

[INFO 12:45:51] my_main Recent Stats | t_env:    1350000 | Episode:    13500
entropy_loss:              0.0021	ep_length_mean:          100.0000	episode_limit_mean:        1.0000	epsilon:                   0.0500
grad_norm:                22.0015	healthy_machine_fraction_mean:  0.2696	loss:                      0.4526	mi_loss:                   0.0031
q_taken_mean:              2.2817	return_mean:              64.9340	return_median:            65.0000	return_std:                6.5026
target_mean:               2.3188	td_error_abs:              0.5032	test_ep_length_mean:     100.0000	test_episode_limit_mean:   1.0000
test_healthy_machine_fraction_mean:  0.2206	test_return_mean:         70.5563	test_return_median:       70.7000	test_return_std:           6.0601

[INFO 12:45:53] my_main t_env: 1350100 / 2050000
[INFO 12:45:53] my_main Estimated time left: 5 hours, 37 minutes, 50 seconds. Time passed: 10 hours, 41 minutes, 43 seconds
[INFO 12:47:15] my_main Recent Stats | t_env:    1352000 | Episode:    13520
entropy_loss:              0.0021	ep_length_mean:          100.0000	episode_limit_mean:        1.0000	epsilon:                   0.0500
grad_norm:                22.0015	healthy_machine_fraction_mean:  0.2724	loss:                      0.4526	mi_loss:                   0.0031
q_taken_mean:              2.2817	return_mean:              65.1620	return_median:            65.1000	return_std:                6.4409
target_mean:               2.3188	td_error_abs:              0.5032	test_ep_length_mean:     100.0000	test_episode_limit_mean:   1.0000
test_healthy_machine_fraction_mean:  0.2244	test_return_mean:         71.2000	test_return_median:       71.2000	test_return_std:           6.2478

[INFO 12:48:06] my_main Recent Stats | t_env:    1354000 | Episode:    13540
entropy_loss:              0.0021	ep_length_mean:          100.0000	episode_limit_mean:        1.0000	epsilon:                   0.0500
grad_norm:                21.7761	healthy_machine_fraction_mean:  0.2724	loss:                      0.4593	mi_loss:                   0.0031
q_taken_mean:              2.2900	return_mean:              65.1620	return_median:            65.1000	return_std:                6.4409
target_mean:               2.3268	td_error_abs:              0.5060	test_ep_length_mean:     100.0000	test_episode_limit_mean:   1.0000
test_healthy_machine_fraction_mean:  0.2244	test_return_mean:         71.2000	test_return_median:       71.2000	test_return_std:           6.2478

[INFO 12:48:58] my_main Recent Stats | t_env:    1356000 | Episode:    13560
entropy_loss:              0.0021	ep_length_mean:          100.0000	episode_limit_mean:        1.0000	epsilon:                   0.0500
grad_norm:                21.7761	healthy_machine_fraction_mean:  0.2724	loss:                      0.4593	mi_loss:                   0.0031
q_taken_mean:              2.2900	return_mean:              65.1620	return_median:            65.1000	return_std:                6.4409
target_mean:               2.3268	td_error_abs:              0.5060	test_ep_length_mean:     100.0000	test_episode_limit_mean:   1.0000
test_healthy_machine_fraction_mean:  0.2244	test_return_mean:         71.2000	test_return_median:       71.2000	test_return_std:           6.2478

[INFO 12:49:50] my_main Recent Stats | t_env:    1358000 | Episode:    13580
entropy_loss:              0.0021	ep_length_mean:          100.0000	episode_limit_mean:        1.0000	epsilon:                   0.0500
grad_norm:                21.7761	healthy_machine_fraction_mean:  0.2724	loss:                      0.4593	mi_loss:                   0.0031
q_taken_mean:              2.2900	return_mean:              65.1620	return_median:            65.1000	return_std:                6.4409
target_mean:               2.3268	td_error_abs:              0.5060	test_ep_length_mean:     100.0000	test_episode_limit_mean:   1.0000
test_healthy_machine_fraction_mean:  0.2244	test_return_mean:         71.2000	test_return_median:       71.2000	test_return_std:           6.2478

[INFO 12:50:40] my_main Recent Stats | t_env:    1360000 | Episode:    13600
entropy_loss:              0.0021	ep_length_mean:          100.0000	episode_limit_mean:        1.0000	epsilon:                   0.0500
grad_norm:                21.7761	healthy_machine_fraction_mean:  0.2724	loss:                      0.4593	mi_loss:                   0.0031
q_taken_mean:              2.2900	return_mean:              65.1620	return_median:            65.1000	return_std:                6.4409
target_mean:               2.3268	td_error_abs:              0.5060	test_ep_length_mean:     100.0000	test_episode_limit_mean:   1.0000
test_healthy_machine_fraction_mean:  0.2244	test_return_mean:         71.2000	test_return_median:       71.2000	test_return_std:           6.2478

[INFO 12:50:43] my_main Updated target network
[INFO 12:50:43] my_main t_env: 1360100 / 2050000
[INFO 12:50:43] my_main Estimated time left: 5 hours, 33 minutes, 12 seconds. Time passed: 10 hours, 46 minutes, 33 seconds
[INFO 12:52:04] my_main Recent Stats | t_env:    1362000 | Episode:    13620
entropy_loss:              0.0021	ep_length_mean:          100.0000	episode_limit_mean:        1.0000	epsilon:                   0.0500
grad_norm:                21.7761	healthy_machine_fraction_mean:  0.2762	loss:                      0.4593	mi_loss:                   0.0031
q_taken_mean:              2.2900	return_mean:              65.2980	return_median:            65.1000	return_std:                6.3069
target_mean:               2.3268	td_error_abs:              0.5060	test_ep_length_mean:     100.0000	test_episode_limit_mean:   1.0000
test_healthy_machine_fraction_mean:  0.2094	test_return_mean:         72.6375	test_return_median:       72.8000	test_return_std:           5.9575

[INFO 12:52:55] my_main Recent Stats | t_env:    1364000 | Episode:    13640
entropy_loss:              0.0021	ep_length_mean:          100.0000	episode_limit_mean:        1.0000	epsilon:                   0.0500
grad_norm:                20.3818	healthy_machine_fraction_mean:  0.2762	loss:                      0.4494	mi_loss:                   0.0031
q_taken_mean:              2.3018	return_mean:              65.2980	return_median:            65.1000	return_std:                6.3069
target_mean:               2.3362	td_error_abs:              0.4984	test_ep_length_mean:     100.0000	test_episode_limit_mean:   1.0000
test_healthy_machine_fraction_mean:  0.2094	test_return_mean:         72.6375	test_return_median:       72.8000	test_return_std:           5.9575

[INFO 12:53:47] my_main Recent Stats | t_env:    1366000 | Episode:    13660
entropy_loss:              0.0021	ep_length_mean:          100.0000	episode_limit_mean:        1.0000	epsilon:                   0.0500
grad_norm:                20.3818	healthy_machine_fraction_mean:  0.2762	loss:                      0.4494	mi_loss:                   0.0031
q_taken_mean:              2.3018	return_mean:              65.2980	return_median:            65.1000	return_std:                6.3069
target_mean:               2.3362	td_error_abs:              0.4984	test_ep_length_mean:     100.0000	test_episode_limit_mean:   1.0000
test_healthy_machine_fraction_mean:  0.2094	test_return_mean:         72.6375	test_return_median:       72.8000	test_return_std:           5.9575

[INFO 12:54:39] my_main Recent Stats | t_env:    1368000 | Episode:    13680
entropy_loss:              0.0021	ep_length_mean:          100.0000	episode_limit_mean:        1.0000	epsilon:                   0.0500
grad_norm:                20.3818	healthy_machine_fraction_mean:  0.2762	loss:                      0.4494	mi_loss:                   0.0031
q_taken_mean:              2.3018	return_mean:              65.2980	return_median:            65.1000	return_std:                6.3069
target_mean:               2.3362	td_error_abs:              0.4984	test_ep_length_mean:     100.0000	test_episode_limit_mean:   1.0000
test_healthy_machine_fraction_mean:  0.2094	test_return_mean:         72.6375	test_return_median:       72.8000	test_return_std:           5.9575

[INFO 12:55:30] my_main Recent Stats | t_env:    1370000 | Episode:    13700
entropy_loss:              0.0021	ep_length_mean:          100.0000	episode_limit_mean:        1.0000	epsilon:                   0.0500
grad_norm:                20.3818	healthy_machine_fraction_mean:  0.2762	loss:                      0.4494	mi_loss:                   0.0031
q_taken_mean:              2.3018	return_mean:              65.2980	return_median:            65.1000	return_std:                6.3069
target_mean:               2.3362	td_error_abs:              0.4984	test_ep_length_mean:     100.0000	test_episode_limit_mean:   1.0000
test_healthy_machine_fraction_mean:  0.2094	test_return_mean:         72.6375	test_return_median:       72.8000	test_return_std:           5.9575

[INFO 12:55:32] my_main t_env: 1370100 / 2050000
[INFO 12:55:32] my_main Estimated time left: 5 hours, 27 minutes, 49 seconds. Time passed: 10 hours, 51 minutes, 23 seconds
[INFO 12:56:54] my_main Recent Stats | t_env:    1372000 | Episode:    13720
entropy_loss:              0.0021	ep_length_mean:          100.0000	episode_limit_mean:        1.0000	epsilon:                   0.0500
grad_norm:                20.3818	healthy_machine_fraction_mean:  0.2782	loss:                      0.4494	mi_loss:                   0.0031
q_taken_mean:              2.3018	return_mean:              65.3760	return_median:            65.3000	return_std:                6.2809
target_mean:               2.3362	td_error_abs:              0.4984	test_ep_length_mean:     100.0000	test_episode_limit_mean:   1.0000
test_healthy_machine_fraction_mean:  0.2062	test_return_mean:         72.7562	test_return_median:       72.9000	test_return_std:           5.8303

[INFO 12:57:46] my_main Recent Stats | t_env:    1374000 | Episode:    13740
entropy_loss:              0.0021	ep_length_mean:          100.0000	episode_limit_mean:        1.0000	epsilon:                   0.0500
grad_norm:                20.0323	healthy_machine_fraction_mean:  0.2782	loss:                      0.4510	mi_loss:                   0.0031
q_taken_mean:              2.3091	return_mean:              65.3760	return_median:            65.3000	return_std:                6.2809
target_mean:               2.3428	td_error_abs:              0.4983	test_ep_length_mean:     100.0000	test_episode_limit_mean:   1.0000
test_healthy_machine_fraction_mean:  0.2062	test_return_mean:         72.7562	test_return_median:       72.9000	test_return_std:           5.8303

[INFO 12:58:38] my_main Recent Stats | t_env:    1376000 | Episode:    13760
entropy_loss:              0.0021	ep_length_mean:          100.0000	episode_limit_mean:        1.0000	epsilon:                   0.0500
grad_norm:                20.0323	healthy_machine_fraction_mean:  0.2782	loss:                      0.4510	mi_loss:                   0.0031
q_taken_mean:              2.3091	return_mean:              65.3760	return_median:            65.3000	return_std:                6.2809
target_mean:               2.3428	td_error_abs:              0.4983	test_ep_length_mean:     100.0000	test_episode_limit_mean:   1.0000
test_healthy_machine_fraction_mean:  0.2062	test_return_mean:         72.7562	test_return_median:       72.9000	test_return_std:           5.8303

[INFO 12:59:30] my_main Recent Stats | t_env:    1378000 | Episode:    13780
entropy_loss:              0.0021	ep_length_mean:          100.0000	episode_limit_mean:        1.0000	epsilon:                   0.0500
grad_norm:                20.0323	healthy_machine_fraction_mean:  0.2782	loss:                      0.4510	mi_loss:                   0.0031
q_taken_mean:              2.3091	return_mean:              65.3760	return_median:            65.3000	return_std:                6.2809
target_mean:               2.3428	td_error_abs:              0.4983	test_ep_length_mean:     100.0000	test_episode_limit_mean:   1.0000
test_healthy_machine_fraction_mean:  0.2062	test_return_mean:         72.7562	test_return_median:       72.9000	test_return_std:           5.8303

[INFO 13:00:21] my_main Recent Stats | t_env:    1380000 | Episode:    13800
entropy_loss:              0.0021	ep_length_mean:          100.0000	episode_limit_mean:        1.0000	epsilon:                   0.0500
grad_norm:                20.0323	healthy_machine_fraction_mean:  0.2782	loss:                      0.4510	mi_loss:                   0.0031
q_taken_mean:              2.3091	return_mean:              65.3760	return_median:            65.3000	return_std:                6.2809
target_mean:               2.3428	td_error_abs:              0.4983	test_ep_length_mean:     100.0000	test_episode_limit_mean:   1.0000
test_healthy_machine_fraction_mean:  0.2062	test_return_mean:         72.7562	test_return_median:       72.9000	test_return_std:           5.8303

[INFO 13:00:23] my_main Updated target network
[INFO 13:00:23] my_main t_env: 1380100 / 2050000
[INFO 13:00:23] my_main Estimated time left: 5 hours, 24 minutes, 51 seconds. Time passed: 10 hours, 56 minutes, 13 seconds
[INFO 13:01:44] my_main Recent Stats | t_env:    1382000 | Episode:    13820
entropy_loss:              0.0021	ep_length_mean:          100.0000	episode_limit_mean:        1.0000	epsilon:                   0.0500
grad_norm:                20.0323	healthy_machine_fraction_mean:  0.2578	loss:                      0.4510	mi_loss:                   0.0031
q_taken_mean:              2.3091	return_mean:              65.0280	return_median:            64.8000	return_std:                6.2275
target_mean:               2.3428	td_error_abs:              0.4983	test_ep_length_mean:     100.0000	test_episode_limit_mean:   1.0000
test_healthy_machine_fraction_mean:  0.2106	test_return_mean:         71.8125	test_return_median:       72.1000	test_return_std:           6.1842

[INFO 13:02:37] my_main Recent Stats | t_env:    1384000 | Episode:    13840
entropy_loss:              0.0020	ep_length_mean:          100.0000	episode_limit_mean:        1.0000	epsilon:                   0.0500
grad_norm:                20.4812	healthy_machine_fraction_mean:  0.2578	loss:                      0.4676	mi_loss:                   0.0031
q_taken_mean:              2.3162	return_mean:              65.0280	return_median:            64.8000	return_std:                6.2275
target_mean:               2.3507	td_error_abs:              0.5075	test_ep_length_mean:     100.0000	test_episode_limit_mean:   1.0000
test_healthy_machine_fraction_mean:  0.2106	test_return_mean:         71.8125	test_return_median:       72.1000	test_return_std:           6.1842

[INFO 13:03:25] my_main Recent Stats | t_env:    1386000 | Episode:    13860
entropy_loss:              0.0020	ep_length_mean:          100.0000	episode_limit_mean:        1.0000	epsilon:                   0.0500
grad_norm:                20.4812	healthy_machine_fraction_mean:  0.2578	loss:                      0.4676	mi_loss:                   0.0031
q_taken_mean:              2.3162	return_mean:              65.0280	return_median:            64.8000	return_std:                6.2275
target_mean:               2.3507	td_error_abs:              0.5075	test_ep_length_mean:     100.0000	test_episode_limit_mean:   1.0000
test_healthy_machine_fraction_mean:  0.2106	test_return_mean:         71.8125	test_return_median:       72.1000	test_return_std:           6.1842

[INFO 13:04:16] my_main Recent Stats | t_env:    1388000 | Episode:    13880
entropy_loss:              0.0020	ep_length_mean:          100.0000	episode_limit_mean:        1.0000	epsilon:                   0.0500
grad_norm:                20.4812	healthy_machine_fraction_mean:  0.2578	loss:                      0.4676	mi_loss:                   0.0031
q_taken_mean:              2.3162	return_mean:              65.0280	return_median:            64.8000	return_std:                6.2275
target_mean:               2.3507	td_error_abs:              0.5075	test_ep_length_mean:     100.0000	test_episode_limit_mean:   1.0000
test_healthy_machine_fraction_mean:  0.2106	test_return_mean:         71.8125	test_return_median:       72.1000	test_return_std:           6.1842

[INFO 13:05:06] my_main Recent Stats | t_env:    1390000 | Episode:    13900
entropy_loss:              0.0020	ep_length_mean:          100.0000	episode_limit_mean:        1.0000	epsilon:                   0.0500
grad_norm:                20.4812	healthy_machine_fraction_mean:  0.2578	loss:                      0.4676	mi_loss:                   0.0031
q_taken_mean:              2.3162	return_mean:              65.0280	return_median:            64.8000	return_std:                6.2275
target_mean:               2.3507	td_error_abs:              0.5075	test_ep_length_mean:     100.0000	test_episode_limit_mean:   1.0000
test_healthy_machine_fraction_mean:  0.2106	test_return_mean:         71.8125	test_return_median:       72.1000	test_return_std:           6.1842

[INFO 13:05:09] my_main t_env: 1390100 / 2050000
[INFO 13:05:09] my_main Estimated time left: 5 hours, 14 minutes, 9 seconds. Time passed: 11 hours, 59 seconds
[INFO 13:06:30] my_main Recent Stats | t_env:    1392000 | Episode:    13920
entropy_loss:              0.0020	ep_length_mean:          100.0000	episode_limit_mean:        1.0000	epsilon:                   0.0500
grad_norm:                20.4812	healthy_machine_fraction_mean:  0.2380	loss:                      0.4676	mi_loss:                   0.0031
q_taken_mean:              2.3162	return_mean:              64.1800	return_median:            64.1000	return_std:                6.3191
target_mean:               2.3507	td_error_abs:              0.5075	test_ep_length_mean:     100.0000	test_episode_limit_mean:   1.0000
test_healthy_machine_fraction_mean:  0.1975	test_return_mean:         70.8563	test_return_median:       71.2000	test_return_std:           6.0493

[INFO 13:07:22] my_main Recent Stats | t_env:    1394000 | Episode:    13940
entropy_loss:              0.0020	ep_length_mean:          100.0000	episode_limit_mean:        1.0000	epsilon:                   0.0500
grad_norm:                20.4706	healthy_machine_fraction_mean:  0.2380	loss:                      0.4622	mi_loss:                   0.0030
q_taken_mean:              2.3257	return_mean:              64.1800	return_median:            64.1000	return_std:                6.3191
target_mean:               2.3603	td_error_abs:              0.5060	test_ep_length_mean:     100.0000	test_episode_limit_mean:   1.0000
test_healthy_machine_fraction_mean:  0.1975	test_return_mean:         70.8563	test_return_median:       71.2000	test_return_std:           6.0493

[INFO 13:08:13] my_main Recent Stats | t_env:    1396000 | Episode:    13960
entropy_loss:              0.0020	ep_length_mean:          100.0000	episode_limit_mean:        1.0000	epsilon:                   0.0500
grad_norm:                20.4706	healthy_machine_fraction_mean:  0.2380	loss:                      0.4622	mi_loss:                   0.0030
q_taken_mean:              2.3257	return_mean:              64.1800	return_median:            64.1000	return_std:                6.3191
target_mean:               2.3603	td_error_abs:              0.5060	test_ep_length_mean:     100.0000	test_episode_limit_mean:   1.0000
test_healthy_machine_fraction_mean:  0.1975	test_return_mean:         70.8563	test_return_median:       71.2000	test_return_std:           6.0493

[INFO 13:09:06] my_main Recent Stats | t_env:    1398000 | Episode:    13980
entropy_loss:              0.0020	ep_length_mean:          100.0000	episode_limit_mean:        1.0000	epsilon:                   0.0500
grad_norm:                20.4706	healthy_machine_fraction_mean:  0.2380	loss:                      0.4622	mi_loss:                   0.0030
q_taken_mean:              2.3257	return_mean:              64.1800	return_median:            64.1000	return_std:                6.3191
target_mean:               2.3603	td_error_abs:              0.5060	test_ep_length_mean:     100.0000	test_episode_limit_mean:   1.0000
test_healthy_machine_fraction_mean:  0.1975	test_return_mean:         70.8563	test_return_median:       71.2000	test_return_std:           6.0493

[INFO 13:09:56] my_main Recent Stats | t_env:    1400000 | Episode:    14000
entropy_loss:              0.0020	ep_length_mean:          100.0000	episode_limit_mean:        1.0000	epsilon:                   0.0500
grad_norm:                20.4706	healthy_machine_fraction_mean:  0.2380	loss:                      0.4622	mi_loss:                   0.0030
q_taken_mean:              2.3257	return_mean:              64.1800	return_median:            64.1000	return_std:                6.3191
target_mean:               2.3603	td_error_abs:              0.5060	test_ep_length_mean:     100.0000	test_episode_limit_mean:   1.0000
test_healthy_machine_fraction_mean:  0.1975	test_return_mean:         70.8563	test_return_median:       71.2000	test_return_std:           6.0493

[INFO 13:09:58] my_main Updated target network
[INFO 13:09:58] my_main t_env: 1400100 / 2050000
[INFO 13:09:58] my_main Estimated time left: 5 hours, 13 minutes, 24 seconds. Time passed: 11 hours, 5 minutes, 48 seconds
[INFO 13:11:20] my_main Recent Stats | t_env:    1402000 | Episode:    14020
entropy_loss:              0.0020	ep_length_mean:          100.0000	episode_limit_mean:        1.0000	epsilon:                   0.0500
grad_norm:                20.4706	healthy_machine_fraction_mean:  0.2322	loss:                      0.4622	mi_loss:                   0.0030
q_taken_mean:              2.3257	return_mean:              63.7980	return_median:            63.8000	return_std:                6.2949
target_mean:               2.3603	td_error_abs:              0.5060	test_ep_length_mean:     100.0000	test_episode_limit_mean:   1.0000
test_healthy_machine_fraction_mean:  0.1694	test_return_mean:         69.2750	test_return_median:       69.7000	test_return_std:           6.1137

[INFO 13:12:12] my_main Recent Stats | t_env:    1404000 | Episode:    14040
entropy_loss:              0.0020	ep_length_mean:          100.0000	episode_limit_mean:        1.0000	epsilon:                   0.0500
grad_norm:                19.9578	healthy_machine_fraction_mean:  0.2322	loss:                      0.4463	mi_loss:                   0.0030
q_taken_mean:              2.3335	return_mean:              63.7980	return_median:            63.8000	return_std:                6.2949
target_mean:               2.3671	td_error_abs:              0.4969	test_ep_length_mean:     100.0000	test_episode_limit_mean:   1.0000
test_healthy_machine_fraction_mean:  0.1694	test_return_mean:         69.2750	test_return_median:       69.7000	test_return_std:           6.1137

[INFO 13:13:04] my_main Recent Stats | t_env:    1406000 | Episode:    14060
entropy_loss:              0.0020	ep_length_mean:          100.0000	episode_limit_mean:        1.0000	epsilon:                   0.0500
grad_norm:                19.9578	healthy_machine_fraction_mean:  0.2322	loss:                      0.4463	mi_loss:                   0.0030
q_taken_mean:              2.3335	return_mean:              63.7980	return_median:            63.8000	return_std:                6.2949
target_mean:               2.3671	td_error_abs:              0.4969	test_ep_length_mean:     100.0000	test_episode_limit_mean:   1.0000
test_healthy_machine_fraction_mean:  0.1694	test_return_mean:         69.2750	test_return_median:       69.7000	test_return_std:           6.1137

[INFO 13:13:56] my_main Recent Stats | t_env:    1408000 | Episode:    14080
entropy_loss:              0.0020	ep_length_mean:          100.0000	episode_limit_mean:        1.0000	epsilon:                   0.0500
grad_norm:                19.9578	healthy_machine_fraction_mean:  0.2322	loss:                      0.4463	mi_loss:                   0.0030
q_taken_mean:              2.3335	return_mean:              63.7980	return_median:            63.8000	return_std:                6.2949
target_mean:               2.3671	td_error_abs:              0.4969	test_ep_length_mean:     100.0000	test_episode_limit_mean:   1.0000
test_healthy_machine_fraction_mean:  0.1694	test_return_mean:         69.2750	test_return_median:       69.7000	test_return_std:           6.1137

[INFO 13:14:46] my_main Recent Stats | t_env:    1410000 | Episode:    14100
entropy_loss:              0.0020	ep_length_mean:          100.0000	episode_limit_mean:        1.0000	epsilon:                   0.0500
grad_norm:                19.9578	healthy_machine_fraction_mean:  0.2322	loss:                      0.4463	mi_loss:                   0.0030
q_taken_mean:              2.3335	return_mean:              63.7980	return_median:            63.8000	return_std:                6.2949
target_mean:               2.3671	td_error_abs:              0.4969	test_ep_length_mean:     100.0000	test_episode_limit_mean:   1.0000
test_healthy_machine_fraction_mean:  0.1694	test_return_mean:         69.2750	test_return_median:       69.7000	test_return_std:           6.1137

[INFO 13:14:49] my_main t_env: 1410100 / 2050000
[INFO 13:14:49] my_main Estimated time left: 5 hours, 9 minutes, 55 seconds. Time passed: 11 hours, 10 minutes, 39 seconds
[INFO 13:16:10] my_main Recent Stats | t_env:    1412000 | Episode:    14120
entropy_loss:              0.0020	ep_length_mean:          100.0000	episode_limit_mean:        1.0000	epsilon:                   0.0500
grad_norm:                19.9578	healthy_machine_fraction_mean:  0.2202	loss:                      0.4463	mi_loss:                   0.0030
q_taken_mean:              2.3335	return_mean:              62.9480	return_median:            63.1000	return_std:                6.5138
target_mean:               2.3671	td_error_abs:              0.4969	test_ep_length_mean:     100.0000	test_episode_limit_mean:   1.0000
test_healthy_machine_fraction_mean:  0.1594	test_return_mean:         67.4562	test_return_median:       68.2000	test_return_std:           6.6611

[INFO 13:17:02] my_main Recent Stats | t_env:    1414000 | Episode:    14140
entropy_loss:              0.0019	ep_length_mean:          100.0000	episode_limit_mean:        1.0000	epsilon:                   0.0500
grad_norm:                21.5247	healthy_machine_fraction_mean:  0.2202	loss:                      0.4608	mi_loss:                   0.0030
q_taken_mean:              2.3390	return_mean:              62.9480	return_median:            63.1000	return_std:                6.5138
target_mean:               2.3752	td_error_abs:              0.5073	test_ep_length_mean:     100.0000	test_episode_limit_mean:   1.0000
test_healthy_machine_fraction_mean:  0.1594	test_return_mean:         67.4562	test_return_median:       68.2000	test_return_std:           6.6611

[INFO 13:17:54] my_main Recent Stats | t_env:    1416000 | Episode:    14160
entropy_loss:              0.0019	ep_length_mean:          100.0000	episode_limit_mean:        1.0000	epsilon:                   0.0500
grad_norm:                21.5247	healthy_machine_fraction_mean:  0.2202	loss:                      0.4608	mi_loss:                   0.0030
q_taken_mean:              2.3390	return_mean:              62.9480	return_median:            63.1000	return_std:                6.5138
target_mean:               2.3752	td_error_abs:              0.5073	test_ep_length_mean:     100.0000	test_episode_limit_mean:   1.0000
test_healthy_machine_fraction_mean:  0.1594	test_return_mean:         67.4562	test_return_median:       68.2000	test_return_std:           6.6611

[INFO 13:18:45] my_main Recent Stats | t_env:    1418000 | Episode:    14180
entropy_loss:              0.0019	ep_length_mean:          100.0000	episode_limit_mean:        1.0000	epsilon:                   0.0500
grad_norm:                21.5247	healthy_machine_fraction_mean:  0.2202	loss:                      0.4608	mi_loss:                   0.0030
q_taken_mean:              2.3390	return_mean:              62.9480	return_median:            63.1000	return_std:                6.5138
target_mean:               2.3752	td_error_abs:              0.5073	test_ep_length_mean:     100.0000	test_episode_limit_mean:   1.0000
test_healthy_machine_fraction_mean:  0.1594	test_return_mean:         67.4562	test_return_median:       68.2000	test_return_std:           6.6611

[INFO 13:19:36] my_main Recent Stats | t_env:    1420000 | Episode:    14200
entropy_loss:              0.0019	ep_length_mean:          100.0000	episode_limit_mean:        1.0000	epsilon:                   0.0500
grad_norm:                21.5247	healthy_machine_fraction_mean:  0.2202	loss:                      0.4608	mi_loss:                   0.0030
q_taken_mean:              2.3390	return_mean:              62.9480	return_median:            63.1000	return_std:                6.5138
target_mean:               2.3752	td_error_abs:              0.5073	test_ep_length_mean:     100.0000	test_episode_limit_mean:   1.0000
test_healthy_machine_fraction_mean:  0.1594	test_return_mean:         67.4562	test_return_median:       68.2000	test_return_std:           6.6611

[INFO 13:19:38] my_main Updated target network
[INFO 13:19:38] my_main t_env: 1420100 / 2050000
[INFO 13:19:38] my_main Estimated time left: 5 hours, 3 minutes, 41 seconds. Time passed: 11 hours, 15 minutes, 28 seconds
[INFO 13:21:00] my_main Recent Stats | t_env:    1422000 | Episode:    14220
entropy_loss:              0.0019	ep_length_mean:          100.0000	episode_limit_mean:        1.0000	epsilon:                   0.0500
grad_norm:                21.5247	healthy_machine_fraction_mean:  0.2020	loss:                      0.4608	mi_loss:                   0.0030
q_taken_mean:              2.3390	return_mean:              62.0760	return_median:            62.2000	return_std:                6.6585
target_mean:               2.3752	td_error_abs:              0.5073	test_ep_length_mean:     100.0000	test_episode_limit_mean:   1.0000
test_healthy_machine_fraction_mean:  0.1613	test_return_mean:         65.8500	test_return_median:       66.7000	test_return_std:           7.4087

[INFO 13:21:52] my_main Recent Stats | t_env:    1424000 | Episode:    14240
entropy_loss:              0.0019	ep_length_mean:          100.0000	episode_limit_mean:        1.0000	epsilon:                   0.0500
grad_norm:                20.7390	healthy_machine_fraction_mean:  0.2020	loss:                      0.4453	mi_loss:                   0.0030
q_taken_mean:              2.3535	return_mean:              62.0760	return_median:            62.2000	return_std:                6.6585
target_mean:               2.3883	td_error_abs:              0.4976	test_ep_length_mean:     100.0000	test_episode_limit_mean:   1.0000
test_healthy_machine_fraction_mean:  0.1613	test_return_mean:         65.8500	test_return_median:       66.7000	test_return_std:           7.4087

[INFO 13:22:44] my_main Recent Stats | t_env:    1426000 | Episode:    14260
entropy_loss:              0.0019	ep_length_mean:          100.0000	episode_limit_mean:        1.0000	epsilon:                   0.0500
grad_norm:                20.7390	healthy_machine_fraction_mean:  0.2020	loss:                      0.4453	mi_loss:                   0.0030
q_taken_mean:              2.3535	return_mean:              62.0760	return_median:            62.2000	return_std:                6.6585
target_mean:               2.3883	td_error_abs:              0.4976	test_ep_length_mean:     100.0000	test_episode_limit_mean:   1.0000
test_healthy_machine_fraction_mean:  0.1613	test_return_mean:         65.8500	test_return_median:       66.7000	test_return_std:           7.4087

[INFO 13:23:36] my_main Recent Stats | t_env:    1428000 | Episode:    14280
entropy_loss:              0.0019	ep_length_mean:          100.0000	episode_limit_mean:        1.0000	epsilon:                   0.0500
grad_norm:                20.7390	healthy_machine_fraction_mean:  0.2020	loss:                      0.4453	mi_loss:                   0.0030
q_taken_mean:              2.3535	return_mean:              62.0760	return_median:            62.2000	return_std:                6.6585
target_mean:               2.3883	td_error_abs:              0.4976	test_ep_length_mean:     100.0000	test_episode_limit_mean:   1.0000
test_healthy_machine_fraction_mean:  0.1613	test_return_mean:         65.8500	test_return_median:       66.7000	test_return_std:           7.4087

[INFO 13:24:26] my_main Recent Stats | t_env:    1430000 | Episode:    14300
entropy_loss:              0.0019	ep_length_mean:          100.0000	episode_limit_mean:        1.0000	epsilon:                   0.0500
grad_norm:                20.7390	healthy_machine_fraction_mean:  0.2020	loss:                      0.4453	mi_loss:                   0.0030
q_taken_mean:              2.3535	return_mean:              62.0760	return_median:            62.2000	return_std:                6.6585
target_mean:               2.3883	td_error_abs:              0.4976	test_ep_length_mean:     100.0000	test_episode_limit_mean:   1.0000
test_healthy_machine_fraction_mean:  0.1613	test_return_mean:         65.8500	test_return_median:       66.7000	test_return_std:           7.4087

[INFO 13:24:28] my_main t_env: 1430100 / 2050000
[INFO 13:24:28] my_main Estimated time left: 4 hours, 59 minutes, 45 seconds. Time passed: 11 hours, 20 minutes, 18 seconds
[INFO 13:25:49] my_main Recent Stats | t_env:    1432000 | Episode:    14320
entropy_loss:              0.0019	ep_length_mean:          100.0000	episode_limit_mean:        1.0000	epsilon:                   0.0500
grad_norm:                20.7390	healthy_machine_fraction_mean:  0.1846	loss:                      0.4453	mi_loss:                   0.0030
q_taken_mean:              2.3535	return_mean:              60.6120	return_median:            60.9000	return_std:                6.9473
target_mean:               2.3883	td_error_abs:              0.4976	test_ep_length_mean:     100.0000	test_episode_limit_mean:   1.0000
test_healthy_machine_fraction_mean:  0.1456	test_return_mean:         64.7188	test_return_median:       65.3000	test_return_std:           7.4065

[INFO 13:26:41] my_main Recent Stats | t_env:    1434000 | Episode:    14340
entropy_loss:              0.0018	ep_length_mean:          100.0000	episode_limit_mean:        1.0000	epsilon:                   0.0500
grad_norm:                20.3503	healthy_machine_fraction_mean:  0.1846	loss:                      0.4340	mi_loss:                   0.0030
q_taken_mean:              2.3608	return_mean:              60.6120	return_median:            60.9000	return_std:                6.9473
target_mean:               2.3950	td_error_abs:              0.4910	test_ep_length_mean:     100.0000	test_episode_limit_mean:   1.0000
test_healthy_machine_fraction_mean:  0.1456	test_return_mean:         64.7188	test_return_median:       65.3000	test_return_std:           7.4065

[INFO 13:27:33] my_main Recent Stats | t_env:    1436000 | Episode:    14360
entropy_loss:              0.0018	ep_length_mean:          100.0000	episode_limit_mean:        1.0000	epsilon:                   0.0500
grad_norm:                20.3503	healthy_machine_fraction_mean:  0.1846	loss:                      0.4340	mi_loss:                   0.0030
q_taken_mean:              2.3608	return_mean:              60.6120	return_median:            60.9000	return_std:                6.9473
target_mean:               2.3950	td_error_abs:              0.4910	test_ep_length_mean:     100.0000	test_episode_limit_mean:   1.0000
test_healthy_machine_fraction_mean:  0.1456	test_return_mean:         64.7188	test_return_median:       65.3000	test_return_std:           7.4065

[INFO 13:28:25] my_main Recent Stats | t_env:    1438000 | Episode:    14380
entropy_loss:              0.0018	ep_length_mean:          100.0000	episode_limit_mean:        1.0000	epsilon:                   0.0500
grad_norm:                20.3503	healthy_machine_fraction_mean:  0.1846	loss:                      0.4340	mi_loss:                   0.0030
q_taken_mean:              2.3608	return_mean:              60.6120	return_median:            60.9000	return_std:                6.9473
target_mean:               2.3950	td_error_abs:              0.4910	test_ep_length_mean:     100.0000	test_episode_limit_mean:   1.0000
test_healthy_machine_fraction_mean:  0.1456	test_return_mean:         64.7188	test_return_median:       65.3000	test_return_std:           7.4065

[INFO 13:29:16] my_main Recent Stats | t_env:    1440000 | Episode:    14400
entropy_loss:              0.0018	ep_length_mean:          100.0000	episode_limit_mean:        1.0000	epsilon:                   0.0500
grad_norm:                20.3503	healthy_machine_fraction_mean:  0.1846	loss:                      0.4340	mi_loss:                   0.0030
q_taken_mean:              2.3608	return_mean:              60.6120	return_median:            60.9000	return_std:                6.9473
target_mean:               2.3950	td_error_abs:              0.4910	test_ep_length_mean:     100.0000	test_episode_limit_mean:   1.0000
test_healthy_machine_fraction_mean:  0.1456	test_return_mean:         64.7188	test_return_median:       65.3000	test_return_std:           7.4065

[INFO 13:29:18] my_main Updated target network
[INFO 13:29:18] my_main t_env: 1440100 / 2050000
[INFO 13:29:18] my_main Estimated time left: 4 hours, 54 minutes, 48 seconds. Time passed: 11 hours, 25 minutes, 8 seconds
[INFO 13:30:40] my_main Recent Stats | t_env:    1442000 | Episode:    14420
entropy_loss:              0.0018	ep_length_mean:          100.0000	episode_limit_mean:        1.0000	epsilon:                   0.0500
grad_norm:                20.3503	healthy_machine_fraction_mean:  0.1728	loss:                      0.4340	mi_loss:                   0.0030
q_taken_mean:              2.3608	return_mean:              59.7940	return_median:            60.1000	return_std:                7.2041
target_mean:               2.3950	td_error_abs:              0.4910	test_ep_length_mean:     100.0000	test_episode_limit_mean:   1.0000
test_healthy_machine_fraction_mean:  0.1231	test_return_mean:         61.8500	test_return_median:       62.5000	test_return_std:           8.1651

[INFO 13:31:32] my_main Recent Stats | t_env:    1444000 | Episode:    14440
entropy_loss:              0.0019	ep_length_mean:          100.0000	episode_limit_mean:        1.0000	epsilon:                   0.0500
grad_norm:                20.0637	healthy_machine_fraction_mean:  0.1728	loss:                      0.4253	mi_loss:                   0.0029
q_taken_mean:              2.3733	return_mean:              59.7940	return_median:            60.1000	return_std:                7.2041
target_mean:               2.4069	td_error_abs:              0.4867	test_ep_length_mean:     100.0000	test_episode_limit_mean:   1.0000
test_healthy_machine_fraction_mean:  0.1231	test_return_mean:         61.8500	test_return_median:       62.5000	test_return_std:           8.1651

[INFO 13:32:24] my_main Recent Stats | t_env:    1446000 | Episode:    14460
entropy_loss:              0.0019	ep_length_mean:          100.0000	episode_limit_mean:        1.0000	epsilon:                   0.0500
grad_norm:                20.0637	healthy_machine_fraction_mean:  0.1728	loss:                      0.4253	mi_loss:                   0.0029
q_taken_mean:              2.3733	return_mean:              59.7940	return_median:            60.1000	return_std:                7.2041
target_mean:               2.4069	td_error_abs:              0.4867	test_ep_length_mean:     100.0000	test_episode_limit_mean:   1.0000
test_healthy_machine_fraction_mean:  0.1231	test_return_mean:         61.8500	test_return_median:       62.5000	test_return_std:           8.1651

[INFO 13:33:16] my_main Recent Stats | t_env:    1448000 | Episode:    14480
entropy_loss:              0.0019	ep_length_mean:          100.0000	episode_limit_mean:        1.0000	epsilon:                   0.0500
grad_norm:                20.0637	healthy_machine_fraction_mean:  0.1728	loss:                      0.4253	mi_loss:                   0.0029
q_taken_mean:              2.3733	return_mean:              59.7940	return_median:            60.1000	return_std:                7.2041
target_mean:               2.4069	td_error_abs:              0.4867	test_ep_length_mean:     100.0000	test_episode_limit_mean:   1.0000
test_healthy_machine_fraction_mean:  0.1231	test_return_mean:         61.8500	test_return_median:       62.5000	test_return_std:           8.1651

[INFO 13:34:06] my_main Recent Stats | t_env:    1450000 | Episode:    14500
entropy_loss:              0.0019	ep_length_mean:          100.0000	episode_limit_mean:        1.0000	epsilon:                   0.0500
grad_norm:                20.0637	healthy_machine_fraction_mean:  0.1728	loss:                      0.4253	mi_loss:                   0.0029
q_taken_mean:              2.3733	return_mean:              59.7940	return_median:            60.1000	return_std:                7.2041
target_mean:               2.4069	td_error_abs:              0.4867	test_ep_length_mean:     100.0000	test_episode_limit_mean:   1.0000
test_healthy_machine_fraction_mean:  0.1231	test_return_mean:         61.8500	test_return_median:       62.5000	test_return_std:           8.1651

[INFO 13:34:08] my_main t_env: 1450100 / 2050000
[INFO 13:34:08] my_main Estimated time left: 4 hours, 49 minutes, 44 seconds. Time passed: 11 hours, 29 minutes, 58 seconds
[INFO 13:35:29] my_main Recent Stats | t_env:    1452000 | Episode:    14520
entropy_loss:              0.0019	ep_length_mean:          100.0000	episode_limit_mean:        1.0000	epsilon:                   0.0500
grad_norm:                20.0637	healthy_machine_fraction_mean:  0.1650	loss:                      0.4253	mi_loss:                   0.0029
q_taken_mean:              2.3733	return_mean:              59.3080	return_median:            59.5000	return_std:                7.4579
target_mean:               2.4069	td_error_abs:              0.4867	test_ep_length_mean:     100.0000	test_episode_limit_mean:   1.0000
test_healthy_machine_fraction_mean:  0.1250	test_return_mean:         61.8813	test_return_median:       62.6000	test_return_std:           8.3956

[INFO 13:36:21] my_main Recent Stats | t_env:    1454000 | Episode:    14540
entropy_loss:              0.0019	ep_length_mean:          100.0000	episode_limit_mean:        1.0000	epsilon:                   0.0500
grad_norm:                20.3773	healthy_machine_fraction_mean:  0.1650	loss:                      0.4282	mi_loss:                   0.0029
q_taken_mean:              2.3882	return_mean:              59.3080	return_median:            59.5000	return_std:                7.4579
target_mean:               2.4221	td_error_abs:              0.4890	test_ep_length_mean:     100.0000	test_episode_limit_mean:   1.0000
test_healthy_machine_fraction_mean:  0.1250	test_return_mean:         61.8813	test_return_median:       62.6000	test_return_std:           8.3956

[INFO 13:37:13] my_main Recent Stats | t_env:    1456000 | Episode:    14560
entropy_loss:              0.0019	ep_length_mean:          100.0000	episode_limit_mean:        1.0000	epsilon:                   0.0500
grad_norm:                20.3773	healthy_machine_fraction_mean:  0.1650	loss:                      0.4282	mi_loss:                   0.0029
q_taken_mean:              2.3882	return_mean:              59.3080	return_median:            59.5000	return_std:                7.4579
target_mean:               2.4221	td_error_abs:              0.4890	test_ep_length_mean:     100.0000	test_episode_limit_mean:   1.0000
test_healthy_machine_fraction_mean:  0.1250	test_return_mean:         61.8813	test_return_median:       62.6000	test_return_std:           8.3956

[INFO 13:38:05] my_main Recent Stats | t_env:    1458000 | Episode:    14580
entropy_loss:              0.0019	ep_length_mean:          100.0000	episode_limit_mean:        1.0000	epsilon:                   0.0500
grad_norm:                20.3773	healthy_machine_fraction_mean:  0.1650	loss:                      0.4282	mi_loss:                   0.0029
q_taken_mean:              2.3882	return_mean:              59.3080	return_median:            59.5000	return_std:                7.4579
target_mean:               2.4221	td_error_abs:              0.4890	test_ep_length_mean:     100.0000	test_episode_limit_mean:   1.0000
test_healthy_machine_fraction_mean:  0.1250	test_return_mean:         61.8813	test_return_median:       62.6000	test_return_std:           8.3956

[INFO 13:38:55] my_main Recent Stats | t_env:    1460000 | Episode:    14600
entropy_loss:              0.0019	ep_length_mean:          100.0000	episode_limit_mean:        1.0000	epsilon:                   0.0500
grad_norm:                20.3773	healthy_machine_fraction_mean:  0.1650	loss:                      0.4282	mi_loss:                   0.0029
q_taken_mean:              2.3882	return_mean:              59.3080	return_median:            59.5000	return_std:                7.4579
target_mean:               2.4221	td_error_abs:              0.4890	test_ep_length_mean:     100.0000	test_episode_limit_mean:   1.0000
test_healthy_machine_fraction_mean:  0.1250	test_return_mean:         61.8813	test_return_median:       62.6000	test_return_std:           8.3956

[INFO 13:38:58] my_main Updated target network
[INFO 13:38:58] my_main t_env: 1460100 / 2050000
[INFO 13:38:58] my_main Estimated time left: 4 hours, 44 minutes, 54 seconds. Time passed: 11 hours, 34 minutes, 48 seconds
[INFO 13:40:14] my_main Recent Stats | t_env:    1462000 | Episode:    14620
entropy_loss:              0.0019	ep_length_mean:          100.0000	episode_limit_mean:        1.0000	epsilon:                   0.0500
grad_norm:                20.3773	healthy_machine_fraction_mean:  0.1598	loss:                      0.4282	mi_loss:                   0.0029
q_taken_mean:              2.3882	return_mean:              59.3060	return_median:            59.5000	return_std:                7.3016
target_mean:               2.4221	td_error_abs:              0.4890	test_ep_length_mean:     100.0000	test_episode_limit_mean:   1.0000
test_healthy_machine_fraction_mean:  0.1156	test_return_mean:         61.8500	test_return_median:       62.1000	test_return_std:           8.4129

[INFO 13:41:06] my_main Recent Stats | t_env:    1464000 | Episode:    14640
entropy_loss:              0.0019	ep_length_mean:          100.0000	episode_limit_mean:        1.0000	epsilon:                   0.0500
grad_norm:                18.9994	healthy_machine_fraction_mean:  0.1598	loss:                      0.4063	mi_loss:                   0.0029
q_taken_mean:              2.4026	return_mean:              59.3060	return_median:            59.5000	return_std:                7.3016
target_mean:               2.4342	td_error_abs:              0.4771	test_ep_length_mean:     100.0000	test_episode_limit_mean:   1.0000
test_healthy_machine_fraction_mean:  0.1156	test_return_mean:         61.8500	test_return_median:       62.1000	test_return_std:           8.4129

[INFO 13:41:59] my_main Recent Stats | t_env:    1466000 | Episode:    14660
entropy_loss:              0.0019	ep_length_mean:          100.0000	episode_limit_mean:        1.0000	epsilon:                   0.0500
grad_norm:                18.9994	healthy_machine_fraction_mean:  0.1598	loss:                      0.4063	mi_loss:                   0.0029
q_taken_mean:              2.4026	return_mean:              59.3060	return_median:            59.5000	return_std:                7.3016
target_mean:               2.4342	td_error_abs:              0.4771	test_ep_length_mean:     100.0000	test_episode_limit_mean:   1.0000
test_healthy_machine_fraction_mean:  0.1156	test_return_mean:         61.8500	test_return_median:       62.1000	test_return_std:           8.4129

[INFO 13:42:51] my_main Recent Stats | t_env:    1468000 | Episode:    14680
entropy_loss:              0.0019	ep_length_mean:          100.0000	episode_limit_mean:        1.0000	epsilon:                   0.0500
grad_norm:                18.9994	healthy_machine_fraction_mean:  0.1598	loss:                      0.4063	mi_loss:                   0.0029
q_taken_mean:              2.4026	return_mean:              59.3060	return_median:            59.5000	return_std:                7.3016
target_mean:               2.4342	td_error_abs:              0.4771	test_ep_length_mean:     100.0000	test_episode_limit_mean:   1.0000
test_healthy_machine_fraction_mean:  0.1156	test_return_mean:         61.8500	test_return_median:       62.1000	test_return_std:           8.4129

[INFO 13:43:41] my_main Recent Stats | t_env:    1470000 | Episode:    14700
entropy_loss:              0.0019	ep_length_mean:          100.0000	episode_limit_mean:        1.0000	epsilon:                   0.0500
grad_norm:                18.9994	healthy_machine_fraction_mean:  0.1598	loss:                      0.4063	mi_loss:                   0.0029
q_taken_mean:              2.4026	return_mean:              59.3060	return_median:            59.5000	return_std:                7.3016
target_mean:               2.4342	td_error_abs:              0.4771	test_ep_length_mean:     100.0000	test_episode_limit_mean:   1.0000
test_healthy_machine_fraction_mean:  0.1156	test_return_mean:         61.8500	test_return_median:       62.1000	test_return_std:           8.4129

[INFO 13:43:43] my_main t_env: 1470100 / 2050000
[INFO 13:43:43] my_main Estimated time left: 4 hours, 35 minutes, 32 seconds. Time passed: 11 hours, 39 minutes, 33 seconds
[INFO 13:45:04] my_main Recent Stats | t_env:    1472000 | Episode:    14720
entropy_loss:              0.0019	ep_length_mean:          100.0000	episode_limit_mean:        1.0000	epsilon:                   0.0500
grad_norm:                18.9994	healthy_machine_fraction_mean:  0.1634	loss:                      0.4063	mi_loss:                   0.0029
q_taken_mean:              2.4026	return_mean:              59.9560	return_median:            60.0000	return_std:                7.3781
target_mean:               2.4342	td_error_abs:              0.4771	test_ep_length_mean:     100.0000	test_episode_limit_mean:   1.0000
test_healthy_machine_fraction_mean:  0.1006	test_return_mean:         63.2125	test_return_median:       63.1000	test_return_std:           7.8701

[INFO 13:45:57] my_main Recent Stats | t_env:    1474000 | Episode:    14740
entropy_loss:              0.0019	ep_length_mean:          100.0000	episode_limit_mean:        1.0000	epsilon:                   0.0500
grad_norm:                19.7737	healthy_machine_fraction_mean:  0.1634	loss:                      0.4103	mi_loss:                   0.0029
q_taken_mean:              2.4098	return_mean:              59.9560	return_median:            60.0000	return_std:                7.3781
target_mean:               2.4427	td_error_abs:              0.4823	test_ep_length_mean:     100.0000	test_episode_limit_mean:   1.0000
test_healthy_machine_fraction_mean:  0.1006	test_return_mean:         63.2125	test_return_median:       63.1000	test_return_std:           7.8701

[INFO 13:46:49] my_main Recent Stats | t_env:    1476000 | Episode:    14760
entropy_loss:              0.0019	ep_length_mean:          100.0000	episode_limit_mean:        1.0000	epsilon:                   0.0500
grad_norm:                19.7737	healthy_machine_fraction_mean:  0.1634	loss:                      0.4103	mi_loss:                   0.0029
q_taken_mean:              2.4098	return_mean:              59.9560	return_median:            60.0000	return_std:                7.3781
target_mean:               2.4427	td_error_abs:              0.4823	test_ep_length_mean:     100.0000	test_episode_limit_mean:   1.0000
test_healthy_machine_fraction_mean:  0.1006	test_return_mean:         63.2125	test_return_median:       63.1000	test_return_std:           7.8701

[INFO 13:47:41] my_main Recent Stats | t_env:    1478000 | Episode:    14780
entropy_loss:              0.0019	ep_length_mean:          100.0000	episode_limit_mean:        1.0000	epsilon:                   0.0500
grad_norm:                19.7737	healthy_machine_fraction_mean:  0.1634	loss:                      0.4103	mi_loss:                   0.0029
q_taken_mean:              2.4098	return_mean:              59.9560	return_median:            60.0000	return_std:                7.3781
target_mean:               2.4427	td_error_abs:              0.4823	test_ep_length_mean:     100.0000	test_episode_limit_mean:   1.0000
test_healthy_machine_fraction_mean:  0.1006	test_return_mean:         63.2125	test_return_median:       63.1000	test_return_std:           7.8701

[INFO 13:48:32] my_main Recent Stats | t_env:    1480000 | Episode:    14800
entropy_loss:              0.0019	ep_length_mean:          100.0000	episode_limit_mean:        1.0000	epsilon:                   0.0500
grad_norm:                19.7737	healthy_machine_fraction_mean:  0.1634	loss:                      0.4103	mi_loss:                   0.0029
q_taken_mean:              2.4098	return_mean:              59.9560	return_median:            60.0000	return_std:                7.3781
target_mean:               2.4427	td_error_abs:              0.4823	test_ep_length_mean:     100.0000	test_episode_limit_mean:   1.0000
test_healthy_machine_fraction_mean:  0.1006	test_return_mean:         63.2125	test_return_median:       63.1000	test_return_std:           7.8701

[INFO 13:48:34] my_main Updated target network
[INFO 13:48:34] my_main t_env: 1480100 / 2050000
[INFO 13:48:34] my_main Estimated time left: 4 hours, 36 minutes, 30 seconds. Time passed: 11 hours, 44 minutes, 24 seconds
[INFO 13:49:56] my_main Recent Stats | t_env:    1482000 | Episode:    14820
entropy_loss:              0.0019	ep_length_mean:          100.0000	episode_limit_mean:        1.0000	epsilon:                   0.0500
grad_norm:                19.7737	healthy_machine_fraction_mean:  0.1724	loss:                      0.4103	mi_loss:                   0.0029
q_taken_mean:              2.4098	return_mean:              61.3280	return_median:            61.4000	return_std:                7.2058
target_mean:               2.4427	td_error_abs:              0.4823	test_ep_length_mean:     100.0000	test_episode_limit_mean:   1.0000
test_healthy_machine_fraction_mean:  0.0988	test_return_mean:         64.7875	test_return_median:       64.9000	test_return_std:           7.8246

[INFO 13:50:47] my_main Recent Stats | t_env:    1484000 | Episode:    14840
entropy_loss:              0.0019	ep_length_mean:          100.0000	episode_limit_mean:        1.0000	epsilon:                   0.0500
grad_norm:                19.6886	healthy_machine_fraction_mean:  0.1724	loss:                      0.3980	mi_loss:                   0.0029
q_taken_mean:              2.4262	return_mean:              61.3280	return_median:            61.4000	return_std:                7.2058
target_mean:               2.4589	td_error_abs:              0.4770	test_ep_length_mean:     100.0000	test_episode_limit_mean:   1.0000
test_healthy_machine_fraction_mean:  0.0988	test_return_mean:         64.7875	test_return_median:       64.9000	test_return_std:           7.8246

[INFO 13:51:39] my_main Recent Stats | t_env:    1486000 | Episode:    14860
entropy_loss:              0.0019	ep_length_mean:          100.0000	episode_limit_mean:        1.0000	epsilon:                   0.0500
grad_norm:                19.6886	healthy_machine_fraction_mean:  0.1724	loss:                      0.3980	mi_loss:                   0.0029
q_taken_mean:              2.4262	return_mean:              61.3280	return_median:            61.4000	return_std:                7.2058
target_mean:               2.4589	td_error_abs:              0.4770	test_ep_length_mean:     100.0000	test_episode_limit_mean:   1.0000
test_healthy_machine_fraction_mean:  0.0988	test_return_mean:         64.7875	test_return_median:       64.9000	test_return_std:           7.8246

[INFO 13:52:32] my_main Recent Stats | t_env:    1488000 | Episode:    14880
entropy_loss:              0.0019	ep_length_mean:          100.0000	episode_limit_mean:        1.0000	epsilon:                   0.0500
grad_norm:                19.6886	healthy_machine_fraction_mean:  0.1724	loss:                      0.3980	mi_loss:                   0.0029
q_taken_mean:              2.4262	return_mean:              61.3280	return_median:            61.4000	return_std:                7.2058
target_mean:               2.4589	td_error_abs:              0.4770	test_ep_length_mean:     100.0000	test_episode_limit_mean:   1.0000
test_healthy_machine_fraction_mean:  0.0988	test_return_mean:         64.7875	test_return_median:       64.9000	test_return_std:           7.8246

[INFO 13:53:22] my_main Recent Stats | t_env:    1490000 | Episode:    14900
entropy_loss:              0.0019	ep_length_mean:          100.0000	episode_limit_mean:        1.0000	epsilon:                   0.0500
grad_norm:                19.6886	healthy_machine_fraction_mean:  0.1724	loss:                      0.3980	mi_loss:                   0.0029
q_taken_mean:              2.4262	return_mean:              61.3280	return_median:            61.4000	return_std:                7.2058
target_mean:               2.4589	td_error_abs:              0.4770	test_ep_length_mean:     100.0000	test_episode_limit_mean:   1.0000
test_healthy_machine_fraction_mean:  0.0988	test_return_mean:         64.7875	test_return_median:       64.9000	test_return_std:           7.8246

[INFO 13:53:25] my_main t_env: 1490100 / 2050000
[INFO 13:53:25] my_main Estimated time left: 4 hours, 31 minutes, 9 seconds. Time passed: 11 hours, 49 minutes, 15 seconds
[INFO 13:54:46] my_main Recent Stats | t_env:    1492000 | Episode:    14920
entropy_loss:              0.0019	ep_length_mean:          100.0000	episode_limit_mean:        1.0000	epsilon:                   0.0500
grad_norm:                19.6886	healthy_machine_fraction_mean:  0.1854	loss:                      0.3980	mi_loss:                   0.0029
q_taken_mean:              2.4262	return_mean:              62.6340	return_median:            62.5000	return_std:                6.7978
target_mean:               2.4589	td_error_abs:              0.4770	test_ep_length_mean:     100.0000	test_episode_limit_mean:   1.0000
test_healthy_machine_fraction_mean:  0.1200	test_return_mean:         68.2438	test_return_median:       68.4000	test_return_std:           7.2841

[INFO 13:55:38] my_main Recent Stats | t_env:    1494000 | Episode:    14940
entropy_loss:              0.0019	ep_length_mean:          100.0000	episode_limit_mean:        1.0000	epsilon:                   0.0500
grad_norm:                19.8245	healthy_machine_fraction_mean:  0.1854	loss:                      0.3915	mi_loss:                   0.0029
q_taken_mean:              2.4365	return_mean:              62.6340	return_median:            62.5000	return_std:                6.7978
target_mean:               2.4694	td_error_abs:              0.4742	test_ep_length_mean:     100.0000	test_episode_limit_mean:   1.0000
test_healthy_machine_fraction_mean:  0.1200	test_return_mean:         68.2438	test_return_median:       68.4000	test_return_std:           7.2841

[INFO 13:56:31] my_main Recent Stats | t_env:    1496000 | Episode:    14960
entropy_loss:              0.0019	ep_length_mean:          100.0000	episode_limit_mean:        1.0000	epsilon:                   0.0500
grad_norm:                19.8245	healthy_machine_fraction_mean:  0.1854	loss:                      0.3915	mi_loss:                   0.0029
q_taken_mean:              2.4365	return_mean:              62.6340	return_median:            62.5000	return_std:                6.7978
target_mean:               2.4694	td_error_abs:              0.4742	test_ep_length_mean:     100.0000	test_episode_limit_mean:   1.0000
test_healthy_machine_fraction_mean:  0.1200	test_return_mean:         68.2438	test_return_median:       68.4000	test_return_std:           7.2841

[INFO 13:57:23] my_main Recent Stats | t_env:    1498000 | Episode:    14980
entropy_loss:              0.0019	ep_length_mean:          100.0000	episode_limit_mean:        1.0000	epsilon:                   0.0500
grad_norm:                19.8245	healthy_machine_fraction_mean:  0.1854	loss:                      0.3915	mi_loss:                   0.0029
q_taken_mean:              2.4365	return_mean:              62.6340	return_median:            62.5000	return_std:                6.7978
target_mean:               2.4694	td_error_abs:              0.4742	test_ep_length_mean:     100.0000	test_episode_limit_mean:   1.0000
test_healthy_machine_fraction_mean:  0.1200	test_return_mean:         68.2438	test_return_median:       68.4000	test_return_std:           7.2841

[INFO 13:58:14] my_main Recent Stats | t_env:    1500000 | Episode:    15000
entropy_loss:              0.0019	ep_length_mean:          100.0000	episode_limit_mean:        1.0000	epsilon:                   0.0500
grad_norm:                19.8245	healthy_machine_fraction_mean:  0.1854	loss:                      0.3915	mi_loss:                   0.0029
q_taken_mean:              2.4365	return_mean:              62.6340	return_median:            62.5000	return_std:                6.7978
target_mean:               2.4694	td_error_abs:              0.4742	test_ep_length_mean:     100.0000	test_episode_limit_mean:   1.0000
test_healthy_machine_fraction_mean:  0.1200	test_return_mean:         68.2438	test_return_median:       68.4000	test_return_std:           7.2841

[INFO 13:58:16] my_main Updated target network
[INFO 13:58:16] my_main t_env: 1500100 / 2050000
[INFO 13:58:16] my_main Estimated time left: 4 hours, 27 minutes, 16 seconds. Time passed: 11 hours, 54 minutes, 6 seconds
[INFO 13:59:39] my_main Recent Stats | t_env:    1502000 | Episode:    15020
entropy_loss:              0.0019	ep_length_mean:          100.0000	episode_limit_mean:        1.0000	epsilon:                   0.0500
grad_norm:                19.8245	healthy_machine_fraction_mean:  0.1928	loss:                      0.3915	mi_loss:                   0.0029
q_taken_mean:              2.4365	return_mean:              63.4640	return_median:            63.3000	return_std:                6.6907
target_mean:               2.4694	td_error_abs:              0.4742	test_ep_length_mean:     100.0000	test_episode_limit_mean:   1.0000
test_healthy_machine_fraction_mean:  0.1206	test_return_mean:         69.1000	test_return_median:       68.9000	test_return_std:           6.9388

[INFO 14:00:30] my_main Recent Stats | t_env:    1504000 | Episode:    15040
entropy_loss:              0.0019	ep_length_mean:          100.0000	episode_limit_mean:        1.0000	epsilon:                   0.0500
grad_norm:                17.8902	healthy_machine_fraction_mean:  0.1928	loss:                      0.3770	mi_loss:                   0.0029
q_taken_mean:              2.4514	return_mean:              63.4640	return_median:            63.3000	return_std:                6.6907
target_mean:               2.4740	td_error_abs:              0.4716	test_ep_length_mean:     100.0000	test_episode_limit_mean:   1.0000
test_healthy_machine_fraction_mean:  0.1206	test_return_mean:         69.1000	test_return_median:       68.9000	test_return_std:           6.9388

[INFO 14:01:22] my_main Recent Stats | t_env:    1506000 | Episode:    15060
entropy_loss:              0.0019	ep_length_mean:          100.0000	episode_limit_mean:        1.0000	epsilon:                   0.0500
grad_norm:                17.8902	healthy_machine_fraction_mean:  0.1928	loss:                      0.3770	mi_loss:                   0.0029
q_taken_mean:              2.4514	return_mean:              63.4640	return_median:            63.3000	return_std:                6.6907
target_mean:               2.4740	td_error_abs:              0.4716	test_ep_length_mean:     100.0000	test_episode_limit_mean:   1.0000
test_healthy_machine_fraction_mean:  0.1206	test_return_mean:         69.1000	test_return_median:       68.9000	test_return_std:           6.9388

[INFO 14:02:14] my_main Recent Stats | t_env:    1508000 | Episode:    15080
entropy_loss:              0.0019	ep_length_mean:          100.0000	episode_limit_mean:        1.0000	epsilon:                   0.0500
grad_norm:                17.8902	healthy_machine_fraction_mean:  0.1928	loss:                      0.3770	mi_loss:                   0.0029
q_taken_mean:              2.4514	return_mean:              63.4640	return_median:            63.3000	return_std:                6.6907
target_mean:               2.4740	td_error_abs:              0.4716	test_ep_length_mean:     100.0000	test_episode_limit_mean:   1.0000
test_healthy_machine_fraction_mean:  0.1206	test_return_mean:         69.1000	test_return_median:       68.9000	test_return_std:           6.9388

[INFO 14:03:05] my_main Recent Stats | t_env:    1510000 | Episode:    15100
entropy_loss:              0.0019	ep_length_mean:          100.0000	episode_limit_mean:        1.0000	epsilon:                   0.0500
grad_norm:                17.8902	healthy_machine_fraction_mean:  0.1928	loss:                      0.3770	mi_loss:                   0.0029
q_taken_mean:              2.4514	return_mean:              63.4640	return_median:            63.3000	return_std:                6.6907
target_mean:               2.4740	td_error_abs:              0.4716	test_ep_length_mean:     100.0000	test_episode_limit_mean:   1.0000
test_healthy_machine_fraction_mean:  0.1206	test_return_mean:         69.1000	test_return_median:       68.9000	test_return_std:           6.9388

[INFO 14:03:07] my_main t_env: 1510100 / 2050000
[INFO 14:03:07] my_main Estimated time left: 4 hours, 21 minutes, 54 seconds. Time passed: 11 hours, 58 minutes, 58 seconds
[INFO 14:04:28] my_main Recent Stats | t_env:    1512000 | Episode:    15120
entropy_loss:              0.0019	ep_length_mean:          100.0000	episode_limit_mean:        1.0000	epsilon:                   0.0500
grad_norm:                17.8902	healthy_machine_fraction_mean:  0.1962	loss:                      0.3770	mi_loss:                   0.0029
q_taken_mean:              2.4514	return_mean:              64.2980	return_median:            64.1000	return_std:                6.5808
target_mean:               2.4740	td_error_abs:              0.4716	test_ep_length_mean:     100.0000	test_episode_limit_mean:   1.0000
test_healthy_machine_fraction_mean:  0.1369	test_return_mean:         71.5750	test_return_median:       71.5000	test_return_std:           6.6322

[INFO 14:05:20] my_main Recent Stats | t_env:    1514000 | Episode:    15140
entropy_loss:              0.0019	ep_length_mean:          100.0000	episode_limit_mean:        1.0000	epsilon:                   0.0500
grad_norm:                17.0740	healthy_machine_fraction_mean:  0.1962	loss:                      0.3762	mi_loss:                   0.0028
q_taken_mean:              2.4685	return_mean:              64.2980	return_median:            64.1000	return_std:                6.5808
target_mean:               2.4820	td_error_abs:              0.4766	test_ep_length_mean:     100.0000	test_episode_limit_mean:   1.0000
test_healthy_machine_fraction_mean:  0.1369	test_return_mean:         71.5750	test_return_median:       71.5000	test_return_std:           6.6322

[INFO 14:06:12] my_main Recent Stats | t_env:    1516000 | Episode:    15160
entropy_loss:              0.0019	ep_length_mean:          100.0000	episode_limit_mean:        1.0000	epsilon:                   0.0500
grad_norm:                17.0740	healthy_machine_fraction_mean:  0.1962	loss:                      0.3762	mi_loss:                   0.0028
q_taken_mean:              2.4685	return_mean:              64.2980	return_median:            64.1000	return_std:                6.5808
target_mean:               2.4820	td_error_abs:              0.4766	test_ep_length_mean:     100.0000	test_episode_limit_mean:   1.0000
test_healthy_machine_fraction_mean:  0.1369	test_return_mean:         71.5750	test_return_median:       71.5000	test_return_std:           6.6322

[INFO 14:07:04] my_main Recent Stats | t_env:    1518000 | Episode:    15180
entropy_loss:              0.0019	ep_length_mean:          100.0000	episode_limit_mean:        1.0000	epsilon:                   0.0500
grad_norm:                17.0740	healthy_machine_fraction_mean:  0.1962	loss:                      0.3762	mi_loss:                   0.0028
q_taken_mean:              2.4685	return_mean:              64.2980	return_median:            64.1000	return_std:                6.5808
target_mean:               2.4820	td_error_abs:              0.4766	test_ep_length_mean:     100.0000	test_episode_limit_mean:   1.0000
test_healthy_machine_fraction_mean:  0.1369	test_return_mean:         71.5750	test_return_median:       71.5000	test_return_std:           6.6322

[INFO 14:07:55] my_main Recent Stats | t_env:    1520000 | Episode:    15200
entropy_loss:              0.0019	ep_length_mean:          100.0000	episode_limit_mean:        1.0000	epsilon:                   0.0500
grad_norm:                17.0740	healthy_machine_fraction_mean:  0.1962	loss:                      0.3762	mi_loss:                   0.0028
q_taken_mean:              2.4685	return_mean:              64.2980	return_median:            64.1000	return_std:                6.5808
target_mean:               2.4820	td_error_abs:              0.4766	test_ep_length_mean:     100.0000	test_episode_limit_mean:   1.0000
test_healthy_machine_fraction_mean:  0.1369	test_return_mean:         71.5750	test_return_median:       71.5000	test_return_std:           6.6322

[INFO 14:07:57] my_main Updated target network
[INFO 14:07:57] my_main t_env: 1520100 / 2050000
[INFO 14:07:57] my_main Estimated time left: 4 hours, 16 minutes, 15 seconds. Time passed: 12 hours, 3 minutes, 48 seconds
[INFO 14:09:19] my_main Recent Stats | t_env:    1522000 | Episode:    15220
entropy_loss:              0.0019	ep_length_mean:          100.0000	episode_limit_mean:        1.0000	epsilon:                   0.0500
grad_norm:                17.0740	healthy_machine_fraction_mean:  0.1910	loss:                      0.3762	mi_loss:                   0.0028
q_taken_mean:              2.4685	return_mean:              64.5100	return_median:            64.3000	return_std:                6.3664
target_mean:               2.4820	td_error_abs:              0.4766	test_ep_length_mean:     100.0000	test_episode_limit_mean:   1.0000
test_healthy_machine_fraction_mean:  0.1431	test_return_mean:         71.6562	test_return_median:       71.5000	test_return_std:           7.0443

[INFO 14:10:11] my_main Recent Stats | t_env:    1524000 | Episode:    15240
entropy_loss:              0.0018	ep_length_mean:          100.0000	episode_limit_mean:        1.0000	epsilon:                   0.0500
grad_norm:                16.8016	healthy_machine_fraction_mean:  0.1910	loss:                      0.3836	mi_loss:                   0.0028
q_taken_mean:              2.4915	return_mean:              64.5100	return_median:            64.3000	return_std:                6.3664
target_mean:               2.5043	td_error_abs:              0.4779	test_ep_length_mean:     100.0000	test_episode_limit_mean:   1.0000
test_healthy_machine_fraction_mean:  0.1431	test_return_mean:         71.6562	test_return_median:       71.5000	test_return_std:           7.0443

[INFO 14:11:03] my_main Recent Stats | t_env:    1526000 | Episode:    15260
entropy_loss:              0.0018	ep_length_mean:          100.0000	episode_limit_mean:        1.0000	epsilon:                   0.0500
grad_norm:                16.8016	healthy_machine_fraction_mean:  0.1910	loss:                      0.3836	mi_loss:                   0.0028
q_taken_mean:              2.4915	return_mean:              64.5100	return_median:            64.3000	return_std:                6.3664
target_mean:               2.5043	td_error_abs:              0.4779	test_ep_length_mean:     100.0000	test_episode_limit_mean:   1.0000
test_healthy_machine_fraction_mean:  0.1431	test_return_mean:         71.6562	test_return_median:       71.5000	test_return_std:           7.0443

[INFO 14:11:56] my_main Recent Stats | t_env:    1528000 | Episode:    15280
entropy_loss:              0.0018	ep_length_mean:          100.0000	episode_limit_mean:        1.0000	epsilon:                   0.0500
grad_norm:                16.8016	healthy_machine_fraction_mean:  0.1910	loss:                      0.3836	mi_loss:                   0.0028
q_taken_mean:              2.4915	return_mean:              64.5100	return_median:            64.3000	return_std:                6.3664
target_mean:               2.5043	td_error_abs:              0.4779	test_ep_length_mean:     100.0000	test_episode_limit_mean:   1.0000
test_healthy_machine_fraction_mean:  0.1431	test_return_mean:         71.6562	test_return_median:       71.5000	test_return_std:           7.0443

[INFO 14:12:47] my_main Recent Stats | t_env:    1530000 | Episode:    15300
entropy_loss:              0.0018	ep_length_mean:          100.0000	episode_limit_mean:        1.0000	epsilon:                   0.0500
grad_norm:                16.8016	healthy_machine_fraction_mean:  0.1910	loss:                      0.3836	mi_loss:                   0.0028
q_taken_mean:              2.4915	return_mean:              64.5100	return_median:            64.3000	return_std:                6.3664
target_mean:               2.5043	td_error_abs:              0.4779	test_ep_length_mean:     100.0000	test_episode_limit_mean:   1.0000
test_healthy_machine_fraction_mean:  0.1431	test_return_mean:         71.6562	test_return_median:       71.5000	test_return_std:           7.0443

[INFO 14:12:49] my_main t_env: 1530100 / 2050000
[INFO 14:12:49] my_main Estimated time left: 4 hours, 12 minutes, 57 seconds. Time passed: 12 hours, 8 minutes, 40 seconds
[INFO 14:14:11] my_main Recent Stats | t_env:    1532000 | Episode:    15320
entropy_loss:              0.0018	ep_length_mean:          100.0000	episode_limit_mean:        1.0000	epsilon:                   0.0500
grad_norm:                16.8016	healthy_machine_fraction_mean:  0.1926	loss:                      0.3836	mi_loss:                   0.0028
q_taken_mean:              2.4915	return_mean:              64.6720	return_median:            64.5000	return_std:                6.0970
target_mean:               2.5043	td_error_abs:              0.4779	test_ep_length_mean:     100.0000	test_episode_limit_mean:   1.0000
test_healthy_machine_fraction_mean:  0.1494	test_return_mean:         71.7562	test_return_median:       71.3000	test_return_std:           7.2224

[INFO 14:15:04] my_main Recent Stats | t_env:    1534000 | Episode:    15340
entropy_loss:              0.0018	ep_length_mean:          100.0000	episode_limit_mean:        1.0000	epsilon:                   0.0500
grad_norm:                16.8671	healthy_machine_fraction_mean:  0.1926	loss:                      0.3990	mi_loss:                   0.0028
q_taken_mean:              2.5069	return_mean:              64.6720	return_median:            64.5000	return_std:                6.0970
target_mean:               2.5197	td_error_abs:              0.4840	test_ep_length_mean:     100.0000	test_episode_limit_mean:   1.0000
test_healthy_machine_fraction_mean:  0.1494	test_return_mean:         71.7562	test_return_median:       71.3000	test_return_std:           7.2224

[INFO 14:15:54] my_main Recent Stats | t_env:    1536000 | Episode:    15360
entropy_loss:              0.0018	ep_length_mean:          100.0000	episode_limit_mean:        1.0000	epsilon:                   0.0500
grad_norm:                16.8671	healthy_machine_fraction_mean:  0.1926	loss:                      0.3990	mi_loss:                   0.0028
q_taken_mean:              2.5069	return_mean:              64.6720	return_median:            64.5000	return_std:                6.0970
target_mean:               2.5197	td_error_abs:              0.4840	test_ep_length_mean:     100.0000	test_episode_limit_mean:   1.0000
test_healthy_machine_fraction_mean:  0.1494	test_return_mean:         71.7562	test_return_median:       71.3000	test_return_std:           7.2224

[INFO 14:16:43] my_main Recent Stats | t_env:    1538000 | Episode:    15380
entropy_loss:              0.0018	ep_length_mean:          100.0000	episode_limit_mean:        1.0000	epsilon:                   0.0500
grad_norm:                16.8671	healthy_machine_fraction_mean:  0.1926	loss:                      0.3990	mi_loss:                   0.0028
q_taken_mean:              2.5069	return_mean:              64.6720	return_median:            64.5000	return_std:                6.0970
target_mean:               2.5197	td_error_abs:              0.4840	test_ep_length_mean:     100.0000	test_episode_limit_mean:   1.0000
test_healthy_machine_fraction_mean:  0.1494	test_return_mean:         71.7562	test_return_median:       71.3000	test_return_std:           7.2224

[INFO 14:17:33] my_main Recent Stats | t_env:    1540000 | Episode:    15400
entropy_loss:              0.0018	ep_length_mean:          100.0000	episode_limit_mean:        1.0000	epsilon:                   0.0500
grad_norm:                16.8671	healthy_machine_fraction_mean:  0.1926	loss:                      0.3990	mi_loss:                   0.0028
q_taken_mean:              2.5069	return_mean:              64.6720	return_median:            64.5000	return_std:                6.0970
target_mean:               2.5197	td_error_abs:              0.4840	test_ep_length_mean:     100.0000	test_episode_limit_mean:   1.0000
test_healthy_machine_fraction_mean:  0.1494	test_return_mean:         71.7562	test_return_median:       71.3000	test_return_std:           7.2224

[INFO 14:17:36] my_main Updated target network
[INFO 14:17:36] my_main t_env: 1540100 / 2050000
[INFO 14:17:36] my_main Estimated time left: 4 hours, 3 minutes, 33 seconds. Time passed: 12 hours, 13 minutes, 26 seconds
[INFO 14:18:57] my_main Recent Stats | t_env:    1542000 | Episode:    15420
entropy_loss:              0.0018	ep_length_mean:          100.0000	episode_limit_mean:        1.0000	epsilon:                   0.0500
grad_norm:                16.8671	healthy_machine_fraction_mean:  0.1948	loss:                      0.3990	mi_loss:                   0.0028
q_taken_mean:              2.5069	return_mean:              64.6520	return_median:            64.6000	return_std:                6.1590
target_mean:               2.5197	td_error_abs:              0.4840	test_ep_length_mean:     100.0000	test_episode_limit_mean:   1.0000
test_healthy_machine_fraction_mean:  0.1437	test_return_mean:         71.8250	test_return_median:       71.1000	test_return_std:           6.9760

[INFO 14:19:49] my_main Recent Stats | t_env:    1544000 | Episode:    15440
entropy_loss:              0.0018	ep_length_mean:          100.0000	episode_limit_mean:        1.0000	epsilon:                   0.0500
grad_norm:                17.3603	healthy_machine_fraction_mean:  0.1948	loss:                      0.4069	mi_loss:                   0.0028
q_taken_mean:              2.5276	return_mean:              64.6520	return_median:            64.6000	return_std:                6.1590
target_mean:               2.5410	td_error_abs:              0.4877	test_ep_length_mean:     100.0000	test_episode_limit_mean:   1.0000
test_healthy_machine_fraction_mean:  0.1437	test_return_mean:         71.8250	test_return_median:       71.1000	test_return_std:           6.9760

[INFO 14:20:41] my_main Recent Stats | t_env:    1546000 | Episode:    15460
entropy_loss:              0.0018	ep_length_mean:          100.0000	episode_limit_mean:        1.0000	epsilon:                   0.0500
grad_norm:                17.3603	healthy_machine_fraction_mean:  0.1948	loss:                      0.4069	mi_loss:                   0.0028
q_taken_mean:              2.5276	return_mean:              64.6520	return_median:            64.6000	return_std:                6.1590
target_mean:               2.5410	td_error_abs:              0.4877	test_ep_length_mean:     100.0000	test_episode_limit_mean:   1.0000
test_healthy_machine_fraction_mean:  0.1437	test_return_mean:         71.8250	test_return_median:       71.1000	test_return_std:           6.9760

[INFO 14:21:34] my_main Recent Stats | t_env:    1548000 | Episode:    15480
entropy_loss:              0.0018	ep_length_mean:          100.0000	episode_limit_mean:        1.0000	epsilon:                   0.0500
grad_norm:                17.3603	healthy_machine_fraction_mean:  0.1948	loss:                      0.4069	mi_loss:                   0.0028
q_taken_mean:              2.5276	return_mean:              64.6520	return_median:            64.6000	return_std:                6.1590
target_mean:               2.5410	td_error_abs:              0.4877	test_ep_length_mean:     100.0000	test_episode_limit_mean:   1.0000
test_healthy_machine_fraction_mean:  0.1437	test_return_mean:         71.8250	test_return_median:       71.1000	test_return_std:           6.9760

[INFO 14:22:24] my_main Recent Stats | t_env:    1550000 | Episode:    15500
entropy_loss:              0.0018	ep_length_mean:          100.0000	episode_limit_mean:        1.0000	epsilon:                   0.0500
grad_norm:                17.3603	healthy_machine_fraction_mean:  0.1948	loss:                      0.4069	mi_loss:                   0.0028
q_taken_mean:              2.5276	return_mean:              64.6520	return_median:            64.6000	return_std:                6.1590
target_mean:               2.5410	td_error_abs:              0.4877	test_ep_length_mean:     100.0000	test_episode_limit_mean:   1.0000
test_healthy_machine_fraction_mean:  0.1437	test_return_mean:         71.8250	test_return_median:       71.1000	test_return_std:           6.9760

[INFO 14:22:26] my_main t_env: 1550100 / 2050000
[INFO 14:22:26] my_main Estimated time left: 4 hours, 1 minutes, 40 seconds. Time passed: 12 hours, 18 minutes, 16 seconds
[INFO 14:23:48] my_main Recent Stats | t_env:    1552000 | Episode:    15520
entropy_loss:              0.0018	ep_length_mean:          100.0000	episode_limit_mean:        1.0000	epsilon:                   0.0500
grad_norm:                17.3603	healthy_machine_fraction_mean:  0.1888	loss:                      0.4069	mi_loss:                   0.0028
q_taken_mean:              2.5276	return_mean:              64.1920	return_median:            64.2000	return_std:                5.9603
target_mean:               2.5410	td_error_abs:              0.4877	test_ep_length_mean:     100.0000	test_episode_limit_mean:   1.0000
test_healthy_machine_fraction_mean:  0.1481	test_return_mean:         71.3625	test_return_median:       70.8000	test_return_std:           7.4787

[INFO 14:24:40] my_main Recent Stats | t_env:    1554000 | Episode:    15540
entropy_loss:              0.0018	ep_length_mean:          100.0000	episode_limit_mean:        1.0000	epsilon:                   0.0500
grad_norm:                19.1745	healthy_machine_fraction_mean:  0.1888	loss:                      0.4215	mi_loss:                   0.0028
q_taken_mean:              2.5422	return_mean:              64.1920	return_median:            64.2000	return_std:                5.9603
target_mean:               2.5656	td_error_abs:              0.4893	test_ep_length_mean:     100.0000	test_episode_limit_mean:   1.0000
test_healthy_machine_fraction_mean:  0.1481	test_return_mean:         71.3625	test_return_median:       70.8000	test_return_std:           7.4787

[INFO 14:25:31] my_main Recent Stats | t_env:    1556000 | Episode:    15560
entropy_loss:              0.0018	ep_length_mean:          100.0000	episode_limit_mean:        1.0000	epsilon:                   0.0500
grad_norm:                19.1745	healthy_machine_fraction_mean:  0.1888	loss:                      0.4215	mi_loss:                   0.0028
q_taken_mean:              2.5422	return_mean:              64.1920	return_median:            64.2000	return_std:                5.9603
target_mean:               2.5656	td_error_abs:              0.4893	test_ep_length_mean:     100.0000	test_episode_limit_mean:   1.0000
test_healthy_machine_fraction_mean:  0.1481	test_return_mean:         71.3625	test_return_median:       70.8000	test_return_std:           7.4787

[INFO 14:26:23] my_main Recent Stats | t_env:    1558000 | Episode:    15580
entropy_loss:              0.0018	ep_length_mean:          100.0000	episode_limit_mean:        1.0000	epsilon:                   0.0500
grad_norm:                19.1745	healthy_machine_fraction_mean:  0.1888	loss:                      0.4215	mi_loss:                   0.0028
q_taken_mean:              2.5422	return_mean:              64.1920	return_median:            64.2000	return_std:                5.9603
target_mean:               2.5656	td_error_abs:              0.4893	test_ep_length_mean:     100.0000	test_episode_limit_mean:   1.0000
test_healthy_machine_fraction_mean:  0.1481	test_return_mean:         71.3625	test_return_median:       70.8000	test_return_std:           7.4787

[INFO 14:27:14] my_main Recent Stats | t_env:    1560000 | Episode:    15600
entropy_loss:              0.0018	ep_length_mean:          100.0000	episode_limit_mean:        1.0000	epsilon:                   0.0500
grad_norm:                19.1745	healthy_machine_fraction_mean:  0.1888	loss:                      0.4215	mi_loss:                   0.0028
q_taken_mean:              2.5422	return_mean:              64.1920	return_median:            64.2000	return_std:                5.9603
target_mean:               2.5656	td_error_abs:              0.4893	test_ep_length_mean:     100.0000	test_episode_limit_mean:   1.0000
test_healthy_machine_fraction_mean:  0.1481	test_return_mean:         71.3625	test_return_median:       70.8000	test_return_std:           7.4787

[INFO 14:27:17] my_main Updated target network
[INFO 14:27:17] my_main t_env: 1560100 / 2050000
[INFO 14:27:17] my_main Estimated time left: 3 hours, 57 minutes, 15 seconds. Time passed: 12 hours, 23 minutes, 7 seconds
[INFO 14:28:39] my_main Recent Stats | t_env:    1562000 | Episode:    15620
entropy_loss:              0.0018	ep_length_mean:          100.0000	episode_limit_mean:        1.0000	epsilon:                   0.0500
grad_norm:                19.1745	healthy_machine_fraction_mean:  0.1850	loss:                      0.4215	mi_loss:                   0.0028
q_taken_mean:              2.5422	return_mean:              63.8980	return_median:            64.0000	return_std:                5.9937
target_mean:               2.5656	td_error_abs:              0.4893	test_ep_length_mean:     100.0000	test_episode_limit_mean:   1.0000
test_healthy_machine_fraction_mean:  0.1456	test_return_mean:         69.9250	test_return_median:       69.4000	test_return_std:           7.2731

[INFO 14:29:31] my_main Recent Stats | t_env:    1564000 | Episode:    15640
entropy_loss:              0.0017	ep_length_mean:          100.0000	episode_limit_mean:        1.0000	epsilon:                   0.0500
grad_norm:                19.4248	healthy_machine_fraction_mean:  0.1850	loss:                      0.4244	mi_loss:                   0.0028
q_taken_mean:              2.5559	return_mean:              63.8980	return_median:            64.0000	return_std:                5.9937
target_mean:               2.5872	td_error_abs:              0.4828	test_ep_length_mean:     100.0000	test_episode_limit_mean:   1.0000
test_healthy_machine_fraction_mean:  0.1456	test_return_mean:         69.9250	test_return_median:       69.4000	test_return_std:           7.2731

[INFO 14:30:23] my_main Recent Stats | t_env:    1566000 | Episode:    15660
entropy_loss:              0.0017	ep_length_mean:          100.0000	episode_limit_mean:        1.0000	epsilon:                   0.0500
grad_norm:                19.4248	healthy_machine_fraction_mean:  0.1850	loss:                      0.4244	mi_loss:                   0.0028
q_taken_mean:              2.5559	return_mean:              63.8980	return_median:            64.0000	return_std:                5.9937
target_mean:               2.5872	td_error_abs:              0.4828	test_ep_length_mean:     100.0000	test_episode_limit_mean:   1.0000
test_healthy_machine_fraction_mean:  0.1456	test_return_mean:         69.9250	test_return_median:       69.4000	test_return_std:           7.2731

[INFO 14:31:15] my_main Recent Stats | t_env:    1568000 | Episode:    15680
entropy_loss:              0.0017	ep_length_mean:          100.0000	episode_limit_mean:        1.0000	epsilon:                   0.0500
grad_norm:                19.4248	healthy_machine_fraction_mean:  0.1850	loss:                      0.4244	mi_loss:                   0.0028
q_taken_mean:              2.5559	return_mean:              63.8980	return_median:            64.0000	return_std:                5.9937
target_mean:               2.5872	td_error_abs:              0.4828	test_ep_length_mean:     100.0000	test_episode_limit_mean:   1.0000
test_healthy_machine_fraction_mean:  0.1456	test_return_mean:         69.9250	test_return_median:       69.4000	test_return_std:           7.2731

[INFO 14:32:06] my_main Recent Stats | t_env:    1570000 | Episode:    15700
entropy_loss:              0.0017	ep_length_mean:          100.0000	episode_limit_mean:        1.0000	epsilon:                   0.0500
grad_norm:                19.4248	healthy_machine_fraction_mean:  0.1850	loss:                      0.4244	mi_loss:                   0.0028
q_taken_mean:              2.5559	return_mean:              63.8980	return_median:            64.0000	return_std:                5.9937
target_mean:               2.5872	td_error_abs:              0.4828	test_ep_length_mean:     100.0000	test_episode_limit_mean:   1.0000
test_healthy_machine_fraction_mean:  0.1456	test_return_mean:         69.9250	test_return_median:       69.4000	test_return_std:           7.2731

[INFO 14:32:08] my_main t_env: 1570100 / 2050000
[INFO 14:32:08] my_main Estimated time left: 3 hours, 53 minutes, 11 seconds. Time passed: 12 hours, 27 minutes, 58 seconds
[INFO 14:33:30] my_main Recent Stats | t_env:    1572000 | Episode:    15720
entropy_loss:              0.0017	ep_length_mean:          100.0000	episode_limit_mean:        1.0000	epsilon:                   0.0500
grad_norm:                19.4248	healthy_machine_fraction_mean:  0.1874	loss:                      0.4244	mi_loss:                   0.0028
q_taken_mean:              2.5559	return_mean:              63.5020	return_median:            63.8000	return_std:                6.0481
target_mean:               2.5872	td_error_abs:              0.4828	test_ep_length_mean:     100.0000	test_episode_limit_mean:   1.0000
test_healthy_machine_fraction_mean:  0.1487	test_return_mean:         69.8500	test_return_median:       69.5000	test_return_std:           6.8829

[INFO 14:34:22] my_main Recent Stats | t_env:    1574000 | Episode:    15740
entropy_loss:              0.0017	ep_length_mean:          100.0000	episode_limit_mean:        1.0000	epsilon:                   0.0500
grad_norm:                19.5837	healthy_machine_fraction_mean:  0.1874	loss:                      0.4251	mi_loss:                   0.0028
q_taken_mean:              2.5661	return_mean:              63.5020	return_median:            63.8000	return_std:                6.0481
target_mean:               2.5977	td_error_abs:              0.4822	test_ep_length_mean:     100.0000	test_episode_limit_mean:   1.0000
test_healthy_machine_fraction_mean:  0.1487	test_return_mean:         69.8500	test_return_median:       69.5000	test_return_std:           6.8829

[INFO 14:35:14] my_main Recent Stats | t_env:    1576000 | Episode:    15760
entropy_loss:              0.0017	ep_length_mean:          100.0000	episode_limit_mean:        1.0000	epsilon:                   0.0500
grad_norm:                19.5837	healthy_machine_fraction_mean:  0.1874	loss:                      0.4251	mi_loss:                   0.0028
q_taken_mean:              2.5661	return_mean:              63.5020	return_median:            63.8000	return_std:                6.0481
target_mean:               2.5977	td_error_abs:              0.4822	test_ep_length_mean:     100.0000	test_episode_limit_mean:   1.0000
test_healthy_machine_fraction_mean:  0.1487	test_return_mean:         69.8500	test_return_median:       69.5000	test_return_std:           6.8829

[INFO 14:36:06] my_main Recent Stats | t_env:    1578000 | Episode:    15780
entropy_loss:              0.0017	ep_length_mean:          100.0000	episode_limit_mean:        1.0000	epsilon:                   0.0500
grad_norm:                19.5837	healthy_machine_fraction_mean:  0.1874	loss:                      0.4251	mi_loss:                   0.0028
q_taken_mean:              2.5661	return_mean:              63.5020	return_median:            63.8000	return_std:                6.0481
target_mean:               2.5977	td_error_abs:              0.4822	test_ep_length_mean:     100.0000	test_episode_limit_mean:   1.0000
test_healthy_machine_fraction_mean:  0.1487	test_return_mean:         69.8500	test_return_median:       69.5000	test_return_std:           6.8829

[INFO 14:36:56] my_main Recent Stats | t_env:    1580000 | Episode:    15800
entropy_loss:              0.0017	ep_length_mean:          100.0000	episode_limit_mean:        1.0000	epsilon:                   0.0500
grad_norm:                19.5837	healthy_machine_fraction_mean:  0.1874	loss:                      0.4251	mi_loss:                   0.0028
q_taken_mean:              2.5661	return_mean:              63.5020	return_median:            63.8000	return_std:                6.0481
target_mean:               2.5977	td_error_abs:              0.4822	test_ep_length_mean:     100.0000	test_episode_limit_mean:   1.0000
test_healthy_machine_fraction_mean:  0.1487	test_return_mean:         69.8500	test_return_median:       69.5000	test_return_std:           6.8829

[INFO 14:36:59] my_main Updated target network
[INFO 14:36:59] my_main t_env: 1580100 / 2050000
[INFO 14:36:59] my_main Estimated time left: 3 hours, 47 minutes, 24 seconds. Time passed: 12 hours, 32 minutes, 49 seconds
[INFO 14:38:20] my_main Recent Stats | t_env:    1582000 | Episode:    15820
entropy_loss:              0.0017	ep_length_mean:          100.0000	episode_limit_mean:        1.0000	epsilon:                   0.0500
grad_norm:                19.5837	healthy_machine_fraction_mean:  0.1842	loss:                      0.4251	mi_loss:                   0.0028
q_taken_mean:              2.5661	return_mean:              63.3080	return_median:            63.6000	return_std:                6.0781
target_mean:               2.5977	td_error_abs:              0.4822	test_ep_length_mean:     100.0000	test_episode_limit_mean:   1.0000
test_healthy_machine_fraction_mean:  0.1444	test_return_mean:         70.1500	test_return_median:       70.2000	test_return_std:           6.5480

[INFO 14:39:13] my_main Recent Stats | t_env:    1584000 | Episode:    15840
entropy_loss:              0.0017	ep_length_mean:          100.0000	episode_limit_mean:        1.0000	epsilon:                   0.0500
grad_norm:                19.4547	healthy_machine_fraction_mean:  0.1842	loss:                      0.4208	mi_loss:                   0.0028
q_taken_mean:              2.5788	return_mean:              63.3080	return_median:            63.6000	return_std:                6.0781
target_mean:               2.6100	td_error_abs:              0.4800	test_ep_length_mean:     100.0000	test_episode_limit_mean:   1.0000
test_healthy_machine_fraction_mean:  0.1444	test_return_mean:         70.1500	test_return_median:       70.2000	test_return_std:           6.5480

[INFO 14:40:05] my_main Recent Stats | t_env:    1586000 | Episode:    15860
entropy_loss:              0.0017	ep_length_mean:          100.0000	episode_limit_mean:        1.0000	epsilon:                   0.0500
grad_norm:                19.4547	healthy_machine_fraction_mean:  0.1842	loss:                      0.4208	mi_loss:                   0.0028
q_taken_mean:              2.5788	return_mean:              63.3080	return_median:            63.6000	return_std:                6.0781
target_mean:               2.6100	td_error_abs:              0.4800	test_ep_length_mean:     100.0000	test_episode_limit_mean:   1.0000
test_healthy_machine_fraction_mean:  0.1444	test_return_mean:         70.1500	test_return_median:       70.2000	test_return_std:           6.5480

[INFO 14:40:57] my_main Recent Stats | t_env:    1588000 | Episode:    15880
entropy_loss:              0.0017	ep_length_mean:          100.0000	episode_limit_mean:        1.0000	epsilon:                   0.0500
grad_norm:                19.4547	healthy_machine_fraction_mean:  0.1842	loss:                      0.4208	mi_loss:                   0.0028
q_taken_mean:              2.5788	return_mean:              63.3080	return_median:            63.6000	return_std:                6.0781
target_mean:               2.6100	td_error_abs:              0.4800	test_ep_length_mean:     100.0000	test_episode_limit_mean:   1.0000
test_healthy_machine_fraction_mean:  0.1444	test_return_mean:         70.1500	test_return_median:       70.2000	test_return_std:           6.5480

[INFO 14:41:47] my_main Recent Stats | t_env:    1590000 | Episode:    15900
entropy_loss:              0.0017	ep_length_mean:          100.0000	episode_limit_mean:        1.0000	epsilon:                   0.0500
grad_norm:                19.4547	healthy_machine_fraction_mean:  0.1842	loss:                      0.4208	mi_loss:                   0.0028
q_taken_mean:              2.5788	return_mean:              63.3080	return_median:            63.6000	return_std:                6.0781
target_mean:               2.6100	td_error_abs:              0.4800	test_ep_length_mean:     100.0000	test_episode_limit_mean:   1.0000
test_healthy_machine_fraction_mean:  0.1444	test_return_mean:         70.1500	test_return_median:       70.2000	test_return_std:           6.5480

[INFO 14:41:50] my_main t_env: 1590100 / 2050000
[INFO 14:41:50] my_main Estimated time left: 3 hours, 43 minutes, 7 seconds. Time passed: 12 hours, 37 minutes, 40 seconds
[INFO 14:43:11] my_main Recent Stats | t_env:    1592000 | Episode:    15920
entropy_loss:              0.0017	ep_length_mean:          100.0000	episode_limit_mean:        1.0000	epsilon:                   0.0500
grad_norm:                19.4547	healthy_machine_fraction_mean:  0.1878	loss:                      0.4208	mi_loss:                   0.0028
q_taken_mean:              2.5788	return_mean:              62.9680	return_median:            63.2000	return_std:                6.0700
target_mean:               2.6100	td_error_abs:              0.4800	test_ep_length_mean:     100.0000	test_episode_limit_mean:   1.0000
test_healthy_machine_fraction_mean:  0.1538	test_return_mean:         69.8375	test_return_median:       70.0000	test_return_std:           6.7311

[INFO 14:44:03] my_main Recent Stats | t_env:    1594000 | Episode:    15940
entropy_loss:              0.0016	ep_length_mean:          100.0000	episode_limit_mean:        1.0000	epsilon:                   0.0500
grad_norm:                18.3777	healthy_machine_fraction_mean:  0.1878	loss:                      0.4169	mi_loss:                   0.0028
q_taken_mean:              2.5871	return_mean:              62.9680	return_median:            63.2000	return_std:                6.0700
target_mean:               2.6165	td_error_abs:              0.4768	test_ep_length_mean:     100.0000	test_episode_limit_mean:   1.0000
test_healthy_machine_fraction_mean:  0.1538	test_return_mean:         69.8375	test_return_median:       70.0000	test_return_std:           6.7311

[INFO 14:44:55] my_main Recent Stats | t_env:    1596000 | Episode:    15960
entropy_loss:              0.0016	ep_length_mean:          100.0000	episode_limit_mean:        1.0000	epsilon:                   0.0500
grad_norm:                18.3777	healthy_machine_fraction_mean:  0.1878	loss:                      0.4169	mi_loss:                   0.0028
q_taken_mean:              2.5871	return_mean:              62.9680	return_median:            63.2000	return_std:                6.0700
target_mean:               2.6165	td_error_abs:              0.4768	test_ep_length_mean:     100.0000	test_episode_limit_mean:   1.0000
test_healthy_machine_fraction_mean:  0.1538	test_return_mean:         69.8375	test_return_median:       70.0000	test_return_std:           6.7311

[INFO 14:45:47] my_main Recent Stats | t_env:    1598000 | Episode:    15980
entropy_loss:              0.0016	ep_length_mean:          100.0000	episode_limit_mean:        1.0000	epsilon:                   0.0500
grad_norm:                18.3777	healthy_machine_fraction_mean:  0.1878	loss:                      0.4169	mi_loss:                   0.0028
q_taken_mean:              2.5871	return_mean:              62.9680	return_median:            63.2000	return_std:                6.0700
target_mean:               2.6165	td_error_abs:              0.4768	test_ep_length_mean:     100.0000	test_episode_limit_mean:   1.0000
test_healthy_machine_fraction_mean:  0.1538	test_return_mean:         69.8375	test_return_median:       70.0000	test_return_std:           6.7311

[INFO 14:46:38] my_main Recent Stats | t_env:    1600000 | Episode:    16000
entropy_loss:              0.0016	ep_length_mean:          100.0000	episode_limit_mean:        1.0000	epsilon:                   0.0500
grad_norm:                18.3777	healthy_machine_fraction_mean:  0.1878	loss:                      0.4169	mi_loss:                   0.0028
q_taken_mean:              2.5871	return_mean:              62.9680	return_median:            63.2000	return_std:                6.0700
target_mean:               2.6165	td_error_abs:              0.4768	test_ep_length_mean:     100.0000	test_episode_limit_mean:   1.0000
test_healthy_machine_fraction_mean:  0.1538	test_return_mean:         69.8375	test_return_median:       70.0000	test_return_std:           6.7311

[INFO 14:46:40] my_main Updated target network
[INFO 14:46:40] my_main t_env: 1600100 / 2050000
[INFO 14:46:40] my_main Estimated time left: 3 hours, 37 minutes, 53 seconds. Time passed: 12 hours, 42 minutes, 31 seconds
[INFO 14:48:02] my_main Recent Stats | t_env:    1602000 | Episode:    16020
entropy_loss:              0.0016	ep_length_mean:          100.0000	episode_limit_mean:        1.0000	epsilon:                   0.0500
grad_norm:                18.3777	healthy_machine_fraction_mean:  0.1924	loss:                      0.4169	mi_loss:                   0.0028
q_taken_mean:              2.5871	return_mean:              63.2080	return_median:            63.6000	return_std:                6.0784
target_mean:               2.6165	td_error_abs:              0.4768	test_ep_length_mean:     100.0000	test_episode_limit_mean:   1.0000
test_healthy_machine_fraction_mean:  0.1706	test_return_mean:         70.5000	test_return_median:       70.6000	test_return_std:           6.4320

[INFO 14:48:54] my_main Recent Stats | t_env:    1604000 | Episode:    16040
entropy_loss:              0.0016	ep_length_mean:          100.0000	episode_limit_mean:        1.0000	epsilon:                   0.0500
grad_norm:                18.5200	healthy_machine_fraction_mean:  0.1924	loss:                      0.4200	mi_loss:                   0.0028
q_taken_mean:              2.5934	return_mean:              63.2080	return_median:            63.6000	return_std:                6.0784
target_mean:               2.6232	td_error_abs:              0.4787	test_ep_length_mean:     100.0000	test_episode_limit_mean:   1.0000
test_healthy_machine_fraction_mean:  0.1706	test_return_mean:         70.5000	test_return_median:       70.6000	test_return_std:           6.4320

[INFO 14:49:47] my_main Recent Stats | t_env:    1606000 | Episode:    16060
entropy_loss:              0.0016	ep_length_mean:          100.0000	episode_limit_mean:        1.0000	epsilon:                   0.0500
grad_norm:                18.5200	healthy_machine_fraction_mean:  0.1924	loss:                      0.4200	mi_loss:                   0.0028
q_taken_mean:              2.5934	return_mean:              63.2080	return_median:            63.6000	return_std:                6.0784
target_mean:               2.6232	td_error_abs:              0.4787	test_ep_length_mean:     100.0000	test_episode_limit_mean:   1.0000
test_healthy_machine_fraction_mean:  0.1706	test_return_mean:         70.5000	test_return_median:       70.6000	test_return_std:           6.4320

[INFO 14:50:39] my_main Recent Stats | t_env:    1608000 | Episode:    16080
entropy_loss:              0.0016	ep_length_mean:          100.0000	episode_limit_mean:        1.0000	epsilon:                   0.0500
grad_norm:                18.5200	healthy_machine_fraction_mean:  0.1924	loss:                      0.4200	mi_loss:                   0.0028
q_taken_mean:              2.5934	return_mean:              63.2080	return_median:            63.6000	return_std:                6.0784
target_mean:               2.6232	td_error_abs:              0.4787	test_ep_length_mean:     100.0000	test_episode_limit_mean:   1.0000
test_healthy_machine_fraction_mean:  0.1706	test_return_mean:         70.5000	test_return_median:       70.6000	test_return_std:           6.4320

[INFO 14:51:30] my_main Recent Stats | t_env:    1610000 | Episode:    16100
entropy_loss:              0.0016	ep_length_mean:          100.0000	episode_limit_mean:        1.0000	epsilon:                   0.0500
grad_norm:                18.5200	healthy_machine_fraction_mean:  0.1924	loss:                      0.4200	mi_loss:                   0.0028
q_taken_mean:              2.5934	return_mean:              63.2080	return_median:            63.6000	return_std:                6.0784
target_mean:               2.6232	td_error_abs:              0.4787	test_ep_length_mean:     100.0000	test_episode_limit_mean:   1.0000
test_healthy_machine_fraction_mean:  0.1706	test_return_mean:         70.5000	test_return_median:       70.6000	test_return_std:           6.4320

[INFO 14:51:33] my_main t_env: 1610100 / 2050000
[INFO 14:51:33] my_main Estimated time left: 3 hours, 34 minutes, 22 seconds. Time passed: 12 hours, 47 minutes, 23 seconds
[INFO 14:52:50] my_main Recent Stats | t_env:    1612000 | Episode:    16120
entropy_loss:              0.0016	ep_length_mean:          100.0000	episode_limit_mean:        1.0000	epsilon:                   0.0500
grad_norm:                18.5200	healthy_machine_fraction_mean:  0.2036	loss:                      0.4200	mi_loss:                   0.0028
q_taken_mean:              2.5934	return_mean:              63.4860	return_median:            64.0000	return_std:                6.1192
target_mean:               2.6232	td_error_abs:              0.4787	test_ep_length_mean:     100.0000	test_episode_limit_mean:   1.0000
test_healthy_machine_fraction_mean:  0.1781	test_return_mean:         71.8812	test_return_median:       71.8000	test_return_std:           6.3142

[INFO 14:53:41] my_main Recent Stats | t_env:    1614000 | Episode:    16140
entropy_loss:              0.0016	ep_length_mean:          100.0000	episode_limit_mean:        1.0000	epsilon:                   0.0500
grad_norm:                20.1851	healthy_machine_fraction_mean:  0.2036	loss:                      0.4405	mi_loss:                   0.0028
q_taken_mean:              2.5991	return_mean:              63.4860	return_median:            64.0000	return_std:                6.1192
target_mean:               2.6315	td_error_abs:              0.4913	test_ep_length_mean:     100.0000	test_episode_limit_mean:   1.0000
test_healthy_machine_fraction_mean:  0.1781	test_return_mean:         71.8812	test_return_median:       71.8000	test_return_std:           6.3142

[INFO 14:54:34] my_main Recent Stats | t_env:    1616000 | Episode:    16160
entropy_loss:              0.0016	ep_length_mean:          100.0000	episode_limit_mean:        1.0000	epsilon:                   0.0500
grad_norm:                20.1851	healthy_machine_fraction_mean:  0.2036	loss:                      0.4405	mi_loss:                   0.0028
q_taken_mean:              2.5991	return_mean:              63.4860	return_median:            64.0000	return_std:                6.1192
target_mean:               2.6315	td_error_abs:              0.4913	test_ep_length_mean:     100.0000	test_episode_limit_mean:   1.0000
test_healthy_machine_fraction_mean:  0.1781	test_return_mean:         71.8812	test_return_median:       71.8000	test_return_std:           6.3142

[INFO 14:55:26] my_main Recent Stats | t_env:    1618000 | Episode:    16180
entropy_loss:              0.0016	ep_length_mean:          100.0000	episode_limit_mean:        1.0000	epsilon:                   0.0500
grad_norm:                20.1851	healthy_machine_fraction_mean:  0.2036	loss:                      0.4405	mi_loss:                   0.0028
q_taken_mean:              2.5991	return_mean:              63.4860	return_median:            64.0000	return_std:                6.1192
target_mean:               2.6315	td_error_abs:              0.4913	test_ep_length_mean:     100.0000	test_episode_limit_mean:   1.0000
test_healthy_machine_fraction_mean:  0.1781	test_return_mean:         71.8812	test_return_median:       71.8000	test_return_std:           6.3142

[INFO 14:56:16] my_main Recent Stats | t_env:    1620000 | Episode:    16200
entropy_loss:              0.0016	ep_length_mean:          100.0000	episode_limit_mean:        1.0000	epsilon:                   0.0500
grad_norm:                20.1851	healthy_machine_fraction_mean:  0.2036	loss:                      0.4405	mi_loss:                   0.0028
q_taken_mean:              2.5991	return_mean:              63.4860	return_median:            64.0000	return_std:                6.1192
target_mean:               2.6315	td_error_abs:              0.4913	test_ep_length_mean:     100.0000	test_episode_limit_mean:   1.0000
test_healthy_machine_fraction_mean:  0.1781	test_return_mean:         71.8812	test_return_median:       71.8000	test_return_std:           6.3142

[INFO 14:56:18] my_main Updated target network
[INFO 14:56:18] my_main t_env: 1620100 / 2050000
[INFO 14:56:18] my_main Estimated time left: 3 hours, 24 minutes, 40 seconds. Time passed: 12 hours, 52 minutes, 9 seconds
[INFO 14:57:40] my_main Recent Stats | t_env:    1622000 | Episode:    16220
entropy_loss:              0.0016	ep_length_mean:          100.0000	episode_limit_mean:        1.0000	epsilon:                   0.0500
grad_norm:                20.1851	healthy_machine_fraction_mean:  0.2098	loss:                      0.4405	mi_loss:                   0.0028
q_taken_mean:              2.5991	return_mean:              64.0560	return_median:            64.6000	return_std:                6.1123
target_mean:               2.6315	td_error_abs:              0.4913	test_ep_length_mean:     100.0000	test_episode_limit_mean:   1.0000
test_healthy_machine_fraction_mean:  0.1937	test_return_mean:         72.3937	test_return_median:       72.4000	test_return_std:           6.3381

[INFO 14:58:32] my_main Recent Stats | t_env:    1624000 | Episode:    16240
entropy_loss:              0.0017	ep_length_mean:          100.0000	episode_limit_mean:        1.0000	epsilon:                   0.0500
grad_norm:                19.8917	healthy_machine_fraction_mean:  0.2098	loss:                      0.4274	mi_loss:                   0.0028
q_taken_mean:              2.6039	return_mean:              64.0560	return_median:            64.6000	return_std:                6.1123
target_mean:               2.6358	td_error_abs:              0.4850	test_ep_length_mean:     100.0000	test_episode_limit_mean:   1.0000
test_healthy_machine_fraction_mean:  0.1937	test_return_mean:         72.3937	test_return_median:       72.4000	test_return_std:           6.3381

[INFO 14:59:24] my_main Recent Stats | t_env:    1626000 | Episode:    16260
entropy_loss:              0.0017	ep_length_mean:          100.0000	episode_limit_mean:        1.0000	epsilon:                   0.0500
grad_norm:                19.8917	healthy_machine_fraction_mean:  0.2098	loss:                      0.4274	mi_loss:                   0.0028
q_taken_mean:              2.6039	return_mean:              64.0560	return_median:            64.6000	return_std:                6.1123
target_mean:               2.6358	td_error_abs:              0.4850	test_ep_length_mean:     100.0000	test_episode_limit_mean:   1.0000
test_healthy_machine_fraction_mean:  0.1937	test_return_mean:         72.3937	test_return_median:       72.4000	test_return_std:           6.3381

[INFO 15:00:16] my_main Recent Stats | t_env:    1628000 | Episode:    16280
entropy_loss:              0.0017	ep_length_mean:          100.0000	episode_limit_mean:        1.0000	epsilon:                   0.0500
grad_norm:                19.8917	healthy_machine_fraction_mean:  0.2098	loss:                      0.4274	mi_loss:                   0.0028
q_taken_mean:              2.6039	return_mean:              64.0560	return_median:            64.6000	return_std:                6.1123
target_mean:               2.6358	td_error_abs:              0.4850	test_ep_length_mean:     100.0000	test_episode_limit_mean:   1.0000
test_healthy_machine_fraction_mean:  0.1937	test_return_mean:         72.3937	test_return_median:       72.4000	test_return_std:           6.3381

[INFO 15:01:07] my_main Recent Stats | t_env:    1630000 | Episode:    16300
entropy_loss:              0.0017	ep_length_mean:          100.0000	episode_limit_mean:        1.0000	epsilon:                   0.0500
grad_norm:                19.8917	healthy_machine_fraction_mean:  0.2098	loss:                      0.4274	mi_loss:                   0.0028
q_taken_mean:              2.6039	return_mean:              64.0560	return_median:            64.6000	return_std:                6.1123
target_mean:               2.6358	td_error_abs:              0.4850	test_ep_length_mean:     100.0000	test_episode_limit_mean:   1.0000
test_healthy_machine_fraction_mean:  0.1937	test_return_mean:         72.3937	test_return_median:       72.4000	test_return_std:           6.3381

[INFO 15:01:10] my_main t_env: 1630100 / 2050000
[INFO 15:01:10] my_main Estimated time left: 3 hours, 23 minutes, 57 seconds. Time passed: 12 hours, 57 minutes, 0 seconds
[INFO 15:02:32] my_main Recent Stats | t_env:    1632000 | Episode:    16320
entropy_loss:              0.0017	ep_length_mean:          100.0000	episode_limit_mean:        1.0000	epsilon:                   0.0500
grad_norm:                19.8917	healthy_machine_fraction_mean:  0.2230	loss:                      0.4274	mi_loss:                   0.0028
q_taken_mean:              2.6039	return_mean:              64.3380	return_median:            65.0000	return_std:                6.2441
target_mean:               2.6358	td_error_abs:              0.4850	test_ep_length_mean:     100.0000	test_episode_limit_mean:   1.0000
test_healthy_machine_fraction_mean:  0.2062	test_return_mean:         72.6750	test_return_median:       72.4000	test_return_std:           6.3737

[INFO 15:03:24] my_main Recent Stats | t_env:    1634000 | Episode:    16340
entropy_loss:              0.0017	ep_length_mean:          100.0000	episode_limit_mean:        1.0000	epsilon:                   0.0500
grad_norm:                19.9444	healthy_machine_fraction_mean:  0.2230	loss:                      0.4253	mi_loss:                   0.0028
q_taken_mean:              2.6125	return_mean:              64.3380	return_median:            65.0000	return_std:                6.2441
target_mean:               2.6445	td_error_abs:              0.4839	test_ep_length_mean:     100.0000	test_episode_limit_mean:   1.0000
test_healthy_machine_fraction_mean:  0.2062	test_return_mean:         72.6750	test_return_median:       72.4000	test_return_std:           6.3737

[INFO 15:04:16] my_main Recent Stats | t_env:    1636000 | Episode:    16360
entropy_loss:              0.0017	ep_length_mean:          100.0000	episode_limit_mean:        1.0000	epsilon:                   0.0500
grad_norm:                19.9444	healthy_machine_fraction_mean:  0.2230	loss:                      0.4253	mi_loss:                   0.0028
q_taken_mean:              2.6125	return_mean:              64.3380	return_median:            65.0000	return_std:                6.2441
target_mean:               2.6445	td_error_abs:              0.4839	test_ep_length_mean:     100.0000	test_episode_limit_mean:   1.0000
test_healthy_machine_fraction_mean:  0.2062	test_return_mean:         72.6750	test_return_median:       72.4000	test_return_std:           6.3737

[INFO 15:05:08] my_main Recent Stats | t_env:    1638000 | Episode:    16380
entropy_loss:              0.0017	ep_length_mean:          100.0000	episode_limit_mean:        1.0000	epsilon:                   0.0500
grad_norm:                19.9444	healthy_machine_fraction_mean:  0.2230	loss:                      0.4253	mi_loss:                   0.0028
q_taken_mean:              2.6125	return_mean:              64.3380	return_median:            65.0000	return_std:                6.2441
target_mean:               2.6445	td_error_abs:              0.4839	test_ep_length_mean:     100.0000	test_episode_limit_mean:   1.0000
test_healthy_machine_fraction_mean:  0.2062	test_return_mean:         72.6750	test_return_median:       72.4000	test_return_std:           6.3737

[INFO 15:05:59] my_main Recent Stats | t_env:    1640000 | Episode:    16400
entropy_loss:              0.0017	ep_length_mean:          100.0000	episode_limit_mean:        1.0000	epsilon:                   0.0500
grad_norm:                19.9444	healthy_machine_fraction_mean:  0.2230	loss:                      0.4253	mi_loss:                   0.0028
q_taken_mean:              2.6125	return_mean:              64.3380	return_median:            65.0000	return_std:                6.2441
target_mean:               2.6445	td_error_abs:              0.4839	test_ep_length_mean:     100.0000	test_episode_limit_mean:   1.0000
test_healthy_machine_fraction_mean:  0.2062	test_return_mean:         72.6750	test_return_median:       72.4000	test_return_std:           6.3737

[INFO 15:06:01] my_main Updated target network
[INFO 15:06:01] my_main t_env: 1640100 / 2050000
[INFO 15:06:01] my_main Estimated time left: 3 hours, 19 minutes, 9 seconds. Time passed: 13 hours, 1 minutes, 52 seconds
[INFO 15:07:24] my_main Recent Stats | t_env:    1642000 | Episode:    16420
entropy_loss:              0.0017	ep_length_mean:          100.0000	episode_limit_mean:        1.0000	epsilon:                   0.0500
grad_norm:                19.9444	healthy_machine_fraction_mean:  0.2248	loss:                      0.4253	mi_loss:                   0.0028
q_taken_mean:              2.6125	return_mean:              64.8380	return_median:            65.6000	return_std:                6.0913
target_mean:               2.6445	td_error_abs:              0.4839	test_ep_length_mean:     100.0000	test_episode_limit_mean:   1.0000
test_healthy_machine_fraction_mean:  0.2094	test_return_mean:         72.7938	test_return_median:       72.4000	test_return_std:           6.2488

[INFO 15:08:16] my_main Recent Stats | t_env:    1644000 | Episode:    16440
entropy_loss:              0.0017	ep_length_mean:          100.0000	episode_limit_mean:        1.0000	epsilon:                   0.0500
grad_norm:                19.4616	healthy_machine_fraction_mean:  0.2248	loss:                      0.4220	mi_loss:                   0.0027
q_taken_mean:              2.6201	return_mean:              64.8380	return_median:            65.6000	return_std:                6.0913
target_mean:               2.6513	td_error_abs:              0.4815	test_ep_length_mean:     100.0000	test_episode_limit_mean:   1.0000
test_healthy_machine_fraction_mean:  0.2094	test_return_mean:         72.7938	test_return_median:       72.4000	test_return_std:           6.2488

[INFO 15:09:09] my_main Recent Stats | t_env:    1646000 | Episode:    16460
entropy_loss:              0.0017	ep_length_mean:          100.0000	episode_limit_mean:        1.0000	epsilon:                   0.0500
grad_norm:                19.4616	healthy_machine_fraction_mean:  0.2248	loss:                      0.4220	mi_loss:                   0.0027
q_taken_mean:              2.6201	return_mean:              64.8380	return_median:            65.6000	return_std:                6.0913
target_mean:               2.6513	td_error_abs:              0.4815	test_ep_length_mean:     100.0000	test_episode_limit_mean:   1.0000
test_healthy_machine_fraction_mean:  0.2094	test_return_mean:         72.7938	test_return_median:       72.4000	test_return_std:           6.2488

[INFO 15:10:00] my_main Recent Stats | t_env:    1648000 | Episode:    16480
entropy_loss:              0.0017	ep_length_mean:          100.0000	episode_limit_mean:        1.0000	epsilon:                   0.0500
grad_norm:                19.4616	healthy_machine_fraction_mean:  0.2248	loss:                      0.4220	mi_loss:                   0.0027
q_taken_mean:              2.6201	return_mean:              64.8380	return_median:            65.6000	return_std:                6.0913
target_mean:               2.6513	td_error_abs:              0.4815	test_ep_length_mean:     100.0000	test_episode_limit_mean:   1.0000
test_healthy_machine_fraction_mean:  0.2094	test_return_mean:         72.7938	test_return_median:       72.4000	test_return_std:           6.2488

[INFO 15:10:51] my_main Recent Stats | t_env:    1650000 | Episode:    16500
entropy_loss:              0.0017	ep_length_mean:          100.0000	episode_limit_mean:        1.0000	epsilon:                   0.0500
grad_norm:                19.4616	healthy_machine_fraction_mean:  0.2248	loss:                      0.4220	mi_loss:                   0.0027
q_taken_mean:              2.6201	return_mean:              64.8380	return_median:            65.6000	return_std:                6.0913
target_mean:               2.6513	td_error_abs:              0.4815	test_ep_length_mean:     100.0000	test_episode_limit_mean:   1.0000
test_healthy_machine_fraction_mean:  0.2094	test_return_mean:         72.7938	test_return_median:       72.4000	test_return_std:           6.2488

[INFO 15:10:53] my_main t_env: 1650100 / 2050000
[INFO 15:10:53] my_main Estimated time left: 3 hours, 14 minutes, 33 seconds. Time passed: 13 hours, 6 minutes, 43 seconds
[INFO 15:12:15] my_main Recent Stats | t_env:    1652000 | Episode:    16520
entropy_loss:              0.0017	ep_length_mean:          100.0000	episode_limit_mean:        1.0000	epsilon:                   0.0500
grad_norm:                19.4616	healthy_machine_fraction_mean:  0.2396	loss:                      0.4220	mi_loss:                   0.0027
q_taken_mean:              2.6201	return_mean:              65.3700	return_median:            66.1000	return_std:                6.2563
target_mean:               2.6513	td_error_abs:              0.4815	test_ep_length_mean:     100.0000	test_episode_limit_mean:   1.0000
test_healthy_machine_fraction_mean:  0.2056	test_return_mean:         72.9437	test_return_median:       72.6000	test_return_std:           6.1143

[INFO 15:13:07] my_main Recent Stats | t_env:    1654000 | Episode:    16540
entropy_loss:              0.0018	ep_length_mean:          100.0000	episode_limit_mean:        1.0000	epsilon:                   0.0500
grad_norm:                19.3968	healthy_machine_fraction_mean:  0.2396	loss:                      0.4191	mi_loss:                   0.0027
q_taken_mean:              2.6287	return_mean:              65.3700	return_median:            66.1000	return_std:                6.2563
target_mean:               2.6598	td_error_abs:              0.4804	test_ep_length_mean:     100.0000	test_episode_limit_mean:   1.0000
test_healthy_machine_fraction_mean:  0.2056	test_return_mean:         72.9437	test_return_median:       72.6000	test_return_std:           6.1143

[INFO 15:13:59] my_main Recent Stats | t_env:    1656000 | Episode:    16560
entropy_loss:              0.0018	ep_length_mean:          100.0000	episode_limit_mean:        1.0000	epsilon:                   0.0500
grad_norm:                19.3968	healthy_machine_fraction_mean:  0.2396	loss:                      0.4191	mi_loss:                   0.0027
q_taken_mean:              2.6287	return_mean:              65.3700	return_median:            66.1000	return_std:                6.2563
target_mean:               2.6598	td_error_abs:              0.4804	test_ep_length_mean:     100.0000	test_episode_limit_mean:   1.0000
test_healthy_machine_fraction_mean:  0.2056	test_return_mean:         72.9437	test_return_median:       72.6000	test_return_std:           6.1143

[INFO 15:14:51] my_main Recent Stats | t_env:    1658000 | Episode:    16580
entropy_loss:              0.0018	ep_length_mean:          100.0000	episode_limit_mean:        1.0000	epsilon:                   0.0500
grad_norm:                19.3968	healthy_machine_fraction_mean:  0.2396	loss:                      0.4191	mi_loss:                   0.0027
q_taken_mean:              2.6287	return_mean:              65.3700	return_median:            66.1000	return_std:                6.2563
target_mean:               2.6598	td_error_abs:              0.4804	test_ep_length_mean:     100.0000	test_episode_limit_mean:   1.0000
test_healthy_machine_fraction_mean:  0.2056	test_return_mean:         72.9437	test_return_median:       72.6000	test_return_std:           6.1143

[INFO 15:15:41] my_main Recent Stats | t_env:    1660000 | Episode:    16600
entropy_loss:              0.0018	ep_length_mean:          100.0000	episode_limit_mean:        1.0000	epsilon:                   0.0500
grad_norm:                19.3968	healthy_machine_fraction_mean:  0.2396	loss:                      0.4191	mi_loss:                   0.0027
q_taken_mean:              2.6287	return_mean:              65.3700	return_median:            66.1000	return_std:                6.2563
target_mean:               2.6598	td_error_abs:              0.4804	test_ep_length_mean:     100.0000	test_episode_limit_mean:   1.0000
test_healthy_machine_fraction_mean:  0.2056	test_return_mean:         72.9437	test_return_median:       72.6000	test_return_std:           6.1143

[INFO 15:15:44] my_main Updated target network
[INFO 15:15:44] my_main t_env: 1660100 / 2050000
[INFO 15:15:44] my_main Estimated time left: 3 hours, 8 minutes, 52 seconds. Time passed: 13 hours, 11 minutes, 34 seconds
[INFO 15:17:06] my_main Recent Stats | t_env:    1662000 | Episode:    16620
entropy_loss:              0.0018	ep_length_mean:          100.0000	episode_limit_mean:        1.0000	epsilon:                   0.0500
grad_norm:                19.3968	healthy_machine_fraction_mean:  0.2470	loss:                      0.4191	mi_loss:                   0.0027
q_taken_mean:              2.6287	return_mean:              65.8500	return_median:            66.3000	return_std:                6.1514
target_mean:               2.6598	td_error_abs:              0.4804	test_ep_length_mean:     100.0000	test_episode_limit_mean:   1.0000
test_healthy_machine_fraction_mean:  0.2069	test_return_mean:         72.7313	test_return_median:       72.5000	test_return_std:           6.1544

[INFO 15:17:58] my_main Recent Stats | t_env:    1664000 | Episode:    16640
entropy_loss:              0.0017	ep_length_mean:          100.0000	episode_limit_mean:        1.0000	epsilon:                   0.0500
grad_norm:                18.0969	healthy_machine_fraction_mean:  0.2470	loss:                      0.3967	mi_loss:                   0.0027
q_taken_mean:              2.6376	return_mean:              65.8500	return_median:            66.3000	return_std:                6.1514
target_mean:               2.6667	td_error_abs:              0.4677	test_ep_length_mean:     100.0000	test_episode_limit_mean:   1.0000
test_healthy_machine_fraction_mean:  0.2069	test_return_mean:         72.7313	test_return_median:       72.5000	test_return_std:           6.1544

[INFO 15:18:50] my_main Recent Stats | t_env:    1666000 | Episode:    16660
entropy_loss:              0.0017	ep_length_mean:          100.0000	episode_limit_mean:        1.0000	epsilon:                   0.0500
grad_norm:                18.0969	healthy_machine_fraction_mean:  0.2470	loss:                      0.3967	mi_loss:                   0.0027
q_taken_mean:              2.6376	return_mean:              65.8500	return_median:            66.3000	return_std:                6.1514
target_mean:               2.6667	td_error_abs:              0.4677	test_ep_length_mean:     100.0000	test_episode_limit_mean:   1.0000
test_healthy_machine_fraction_mean:  0.2069	test_return_mean:         72.7313	test_return_median:       72.5000	test_return_std:           6.1544

[INFO 15:19:43] my_main Recent Stats | t_env:    1668000 | Episode:    16680
entropy_loss:              0.0017	ep_length_mean:          100.0000	episode_limit_mean:        1.0000	epsilon:                   0.0500
grad_norm:                18.0969	healthy_machine_fraction_mean:  0.2470	loss:                      0.3967	mi_loss:                   0.0027
q_taken_mean:              2.6376	return_mean:              65.8500	return_median:            66.3000	return_std:                6.1514
target_mean:               2.6667	td_error_abs:              0.4677	test_ep_length_mean:     100.0000	test_episode_limit_mean:   1.0000
test_healthy_machine_fraction_mean:  0.2069	test_return_mean:         72.7313	test_return_median:       72.5000	test_return_std:           6.1544

[INFO 15:20:32] my_main Recent Stats | t_env:    1670000 | Episode:    16700
entropy_loss:              0.0017	ep_length_mean:          100.0000	episode_limit_mean:        1.0000	epsilon:                   0.0500
grad_norm:                18.0969	healthy_machine_fraction_mean:  0.2470	loss:                      0.3967	mi_loss:                   0.0027
q_taken_mean:              2.6376	return_mean:              65.8500	return_median:            66.3000	return_std:                6.1514
target_mean:               2.6667	td_error_abs:              0.4677	test_ep_length_mean:     100.0000	test_episode_limit_mean:   1.0000
test_healthy_machine_fraction_mean:  0.2069	test_return_mean:         72.7313	test_return_median:       72.5000	test_return_std:           6.1544

[INFO 15:20:35] my_main t_env: 1670100 / 2050000
[INFO 15:20:35] my_main Estimated time left: 3 hours, 4 minutes, 6 seconds. Time passed: 13 hours, 16 minutes, 25 seconds
[INFO 15:21:56] my_main Recent Stats | t_env:    1672000 | Episode:    16720
entropy_loss:              0.0017	ep_length_mean:          100.0000	episode_limit_mean:        1.0000	epsilon:                   0.0500
grad_norm:                18.0969	healthy_machine_fraction_mean:  0.2538	loss:                      0.3967	mi_loss:                   0.0027
q_taken_mean:              2.6376	return_mean:              65.6140	return_median:            66.1000	return_std:                6.2279
target_mean:               2.6667	td_error_abs:              0.4677	test_ep_length_mean:     100.0000	test_episode_limit_mean:   1.0000
test_healthy_machine_fraction_mean:  0.2081	test_return_mean:         72.5687	test_return_median:       71.9000	test_return_std:           6.2266

[INFO 15:22:48] my_main Recent Stats | t_env:    1674000 | Episode:    16740
entropy_loss:              0.0017	ep_length_mean:          100.0000	episode_limit_mean:        1.0000	epsilon:                   0.0500
grad_norm:                17.9762	healthy_machine_fraction_mean:  0.2538	loss:                      0.3947	mi_loss:                   0.0027
q_taken_mean:              2.6468	return_mean:              65.6140	return_median:            66.1000	return_std:                6.2279
target_mean:               2.6758	td_error_abs:              0.4675	test_ep_length_mean:     100.0000	test_episode_limit_mean:   1.0000
test_healthy_machine_fraction_mean:  0.2081	test_return_mean:         72.5687	test_return_median:       71.9000	test_return_std:           6.2266

[INFO 15:23:41] my_main Recent Stats | t_env:    1676000 | Episode:    16760
entropy_loss:              0.0017	ep_length_mean:          100.0000	episode_limit_mean:        1.0000	epsilon:                   0.0500
grad_norm:                17.9762	healthy_machine_fraction_mean:  0.2538	loss:                      0.3947	mi_loss:                   0.0027
q_taken_mean:              2.6468	return_mean:              65.6140	return_median:            66.1000	return_std:                6.2279
target_mean:               2.6758	td_error_abs:              0.4675	test_ep_length_mean:     100.0000	test_episode_limit_mean:   1.0000
test_healthy_machine_fraction_mean:  0.2081	test_return_mean:         72.5687	test_return_median:       71.9000	test_return_std:           6.2266

[INFO 15:24:33] my_main Recent Stats | t_env:    1678000 | Episode:    16780
entropy_loss:              0.0017	ep_length_mean:          100.0000	episode_limit_mean:        1.0000	epsilon:                   0.0500
grad_norm:                17.9762	healthy_machine_fraction_mean:  0.2538	loss:                      0.3947	mi_loss:                   0.0027
q_taken_mean:              2.6468	return_mean:              65.6140	return_median:            66.1000	return_std:                6.2279
target_mean:               2.6758	td_error_abs:              0.4675	test_ep_length_mean:     100.0000	test_episode_limit_mean:   1.0000
test_healthy_machine_fraction_mean:  0.2081	test_return_mean:         72.5687	test_return_median:       71.9000	test_return_std:           6.2266

[INFO 15:25:23] my_main Recent Stats | t_env:    1680000 | Episode:    16800
entropy_loss:              0.0017	ep_length_mean:          100.0000	episode_limit_mean:        1.0000	epsilon:                   0.0500
grad_norm:                17.9762	healthy_machine_fraction_mean:  0.2538	loss:                      0.3947	mi_loss:                   0.0027
q_taken_mean:              2.6468	return_mean:              65.6140	return_median:            66.1000	return_std:                6.2279
target_mean:               2.6758	td_error_abs:              0.4675	test_ep_length_mean:     100.0000	test_episode_limit_mean:   1.0000
test_healthy_machine_fraction_mean:  0.2081	test_return_mean:         72.5687	test_return_median:       71.9000	test_return_std:           6.2266

[INFO 15:25:25] my_main Updated target network
[INFO 15:25:26] my_main t_env: 1680100 / 2050000
[INFO 15:25:26] my_main Estimated time left: 2 hours, 59 minutes, 19 seconds. Time passed: 13 hours, 21 minutes, 16 seconds
[INFO 15:26:48] my_main Recent Stats | t_env:    1682000 | Episode:    16820
entropy_loss:              0.0017	ep_length_mean:          100.0000	episode_limit_mean:        1.0000	epsilon:                   0.0500
grad_norm:                17.9762	healthy_machine_fraction_mean:  0.2588	loss:                      0.3947	mi_loss:                   0.0027
q_taken_mean:              2.6468	return_mean:              65.6400	return_median:            65.9000	return_std:                6.1042
target_mean:               2.6758	td_error_abs:              0.4675	test_ep_length_mean:     100.0000	test_episode_limit_mean:   1.0000
test_healthy_machine_fraction_mean:  0.2138	test_return_mean:         72.2500	test_return_median:       71.6000	test_return_std:           5.8550

[INFO 15:27:40] my_main Recent Stats | t_env:    1684000 | Episode:    16840
entropy_loss:              0.0017	ep_length_mean:          100.0000	episode_limit_mean:        1.0000	epsilon:                   0.0500
grad_norm:                18.0637	healthy_machine_fraction_mean:  0.2588	loss:                      0.3981	mi_loss:                   0.0027
q_taken_mean:              2.6548	return_mean:              65.6400	return_median:            65.9000	return_std:                6.1042
target_mean:               2.6840	td_error_abs:              0.4695	test_ep_length_mean:     100.0000	test_episode_limit_mean:   1.0000
test_healthy_machine_fraction_mean:  0.2138	test_return_mean:         72.2500	test_return_median:       71.6000	test_return_std:           5.8550

[INFO 15:28:31] my_main Recent Stats | t_env:    1686000 | Episode:    16860
entropy_loss:              0.0017	ep_length_mean:          100.0000	episode_limit_mean:        1.0000	epsilon:                   0.0500
grad_norm:                18.0637	healthy_machine_fraction_mean:  0.2588	loss:                      0.3981	mi_loss:                   0.0027
q_taken_mean:              2.6548	return_mean:              65.6400	return_median:            65.9000	return_std:                6.1042
target_mean:               2.6840	td_error_abs:              0.4695	test_ep_length_mean:     100.0000	test_episode_limit_mean:   1.0000
test_healthy_machine_fraction_mean:  0.2138	test_return_mean:         72.2500	test_return_median:       71.6000	test_return_std:           5.8550

[INFO 15:29:21] my_main Recent Stats | t_env:    1688000 | Episode:    16880
entropy_loss:              0.0017	ep_length_mean:          100.0000	episode_limit_mean:        1.0000	epsilon:                   0.0500
grad_norm:                18.0637	healthy_machine_fraction_mean:  0.2588	loss:                      0.3981	mi_loss:                   0.0027
q_taken_mean:              2.6548	return_mean:              65.6400	return_median:            65.9000	return_std:                6.1042
target_mean:               2.6840	td_error_abs:              0.4695	test_ep_length_mean:     100.0000	test_episode_limit_mean:   1.0000
test_healthy_machine_fraction_mean:  0.2138	test_return_mean:         72.2500	test_return_median:       71.6000	test_return_std:           5.8550

[INFO 15:30:11] my_main Recent Stats | t_env:    1690000 | Episode:    16900
entropy_loss:              0.0017	ep_length_mean:          100.0000	episode_limit_mean:        1.0000	epsilon:                   0.0500
grad_norm:                18.0637	healthy_machine_fraction_mean:  0.2588	loss:                      0.3981	mi_loss:                   0.0027
q_taken_mean:              2.6548	return_mean:              65.6400	return_median:            65.9000	return_std:                6.1042
target_mean:               2.6840	td_error_abs:              0.4695	test_ep_length_mean:     100.0000	test_episode_limit_mean:   1.0000
test_healthy_machine_fraction_mean:  0.2138	test_return_mean:         72.2500	test_return_median:       71.6000	test_return_std:           5.8550

[INFO 15:30:13] my_main t_env: 1690100 / 2050000
[INFO 15:30:13] my_main Estimated time left: 2 hours, 52 minutes, 30 seconds. Time passed: 13 hours, 26 minutes, 3 seconds
[INFO 15:31:34] my_main Recent Stats | t_env:    1692000 | Episode:    16920
entropy_loss:              0.0017	ep_length_mean:          100.0000	episode_limit_mean:        1.0000	epsilon:                   0.0500
grad_norm:                18.0637	healthy_machine_fraction_mean:  0.2544	loss:                      0.3981	mi_loss:                   0.0027
q_taken_mean:              2.6548	return_mean:              65.5260	return_median:            65.7000	return_std:                6.2721
target_mean:               2.6840	td_error_abs:              0.4695	test_ep_length_mean:     100.0000	test_episode_limit_mean:   1.0000
test_healthy_machine_fraction_mean:  0.2100	test_return_mean:         72.2250	test_return_median:       71.7000	test_return_std:           6.0098

[INFO 15:32:27] my_main Recent Stats | t_env:    1694000 | Episode:    16940
entropy_loss:              0.0017	ep_length_mean:          100.0000	episode_limit_mean:        1.0000	epsilon:                   0.0500
grad_norm:                18.9726	healthy_machine_fraction_mean:  0.2544	loss:                      0.4084	mi_loss:                   0.0027
q_taken_mean:              2.6634	return_mean:              65.5260	return_median:            65.7000	return_std:                6.2721
target_mean:               2.6942	td_error_abs:              0.4750	test_ep_length_mean:     100.0000	test_episode_limit_mean:   1.0000
test_healthy_machine_fraction_mean:  0.2100	test_return_mean:         72.2250	test_return_median:       71.7000	test_return_std:           6.0098

[INFO 15:33:19] my_main Recent Stats | t_env:    1696000 | Episode:    16960
entropy_loss:              0.0017	ep_length_mean:          100.0000	episode_limit_mean:        1.0000	epsilon:                   0.0500
grad_norm:                18.9726	healthy_machine_fraction_mean:  0.2544	loss:                      0.4084	mi_loss:                   0.0027
q_taken_mean:              2.6634	return_mean:              65.5260	return_median:            65.7000	return_std:                6.2721
target_mean:               2.6942	td_error_abs:              0.4750	test_ep_length_mean:     100.0000	test_episode_limit_mean:   1.0000
test_healthy_machine_fraction_mean:  0.2100	test_return_mean:         72.2250	test_return_median:       71.7000	test_return_std:           6.0098

[INFO 15:34:11] my_main Recent Stats | t_env:    1698000 | Episode:    16980
entropy_loss:              0.0017	ep_length_mean:          100.0000	episode_limit_mean:        1.0000	epsilon:                   0.0500
grad_norm:                18.9726	healthy_machine_fraction_mean:  0.2544	loss:                      0.4084	mi_loss:                   0.0027
q_taken_mean:              2.6634	return_mean:              65.5260	return_median:            65.7000	return_std:                6.2721
target_mean:               2.6942	td_error_abs:              0.4750	test_ep_length_mean:     100.0000	test_episode_limit_mean:   1.0000
test_healthy_machine_fraction_mean:  0.2100	test_return_mean:         72.2250	test_return_median:       71.7000	test_return_std:           6.0098

[INFO 15:35:02] my_main Recent Stats | t_env:    1700000 | Episode:    17000
entropy_loss:              0.0017	ep_length_mean:          100.0000	episode_limit_mean:        1.0000	epsilon:                   0.0500
grad_norm:                18.9726	healthy_machine_fraction_mean:  0.2544	loss:                      0.4084	mi_loss:                   0.0027
q_taken_mean:              2.6634	return_mean:              65.5260	return_median:            65.7000	return_std:                6.2721
target_mean:               2.6942	td_error_abs:              0.4750	test_ep_length_mean:     100.0000	test_episode_limit_mean:   1.0000
test_healthy_machine_fraction_mean:  0.2100	test_return_mean:         72.2250	test_return_median:       71.7000	test_return_std:           6.0098

[INFO 15:35:04] my_main Updated target network
[INFO 15:35:04] my_main t_env: 1700100 / 2050000
[INFO 15:35:04] my_main Estimated time left: 2 hours, 49 minutes, 55 seconds. Time passed: 13 hours, 30 minutes, 55 seconds
[INFO 15:36:26] my_main Recent Stats | t_env:    1702000 | Episode:    17020
entropy_loss:              0.0017	ep_length_mean:          100.0000	episode_limit_mean:        1.0000	epsilon:                   0.0500
grad_norm:                18.9726	healthy_machine_fraction_mean:  0.2434	loss:                      0.4084	mi_loss:                   0.0027
q_taken_mean:              2.6634	return_mean:              65.3140	return_median:            65.6000	return_std:                6.2016
target_mean:               2.6942	td_error_abs:              0.4750	test_ep_length_mean:     100.0000	test_episode_limit_mean:   1.0000
test_healthy_machine_fraction_mean:  0.2062	test_return_mean:         72.4562	test_return_median:       71.9000	test_return_std:           5.7795

[INFO 15:37:18] my_main Recent Stats | t_env:    1704000 | Episode:    17040
entropy_loss:              0.0017	ep_length_mean:          100.0000	episode_limit_mean:        1.0000	epsilon:                   0.0500
grad_norm:                18.7924	healthy_machine_fraction_mean:  0.2434	loss:                      0.4092	mi_loss:                   0.0027
q_taken_mean:              2.6718	return_mean:              65.3140	return_median:            65.6000	return_std:                6.2016
target_mean:               2.7023	td_error_abs:              0.4755	test_ep_length_mean:     100.0000	test_episode_limit_mean:   1.0000
test_healthy_machine_fraction_mean:  0.2062	test_return_mean:         72.4562	test_return_median:       71.9000	test_return_std:           5.7795

[INFO 15:38:09] my_main Recent Stats | t_env:    1706000 | Episode:    17060
entropy_loss:              0.0017	ep_length_mean:          100.0000	episode_limit_mean:        1.0000	epsilon:                   0.0500
grad_norm:                18.7924	healthy_machine_fraction_mean:  0.2434	loss:                      0.4092	mi_loss:                   0.0027
q_taken_mean:              2.6718	return_mean:              65.3140	return_median:            65.6000	return_std:                6.2016
target_mean:               2.7023	td_error_abs:              0.4755	test_ep_length_mean:     100.0000	test_episode_limit_mean:   1.0000
test_healthy_machine_fraction_mean:  0.2062	test_return_mean:         72.4562	test_return_median:       71.9000	test_return_std:           5.7795

[INFO 15:39:01] my_main Recent Stats | t_env:    1708000 | Episode:    17080
entropy_loss:              0.0017	ep_length_mean:          100.0000	episode_limit_mean:        1.0000	epsilon:                   0.0500
grad_norm:                18.7924	healthy_machine_fraction_mean:  0.2434	loss:                      0.4092	mi_loss:                   0.0027
q_taken_mean:              2.6718	return_mean:              65.3140	return_median:            65.6000	return_std:                6.2016
target_mean:               2.7023	td_error_abs:              0.4755	test_ep_length_mean:     100.0000	test_episode_limit_mean:   1.0000
test_healthy_machine_fraction_mean:  0.2062	test_return_mean:         72.4562	test_return_median:       71.9000	test_return_std:           5.7795

[INFO 15:39:52] my_main Recent Stats | t_env:    1710000 | Episode:    17100
entropy_loss:              0.0017	ep_length_mean:          100.0000	episode_limit_mean:        1.0000	epsilon:                   0.0500
grad_norm:                18.7924	healthy_machine_fraction_mean:  0.2434	loss:                      0.4092	mi_loss:                   0.0027
q_taken_mean:              2.6718	return_mean:              65.3140	return_median:            65.6000	return_std:                6.2016
target_mean:               2.7023	td_error_abs:              0.4755	test_ep_length_mean:     100.0000	test_episode_limit_mean:   1.0000
test_healthy_machine_fraction_mean:  0.2062	test_return_mean:         72.4562	test_return_median:       71.9000	test_return_std:           5.7795

[INFO 15:39:54] my_main t_env: 1710100 / 2050000
[INFO 15:39:54] my_main Estimated time left: 2 hours, 43 minutes, 59 seconds. Time passed: 13 hours, 35 minutes, 44 seconds
[INFO 15:41:16] my_main Recent Stats | t_env:    1712000 | Episode:    17120
entropy_loss:              0.0017	ep_length_mean:          100.0000	episode_limit_mean:        1.0000	epsilon:                   0.0500
grad_norm:                18.7924	healthy_machine_fraction_mean:  0.2354	loss:                      0.4092	mi_loss:                   0.0027
q_taken_mean:              2.6718	return_mean:              64.8700	return_median:            65.0000	return_std:                6.2867
target_mean:               2.7023	td_error_abs:              0.4755	test_ep_length_mean:     100.0000	test_episode_limit_mean:   1.0000
test_healthy_machine_fraction_mean:  0.2025	test_return_mean:         72.0750	test_return_median:       71.3000	test_return_std:           5.8631

[INFO 15:42:08] my_main Recent Stats | t_env:    1714000 | Episode:    17140
entropy_loss:              0.0017	ep_length_mean:          100.0000	episode_limit_mean:        1.0000	epsilon:                   0.0500
grad_norm:                19.3201	healthy_machine_fraction_mean:  0.2354	loss:                      0.4187	mi_loss:                   0.0027
q_taken_mean:              2.6782	return_mean:              64.8700	return_median:            65.0000	return_std:                6.2867
target_mean:               2.7096	td_error_abs:              0.4812	test_ep_length_mean:     100.0000	test_episode_limit_mean:   1.0000
test_healthy_machine_fraction_mean:  0.2025	test_return_mean:         72.0750	test_return_median:       71.3000	test_return_std:           5.8631

[INFO 15:43:00] my_main Recent Stats | t_env:    1716000 | Episode:    17160
entropy_loss:              0.0017	ep_length_mean:          100.0000	episode_limit_mean:        1.0000	epsilon:                   0.0500
grad_norm:                19.3201	healthy_machine_fraction_mean:  0.2354	loss:                      0.4187	mi_loss:                   0.0027
q_taken_mean:              2.6782	return_mean:              64.8700	return_median:            65.0000	return_std:                6.2867
target_mean:               2.7096	td_error_abs:              0.4812	test_ep_length_mean:     100.0000	test_episode_limit_mean:   1.0000
test_healthy_machine_fraction_mean:  0.2025	test_return_mean:         72.0750	test_return_median:       71.3000	test_return_std:           5.8631

[INFO 15:43:53] my_main Recent Stats | t_env:    1718000 | Episode:    17180
entropy_loss:              0.0017	ep_length_mean:          100.0000	episode_limit_mean:        1.0000	epsilon:                   0.0500
grad_norm:                19.3201	healthy_machine_fraction_mean:  0.2354	loss:                      0.4187	mi_loss:                   0.0027
q_taken_mean:              2.6782	return_mean:              64.8700	return_median:            65.0000	return_std:                6.2867
target_mean:               2.7096	td_error_abs:              0.4812	test_ep_length_mean:     100.0000	test_episode_limit_mean:   1.0000
test_healthy_machine_fraction_mean:  0.2025	test_return_mean:         72.0750	test_return_median:       71.3000	test_return_std:           5.8631

[INFO 15:44:43] my_main Recent Stats | t_env:    1720000 | Episode:    17200
entropy_loss:              0.0017	ep_length_mean:          100.0000	episode_limit_mean:        1.0000	epsilon:                   0.0500
grad_norm:                19.3201	healthy_machine_fraction_mean:  0.2354	loss:                      0.4187	mi_loss:                   0.0027
q_taken_mean:              2.6782	return_mean:              64.8700	return_median:            65.0000	return_std:                6.2867
target_mean:               2.7096	td_error_abs:              0.4812	test_ep_length_mean:     100.0000	test_episode_limit_mean:   1.0000
test_healthy_machine_fraction_mean:  0.2025	test_return_mean:         72.0750	test_return_median:       71.3000	test_return_std:           5.8631

[INFO 15:44:46] my_main Updated target network
[INFO 15:44:46] my_main t_env: 1720100 / 2050000
[INFO 15:44:46] my_main Estimated time left: 2 hours, 40 minutes, 27 seconds. Time passed: 13 hours, 40 minutes, 36 seconds
[INFO 15:46:07] my_main Recent Stats | t_env:    1722000 | Episode:    17220
entropy_loss:              0.0017	ep_length_mean:          100.0000	episode_limit_mean:        1.0000	epsilon:                   0.0500
grad_norm:                19.3201	healthy_machine_fraction_mean:  0.2252	loss:                      0.4187	mi_loss:                   0.0027
q_taken_mean:              2.6782	return_mean:              65.0820	return_median:            65.1000	return_std:                6.2489
target_mean:               2.7096	td_error_abs:              0.4812	test_ep_length_mean:     100.0000	test_episode_limit_mean:   1.0000
test_healthy_machine_fraction_mean:  0.1950	test_return_mean:         72.2125	test_return_median:       71.6000	test_return_std:           5.6786

[INFO 15:46:59] my_main Recent Stats | t_env:    1724000 | Episode:    17240
entropy_loss:              0.0017	ep_length_mean:          100.0000	episode_limit_mean:        1.0000	epsilon:                   0.0500
grad_norm:                19.9254	healthy_machine_fraction_mean:  0.2252	loss:                      0.4415	mi_loss:                   0.0027
q_taken_mean:              2.6856	return_mean:              65.0820	return_median:            65.1000	return_std:                6.2489
target_mean:               2.7181	td_error_abs:              0.4914	test_ep_length_mean:     100.0000	test_episode_limit_mean:   1.0000
test_healthy_machine_fraction_mean:  0.1950	test_return_mean:         72.2125	test_return_median:       71.6000	test_return_std:           5.6786

[INFO 15:47:51] my_main Recent Stats | t_env:    1726000 | Episode:    17260
entropy_loss:              0.0017	ep_length_mean:          100.0000	episode_limit_mean:        1.0000	epsilon:                   0.0500
grad_norm:                19.9254	healthy_machine_fraction_mean:  0.2252	loss:                      0.4415	mi_loss:                   0.0027
q_taken_mean:              2.6856	return_mean:              65.0820	return_median:            65.1000	return_std:                6.2489
target_mean:               2.7181	td_error_abs:              0.4914	test_ep_length_mean:     100.0000	test_episode_limit_mean:   1.0000
test_healthy_machine_fraction_mean:  0.1950	test_return_mean:         72.2125	test_return_median:       71.6000	test_return_std:           5.6786

[INFO 15:48:42] my_main Recent Stats | t_env:    1728000 | Episode:    17280
entropy_loss:              0.0017	ep_length_mean:          100.0000	episode_limit_mean:        1.0000	epsilon:                   0.0500
grad_norm:                19.9254	healthy_machine_fraction_mean:  0.2252	loss:                      0.4415	mi_loss:                   0.0027
q_taken_mean:              2.6856	return_mean:              65.0820	return_median:            65.1000	return_std:                6.2489
target_mean:               2.7181	td_error_abs:              0.4914	test_ep_length_mean:     100.0000	test_episode_limit_mean:   1.0000
test_healthy_machine_fraction_mean:  0.1950	test_return_mean:         72.2125	test_return_median:       71.6000	test_return_std:           5.6786

[INFO 15:49:33] my_main Recent Stats | t_env:    1730000 | Episode:    17300
entropy_loss:              0.0017	ep_length_mean:          100.0000	episode_limit_mean:        1.0000	epsilon:                   0.0500
grad_norm:                19.9254	healthy_machine_fraction_mean:  0.2252	loss:                      0.4415	mi_loss:                   0.0027
q_taken_mean:              2.6856	return_mean:              65.0820	return_median:            65.1000	return_std:                6.2489
target_mean:               2.7181	td_error_abs:              0.4914	test_ep_length_mean:     100.0000	test_episode_limit_mean:   1.0000
test_healthy_machine_fraction_mean:  0.1950	test_return_mean:         72.2125	test_return_median:       71.6000	test_return_std:           5.6786

[INFO 15:49:36] my_main t_env: 1730100 / 2050000
[INFO 15:49:36] my_main Estimated time left: 2 hours, 34 minutes, 42 seconds. Time passed: 13 hours, 45 minutes, 26 seconds
[INFO 15:50:58] my_main Recent Stats | t_env:    1732000 | Episode:    17320
entropy_loss:              0.0017	ep_length_mean:          100.0000	episode_limit_mean:        1.0000	epsilon:                   0.0500
grad_norm:                19.9254	healthy_machine_fraction_mean:  0.2126	loss:                      0.4415	mi_loss:                   0.0027
q_taken_mean:              2.6856	return_mean:              65.0080	return_median:            64.9000	return_std:                6.5130
target_mean:               2.7181	td_error_abs:              0.4914	test_ep_length_mean:     100.0000	test_episode_limit_mean:   1.0000
test_healthy_machine_fraction_mean:  0.1875	test_return_mean:         72.4313	test_return_median:       71.9000	test_return_std:           5.9377

[INFO 15:51:50] my_main Recent Stats | t_env:    1734000 | Episode:    17340
entropy_loss:              0.0017	ep_length_mean:          100.0000	episode_limit_mean:        1.0000	epsilon:                   0.0500
grad_norm:                19.8102	healthy_machine_fraction_mean:  0.2126	loss:                      0.4454	mi_loss:                   0.0027
q_taken_mean:              2.6870	return_mean:              65.0080	return_median:            64.9000	return_std:                6.5130
target_mean:               2.7195	td_error_abs:              0.4916	test_ep_length_mean:     100.0000	test_episode_limit_mean:   1.0000
test_healthy_machine_fraction_mean:  0.1875	test_return_mean:         72.4313	test_return_median:       71.9000	test_return_std:           5.9377

[INFO 15:52:42] my_main Recent Stats | t_env:    1736000 | Episode:    17360
entropy_loss:              0.0017	ep_length_mean:          100.0000	episode_limit_mean:        1.0000	epsilon:                   0.0500
grad_norm:                19.8102	healthy_machine_fraction_mean:  0.2126	loss:                      0.4454	mi_loss:                   0.0027
q_taken_mean:              2.6870	return_mean:              65.0080	return_median:            64.9000	return_std:                6.5130
target_mean:               2.7195	td_error_abs:              0.4916	test_ep_length_mean:     100.0000	test_episode_limit_mean:   1.0000
test_healthy_machine_fraction_mean:  0.1875	test_return_mean:         72.4313	test_return_median:       71.9000	test_return_std:           5.9377

[INFO 15:53:34] my_main Recent Stats | t_env:    1738000 | Episode:    17380
entropy_loss:              0.0017	ep_length_mean:          100.0000	episode_limit_mean:        1.0000	epsilon:                   0.0500
grad_norm:                19.8102	healthy_machine_fraction_mean:  0.2126	loss:                      0.4454	mi_loss:                   0.0027
q_taken_mean:              2.6870	return_mean:              65.0080	return_median:            64.9000	return_std:                6.5130
target_mean:               2.7195	td_error_abs:              0.4916	test_ep_length_mean:     100.0000	test_episode_limit_mean:   1.0000
test_healthy_machine_fraction_mean:  0.1875	test_return_mean:         72.4313	test_return_median:       71.9000	test_return_std:           5.9377

[INFO 15:54:24] my_main Recent Stats | t_env:    1740000 | Episode:    17400
entropy_loss:              0.0017	ep_length_mean:          100.0000	episode_limit_mean:        1.0000	epsilon:                   0.0500
grad_norm:                19.8102	healthy_machine_fraction_mean:  0.2126	loss:                      0.4454	mi_loss:                   0.0027
q_taken_mean:              2.6870	return_mean:              65.0080	return_median:            64.9000	return_std:                6.5130
target_mean:               2.7195	td_error_abs:              0.4916	test_ep_length_mean:     100.0000	test_episode_limit_mean:   1.0000
test_healthy_machine_fraction_mean:  0.1875	test_return_mean:         72.4313	test_return_median:       71.9000	test_return_std:           5.9377

[INFO 15:54:26] my_main Updated target network
[INFO 15:54:26] my_main t_env: 1740100 / 2050000
[INFO 15:54:26] my_main Estimated time left: 2 hours, 30 minutes, 1 seconds. Time passed: 13 hours, 50 minutes, 17 seconds
[INFO 15:55:47] my_main Recent Stats | t_env:    1742000 | Episode:    17420
entropy_loss:              0.0017	ep_length_mean:          100.0000	episode_limit_mean:        1.0000	epsilon:                   0.0500
grad_norm:                19.8102	healthy_machine_fraction_mean:  0.2040	loss:                      0.4454	mi_loss:                   0.0027
q_taken_mean:              2.6870	return_mean:              64.9160	return_median:            64.9000	return_std:                6.4943
target_mean:               2.7195	td_error_abs:              0.4916	test_ep_length_mean:     100.0000	test_episode_limit_mean:   1.0000
test_healthy_machine_fraction_mean:  0.1937	test_return_mean:         72.4188	test_return_median:       72.2000	test_return_std:           5.7253

[INFO 15:56:39] my_main Recent Stats | t_env:    1744000 | Episode:    17440
entropy_loss:              0.0017	ep_length_mean:          100.0000	episode_limit_mean:        1.0000	epsilon:                   0.0500
grad_norm:                19.7112	healthy_machine_fraction_mean:  0.2040	loss:                      0.4401	mi_loss:                   0.0026
q_taken_mean:              2.6952	return_mean:              64.9160	return_median:            64.9000	return_std:                6.4943
target_mean:               2.7274	td_error_abs:              0.4863	test_ep_length_mean:     100.0000	test_episode_limit_mean:   1.0000
test_healthy_machine_fraction_mean:  0.1937	test_return_mean:         72.4188	test_return_median:       72.2000	test_return_std:           5.7253

[INFO 15:57:31] my_main Recent Stats | t_env:    1746000 | Episode:    17460
entropy_loss:              0.0017	ep_length_mean:          100.0000	episode_limit_mean:        1.0000	epsilon:                   0.0500
grad_norm:                19.7112	healthy_machine_fraction_mean:  0.2040	loss:                      0.4401	mi_loss:                   0.0026
q_taken_mean:              2.6952	return_mean:              64.9160	return_median:            64.9000	return_std:                6.4943
target_mean:               2.7274	td_error_abs:              0.4863	test_ep_length_mean:     100.0000	test_episode_limit_mean:   1.0000
test_healthy_machine_fraction_mean:  0.1937	test_return_mean:         72.4188	test_return_median:       72.2000	test_return_std:           5.7253

[INFO 15:58:23] my_main Recent Stats | t_env:    1748000 | Episode:    17480
entropy_loss:              0.0017	ep_length_mean:          100.0000	episode_limit_mean:        1.0000	epsilon:                   0.0500
grad_norm:                19.7112	healthy_machine_fraction_mean:  0.2040	loss:                      0.4401	mi_loss:                   0.0026
q_taken_mean:              2.6952	return_mean:              64.9160	return_median:            64.9000	return_std:                6.4943
target_mean:               2.7274	td_error_abs:              0.4863	test_ep_length_mean:     100.0000	test_episode_limit_mean:   1.0000
test_healthy_machine_fraction_mean:  0.1937	test_return_mean:         72.4188	test_return_median:       72.2000	test_return_std:           5.7253

[INFO 15:59:13] my_main Recent Stats | t_env:    1750000 | Episode:    17500
entropy_loss:              0.0017	ep_length_mean:          100.0000	episode_limit_mean:        1.0000	epsilon:                   0.0500
grad_norm:                19.7112	healthy_machine_fraction_mean:  0.2040	loss:                      0.4401	mi_loss:                   0.0026
q_taken_mean:              2.6952	return_mean:              64.9160	return_median:            64.9000	return_std:                6.4943
target_mean:               2.7274	td_error_abs:              0.4863	test_ep_length_mean:     100.0000	test_episode_limit_mean:   1.0000
test_healthy_machine_fraction_mean:  0.1937	test_return_mean:         72.4188	test_return_median:       72.2000	test_return_std:           5.7253

[INFO 15:59:16] my_main t_env: 1750100 / 2050000
[INFO 15:59:16] my_main Estimated time left: 2 hours, 24 minutes, 42 seconds. Time passed: 13 hours, 55 minutes, 6 seconds
[INFO 16:00:38] my_main Recent Stats | t_env:    1752000 | Episode:    17520
entropy_loss:              0.0017	ep_length_mean:          100.0000	episode_limit_mean:        1.0000	epsilon:                   0.0500
grad_norm:                19.7112	healthy_machine_fraction_mean:  0.2108	loss:                      0.4401	mi_loss:                   0.0026
q_taken_mean:              2.6952	return_mean:              65.0320	return_median:            64.7000	return_std:                6.5123
target_mean:               2.7274	td_error_abs:              0.4863	test_ep_length_mean:     100.0000	test_episode_limit_mean:   1.0000
test_healthy_machine_fraction_mean:  0.1900	test_return_mean:         71.9875	test_return_median:       72.0000	test_return_std:           6.1547

[INFO 16:01:29] my_main Recent Stats | t_env:    1754000 | Episode:    17540
entropy_loss:              0.0017	ep_length_mean:          100.0000	episode_limit_mean:        1.0000	epsilon:                   0.0500
grad_norm:                19.9388	healthy_machine_fraction_mean:  0.2108	loss:                      0.4362	mi_loss:                   0.0026
q_taken_mean:              2.6990	return_mean:              65.0320	return_median:            64.7000	return_std:                6.5123
target_mean:               2.7316	td_error_abs:              0.4832	test_ep_length_mean:     100.0000	test_episode_limit_mean:   1.0000
test_healthy_machine_fraction_mean:  0.1900	test_return_mean:         71.9875	test_return_median:       72.0000	test_return_std:           6.1547

[INFO 16:02:22] my_main Recent Stats | t_env:    1756000 | Episode:    17560
entropy_loss:              0.0017	ep_length_mean:          100.0000	episode_limit_mean:        1.0000	epsilon:                   0.0500
grad_norm:                19.9388	healthy_machine_fraction_mean:  0.2108	loss:                      0.4362	mi_loss:                   0.0026
q_taken_mean:              2.6990	return_mean:              65.0320	return_median:            64.7000	return_std:                6.5123
target_mean:               2.7316	td_error_abs:              0.4832	test_ep_length_mean:     100.0000	test_episode_limit_mean:   1.0000
test_healthy_machine_fraction_mean:  0.1900	test_return_mean:         71.9875	test_return_median:       72.0000	test_return_std:           6.1547

[INFO 16:03:14] my_main Recent Stats | t_env:    1758000 | Episode:    17580
entropy_loss:              0.0017	ep_length_mean:          100.0000	episode_limit_mean:        1.0000	epsilon:                   0.0500
grad_norm:                19.9388	healthy_machine_fraction_mean:  0.2108	loss:                      0.4362	mi_loss:                   0.0026
q_taken_mean:              2.6990	return_mean:              65.0320	return_median:            64.7000	return_std:                6.5123
target_mean:               2.7316	td_error_abs:              0.4832	test_ep_length_mean:     100.0000	test_episode_limit_mean:   1.0000
test_healthy_machine_fraction_mean:  0.1900	test_return_mean:         71.9875	test_return_median:       72.0000	test_return_std:           6.1547

[INFO 16:04:05] my_main Recent Stats | t_env:    1760000 | Episode:    17600
entropy_loss:              0.0017	ep_length_mean:          100.0000	episode_limit_mean:        1.0000	epsilon:                   0.0500
grad_norm:                19.9388	healthy_machine_fraction_mean:  0.2108	loss:                      0.4362	mi_loss:                   0.0026
q_taken_mean:              2.6990	return_mean:              65.0320	return_median:            64.7000	return_std:                6.5123
target_mean:               2.7316	td_error_abs:              0.4832	test_ep_length_mean:     100.0000	test_episode_limit_mean:   1.0000
test_healthy_machine_fraction_mean:  0.1900	test_return_mean:         71.9875	test_return_median:       72.0000	test_return_std:           6.1547

[INFO 16:04:07] my_main Updated target network
[INFO 16:04:07] my_main t_env: 1760100 / 2050000
[INFO 16:04:07] my_main Estimated time left: 2 hours, 20 minutes, 35 seconds. Time passed: 13 hours, 59 minutes, 57 seconds
[INFO 16:05:25] my_main Recent Stats | t_env:    1762000 | Episode:    17620
entropy_loss:              0.0017	ep_length_mean:          100.0000	episode_limit_mean:        1.0000	epsilon:                   0.0500
grad_norm:                19.9388	healthy_machine_fraction_mean:  0.2084	loss:                      0.4362	mi_loss:                   0.0026
q_taken_mean:              2.6990	return_mean:              64.9960	return_median:            64.7000	return_std:                6.6558
target_mean:               2.7316	td_error_abs:              0.4832	test_ep_length_mean:     100.0000	test_episode_limit_mean:   1.0000
test_healthy_machine_fraction_mean:  0.1994	test_return_mean:         72.4688	test_return_median:       72.6000	test_return_std:           5.9973

[INFO 16:06:15] my_main Recent Stats | t_env:    1764000 | Episode:    17640
entropy_loss:              0.0017	ep_length_mean:          100.0000	episode_limit_mean:        1.0000	epsilon:                   0.0500
grad_norm:                20.3107	healthy_machine_fraction_mean:  0.2084	loss:                      0.4382	mi_loss:                   0.0026
q_taken_mean:              2.7086	return_mean:              64.9960	return_median:            64.7000	return_std:                6.6558
target_mean:               2.7418	td_error_abs:              0.4830	test_ep_length_mean:     100.0000	test_episode_limit_mean:   1.0000
test_healthy_machine_fraction_mean:  0.1994	test_return_mean:         72.4688	test_return_median:       72.6000	test_return_std:           5.9973

[INFO 16:07:07] my_main Recent Stats | t_env:    1766000 | Episode:    17660
entropy_loss:              0.0017	ep_length_mean:          100.0000	episode_limit_mean:        1.0000	epsilon:                   0.0500
grad_norm:                20.3107	healthy_machine_fraction_mean:  0.2084	loss:                      0.4382	mi_loss:                   0.0026
q_taken_mean:              2.7086	return_mean:              64.9960	return_median:            64.7000	return_std:                6.6558
target_mean:               2.7418	td_error_abs:              0.4830	test_ep_length_mean:     100.0000	test_episode_limit_mean:   1.0000
test_healthy_machine_fraction_mean:  0.1994	test_return_mean:         72.4688	test_return_median:       72.6000	test_return_std:           5.9973

[INFO 16:07:59] my_main Recent Stats | t_env:    1768000 | Episode:    17680
entropy_loss:              0.0017	ep_length_mean:          100.0000	episode_limit_mean:        1.0000	epsilon:                   0.0500
grad_norm:                20.3107	healthy_machine_fraction_mean:  0.2084	loss:                      0.4382	mi_loss:                   0.0026
q_taken_mean:              2.7086	return_mean:              64.9960	return_median:            64.7000	return_std:                6.6558
target_mean:               2.7418	td_error_abs:              0.4830	test_ep_length_mean:     100.0000	test_episode_limit_mean:   1.0000
test_healthy_machine_fraction_mean:  0.1994	test_return_mean:         72.4688	test_return_median:       72.6000	test_return_std:           5.9973

[INFO 16:08:51] my_main Recent Stats | t_env:    1770000 | Episode:    17700
entropy_loss:              0.0017	ep_length_mean:          100.0000	episode_limit_mean:        1.0000	epsilon:                   0.0500
grad_norm:                20.3107	healthy_machine_fraction_mean:  0.2084	loss:                      0.4382	mi_loss:                   0.0026
q_taken_mean:              2.7086	return_mean:              64.9960	return_median:            64.7000	return_std:                6.6558
target_mean:               2.7418	td_error_abs:              0.4830	test_ep_length_mean:     100.0000	test_episode_limit_mean:   1.0000
test_healthy_machine_fraction_mean:  0.1994	test_return_mean:         72.4688	test_return_median:       72.6000	test_return_std:           5.9973

[INFO 16:08:53] my_main t_env: 1770100 / 2050000
[INFO 16:08:53] my_main Estimated time left: 2 hours, 13 minutes, 27 seconds. Time passed: 14 hours, 4 minutes, 43 seconds
[INFO 16:10:15] my_main Recent Stats | t_env:    1772000 | Episode:    17720
entropy_loss:              0.0017	ep_length_mean:          100.0000	episode_limit_mean:        1.0000	epsilon:                   0.0500
grad_norm:                20.3107	healthy_machine_fraction_mean:  0.2172	loss:                      0.4382	mi_loss:                   0.0026
q_taken_mean:              2.7086	return_mean:              65.2060	return_median:            65.0000	return_std:                6.6975
target_mean:               2.7418	td_error_abs:              0.4830	test_ep_length_mean:     100.0000	test_episode_limit_mean:   1.0000
test_healthy_machine_fraction_mean:  0.1981	test_return_mean:         72.2062	test_return_median:       72.3000	test_return_std:           6.0891

[INFO 16:11:07] my_main Recent Stats | t_env:    1774000 | Episode:    17740
entropy_loss:              0.0017	ep_length_mean:          100.0000	episode_limit_mean:        1.0000	epsilon:                   0.0500
grad_norm:                20.2395	healthy_machine_fraction_mean:  0.2172	loss:                      0.4253	mi_loss:                   0.0026
q_taken_mean:              2.7089	return_mean:              65.2060	return_median:            65.0000	return_std:                6.6975
target_mean:               2.7418	td_error_abs:              0.4774	test_ep_length_mean:     100.0000	test_episode_limit_mean:   1.0000
test_healthy_machine_fraction_mean:  0.1981	test_return_mean:         72.2062	test_return_median:       72.3000	test_return_std:           6.0891

[INFO 16:11:59] my_main Recent Stats | t_env:    1776000 | Episode:    17760
entropy_loss:              0.0017	ep_length_mean:          100.0000	episode_limit_mean:        1.0000	epsilon:                   0.0500
grad_norm:                20.2395	healthy_machine_fraction_mean:  0.2172	loss:                      0.4253	mi_loss:                   0.0026
q_taken_mean:              2.7089	return_mean:              65.2060	return_median:            65.0000	return_std:                6.6975
target_mean:               2.7418	td_error_abs:              0.4774	test_ep_length_mean:     100.0000	test_episode_limit_mean:   1.0000
test_healthy_machine_fraction_mean:  0.1981	test_return_mean:         72.2062	test_return_median:       72.3000	test_return_std:           6.0891

[INFO 16:12:51] my_main Recent Stats | t_env:    1778000 | Episode:    17780
entropy_loss:              0.0017	ep_length_mean:          100.0000	episode_limit_mean:        1.0000	epsilon:                   0.0500
grad_norm:                20.2395	healthy_machine_fraction_mean:  0.2172	loss:                      0.4253	mi_loss:                   0.0026
q_taken_mean:              2.7089	return_mean:              65.2060	return_median:            65.0000	return_std:                6.6975
target_mean:               2.7418	td_error_abs:              0.4774	test_ep_length_mean:     100.0000	test_episode_limit_mean:   1.0000
test_healthy_machine_fraction_mean:  0.1981	test_return_mean:         72.2062	test_return_median:       72.3000	test_return_std:           6.0891

[INFO 16:13:42] my_main Recent Stats | t_env:    1780000 | Episode:    17800
entropy_loss:              0.0017	ep_length_mean:          100.0000	episode_limit_mean:        1.0000	epsilon:                   0.0500
grad_norm:                20.2395	healthy_machine_fraction_mean:  0.2172	loss:                      0.4253	mi_loss:                   0.0026
q_taken_mean:              2.7089	return_mean:              65.2060	return_median:            65.0000	return_std:                6.6975
target_mean:               2.7418	td_error_abs:              0.4774	test_ep_length_mean:     100.0000	test_episode_limit_mean:   1.0000
test_healthy_machine_fraction_mean:  0.1981	test_return_mean:         72.2062	test_return_median:       72.3000	test_return_std:           6.0891

[INFO 16:13:44] my_main Updated target network
[INFO 16:13:44] my_main t_env: 1780100 / 2050000
[INFO 16:13:44] my_main Estimated time left: 2 hours, 10 minutes, 59 seconds. Time passed: 14 hours, 9 minutes, 34 seconds
[INFO 16:15:06] my_main Recent Stats | t_env:    1782000 | Episode:    17820
entropy_loss:              0.0017	ep_length_mean:          100.0000	episode_limit_mean:        1.0000	epsilon:                   0.0500
grad_norm:                20.2395	healthy_machine_fraction_mean:  0.2314	loss:                      0.4253	mi_loss:                   0.0026
q_taken_mean:              2.7089	return_mean:              65.3080	return_median:            65.4000	return_std:                6.5348
target_mean:               2.7418	td_error_abs:              0.4774	test_ep_length_mean:     100.0000	test_episode_limit_mean:   1.0000
test_healthy_machine_fraction_mean:  0.2144	test_return_mean:         72.0000	test_return_median:       72.1000	test_return_std:           6.0484

[INFO 16:15:58] my_main Recent Stats | t_env:    1784000 | Episode:    17840
entropy_loss:              0.0017	ep_length_mean:          100.0000	episode_limit_mean:        1.0000	epsilon:                   0.0500
grad_norm:                20.2661	healthy_machine_fraction_mean:  0.2314	loss:                      0.4215	mi_loss:                   0.0026
q_taken_mean:              2.7197	return_mean:              65.3080	return_median:            65.4000	return_std:                6.5348
target_mean:               2.7525	td_error_abs:              0.4757	test_ep_length_mean:     100.0000	test_episode_limit_mean:   1.0000
test_healthy_machine_fraction_mean:  0.2144	test_return_mean:         72.0000	test_return_median:       72.1000	test_return_std:           6.0484

[INFO 16:16:50] my_main Recent Stats | t_env:    1786000 | Episode:    17860
entropy_loss:              0.0017	ep_length_mean:          100.0000	episode_limit_mean:        1.0000	epsilon:                   0.0500
grad_norm:                20.2661	healthy_machine_fraction_mean:  0.2314	loss:                      0.4215	mi_loss:                   0.0026
q_taken_mean:              2.7197	return_mean:              65.3080	return_median:            65.4000	return_std:                6.5348
target_mean:               2.7525	td_error_abs:              0.4757	test_ep_length_mean:     100.0000	test_episode_limit_mean:   1.0000
test_healthy_machine_fraction_mean:  0.2144	test_return_mean:         72.0000	test_return_median:       72.1000	test_return_std:           6.0484

[INFO 16:17:43] my_main Recent Stats | t_env:    1788000 | Episode:    17880
entropy_loss:              0.0017	ep_length_mean:          100.0000	episode_limit_mean:        1.0000	epsilon:                   0.0500
grad_norm:                20.2661	healthy_machine_fraction_mean:  0.2314	loss:                      0.4215	mi_loss:                   0.0026
q_taken_mean:              2.7197	return_mean:              65.3080	return_median:            65.4000	return_std:                6.5348
target_mean:               2.7525	td_error_abs:              0.4757	test_ep_length_mean:     100.0000	test_episode_limit_mean:   1.0000
test_healthy_machine_fraction_mean:  0.2144	test_return_mean:         72.0000	test_return_median:       72.1000	test_return_std:           6.0484

[INFO 16:18:33] my_main Recent Stats | t_env:    1790000 | Episode:    17900
entropy_loss:              0.0017	ep_length_mean:          100.0000	episode_limit_mean:        1.0000	epsilon:                   0.0500
grad_norm:                20.2661	healthy_machine_fraction_mean:  0.2314	loss:                      0.4215	mi_loss:                   0.0026
q_taken_mean:              2.7197	return_mean:              65.3080	return_median:            65.4000	return_std:                6.5348
target_mean:               2.7525	td_error_abs:              0.4757	test_ep_length_mean:     100.0000	test_episode_limit_mean:   1.0000
test_healthy_machine_fraction_mean:  0.2144	test_return_mean:         72.0000	test_return_median:       72.1000	test_return_std:           6.0484

[INFO 16:18:36] my_main t_env: 1790100 / 2050000
[INFO 16:18:36] my_main Estimated time left: 2 hours, 6 minutes, 16 seconds. Time passed: 14 hours, 14 minutes, 26 seconds
[INFO 16:19:58] my_main Recent Stats | t_env:    1792000 | Episode:    17920
entropy_loss:              0.0017	ep_length_mean:          100.0000	episode_limit_mean:        1.0000	epsilon:                   0.0500
grad_norm:                20.2661	healthy_machine_fraction_mean:  0.2490	loss:                      0.4215	mi_loss:                   0.0026
q_taken_mean:              2.7197	return_mean:              65.5940	return_median:            65.4000	return_std:                6.6259
target_mean:               2.7525	td_error_abs:              0.4757	test_ep_length_mean:     100.0000	test_episode_limit_mean:   1.0000
test_healthy_machine_fraction_mean:  0.2162	test_return_mean:         72.0563	test_return_median:       72.1000	test_return_std:           6.1253

[INFO 16:20:50] my_main Recent Stats | t_env:    1794000 | Episode:    17940
entropy_loss:              0.0017	ep_length_mean:          100.0000	episode_limit_mean:        1.0000	epsilon:                   0.0500
grad_norm:                20.2937	healthy_machine_fraction_mean:  0.2490	loss:                      0.4241	mi_loss:                   0.0026
q_taken_mean:              2.7214	return_mean:              65.5940	return_median:            65.4000	return_std:                6.6259
target_mean:               2.7542	td_error_abs:              0.4777	test_ep_length_mean:     100.0000	test_episode_limit_mean:   1.0000
test_healthy_machine_fraction_mean:  0.2162	test_return_mean:         72.0563	test_return_median:       72.1000	test_return_std:           6.1253

[INFO 16:21:42] my_main Recent Stats | t_env:    1796000 | Episode:    17960
entropy_loss:              0.0017	ep_length_mean:          100.0000	episode_limit_mean:        1.0000	epsilon:                   0.0500
grad_norm:                20.2937	healthy_machine_fraction_mean:  0.2490	loss:                      0.4241	mi_loss:                   0.0026
q_taken_mean:              2.7214	return_mean:              65.5940	return_median:            65.4000	return_std:                6.6259
target_mean:               2.7542	td_error_abs:              0.4777	test_ep_length_mean:     100.0000	test_episode_limit_mean:   1.0000
test_healthy_machine_fraction_mean:  0.2162	test_return_mean:         72.0563	test_return_median:       72.1000	test_return_std:           6.1253

[INFO 16:22:34] my_main Recent Stats | t_env:    1798000 | Episode:    17980
entropy_loss:              0.0017	ep_length_mean:          100.0000	episode_limit_mean:        1.0000	epsilon:                   0.0500
grad_norm:                20.2937	healthy_machine_fraction_mean:  0.2490	loss:                      0.4241	mi_loss:                   0.0026
q_taken_mean:              2.7214	return_mean:              65.5940	return_median:            65.4000	return_std:                6.6259
target_mean:               2.7542	td_error_abs:              0.4777	test_ep_length_mean:     100.0000	test_episode_limit_mean:   1.0000
test_healthy_machine_fraction_mean:  0.2162	test_return_mean:         72.0563	test_return_median:       72.1000	test_return_std:           6.1253

[INFO 16:23:25] my_main Recent Stats | t_env:    1800000 | Episode:    18000
entropy_loss:              0.0017	ep_length_mean:          100.0000	episode_limit_mean:        1.0000	epsilon:                   0.0500
grad_norm:                20.2937	healthy_machine_fraction_mean:  0.2490	loss:                      0.4241	mi_loss:                   0.0026
q_taken_mean:              2.7214	return_mean:              65.5940	return_median:            65.4000	return_std:                6.6259
target_mean:               2.7542	td_error_abs:              0.4777	test_ep_length_mean:     100.0000	test_episode_limit_mean:   1.0000
test_healthy_machine_fraction_mean:  0.2162	test_return_mean:         72.0563	test_return_median:       72.1000	test_return_std:           6.1253

[INFO 16:23:27] my_main Updated target network
[INFO 16:23:27] my_main t_env: 1800100 / 2050000
[INFO 16:23:27] my_main Estimated time left: 2 hours, 1 minutes, 18 seconds. Time passed: 14 hours, 19 minutes, 17 seconds
[INFO 16:24:48] my_main Recent Stats | t_env:    1802000 | Episode:    18020
entropy_loss:              0.0017	ep_length_mean:          100.0000	episode_limit_mean:        1.0000	epsilon:                   0.0500
grad_norm:                20.2937	healthy_machine_fraction_mean:  0.2518	loss:                      0.4241	mi_loss:                   0.0026
q_taken_mean:              2.7214	return_mean:              65.5600	return_median:            65.6000	return_std:                6.5398
target_mean:               2.7542	td_error_abs:              0.4777	test_ep_length_mean:     100.0000	test_episode_limit_mean:   1.0000
test_healthy_machine_fraction_mean:  0.2156	test_return_mean:         72.4500	test_return_median:       72.1000	test_return_std:           5.6385

[INFO 16:25:40] my_main Recent Stats | t_env:    1804000 | Episode:    18040
entropy_loss:              0.0017	ep_length_mean:          100.0000	episode_limit_mean:        1.0000	epsilon:                   0.0500
grad_norm:                19.5465	healthy_machine_fraction_mean:  0.2518	loss:                      0.4175	mi_loss:                   0.0026
q_taken_mean:              2.7342	return_mean:              65.5600	return_median:            65.6000	return_std:                6.5398
target_mean:               2.7658	td_error_abs:              0.4727	test_ep_length_mean:     100.0000	test_episode_limit_mean:   1.0000
test_healthy_machine_fraction_mean:  0.2156	test_return_mean:         72.4500	test_return_median:       72.1000	test_return_std:           5.6385

[INFO 16:26:32] my_main Recent Stats | t_env:    1806000 | Episode:    18060
entropy_loss:              0.0017	ep_length_mean:          100.0000	episode_limit_mean:        1.0000	epsilon:                   0.0500
grad_norm:                19.5465	healthy_machine_fraction_mean:  0.2518	loss:                      0.4175	mi_loss:                   0.0026
q_taken_mean:              2.7342	return_mean:              65.5600	return_median:            65.6000	return_std:                6.5398
target_mean:               2.7658	td_error_abs:              0.4727	test_ep_length_mean:     100.0000	test_episode_limit_mean:   1.0000
test_healthy_machine_fraction_mean:  0.2156	test_return_mean:         72.4500	test_return_median:       72.1000	test_return_std:           5.6385

[INFO 16:27:24] my_main Recent Stats | t_env:    1808000 | Episode:    18080
entropy_loss:              0.0017	ep_length_mean:          100.0000	episode_limit_mean:        1.0000	epsilon:                   0.0500
grad_norm:                19.5465	healthy_machine_fraction_mean:  0.2518	loss:                      0.4175	mi_loss:                   0.0026
q_taken_mean:              2.7342	return_mean:              65.5600	return_median:            65.6000	return_std:                6.5398
target_mean:               2.7658	td_error_abs:              0.4727	test_ep_length_mean:     100.0000	test_episode_limit_mean:   1.0000
test_healthy_machine_fraction_mean:  0.2156	test_return_mean:         72.4500	test_return_median:       72.1000	test_return_std:           5.6385

[INFO 16:28:14] my_main Recent Stats | t_env:    1810000 | Episode:    18100
entropy_loss:              0.0017	ep_length_mean:          100.0000	episode_limit_mean:        1.0000	epsilon:                   0.0500
grad_norm:                19.5465	healthy_machine_fraction_mean:  0.2518	loss:                      0.4175	mi_loss:                   0.0026
q_taken_mean:              2.7342	return_mean:              65.5600	return_median:            65.6000	return_std:                6.5398
target_mean:               2.7658	td_error_abs:              0.4727	test_ep_length_mean:     100.0000	test_episode_limit_mean:   1.0000
test_healthy_machine_fraction_mean:  0.2156	test_return_mean:         72.4500	test_return_median:       72.1000	test_return_std:           5.6385

[INFO 16:28:16] my_main t_env: 1810100 / 2050000
[INFO 16:28:16] my_main Estimated time left: 1 hours, 55 minutes, 43 seconds. Time passed: 14 hours, 24 minutes, 7 seconds
[INFO 16:29:38] my_main Recent Stats | t_env:    1812000 | Episode:    18120
entropy_loss:              0.0017	ep_length_mean:          100.0000	episode_limit_mean:        1.0000	epsilon:                   0.0500
grad_norm:                19.5465	healthy_machine_fraction_mean:  0.2520	loss:                      0.4175	mi_loss:                   0.0026
q_taken_mean:              2.7342	return_mean:              65.4980	return_median:            65.8000	return_std:                6.4606
target_mean:               2.7658	td_error_abs:              0.4727	test_ep_length_mean:     100.0000	test_episode_limit_mean:   1.0000
test_healthy_machine_fraction_mean:  0.2188	test_return_mean:         72.6250	test_return_median:       72.3000	test_return_std:           5.7582

[INFO 16:30:30] my_main Recent Stats | t_env:    1814000 | Episode:    18140
entropy_loss:              0.0017	ep_length_mean:          100.0000	episode_limit_mean:        1.0000	epsilon:                   0.0500
grad_norm:                19.6114	healthy_machine_fraction_mean:  0.2520	loss:                      0.4161	mi_loss:                   0.0026
q_taken_mean:              2.7381	return_mean:              65.4980	return_median:            65.8000	return_std:                6.4606
target_mean:               2.7699	td_error_abs:              0.4726	test_ep_length_mean:     100.0000	test_episode_limit_mean:   1.0000
test_healthy_machine_fraction_mean:  0.2188	test_return_mean:         72.6250	test_return_median:       72.3000	test_return_std:           5.7582

[INFO 16:31:22] my_main Recent Stats | t_env:    1816000 | Episode:    18160
entropy_loss:              0.0017	ep_length_mean:          100.0000	episode_limit_mean:        1.0000	epsilon:                   0.0500
grad_norm:                19.6114	healthy_machine_fraction_mean:  0.2520	loss:                      0.4161	mi_loss:                   0.0026
q_taken_mean:              2.7381	return_mean:              65.4980	return_median:            65.8000	return_std:                6.4606
target_mean:               2.7699	td_error_abs:              0.4726	test_ep_length_mean:     100.0000	test_episode_limit_mean:   1.0000
test_healthy_machine_fraction_mean:  0.2188	test_return_mean:         72.6250	test_return_median:       72.3000	test_return_std:           5.7582

[INFO 16:32:15] my_main Recent Stats | t_env:    1818000 | Episode:    18180
entropy_loss:              0.0017	ep_length_mean:          100.0000	episode_limit_mean:        1.0000	epsilon:                   0.0500
grad_norm:                19.6114	healthy_machine_fraction_mean:  0.2520	loss:                      0.4161	mi_loss:                   0.0026
q_taken_mean:              2.7381	return_mean:              65.4980	return_median:            65.8000	return_std:                6.4606
target_mean:               2.7699	td_error_abs:              0.4726	test_ep_length_mean:     100.0000	test_episode_limit_mean:   1.0000
test_healthy_machine_fraction_mean:  0.2188	test_return_mean:         72.6250	test_return_median:       72.3000	test_return_std:           5.7582

[INFO 16:33:04] my_main Recent Stats | t_env:    1820000 | Episode:    18200
entropy_loss:              0.0017	ep_length_mean:          100.0000	episode_limit_mean:        1.0000	epsilon:                   0.0500
grad_norm:                19.6114	healthy_machine_fraction_mean:  0.2520	loss:                      0.4161	mi_loss:                   0.0026
q_taken_mean:              2.7381	return_mean:              65.4980	return_median:            65.8000	return_std:                6.4606
target_mean:               2.7699	td_error_abs:              0.4726	test_ep_length_mean:     100.0000	test_episode_limit_mean:   1.0000
test_healthy_machine_fraction_mean:  0.2188	test_return_mean:         72.6250	test_return_median:       72.3000	test_return_std:           5.7582

[INFO 16:33:07] my_main Updated target network
[INFO 16:33:07] my_main t_env: 1820100 / 2050000
[INFO 16:33:07] my_main Estimated time left: 1 hours, 51 minutes, 20 seconds. Time passed: 14 hours, 28 minutes, 57 seconds
[INFO 16:34:29] my_main Recent Stats | t_env:    1822000 | Episode:    18220
entropy_loss:              0.0017	ep_length_mean:          100.0000	episode_limit_mean:        1.0000	epsilon:                   0.0500
grad_norm:                19.6114	healthy_machine_fraction_mean:  0.2520	loss:                      0.4161	mi_loss:                   0.0026
q_taken_mean:              2.7381	return_mean:              65.2740	return_median:            65.4000	return_std:                6.3750
target_mean:               2.7699	td_error_abs:              0.4726	test_ep_length_mean:     100.0000	test_episode_limit_mean:   1.0000
test_healthy_machine_fraction_mean:  0.2088	test_return_mean:         72.0438	test_return_median:       72.0000	test_return_std:           5.9747

[INFO 16:35:21] my_main Recent Stats | t_env:    1824000 | Episode:    18240
entropy_loss:              0.0017	ep_length_mean:          100.0000	episode_limit_mean:        1.0000	epsilon:                   0.0500
grad_norm:                19.4982	healthy_machine_fraction_mean:  0.2520	loss:                      0.4159	mi_loss:                   0.0026
q_taken_mean:              2.7509	return_mean:              65.2740	return_median:            65.4000	return_std:                6.3750
target_mean:               2.7825	td_error_abs:              0.4723	test_ep_length_mean:     100.0000	test_episode_limit_mean:   1.0000
test_healthy_machine_fraction_mean:  0.2088	test_return_mean:         72.0438	test_return_median:       72.0000	test_return_std:           5.9747

[INFO 16:36:13] my_main Recent Stats | t_env:    1826000 | Episode:    18260
entropy_loss:              0.0017	ep_length_mean:          100.0000	episode_limit_mean:        1.0000	epsilon:                   0.0500
grad_norm:                19.4982	healthy_machine_fraction_mean:  0.2520	loss:                      0.4159	mi_loss:                   0.0026
q_taken_mean:              2.7509	return_mean:              65.2740	return_median:            65.4000	return_std:                6.3750
target_mean:               2.7825	td_error_abs:              0.4723	test_ep_length_mean:     100.0000	test_episode_limit_mean:   1.0000
test_healthy_machine_fraction_mean:  0.2088	test_return_mean:         72.0438	test_return_median:       72.0000	test_return_std:           5.9747

[INFO 16:37:05] my_main Recent Stats | t_env:    1828000 | Episode:    18280
entropy_loss:              0.0017	ep_length_mean:          100.0000	episode_limit_mean:        1.0000	epsilon:                   0.0500
grad_norm:                19.4982	healthy_machine_fraction_mean:  0.2520	loss:                      0.4159	mi_loss:                   0.0026
q_taken_mean:              2.7509	return_mean:              65.2740	return_median:            65.4000	return_std:                6.3750
target_mean:               2.7825	td_error_abs:              0.4723	test_ep_length_mean:     100.0000	test_episode_limit_mean:   1.0000
test_healthy_machine_fraction_mean:  0.2088	test_return_mean:         72.0438	test_return_median:       72.0000	test_return_std:           5.9747

[INFO 16:37:55] my_main Recent Stats | t_env:    1830000 | Episode:    18300
entropy_loss:              0.0017	ep_length_mean:          100.0000	episode_limit_mean:        1.0000	epsilon:                   0.0500
grad_norm:                19.4982	healthy_machine_fraction_mean:  0.2520	loss:                      0.4159	mi_loss:                   0.0026
q_taken_mean:              2.7509	return_mean:              65.2740	return_median:            65.4000	return_std:                6.3750
target_mean:               2.7825	td_error_abs:              0.4723	test_ep_length_mean:     100.0000	test_episode_limit_mean:   1.0000
test_healthy_machine_fraction_mean:  0.2088	test_return_mean:         72.0438	test_return_median:       72.0000	test_return_std:           5.9747

[INFO 16:37:58] my_main t_env: 1830100 / 2050000
[INFO 16:37:58] my_main Estimated time left: 1 hours, 46 minutes, 32 seconds. Time passed: 14 hours, 33 minutes, 48 seconds
[INFO 16:39:20] my_main Recent Stats | t_env:    1832000 | Episode:    18320
entropy_loss:              0.0017	ep_length_mean:          100.0000	episode_limit_mean:        1.0000	epsilon:                   0.0500
grad_norm:                19.4982	healthy_machine_fraction_mean:  0.2290	loss:                      0.4159	mi_loss:                   0.0026
q_taken_mean:              2.7509	return_mean:              64.6860	return_median:            64.8000	return_std:                6.2923
target_mean:               2.7825	td_error_abs:              0.4723	test_ep_length_mean:     100.0000	test_episode_limit_mean:   1.0000
test_healthy_machine_fraction_mean:  0.1900	test_return_mean:         71.4562	test_return_median:       71.3000	test_return_std:           6.1228

[INFO 16:40:12] my_main Recent Stats | t_env:    1834000 | Episode:    18340
entropy_loss:              0.0016	ep_length_mean:          100.0000	episode_limit_mean:        1.0000	epsilon:                   0.0500
grad_norm:                18.8575	healthy_machine_fraction_mean:  0.2290	loss:                      0.4048	mi_loss:                   0.0026
q_taken_mean:              2.7627	return_mean:              64.6860	return_median:            64.8000	return_std:                6.2923
target_mean:               2.7932	td_error_abs:              0.4664	test_ep_length_mean:     100.0000	test_episode_limit_mean:   1.0000
test_healthy_machine_fraction_mean:  0.1900	test_return_mean:         71.4562	test_return_median:       71.3000	test_return_std:           6.1228

[INFO 16:41:03] my_main Recent Stats | t_env:    1836000 | Episode:    18360
entropy_loss:              0.0016	ep_length_mean:          100.0000	episode_limit_mean:        1.0000	epsilon:                   0.0500
grad_norm:                18.8575	healthy_machine_fraction_mean:  0.2290	loss:                      0.4048	mi_loss:                   0.0026
q_taken_mean:              2.7627	return_mean:              64.6860	return_median:            64.8000	return_std:                6.2923
target_mean:               2.7932	td_error_abs:              0.4664	test_ep_length_mean:     100.0000	test_episode_limit_mean:   1.0000
test_healthy_machine_fraction_mean:  0.1900	test_return_mean:         71.4562	test_return_median:       71.3000	test_return_std:           6.1228

[INFO 16:41:52] my_main Recent Stats | t_env:    1838000 | Episode:    18380
entropy_loss:              0.0016	ep_length_mean:          100.0000	episode_limit_mean:        1.0000	epsilon:                   0.0500
grad_norm:                18.8575	healthy_machine_fraction_mean:  0.2290	loss:                      0.4048	mi_loss:                   0.0026
q_taken_mean:              2.7627	return_mean:              64.6860	return_median:            64.8000	return_std:                6.2923
target_mean:               2.7932	td_error_abs:              0.4664	test_ep_length_mean:     100.0000	test_episode_limit_mean:   1.0000
test_healthy_machine_fraction_mean:  0.1900	test_return_mean:         71.4562	test_return_median:       71.3000	test_return_std:           6.1228

[INFO 16:42:41] my_main Recent Stats | t_env:    1840000 | Episode:    18400
entropy_loss:              0.0016	ep_length_mean:          100.0000	episode_limit_mean:        1.0000	epsilon:                   0.0500
grad_norm:                18.8575	healthy_machine_fraction_mean:  0.2290	loss:                      0.4048	mi_loss:                   0.0026
q_taken_mean:              2.7627	return_mean:              64.6860	return_median:            64.8000	return_std:                6.2923
target_mean:               2.7932	td_error_abs:              0.4664	test_ep_length_mean:     100.0000	test_episode_limit_mean:   1.0000
test_healthy_machine_fraction_mean:  0.1900	test_return_mean:         71.4562	test_return_median:       71.3000	test_return_std:           6.1228

[INFO 16:42:43] my_main Updated target network
[INFO 16:42:43] my_main t_env: 1840100 / 2050000
[INFO 16:42:43] my_main Estimated time left: 1 hours, 39 minutes, 49 seconds. Time passed: 14 hours, 38 minutes, 33 seconds
[INFO 16:44:05] my_main Recent Stats | t_env:    1842000 | Episode:    18420
entropy_loss:              0.0016	ep_length_mean:          100.0000	episode_limit_mean:        1.0000	epsilon:                   0.0500
grad_norm:                18.8575	healthy_machine_fraction_mean:  0.2156	loss:                      0.4048	mi_loss:                   0.0026
q_taken_mean:              2.7627	return_mean:              64.3720	return_median:            64.6000	return_std:                6.2232
target_mean:               2.7932	td_error_abs:              0.4664	test_ep_length_mean:     100.0000	test_episode_limit_mean:   1.0000
test_healthy_machine_fraction_mean:  0.1775	test_return_mean:         71.7812	test_return_median:       71.4000	test_return_std:           6.1811

[INFO 16:44:57] my_main Recent Stats | t_env:    1844000 | Episode:    18440
entropy_loss:              0.0016	ep_length_mean:          100.0000	episode_limit_mean:        1.0000	epsilon:                   0.0500
grad_norm:                19.1673	healthy_machine_fraction_mean:  0.2156	loss:                      0.3992	mi_loss:                   0.0026
q_taken_mean:              2.7735	return_mean:              64.3720	return_median:            64.6000	return_std:                6.2232
target_mean:               2.8045	td_error_abs:              0.4660	test_ep_length_mean:     100.0000	test_episode_limit_mean:   1.0000
test_healthy_machine_fraction_mean:  0.1775	test_return_mean:         71.7812	test_return_median:       71.4000	test_return_std:           6.1811

[INFO 16:45:50] my_main Recent Stats | t_env:    1846000 | Episode:    18460
entropy_loss:              0.0016	ep_length_mean:          100.0000	episode_limit_mean:        1.0000	epsilon:                   0.0500
grad_norm:                19.1673	healthy_machine_fraction_mean:  0.2156	loss:                      0.3992	mi_loss:                   0.0026
q_taken_mean:              2.7735	return_mean:              64.3720	return_median:            64.6000	return_std:                6.2232
target_mean:               2.8045	td_error_abs:              0.4660	test_ep_length_mean:     100.0000	test_episode_limit_mean:   1.0000
test_healthy_machine_fraction_mean:  0.1775	test_return_mean:         71.7812	test_return_median:       71.4000	test_return_std:           6.1811

[INFO 16:46:41] my_main Recent Stats | t_env:    1848000 | Episode:    18480
entropy_loss:              0.0016	ep_length_mean:          100.0000	episode_limit_mean:        1.0000	epsilon:                   0.0500
grad_norm:                19.1673	healthy_machine_fraction_mean:  0.2156	loss:                      0.3992	mi_loss:                   0.0026
q_taken_mean:              2.7735	return_mean:              64.3720	return_median:            64.6000	return_std:                6.2232
target_mean:               2.8045	td_error_abs:              0.4660	test_ep_length_mean:     100.0000	test_episode_limit_mean:   1.0000
test_healthy_machine_fraction_mean:  0.1775	test_return_mean:         71.7812	test_return_median:       71.4000	test_return_std:           6.1811

[INFO 16:47:31] my_main Recent Stats | t_env:    1850000 | Episode:    18500
entropy_loss:              0.0016	ep_length_mean:          100.0000	episode_limit_mean:        1.0000	epsilon:                   0.0500
grad_norm:                19.1673	healthy_machine_fraction_mean:  0.2156	loss:                      0.3992	mi_loss:                   0.0026
q_taken_mean:              2.7735	return_mean:              64.3720	return_median:            64.6000	return_std:                6.2232
target_mean:               2.8045	td_error_abs:              0.4660	test_ep_length_mean:     100.0000	test_episode_limit_mean:   1.0000
test_healthy_machine_fraction_mean:  0.1775	test_return_mean:         71.7812	test_return_median:       71.4000	test_return_std:           6.1811

[INFO 16:47:34] my_main t_env: 1850100 / 2050000
[INFO 16:47:34] my_main Estimated time left: 1 hours, 36 minutes, 48 seconds. Time passed: 14 hours, 43 minutes, 24 seconds
[INFO 16:48:56] my_main Recent Stats | t_env:    1852000 | Episode:    18520
entropy_loss:              0.0016	ep_length_mean:          100.0000	episode_limit_mean:        1.0000	epsilon:                   0.0500
grad_norm:                19.1673	healthy_machine_fraction_mean:  0.1916	loss:                      0.3992	mi_loss:                   0.0026
q_taken_mean:              2.7735	return_mean:              64.1500	return_median:            64.2000	return_std:                6.3188
target_mean:               2.8045	td_error_abs:              0.4660	test_ep_length_mean:     100.0000	test_episode_limit_mean:   1.0000
test_healthy_machine_fraction_mean:  0.1950	test_return_mean:         71.4125	test_return_median:       71.4000	test_return_std:           6.3160

[INFO 16:49:48] my_main Recent Stats | t_env:    1854000 | Episode:    18540
entropy_loss:              0.0016	ep_length_mean:          100.0000	episode_limit_mean:        1.0000	epsilon:                   0.0500
grad_norm:                20.0948	healthy_machine_fraction_mean:  0.1916	loss:                      0.4131	mi_loss:                   0.0026
q_taken_mean:              2.7783	return_mean:              64.1500	return_median:            64.2000	return_std:                6.3188
target_mean:               2.8109	td_error_abs:              0.4759	test_ep_length_mean:     100.0000	test_episode_limit_mean:   1.0000
test_healthy_machine_fraction_mean:  0.1950	test_return_mean:         71.4125	test_return_median:       71.4000	test_return_std:           6.3160

[INFO 16:50:41] my_main Recent Stats | t_env:    1856000 | Episode:    18560
entropy_loss:              0.0016	ep_length_mean:          100.0000	episode_limit_mean:        1.0000	epsilon:                   0.0500
grad_norm:                20.0948	healthy_machine_fraction_mean:  0.1916	loss:                      0.4131	mi_loss:                   0.0026
q_taken_mean:              2.7783	return_mean:              64.1500	return_median:            64.2000	return_std:                6.3188
target_mean:               2.8109	td_error_abs:              0.4759	test_ep_length_mean:     100.0000	test_episode_limit_mean:   1.0000
test_healthy_machine_fraction_mean:  0.1950	test_return_mean:         71.4125	test_return_median:       71.4000	test_return_std:           6.3160

[INFO 16:51:33] my_main Recent Stats | t_env:    1858000 | Episode:    18580
entropy_loss:              0.0016	ep_length_mean:          100.0000	episode_limit_mean:        1.0000	epsilon:                   0.0500
grad_norm:                20.0948	healthy_machine_fraction_mean:  0.1916	loss:                      0.4131	mi_loss:                   0.0026
q_taken_mean:              2.7783	return_mean:              64.1500	return_median:            64.2000	return_std:                6.3188
target_mean:               2.8109	td_error_abs:              0.4759	test_ep_length_mean:     100.0000	test_episode_limit_mean:   1.0000
test_healthy_machine_fraction_mean:  0.1950	test_return_mean:         71.4125	test_return_median:       71.4000	test_return_std:           6.3160

[INFO 16:52:23] my_main Recent Stats | t_env:    1860000 | Episode:    18600
entropy_loss:              0.0016	ep_length_mean:          100.0000	episode_limit_mean:        1.0000	epsilon:                   0.0500
grad_norm:                20.0948	healthy_machine_fraction_mean:  0.1916	loss:                      0.4131	mi_loss:                   0.0026
q_taken_mean:              2.7783	return_mean:              64.1500	return_median:            64.2000	return_std:                6.3188
target_mean:               2.8109	td_error_abs:              0.4759	test_ep_length_mean:     100.0000	test_episode_limit_mean:   1.0000
test_healthy_machine_fraction_mean:  0.1950	test_return_mean:         71.4125	test_return_median:       71.4000	test_return_std:           6.3160

[INFO 16:52:25] my_main Updated target network
[INFO 16:52:25] my_main t_env: 1860100 / 2050000
[INFO 16:52:25] my_main Estimated time left: 1 hours, 32 minutes, 20 seconds. Time passed: 14 hours, 48 minutes, 16 seconds
[INFO 16:53:47] my_main Recent Stats | t_env:    1862000 | Episode:    18620
entropy_loss:              0.0016	ep_length_mean:          100.0000	episode_limit_mean:        1.0000	epsilon:                   0.0500
grad_norm:                20.0948	healthy_machine_fraction_mean:  0.1872	loss:                      0.4131	mi_loss:                   0.0026
q_taken_mean:              2.7783	return_mean:              64.2620	return_median:            64.0000	return_std:                6.2245
target_mean:               2.8109	td_error_abs:              0.4759	test_ep_length_mean:     100.0000	test_episode_limit_mean:   1.0000
test_healthy_machine_fraction_mean:  0.1856	test_return_mean:         70.3937	test_return_median:       70.3000	test_return_std:           6.3650

[INFO 16:54:39] my_main Recent Stats | t_env:    1864000 | Episode:    18640
entropy_loss:              0.0015	ep_length_mean:          100.0000	episode_limit_mean:        1.0000	epsilon:                   0.0500
grad_norm:                19.3044	healthy_machine_fraction_mean:  0.1872	loss:                      0.4023	mi_loss:                   0.0026
q_taken_mean:              2.7918	return_mean:              64.2620	return_median:            64.0000	return_std:                6.2245
target_mean:               2.8231	td_error_abs:              0.4708	test_ep_length_mean:     100.0000	test_episode_limit_mean:   1.0000
test_healthy_machine_fraction_mean:  0.1856	test_return_mean:         70.3937	test_return_median:       70.3000	test_return_std:           6.3650

[INFO 16:55:32] my_main Recent Stats | t_env:    1866000 | Episode:    18660
entropy_loss:              0.0015	ep_length_mean:          100.0000	episode_limit_mean:        1.0000	epsilon:                   0.0500
grad_norm:                19.3044	healthy_machine_fraction_mean:  0.1872	loss:                      0.4023	mi_loss:                   0.0026
q_taken_mean:              2.7918	return_mean:              64.2620	return_median:            64.0000	return_std:                6.2245
target_mean:               2.8231	td_error_abs:              0.4708	test_ep_length_mean:     100.0000	test_episode_limit_mean:   1.0000
test_healthy_machine_fraction_mean:  0.1856	test_return_mean:         70.3937	test_return_median:       70.3000	test_return_std:           6.3650

[INFO 16:56:24] my_main Recent Stats | t_env:    1868000 | Episode:    18680
entropy_loss:              0.0015	ep_length_mean:          100.0000	episode_limit_mean:        1.0000	epsilon:                   0.0500
grad_norm:                19.3044	healthy_machine_fraction_mean:  0.1872	loss:                      0.4023	mi_loss:                   0.0026
q_taken_mean:              2.7918	return_mean:              64.2620	return_median:            64.0000	return_std:                6.2245
target_mean:               2.8231	td_error_abs:              0.4708	test_ep_length_mean:     100.0000	test_episode_limit_mean:   1.0000
test_healthy_machine_fraction_mean:  0.1856	test_return_mean:         70.3937	test_return_median:       70.3000	test_return_std:           6.3650

[INFO 16:57:14] my_main Recent Stats | t_env:    1870000 | Episode:    18700
entropy_loss:              0.0015	ep_length_mean:          100.0000	episode_limit_mean:        1.0000	epsilon:                   0.0500
grad_norm:                19.3044	healthy_machine_fraction_mean:  0.1872	loss:                      0.4023	mi_loss:                   0.0026
q_taken_mean:              2.7918	return_mean:              64.2620	return_median:            64.0000	return_std:                6.2245
target_mean:               2.8231	td_error_abs:              0.4708	test_ep_length_mean:     100.0000	test_episode_limit_mean:   1.0000
test_healthy_machine_fraction_mean:  0.1856	test_return_mean:         70.3937	test_return_median:       70.3000	test_return_std:           6.3650

[INFO 16:57:17] my_main t_env: 1870100 / 2050000
[INFO 16:57:17] my_main Estimated time left: 1 hours, 27 minutes, 30 seconds. Time passed: 14 hours, 53 minutes, 8 seconds
[INFO 16:58:39] my_main Recent Stats | t_env:    1872000 | Episode:    18720
entropy_loss:              0.0015	ep_length_mean:          100.0000	episode_limit_mean:        1.0000	epsilon:                   0.0500
grad_norm:                19.3044	healthy_machine_fraction_mean:  0.1802	loss:                      0.4023	mi_loss:                   0.0026
q_taken_mean:              2.7918	return_mean:              64.2140	return_median:            64.0000	return_std:                6.1278
target_mean:               2.8231	td_error_abs:              0.4708	test_ep_length_mean:     100.0000	test_episode_limit_mean:   1.0000
test_healthy_machine_fraction_mean:  0.1863	test_return_mean:         71.3625	test_return_median:       71.0000	test_return_std:           6.1876

[INFO 16:59:32] my_main Recent Stats | t_env:    1874000 | Episode:    18740
entropy_loss:              0.0015	ep_length_mean:          100.0000	episode_limit_mean:        1.0000	epsilon:                   0.0500
grad_norm:                18.7939	healthy_machine_fraction_mean:  0.1802	loss:                      0.3953	mi_loss:                   0.0026
q_taken_mean:              2.8001	return_mean:              64.2140	return_median:            64.0000	return_std:                6.1278
target_mean:               2.8306	td_error_abs:              0.4691	test_ep_length_mean:     100.0000	test_episode_limit_mean:   1.0000
test_healthy_machine_fraction_mean:  0.1863	test_return_mean:         71.3625	test_return_median:       71.0000	test_return_std:           6.1876

[INFO 17:00:24] my_main Recent Stats | t_env:    1876000 | Episode:    18760
entropy_loss:              0.0015	ep_length_mean:          100.0000	episode_limit_mean:        1.0000	epsilon:                   0.0500
grad_norm:                18.7939	healthy_machine_fraction_mean:  0.1802	loss:                      0.3953	mi_loss:                   0.0026
q_taken_mean:              2.8001	return_mean:              64.2140	return_median:            64.0000	return_std:                6.1278
target_mean:               2.8306	td_error_abs:              0.4691	test_ep_length_mean:     100.0000	test_episode_limit_mean:   1.0000
test_healthy_machine_fraction_mean:  0.1863	test_return_mean:         71.3625	test_return_median:       71.0000	test_return_std:           6.1876

[INFO 17:01:16] my_main Recent Stats | t_env:    1878000 | Episode:    18780
entropy_loss:              0.0015	ep_length_mean:          100.0000	episode_limit_mean:        1.0000	epsilon:                   0.0500
grad_norm:                18.7939	healthy_machine_fraction_mean:  0.1802	loss:                      0.3953	mi_loss:                   0.0026
q_taken_mean:              2.8001	return_mean:              64.2140	return_median:            64.0000	return_std:                6.1278
target_mean:               2.8306	td_error_abs:              0.4691	test_ep_length_mean:     100.0000	test_episode_limit_mean:   1.0000
test_healthy_machine_fraction_mean:  0.1863	test_return_mean:         71.3625	test_return_median:       71.0000	test_return_std:           6.1876

[INFO 17:02:06] my_main Recent Stats | t_env:    1880000 | Episode:    18800
entropy_loss:              0.0015	ep_length_mean:          100.0000	episode_limit_mean:        1.0000	epsilon:                   0.0500
grad_norm:                18.7939	healthy_machine_fraction_mean:  0.1802	loss:                      0.3953	mi_loss:                   0.0026
q_taken_mean:              2.8001	return_mean:              64.2140	return_median:            64.0000	return_std:                6.1278
target_mean:               2.8306	td_error_abs:              0.4691	test_ep_length_mean:     100.0000	test_episode_limit_mean:   1.0000
test_healthy_machine_fraction_mean:  0.1863	test_return_mean:         71.3625	test_return_median:       71.0000	test_return_std:           6.1876

[INFO 17:02:09] my_main Updated target network
[INFO 17:02:09] my_main t_env: 1880100 / 2050000
[INFO 17:02:09] my_main Estimated time left: 1 hours, 22 minutes, 28 seconds. Time passed: 14 hours, 57 minutes, 59 seconds
[INFO 17:03:30] my_main Recent Stats | t_env:    1882000 | Episode:    18820
entropy_loss:              0.0015	ep_length_mean:          100.0000	episode_limit_mean:        1.0000	epsilon:                   0.0500
grad_norm:                18.7939	healthy_machine_fraction_mean:  0.1954	loss:                      0.3953	mi_loss:                   0.0026
q_taken_mean:              2.8001	return_mean:              64.7940	return_median:            64.4000	return_std:                6.2170
target_mean:               2.8306	td_error_abs:              0.4691	test_ep_length_mean:     100.0000	test_episode_limit_mean:   1.0000
test_healthy_machine_fraction_mean:  0.2000	test_return_mean:         72.3312	test_return_median:       72.1000	test_return_std:           5.9102

[INFO 17:04:23] my_main Recent Stats | t_env:    1884000 | Episode:    18840
entropy_loss:              0.0016	ep_length_mean:          100.0000	episode_limit_mean:        1.0000	epsilon:                   0.0500
grad_norm:                18.3947	healthy_machine_fraction_mean:  0.1954	loss:                      0.3885	mi_loss:                   0.0026
q_taken_mean:              2.8072	return_mean:              64.7940	return_median:            64.4000	return_std:                6.2170
target_mean:               2.8372	td_error_abs:              0.4655	test_ep_length_mean:     100.0000	test_episode_limit_mean:   1.0000
test_healthy_machine_fraction_mean:  0.2000	test_return_mean:         72.3312	test_return_median:       72.1000	test_return_std:           5.9102

[INFO 17:05:15] my_main Recent Stats | t_env:    1886000 | Episode:    18860
entropy_loss:              0.0016	ep_length_mean:          100.0000	episode_limit_mean:        1.0000	epsilon:                   0.0500
grad_norm:                18.3947	healthy_machine_fraction_mean:  0.1954	loss:                      0.3885	mi_loss:                   0.0026
q_taken_mean:              2.8072	return_mean:              64.7940	return_median:            64.4000	return_std:                6.2170
target_mean:               2.8372	td_error_abs:              0.4655	test_ep_length_mean:     100.0000	test_episode_limit_mean:   1.0000
test_healthy_machine_fraction_mean:  0.2000	test_return_mean:         72.3312	test_return_median:       72.1000	test_return_std:           5.9102

[INFO 17:06:07] my_main Recent Stats | t_env:    1888000 | Episode:    18880
entropy_loss:              0.0016	ep_length_mean:          100.0000	episode_limit_mean:        1.0000	epsilon:                   0.0500
grad_norm:                18.3947	healthy_machine_fraction_mean:  0.1954	loss:                      0.3885	mi_loss:                   0.0026
q_taken_mean:              2.8072	return_mean:              64.7940	return_median:            64.4000	return_std:                6.2170
target_mean:               2.8372	td_error_abs:              0.4655	test_ep_length_mean:     100.0000	test_episode_limit_mean:   1.0000
test_healthy_machine_fraction_mean:  0.2000	test_return_mean:         72.3312	test_return_median:       72.1000	test_return_std:           5.9102

[INFO 17:06:58] my_main Recent Stats | t_env:    1890000 | Episode:    18900
entropy_loss:              0.0016	ep_length_mean:          100.0000	episode_limit_mean:        1.0000	epsilon:                   0.0500
grad_norm:                18.3947	healthy_machine_fraction_mean:  0.1954	loss:                      0.3885	mi_loss:                   0.0026
q_taken_mean:              2.8072	return_mean:              64.7940	return_median:            64.4000	return_std:                6.2170
target_mean:               2.8372	td_error_abs:              0.4655	test_ep_length_mean:     100.0000	test_episode_limit_mean:   1.0000
test_healthy_machine_fraction_mean:  0.2000	test_return_mean:         72.3312	test_return_median:       72.1000	test_return_std:           5.9102

[INFO 17:07:00] my_main t_env: 1890100 / 2050000
[INFO 17:07:00] my_main Estimated time left: 1 hours, 17 minutes, 41 seconds. Time passed: 15 hours, 2 minutes, 50 seconds
[INFO 17:08:22] my_main Recent Stats | t_env:    1892000 | Episode:    18920
entropy_loss:              0.0016	ep_length_mean:          100.0000	episode_limit_mean:        1.0000	epsilon:                   0.0500
grad_norm:                18.3947	healthy_machine_fraction_mean:  0.1990	loss:                      0.3885	mi_loss:                   0.0026
q_taken_mean:              2.8072	return_mean:              65.0680	return_median:            64.8000	return_std:                6.1622
target_mean:               2.8372	td_error_abs:              0.4655	test_ep_length_mean:     100.0000	test_episode_limit_mean:   1.0000
test_healthy_machine_fraction_mean:  0.2069	test_return_mean:         72.4188	test_return_median:       72.3000	test_return_std:           5.7022

[INFO 17:09:14] my_main Recent Stats | t_env:    1894000 | Episode:    18940
entropy_loss:              0.0016	ep_length_mean:          100.0000	episode_limit_mean:        1.0000	epsilon:                   0.0500
grad_norm:                18.1811	healthy_machine_fraction_mean:  0.1990	loss:                      0.3878	mi_loss:                   0.0025
q_taken_mean:              2.8123	return_mean:              65.0680	return_median:            64.8000	return_std:                6.1622
target_mean:               2.8419	td_error_abs:              0.4657	test_ep_length_mean:     100.0000	test_episode_limit_mean:   1.0000
test_healthy_machine_fraction_mean:  0.2069	test_return_mean:         72.4188	test_return_median:       72.3000	test_return_std:           5.7022

[INFO 17:10:05] my_main Recent Stats | t_env:    1896000 | Episode:    18960
entropy_loss:              0.0016	ep_length_mean:          100.0000	episode_limit_mean:        1.0000	epsilon:                   0.0500
grad_norm:                18.1811	healthy_machine_fraction_mean:  0.1990	loss:                      0.3878	mi_loss:                   0.0025
q_taken_mean:              2.8123	return_mean:              65.0680	return_median:            64.8000	return_std:                6.1622
target_mean:               2.8419	td_error_abs:              0.4657	test_ep_length_mean:     100.0000	test_episode_limit_mean:   1.0000
test_healthy_machine_fraction_mean:  0.2069	test_return_mean:         72.4188	test_return_median:       72.3000	test_return_std:           5.7022

[INFO 17:10:58] my_main Recent Stats | t_env:    1898000 | Episode:    18980
entropy_loss:              0.0016	ep_length_mean:          100.0000	episode_limit_mean:        1.0000	epsilon:                   0.0500
grad_norm:                18.1811	healthy_machine_fraction_mean:  0.1990	loss:                      0.3878	mi_loss:                   0.0025
q_taken_mean:              2.8123	return_mean:              65.0680	return_median:            64.8000	return_std:                6.1622
target_mean:               2.8419	td_error_abs:              0.4657	test_ep_length_mean:     100.0000	test_episode_limit_mean:   1.0000
test_healthy_machine_fraction_mean:  0.2069	test_return_mean:         72.4188	test_return_median:       72.3000	test_return_std:           5.7022

[INFO 17:11:48] my_main Recent Stats | t_env:    1900000 | Episode:    19000
entropy_loss:              0.0016	ep_length_mean:          100.0000	episode_limit_mean:        1.0000	epsilon:                   0.0500
grad_norm:                18.1811	healthy_machine_fraction_mean:  0.1990	loss:                      0.3878	mi_loss:                   0.0025
q_taken_mean:              2.8123	return_mean:              65.0680	return_median:            64.8000	return_std:                6.1622
target_mean:               2.8419	td_error_abs:              0.4657	test_ep_length_mean:     100.0000	test_episode_limit_mean:   1.0000
test_healthy_machine_fraction_mean:  0.2069	test_return_mean:         72.4188	test_return_median:       72.3000	test_return_std:           5.7022

[INFO 17:11:51] my_main Updated target network
[INFO 17:11:51] my_main t_env: 1900100 / 2050000
[INFO 17:11:51] my_main Estimated time left: 1 hours, 12 minutes, 38 seconds. Time passed: 15 hours, 7 minutes, 41 seconds
[INFO 17:13:12] my_main Recent Stats | t_env:    1902000 | Episode:    19020
entropy_loss:              0.0016	ep_length_mean:          100.0000	episode_limit_mean:        1.0000	epsilon:                   0.0500
grad_norm:                18.1811	healthy_machine_fraction_mean:  0.2246	loss:                      0.3878	mi_loss:                   0.0025
q_taken_mean:              2.8123	return_mean:              65.1660	return_median:            65.0000	return_std:                6.2149
target_mean:               2.8419	td_error_abs:              0.4657	test_ep_length_mean:     100.0000	test_episode_limit_mean:   1.0000
test_healthy_machine_fraction_mean:  0.2106	test_return_mean:         73.3312	test_return_median:       73.1000	test_return_std:           5.8689

[INFO 17:14:05] my_main Recent Stats | t_env:    1904000 | Episode:    19040
entropy_loss:              0.0016	ep_length_mean:          100.0000	episode_limit_mean:        1.0000	epsilon:                   0.0500
grad_norm:                16.9428	healthy_machine_fraction_mean:  0.2246	loss:                      0.3758	mi_loss:                   0.0025
q_taken_mean:              2.8204	return_mean:              65.1660	return_median:            65.0000	return_std:                6.2149
target_mean:               2.8479	td_error_abs:              0.4576	test_ep_length_mean:     100.0000	test_episode_limit_mean:   1.0000
test_healthy_machine_fraction_mean:  0.2106	test_return_mean:         73.3312	test_return_median:       73.1000	test_return_std:           5.8689

[INFO 17:14:58] my_main Recent Stats | t_env:    1906000 | Episode:    19060
entropy_loss:              0.0016	ep_length_mean:          100.0000	episode_limit_mean:        1.0000	epsilon:                   0.0500
grad_norm:                16.9428	healthy_machine_fraction_mean:  0.2246	loss:                      0.3758	mi_loss:                   0.0025
q_taken_mean:              2.8204	return_mean:              65.1660	return_median:            65.0000	return_std:                6.2149
target_mean:               2.8479	td_error_abs:              0.4576	test_ep_length_mean:     100.0000	test_episode_limit_mean:   1.0000
test_healthy_machine_fraction_mean:  0.2106	test_return_mean:         73.3312	test_return_median:       73.1000	test_return_std:           5.8689

[INFO 17:15:50] my_main Recent Stats | t_env:    1908000 | Episode:    19080
entropy_loss:              0.0016	ep_length_mean:          100.0000	episode_limit_mean:        1.0000	epsilon:                   0.0500
grad_norm:                16.9428	healthy_machine_fraction_mean:  0.2246	loss:                      0.3758	mi_loss:                   0.0025
q_taken_mean:              2.8204	return_mean:              65.1660	return_median:            65.0000	return_std:                6.2149
target_mean:               2.8479	td_error_abs:              0.4576	test_ep_length_mean:     100.0000	test_episode_limit_mean:   1.0000
test_healthy_machine_fraction_mean:  0.2106	test_return_mean:         73.3312	test_return_median:       73.1000	test_return_std:           5.8689

[INFO 17:16:40] my_main Recent Stats | t_env:    1910000 | Episode:    19100
entropy_loss:              0.0016	ep_length_mean:          100.0000	episode_limit_mean:        1.0000	epsilon:                   0.0500
grad_norm:                16.9428	healthy_machine_fraction_mean:  0.2246	loss:                      0.3758	mi_loss:                   0.0025
q_taken_mean:              2.8204	return_mean:              65.1660	return_median:            65.0000	return_std:                6.2149
target_mean:               2.8479	td_error_abs:              0.4576	test_ep_length_mean:     100.0000	test_episode_limit_mean:   1.0000
test_healthy_machine_fraction_mean:  0.2106	test_return_mean:         73.3312	test_return_median:       73.1000	test_return_std:           5.8689

[INFO 17:16:43] my_main t_env: 1910100 / 2050000
[INFO 17:16:43] my_main Estimated time left: 1 hours, 8 minutes, 4 seconds. Time passed: 15 hours, 12 minutes, 33 seconds
[INFO 17:18:02] my_main Recent Stats | t_env:    1912000 | Episode:    19120
entropy_loss:              0.0016	ep_length_mean:          100.0000	episode_limit_mean:        1.0000	epsilon:                   0.0500
grad_norm:                16.9428	healthy_machine_fraction_mean:  0.2262	loss:                      0.3758	mi_loss:                   0.0025
q_taken_mean:              2.8204	return_mean:              65.2060	return_median:            65.2000	return_std:                6.2899
target_mean:               2.8479	td_error_abs:              0.4576	test_ep_length_mean:     100.0000	test_episode_limit_mean:   1.0000
test_healthy_machine_fraction_mean:  0.2231	test_return_mean:         73.7500	test_return_median:       73.6000	test_return_std:           5.7550

[INFO 17:18:52] my_main Recent Stats | t_env:    1914000 | Episode:    19140
entropy_loss:              0.0016	ep_length_mean:          100.0000	episode_limit_mean:        1.0000	epsilon:                   0.0500
grad_norm:                17.7645	healthy_machine_fraction_mean:  0.2262	loss:                      0.3906	mi_loss:                   0.0025
q_taken_mean:              2.8248	return_mean:              65.2060	return_median:            65.2000	return_std:                6.2899
target_mean:               2.8537	td_error_abs:              0.4653	test_ep_length_mean:     100.0000	test_episode_limit_mean:   1.0000
test_healthy_machine_fraction_mean:  0.2231	test_return_mean:         73.7500	test_return_median:       73.6000	test_return_std:           5.7550

[INFO 17:19:44] my_main Recent Stats | t_env:    1916000 | Episode:    19160
entropy_loss:              0.0016	ep_length_mean:          100.0000	episode_limit_mean:        1.0000	epsilon:                   0.0500
grad_norm:                17.7645	healthy_machine_fraction_mean:  0.2262	loss:                      0.3906	mi_loss:                   0.0025
q_taken_mean:              2.8248	return_mean:              65.2060	return_median:            65.2000	return_std:                6.2899
target_mean:               2.8537	td_error_abs:              0.4653	test_ep_length_mean:     100.0000	test_episode_limit_mean:   1.0000
test_healthy_machine_fraction_mean:  0.2231	test_return_mean:         73.7500	test_return_median:       73.6000	test_return_std:           5.7550

[INFO 17:20:36] my_main Recent Stats | t_env:    1918000 | Episode:    19180
entropy_loss:              0.0016	ep_length_mean:          100.0000	episode_limit_mean:        1.0000	epsilon:                   0.0500
grad_norm:                17.7645	healthy_machine_fraction_mean:  0.2262	loss:                      0.3906	mi_loss:                   0.0025
q_taken_mean:              2.8248	return_mean:              65.2060	return_median:            65.2000	return_std:                6.2899
target_mean:               2.8537	td_error_abs:              0.4653	test_ep_length_mean:     100.0000	test_episode_limit_mean:   1.0000
test_healthy_machine_fraction_mean:  0.2231	test_return_mean:         73.7500	test_return_median:       73.6000	test_return_std:           5.7550

[INFO 17:21:27] my_main Recent Stats | t_env:    1920000 | Episode:    19200
entropy_loss:              0.0016	ep_length_mean:          100.0000	episode_limit_mean:        1.0000	epsilon:                   0.0500
grad_norm:                17.7645	healthy_machine_fraction_mean:  0.2262	loss:                      0.3906	mi_loss:                   0.0025
q_taken_mean:              2.8248	return_mean:              65.2060	return_median:            65.2000	return_std:                6.2899
target_mean:               2.8537	td_error_abs:              0.4653	test_ep_length_mean:     100.0000	test_episode_limit_mean:   1.0000
test_healthy_machine_fraction_mean:  0.2231	test_return_mean:         73.7500	test_return_median:       73.6000	test_return_std:           5.7550

[INFO 17:21:30] my_main Updated target network
[INFO 17:21:30] my_main t_env: 1920100 / 2050000
[INFO 17:21:30] my_main Estimated time left: 1 hours, 2 minutes, 12 seconds. Time passed: 15 hours, 17 minutes, 20 seconds
[INFO 17:22:53] my_main Recent Stats | t_env:    1922000 | Episode:    19220
entropy_loss:              0.0016	ep_length_mean:          100.0000	episode_limit_mean:        1.0000	epsilon:                   0.0500
grad_norm:                17.7645	healthy_machine_fraction_mean:  0.2360	loss:                      0.3906	mi_loss:                   0.0025
q_taken_mean:              2.8248	return_mean:              65.5740	return_median:            65.6000	return_std:                6.4976
target_mean:               2.8537	td_error_abs:              0.4653	test_ep_length_mean:     100.0000	test_episode_limit_mean:   1.0000
test_healthy_machine_fraction_mean:  0.2231	test_return_mean:         73.4125	test_return_median:       73.7000	test_return_std:           5.9291

[INFO 17:23:45] my_main Recent Stats | t_env:    1924000 | Episode:    19240
entropy_loss:              0.0016	ep_length_mean:          100.0000	episode_limit_mean:        1.0000	epsilon:                   0.0500
grad_norm:                18.5314	healthy_machine_fraction_mean:  0.2360	loss:                      0.4065	mi_loss:                   0.0025
q_taken_mean:              2.8327	return_mean:              65.5740	return_median:            65.6000	return_std:                6.4976
target_mean:               2.8628	td_error_abs:              0.4714	test_ep_length_mean:     100.0000	test_episode_limit_mean:   1.0000
test_healthy_machine_fraction_mean:  0.2231	test_return_mean:         73.4125	test_return_median:       73.7000	test_return_std:           5.9291

[INFO 17:24:37] my_main Recent Stats | t_env:    1926000 | Episode:    19260
entropy_loss:              0.0016	ep_length_mean:          100.0000	episode_limit_mean:        1.0000	epsilon:                   0.0500
grad_norm:                18.5314	healthy_machine_fraction_mean:  0.2360	loss:                      0.4065	mi_loss:                   0.0025
q_taken_mean:              2.8327	return_mean:              65.5740	return_median:            65.6000	return_std:                6.4976
target_mean:               2.8628	td_error_abs:              0.4714	test_ep_length_mean:     100.0000	test_episode_limit_mean:   1.0000
test_healthy_machine_fraction_mean:  0.2231	test_return_mean:         73.4125	test_return_median:       73.7000	test_return_std:           5.9291

[INFO 17:25:30] my_main Recent Stats | t_env:    1928000 | Episode:    19280
entropy_loss:              0.0016	ep_length_mean:          100.0000	episode_limit_mean:        1.0000	epsilon:                   0.0500
grad_norm:                18.5314	healthy_machine_fraction_mean:  0.2360	loss:                      0.4065	mi_loss:                   0.0025
q_taken_mean:              2.8327	return_mean:              65.5740	return_median:            65.6000	return_std:                6.4976
target_mean:               2.8628	td_error_abs:              0.4714	test_ep_length_mean:     100.0000	test_episode_limit_mean:   1.0000
test_healthy_machine_fraction_mean:  0.2231	test_return_mean:         73.4125	test_return_median:       73.7000	test_return_std:           5.9291

[INFO 17:26:20] my_main Recent Stats | t_env:    1930000 | Episode:    19300
entropy_loss:              0.0016	ep_length_mean:          100.0000	episode_limit_mean:        1.0000	epsilon:                   0.0500
grad_norm:                18.5314	healthy_machine_fraction_mean:  0.2360	loss:                      0.4065	mi_loss:                   0.0025
q_taken_mean:              2.8327	return_mean:              65.5740	return_median:            65.6000	return_std:                6.4976
target_mean:               2.8628	td_error_abs:              0.4714	test_ep_length_mean:     100.0000	test_episode_limit_mean:   1.0000
test_healthy_machine_fraction_mean:  0.2231	test_return_mean:         73.4125	test_return_median:       73.7000	test_return_std:           5.9291

[INFO 17:26:23] my_main t_env: 1930100 / 2050000
[INFO 17:26:23] my_main Estimated time left: 58 minutes, 30 seconds. Time passed: 15 hours, 22 minutes, 13 seconds
[INFO 17:27:45] my_main Recent Stats | t_env:    1932000 | Episode:    19320
entropy_loss:              0.0016	ep_length_mean:          100.0000	episode_limit_mean:        1.0000	epsilon:                   0.0500
grad_norm:                18.5314	healthy_machine_fraction_mean:  0.2218	loss:                      0.4065	mi_loss:                   0.0025
q_taken_mean:              2.8327	return_mean:              65.3720	return_median:            65.4000	return_std:                6.5128
target_mean:               2.8628	td_error_abs:              0.4714	test_ep_length_mean:     100.0000	test_episode_limit_mean:   1.0000
test_healthy_machine_fraction_mean:  0.2150	test_return_mean:         72.6562	test_return_median:       73.1000	test_return_std:           6.3372

[INFO 17:28:37] my_main Recent Stats | t_env:    1934000 | Episode:    19340
entropy_loss:              0.0016	ep_length_mean:          100.0000	episode_limit_mean:        1.0000	epsilon:                   0.0500
grad_norm:                19.6447	healthy_machine_fraction_mean:  0.2218	loss:                      0.4267	mi_loss:                   0.0025
q_taken_mean:              2.8385	return_mean:              65.3720	return_median:            65.4000	return_std:                6.5128
target_mean:               2.8703	td_error_abs:              0.4826	test_ep_length_mean:     100.0000	test_episode_limit_mean:   1.0000
test_healthy_machine_fraction_mean:  0.2150	test_return_mean:         72.6562	test_return_median:       73.1000	test_return_std:           6.3372

[INFO 17:29:29] my_main Recent Stats | t_env:    1936000 | Episode:    19360
entropy_loss:              0.0016	ep_length_mean:          100.0000	episode_limit_mean:        1.0000	epsilon:                   0.0500
grad_norm:                19.6447	healthy_machine_fraction_mean:  0.2218	loss:                      0.4267	mi_loss:                   0.0025
q_taken_mean:              2.8385	return_mean:              65.3720	return_median:            65.4000	return_std:                6.5128
target_mean:               2.8703	td_error_abs:              0.4826	test_ep_length_mean:     100.0000	test_episode_limit_mean:   1.0000
test_healthy_machine_fraction_mean:  0.2150	test_return_mean:         72.6562	test_return_median:       73.1000	test_return_std:           6.3372

[INFO 17:30:22] my_main Recent Stats | t_env:    1938000 | Episode:    19380
entropy_loss:              0.0016	ep_length_mean:          100.0000	episode_limit_mean:        1.0000	epsilon:                   0.0500
grad_norm:                19.6447	healthy_machine_fraction_mean:  0.2218	loss:                      0.4267	mi_loss:                   0.0025
q_taken_mean:              2.8385	return_mean:              65.3720	return_median:            65.4000	return_std:                6.5128
target_mean:               2.8703	td_error_abs:              0.4826	test_ep_length_mean:     100.0000	test_episode_limit_mean:   1.0000
test_healthy_machine_fraction_mean:  0.2150	test_return_mean:         72.6562	test_return_median:       73.1000	test_return_std:           6.3372

[INFO 17:31:12] my_main Recent Stats | t_env:    1940000 | Episode:    19400
entropy_loss:              0.0016	ep_length_mean:          100.0000	episode_limit_mean:        1.0000	epsilon:                   0.0500
grad_norm:                19.6447	healthy_machine_fraction_mean:  0.2218	loss:                      0.4267	mi_loss:                   0.0025
q_taken_mean:              2.8385	return_mean:              65.3720	return_median:            65.4000	return_std:                6.5128
target_mean:               2.8703	td_error_abs:              0.4826	test_ep_length_mean:     100.0000	test_episode_limit_mean:   1.0000
test_healthy_machine_fraction_mean:  0.2150	test_return_mean:         72.6562	test_return_median:       73.1000	test_return_std:           6.3372

[INFO 17:31:14] my_main Updated target network
[INFO 17:31:14] my_main t_env: 1940100 / 2050000
[INFO 17:31:14] my_main Estimated time left: 53 minutes, 23 seconds. Time passed: 15 hours, 27 minutes, 5 seconds
[INFO 17:32:36] my_main Recent Stats | t_env:    1942000 | Episode:    19420
entropy_loss:              0.0016	ep_length_mean:          100.0000	episode_limit_mean:        1.0000	epsilon:                   0.0500
grad_norm:                19.6447	healthy_machine_fraction_mean:  0.2098	loss:                      0.4267	mi_loss:                   0.0025
q_taken_mean:              2.8385	return_mean:              65.0860	return_median:            65.2000	return_std:                6.6901
target_mean:               2.8703	td_error_abs:              0.4826	test_ep_length_mean:     100.0000	test_episode_limit_mean:   1.0000
test_healthy_machine_fraction_mean:  0.2106	test_return_mean:         71.5438	test_return_median:       71.6000	test_return_std:           6.9356

[INFO 17:33:29] my_main Recent Stats | t_env:    1944000 | Episode:    19440
entropy_loss:              0.0016	ep_length_mean:          100.0000	episode_limit_mean:        1.0000	epsilon:                   0.0500
grad_norm:                19.3525	healthy_machine_fraction_mean:  0.2098	loss:                      0.4272	mi_loss:                   0.0025
q_taken_mean:              2.8484	return_mean:              65.0860	return_median:            65.2000	return_std:                6.6901
target_mean:               2.8798	td_error_abs:              0.4822	test_ep_length_mean:     100.0000	test_episode_limit_mean:   1.0000
test_healthy_machine_fraction_mean:  0.2106	test_return_mean:         71.5438	test_return_median:       71.6000	test_return_std:           6.9356

[INFO 17:34:21] my_main Recent Stats | t_env:    1946000 | Episode:    19460
entropy_loss:              0.0016	ep_length_mean:          100.0000	episode_limit_mean:        1.0000	epsilon:                   0.0500
grad_norm:                19.3525	healthy_machine_fraction_mean:  0.2098	loss:                      0.4272	mi_loss:                   0.0025
q_taken_mean:              2.8484	return_mean:              65.0860	return_median:            65.2000	return_std:                6.6901
target_mean:               2.8798	td_error_abs:              0.4822	test_ep_length_mean:     100.0000	test_episode_limit_mean:   1.0000
test_healthy_machine_fraction_mean:  0.2106	test_return_mean:         71.5438	test_return_median:       71.6000	test_return_std:           6.9356

[INFO 17:35:12] my_main Recent Stats | t_env:    1948000 | Episode:    19480
entropy_loss:              0.0016	ep_length_mean:          100.0000	episode_limit_mean:        1.0000	epsilon:                   0.0500
grad_norm:                19.3525	healthy_machine_fraction_mean:  0.2098	loss:                      0.4272	mi_loss:                   0.0025
q_taken_mean:              2.8484	return_mean:              65.0860	return_median:            65.2000	return_std:                6.6901
target_mean:               2.8798	td_error_abs:              0.4822	test_ep_length_mean:     100.0000	test_episode_limit_mean:   1.0000
test_healthy_machine_fraction_mean:  0.2106	test_return_mean:         71.5438	test_return_median:       71.6000	test_return_std:           6.9356

[INFO 17:36:03] my_main Recent Stats | t_env:    1950000 | Episode:    19500
entropy_loss:              0.0016	ep_length_mean:          100.0000	episode_limit_mean:        1.0000	epsilon:                   0.0500
grad_norm:                19.3525	healthy_machine_fraction_mean:  0.2098	loss:                      0.4272	mi_loss:                   0.0025
q_taken_mean:              2.8484	return_mean:              65.0860	return_median:            65.2000	return_std:                6.6901
target_mean:               2.8798	td_error_abs:              0.4822	test_ep_length_mean:     100.0000	test_episode_limit_mean:   1.0000
test_healthy_machine_fraction_mean:  0.2106	test_return_mean:         71.5438	test_return_median:       71.6000	test_return_std:           6.9356

[INFO 17:36:05] my_main t_env: 1950100 / 2050000
[INFO 17:36:05] my_main Estimated time left: 48 minutes, 24 seconds. Time passed: 15 hours, 31 minutes, 55 seconds
[INFO 17:37:27] my_main Recent Stats | t_env:    1952000 | Episode:    19520
entropy_loss:              0.0016	ep_length_mean:          100.0000	episode_limit_mean:        1.0000	epsilon:                   0.0500
grad_norm:                19.3525	healthy_machine_fraction_mean:  0.1942	loss:                      0.4272	mi_loss:                   0.0025
q_taken_mean:              2.8484	return_mean:              64.9080	return_median:            65.1000	return_std:                6.6570
target_mean:               2.8798	td_error_abs:              0.4822	test_ep_length_mean:     100.0000	test_episode_limit_mean:   1.0000
test_healthy_machine_fraction_mean:  0.1819	test_return_mean:         70.9562	test_return_median:       71.1000	test_return_std:           6.8038

[INFO 17:38:19] my_main Recent Stats | t_env:    1954000 | Episode:    19540
entropy_loss:              0.0016	ep_length_mean:          100.0000	episode_limit_mean:        1.0000	epsilon:                   0.0500
grad_norm:                20.1914	healthy_machine_fraction_mean:  0.1942	loss:                      0.4302	mi_loss:                   0.0025
q_taken_mean:              2.8601	return_mean:              64.9080	return_median:            65.1000	return_std:                6.6570
target_mean:               2.8928	td_error_abs:              0.4853	test_ep_length_mean:     100.0000	test_episode_limit_mean:   1.0000
test_healthy_machine_fraction_mean:  0.1819	test_return_mean:         70.9562	test_return_median:       71.1000	test_return_std:           6.8038

[INFO 17:39:12] my_main Recent Stats | t_env:    1956000 | Episode:    19560
entropy_loss:              0.0016	ep_length_mean:          100.0000	episode_limit_mean:        1.0000	epsilon:                   0.0500
grad_norm:                20.1914	healthy_machine_fraction_mean:  0.1942	loss:                      0.4302	mi_loss:                   0.0025
q_taken_mean:              2.8601	return_mean:              64.9080	return_median:            65.1000	return_std:                6.6570
target_mean:               2.8928	td_error_abs:              0.4853	test_ep_length_mean:     100.0000	test_episode_limit_mean:   1.0000
test_healthy_machine_fraction_mean:  0.1819	test_return_mean:         70.9562	test_return_median:       71.1000	test_return_std:           6.8038

[INFO 17:40:04] my_main Recent Stats | t_env:    1958000 | Episode:    19580
entropy_loss:              0.0016	ep_length_mean:          100.0000	episode_limit_mean:        1.0000	epsilon:                   0.0500
grad_norm:                20.1914	healthy_machine_fraction_mean:  0.1942	loss:                      0.4302	mi_loss:                   0.0025
q_taken_mean:              2.8601	return_mean:              64.9080	return_median:            65.1000	return_std:                6.6570
target_mean:               2.8928	td_error_abs:              0.4853	test_ep_length_mean:     100.0000	test_episode_limit_mean:   1.0000
test_healthy_machine_fraction_mean:  0.1819	test_return_mean:         70.9562	test_return_median:       71.1000	test_return_std:           6.8038

[INFO 17:40:55] my_main Recent Stats | t_env:    1960000 | Episode:    19600
entropy_loss:              0.0016	ep_length_mean:          100.0000	episode_limit_mean:        1.0000	epsilon:                   0.0500
grad_norm:                20.1914	healthy_machine_fraction_mean:  0.1942	loss:                      0.4302	mi_loss:                   0.0025
q_taken_mean:              2.8601	return_mean:              64.9080	return_median:            65.1000	return_std:                6.6570
target_mean:               2.8928	td_error_abs:              0.4853	test_ep_length_mean:     100.0000	test_episode_limit_mean:   1.0000
test_healthy_machine_fraction_mean:  0.1819	test_return_mean:         70.9562	test_return_median:       71.1000	test_return_std:           6.8038

[INFO 17:40:57] my_main Updated target network
[INFO 17:40:57] my_main t_env: 1960100 / 2050000
[INFO 17:40:57] my_main Estimated time left: 43 minutes, 46 seconds. Time passed: 15 hours, 36 minutes, 48 seconds
[INFO 17:42:19] my_main Recent Stats | t_env:    1962000 | Episode:    19620
entropy_loss:              0.0016	ep_length_mean:          100.0000	episode_limit_mean:        1.0000	epsilon:                   0.0500
grad_norm:                20.1914	healthy_machine_fraction_mean:  0.1892	loss:                      0.4302	mi_loss:                   0.0025
q_taken_mean:              2.8601	return_mean:              64.4760	return_median:            64.7000	return_std:                6.6987
target_mean:               2.8928	td_error_abs:              0.4853	test_ep_length_mean:     100.0000	test_episode_limit_mean:   1.0000
test_healthy_machine_fraction_mean:  0.1650	test_return_mean:         71.0812	test_return_median:       71.3000	test_return_std:           6.8589

[INFO 17:43:11] my_main Recent Stats | t_env:    1964000 | Episode:    19640
entropy_loss:              0.0016	ep_length_mean:          100.0000	episode_limit_mean:        1.0000	epsilon:                   0.0500
grad_norm:                19.5887	healthy_machine_fraction_mean:  0.1892	loss:                      0.4144	mi_loss:                   0.0025
q_taken_mean:              2.8685	return_mean:              64.4760	return_median:            64.7000	return_std:                6.6987
target_mean:               2.9001	td_error_abs:              0.4768	test_ep_length_mean:     100.0000	test_episode_limit_mean:   1.0000
test_healthy_machine_fraction_mean:  0.1650	test_return_mean:         71.0812	test_return_median:       71.3000	test_return_std:           6.8589

[INFO 17:44:03] my_main Recent Stats | t_env:    1966000 | Episode:    19660
entropy_loss:              0.0016	ep_length_mean:          100.0000	episode_limit_mean:        1.0000	epsilon:                   0.0500
grad_norm:                19.5887	healthy_machine_fraction_mean:  0.1892	loss:                      0.4144	mi_loss:                   0.0025
q_taken_mean:              2.8685	return_mean:              64.4760	return_median:            64.7000	return_std:                6.6987
target_mean:               2.9001	td_error_abs:              0.4768	test_ep_length_mean:     100.0000	test_episode_limit_mean:   1.0000
test_healthy_machine_fraction_mean:  0.1650	test_return_mean:         71.0812	test_return_median:       71.3000	test_return_std:           6.8589

[INFO 17:44:54] my_main Recent Stats | t_env:    1968000 | Episode:    19680
entropy_loss:              0.0016	ep_length_mean:          100.0000	episode_limit_mean:        1.0000	epsilon:                   0.0500
grad_norm:                19.5887	healthy_machine_fraction_mean:  0.1892	loss:                      0.4144	mi_loss:                   0.0025
q_taken_mean:              2.8685	return_mean:              64.4760	return_median:            64.7000	return_std:                6.6987
target_mean:               2.9001	td_error_abs:              0.4768	test_ep_length_mean:     100.0000	test_episode_limit_mean:   1.0000
test_healthy_machine_fraction_mean:  0.1650	test_return_mean:         71.0812	test_return_median:       71.3000	test_return_std:           6.8589

[INFO 17:45:44] my_main Recent Stats | t_env:    1970000 | Episode:    19700
entropy_loss:              0.0016	ep_length_mean:          100.0000	episode_limit_mean:        1.0000	epsilon:                   0.0500
grad_norm:                19.5887	healthy_machine_fraction_mean:  0.1892	loss:                      0.4144	mi_loss:                   0.0025
q_taken_mean:              2.8685	return_mean:              64.4760	return_median:            64.7000	return_std:                6.6987
target_mean:               2.9001	td_error_abs:              0.4768	test_ep_length_mean:     100.0000	test_episode_limit_mean:   1.0000
test_healthy_machine_fraction_mean:  0.1650	test_return_mean:         71.0812	test_return_median:       71.3000	test_return_std:           6.8589

[INFO 17:45:47] my_main t_env: 1970100 / 2050000
[INFO 17:45:47] my_main Estimated time left: 38 minutes, 33 seconds. Time passed: 15 hours, 41 minutes, 37 seconds
[INFO 17:47:09] my_main Recent Stats | t_env:    1972000 | Episode:    19720
entropy_loss:              0.0016	ep_length_mean:          100.0000	episode_limit_mean:        1.0000	epsilon:                   0.0500
grad_norm:                19.5887	healthy_machine_fraction_mean:  0.1790	loss:                      0.4144	mi_loss:                   0.0025
q_taken_mean:              2.8685	return_mean:              64.0840	return_median:            64.3000	return_std:                6.5338
target_mean:               2.9001	td_error_abs:              0.4768	test_ep_length_mean:     100.0000	test_episode_limit_mean:   1.0000
test_healthy_machine_fraction_mean:  0.1731	test_return_mean:         71.3250	test_return_median:       71.2000	test_return_std:           6.6026

[INFO 17:48:02] my_main Recent Stats | t_env:    1974000 | Episode:    19740
entropy_loss:              0.0016	ep_length_mean:          100.0000	episode_limit_mean:        1.0000	epsilon:                   0.0500
grad_norm:                18.9447	healthy_machine_fraction_mean:  0.1790	loss:                      0.3993	mi_loss:                   0.0025
q_taken_mean:              2.8784	return_mean:              64.0840	return_median:            64.3000	return_std:                6.5338
target_mean:               2.9090	td_error_abs:              0.4709	test_ep_length_mean:     100.0000	test_episode_limit_mean:   1.0000
test_healthy_machine_fraction_mean:  0.1731	test_return_mean:         71.3250	test_return_median:       71.2000	test_return_std:           6.6026

[INFO 17:48:54] my_main Recent Stats | t_env:    1976000 | Episode:    19760
entropy_loss:              0.0016	ep_length_mean:          100.0000	episode_limit_mean:        1.0000	epsilon:                   0.0500
grad_norm:                18.9447	healthy_machine_fraction_mean:  0.1790	loss:                      0.3993	mi_loss:                   0.0025
q_taken_mean:              2.8784	return_mean:              64.0840	return_median:            64.3000	return_std:                6.5338
target_mean:               2.9090	td_error_abs:              0.4709	test_ep_length_mean:     100.0000	test_episode_limit_mean:   1.0000
test_healthy_machine_fraction_mean:  0.1731	test_return_mean:         71.3250	test_return_median:       71.2000	test_return_std:           6.6026

[INFO 17:49:46] my_main Recent Stats | t_env:    1978000 | Episode:    19780
entropy_loss:              0.0016	ep_length_mean:          100.0000	episode_limit_mean:        1.0000	epsilon:                   0.0500
grad_norm:                18.9447	healthy_machine_fraction_mean:  0.1790	loss:                      0.3993	mi_loss:                   0.0025
q_taken_mean:              2.8784	return_mean:              64.0840	return_median:            64.3000	return_std:                6.5338
target_mean:               2.9090	td_error_abs:              0.4709	test_ep_length_mean:     100.0000	test_episode_limit_mean:   1.0000
test_healthy_machine_fraction_mean:  0.1731	test_return_mean:         71.3250	test_return_median:       71.2000	test_return_std:           6.6026

[INFO 17:50:36] my_main Recent Stats | t_env:    1980000 | Episode:    19800
entropy_loss:              0.0016	ep_length_mean:          100.0000	episode_limit_mean:        1.0000	epsilon:                   0.0500
grad_norm:                18.9447	healthy_machine_fraction_mean:  0.1790	loss:                      0.3993	mi_loss:                   0.0025
q_taken_mean:              2.8784	return_mean:              64.0840	return_median:            64.3000	return_std:                6.5338
target_mean:               2.9090	td_error_abs:              0.4709	test_ep_length_mean:     100.0000	test_episode_limit_mean:   1.0000
test_healthy_machine_fraction_mean:  0.1731	test_return_mean:         71.3250	test_return_median:       71.2000	test_return_std:           6.6026

[INFO 17:50:38] my_main Updated target network
[INFO 17:50:38] my_main t_env: 1980100 / 2050000
[INFO 17:50:38] my_main Estimated time left: 33 minutes, 56 seconds. Time passed: 15 hours, 46 minutes, 28 seconds
[INFO 17:51:59] my_main Recent Stats | t_env:    1982000 | Episode:    19820
entropy_loss:              0.0016	ep_length_mean:          100.0000	episode_limit_mean:        1.0000	epsilon:                   0.0500
grad_norm:                18.9447	healthy_machine_fraction_mean:  0.1862	loss:                      0.3993	mi_loss:                   0.0025
q_taken_mean:              2.8784	return_mean:              64.2780	return_median:            64.7000	return_std:                6.3383
target_mean:               2.9090	td_error_abs:              0.4709	test_ep_length_mean:     100.0000	test_episode_limit_mean:   1.0000
test_healthy_machine_fraction_mean:  0.1631	test_return_mean:         71.8312	test_return_median:       72.0000	test_return_std:           6.4021

[INFO 17:52:51] my_main Recent Stats | t_env:    1984000 | Episode:    19840
entropy_loss:              0.0016	ep_length_mean:          100.0000	episode_limit_mean:        1.0000	epsilon:                   0.0500
grad_norm:                18.7178	healthy_machine_fraction_mean:  0.1862	loss:                      0.3938	mi_loss:                   0.0025
q_taken_mean:              2.8883	return_mean:              64.2780	return_median:            64.7000	return_std:                6.3383
target_mean:               2.9185	td_error_abs:              0.4685	test_ep_length_mean:     100.0000	test_episode_limit_mean:   1.0000
test_healthy_machine_fraction_mean:  0.1631	test_return_mean:         71.8312	test_return_median:       72.0000	test_return_std:           6.4021

[INFO 17:53:43] my_main Recent Stats | t_env:    1986000 | Episode:    19860
entropy_loss:              0.0016	ep_length_mean:          100.0000	episode_limit_mean:        1.0000	epsilon:                   0.0500
grad_norm:                18.7178	healthy_machine_fraction_mean:  0.1862	loss:                      0.3938	mi_loss:                   0.0025
q_taken_mean:              2.8883	return_mean:              64.2780	return_median:            64.7000	return_std:                6.3383
target_mean:               2.9185	td_error_abs:              0.4685	test_ep_length_mean:     100.0000	test_episode_limit_mean:   1.0000
test_healthy_machine_fraction_mean:  0.1631	test_return_mean:         71.8312	test_return_median:       72.0000	test_return_std:           6.4021

[INFO 17:54:31] my_main Recent Stats | t_env:    1988000 | Episode:    19880
entropy_loss:              0.0016	ep_length_mean:          100.0000	episode_limit_mean:        1.0000	epsilon:                   0.0500
grad_norm:                18.7178	healthy_machine_fraction_mean:  0.1862	loss:                      0.3938	mi_loss:                   0.0025
q_taken_mean:              2.8883	return_mean:              64.2780	return_median:            64.7000	return_std:                6.3383
target_mean:               2.9185	td_error_abs:              0.4685	test_ep_length_mean:     100.0000	test_episode_limit_mean:   1.0000
test_healthy_machine_fraction_mean:  0.1631	test_return_mean:         71.8312	test_return_median:       72.0000	test_return_std:           6.4021

[INFO 17:55:20] my_main Recent Stats | t_env:    1990000 | Episode:    19900
entropy_loss:              0.0016	ep_length_mean:          100.0000	episode_limit_mean:        1.0000	epsilon:                   0.0500
grad_norm:                18.7178	healthy_machine_fraction_mean:  0.1862	loss:                      0.3938	mi_loss:                   0.0025
q_taken_mean:              2.8883	return_mean:              64.2780	return_median:            64.7000	return_std:                6.3383
target_mean:               2.9185	td_error_abs:              0.4685	test_ep_length_mean:     100.0000	test_episode_limit_mean:   1.0000
test_healthy_machine_fraction_mean:  0.1631	test_return_mean:         71.8312	test_return_median:       72.0000	test_return_std:           6.4021

[INFO 17:55:23] my_main t_env: 1990100 / 2050000
[INFO 17:55:23] my_main Estimated time left: 28 minutes, 23 seconds. Time passed: 15 hours, 51 minutes, 13 seconds
[INFO 17:56:44] my_main Recent Stats | t_env:    1992000 | Episode:    19920
entropy_loss:              0.0016	ep_length_mean:          100.0000	episode_limit_mean:        1.0000	epsilon:                   0.0500
grad_norm:                18.7178	healthy_machine_fraction_mean:  0.1898	loss:                      0.3938	mi_loss:                   0.0025
q_taken_mean:              2.8883	return_mean:              64.4560	return_median:            64.5000	return_std:                6.1016
target_mean:               2.9185	td_error_abs:              0.4685	test_ep_length_mean:     100.0000	test_episode_limit_mean:   1.0000
test_healthy_machine_fraction_mean:  0.1513	test_return_mean:         72.9250	test_return_median:       73.4000	test_return_std:           5.7767

[INFO 17:57:35] my_main Recent Stats | t_env:    1994000 | Episode:    19940
entropy_loss:              0.0016	ep_length_mean:          100.0000	episode_limit_mean:        1.0000	epsilon:                   0.0500
grad_norm:                19.2216	healthy_machine_fraction_mean:  0.1898	loss:                      0.4037	mi_loss:                   0.0025
q_taken_mean:              2.8965	return_mean:              64.4560	return_median:            64.5000	return_std:                6.1016
target_mean:               2.9274	td_error_abs:              0.4744	test_ep_length_mean:     100.0000	test_episode_limit_mean:   1.0000
test_healthy_machine_fraction_mean:  0.1513	test_return_mean:         72.9250	test_return_median:       73.4000	test_return_std:           5.7767

[INFO 17:58:27] my_main Recent Stats | t_env:    1996000 | Episode:    19960
entropy_loss:              0.0016	ep_length_mean:          100.0000	episode_limit_mean:        1.0000	epsilon:                   0.0500
grad_norm:                19.2216	healthy_machine_fraction_mean:  0.1898	loss:                      0.4037	mi_loss:                   0.0025
q_taken_mean:              2.8965	return_mean:              64.4560	return_median:            64.5000	return_std:                6.1016
target_mean:               2.9274	td_error_abs:              0.4744	test_ep_length_mean:     100.0000	test_episode_limit_mean:   1.0000
test_healthy_machine_fraction_mean:  0.1513	test_return_mean:         72.9250	test_return_median:       73.4000	test_return_std:           5.7767

[INFO 17:59:19] my_main Recent Stats | t_env:    1998000 | Episode:    19980
entropy_loss:              0.0016	ep_length_mean:          100.0000	episode_limit_mean:        1.0000	epsilon:                   0.0500
grad_norm:                19.2216	healthy_machine_fraction_mean:  0.1898	loss:                      0.4037	mi_loss:                   0.0025
q_taken_mean:              2.8965	return_mean:              64.4560	return_median:            64.5000	return_std:                6.1016
target_mean:               2.9274	td_error_abs:              0.4744	test_ep_length_mean:     100.0000	test_episode_limit_mean:   1.0000
test_healthy_machine_fraction_mean:  0.1513	test_return_mean:         72.9250	test_return_median:       73.4000	test_return_std:           5.7767

[INFO 18:00:10] my_main Recent Stats | t_env:    2000000 | Episode:    20000
entropy_loss:              0.0016	ep_length_mean:          100.0000	episode_limit_mean:        1.0000	epsilon:                   0.0500
grad_norm:                19.2216	healthy_machine_fraction_mean:  0.1898	loss:                      0.4037	mi_loss:                   0.0025
q_taken_mean:              2.8965	return_mean:              64.4560	return_median:            64.5000	return_std:                6.1016
target_mean:               2.9274	td_error_abs:              0.4744	test_ep_length_mean:     100.0000	test_episode_limit_mean:   1.0000
test_healthy_machine_fraction_mean:  0.1513	test_return_mean:         72.9250	test_return_median:       73.4000	test_return_std:           5.7767

[INFO 18:00:12] my_main Updated target network
[INFO 18:00:12] my_main t_env: 2000100 / 2050000
[INFO 18:00:12] my_main Estimated time left: 24 minutes, 4 seconds. Time passed: 15 hours, 56 minutes, 2 seconds
[INFO 18:01:34] my_main Recent Stats | t_env:    2002000 | Episode:    20020
entropy_loss:              0.0016	ep_length_mean:          100.0000	episode_limit_mean:        1.0000	epsilon:                   0.0500
grad_norm:                19.2216	healthy_machine_fraction_mean:  0.1834	loss:                      0.4037	mi_loss:                   0.0025
q_taken_mean:              2.8965	return_mean:              64.8360	return_median:            64.7000	return_std:                6.1224
target_mean:               2.9274	td_error_abs:              0.4744	test_ep_length_mean:     100.0000	test_episode_limit_mean:   1.0000
test_healthy_machine_fraction_mean:  0.1538	test_return_mean:         72.5750	test_return_median:       72.9000	test_return_std:           5.9157

[INFO 18:02:26] my_main Recent Stats | t_env:    2004000 | Episode:    20040
entropy_loss:              0.0015	ep_length_mean:          100.0000	episode_limit_mean:        1.0000	epsilon:                   0.0500
grad_norm:                19.4332	healthy_machine_fraction_mean:  0.1834	loss:                      0.4029	mi_loss:                   0.0025
q_taken_mean:              2.9175	return_mean:              64.8360	return_median:            64.7000	return_std:                6.1224
target_mean:               2.9358	td_error_abs:              0.4834	test_ep_length_mean:     100.0000	test_episode_limit_mean:   1.0000
test_healthy_machine_fraction_mean:  0.1538	test_return_mean:         72.5750	test_return_median:       72.9000	test_return_std:           5.9157

[INFO 18:03:19] my_main Recent Stats | t_env:    2006000 | Episode:    20060
entropy_loss:              0.0015	ep_length_mean:          100.0000	episode_limit_mean:        1.0000	epsilon:                   0.0500
grad_norm:                19.4332	healthy_machine_fraction_mean:  0.1834	loss:                      0.4029	mi_loss:                   0.0025
q_taken_mean:              2.9175	return_mean:              64.8360	return_median:            64.7000	return_std:                6.1224
target_mean:               2.9358	td_error_abs:              0.4834	test_ep_length_mean:     100.0000	test_episode_limit_mean:   1.0000
test_healthy_machine_fraction_mean:  0.1538	test_return_mean:         72.5750	test_return_median:       72.9000	test_return_std:           5.9157

[INFO 18:04:11] my_main Recent Stats | t_env:    2008000 | Episode:    20080
entropy_loss:              0.0015	ep_length_mean:          100.0000	episode_limit_mean:        1.0000	epsilon:                   0.0500
grad_norm:                19.4332	healthy_machine_fraction_mean:  0.1834	loss:                      0.4029	mi_loss:                   0.0025
q_taken_mean:              2.9175	return_mean:              64.8360	return_median:            64.7000	return_std:                6.1224
target_mean:               2.9358	td_error_abs:              0.4834	test_ep_length_mean:     100.0000	test_episode_limit_mean:   1.0000
test_healthy_machine_fraction_mean:  0.1538	test_return_mean:         72.5750	test_return_median:       72.9000	test_return_std:           5.9157

[INFO 18:05:02] my_main Recent Stats | t_env:    2010000 | Episode:    20100
entropy_loss:              0.0015	ep_length_mean:          100.0000	episode_limit_mean:        1.0000	epsilon:                   0.0500
grad_norm:                19.4332	healthy_machine_fraction_mean:  0.1834	loss:                      0.4029	mi_loss:                   0.0025
q_taken_mean:              2.9175	return_mean:              64.8360	return_median:            64.7000	return_std:                6.1224
target_mean:               2.9358	td_error_abs:              0.4834	test_ep_length_mean:     100.0000	test_episode_limit_mean:   1.0000
test_healthy_machine_fraction_mean:  0.1538	test_return_mean:         72.5750	test_return_median:       72.9000	test_return_std:           5.9157

[INFO 18:05:04] my_main t_env: 2010100 / 2050000
[INFO 18:05:04] my_main Estimated time left: 19 minutes, 24 seconds. Time passed: 16 hours, 54 seconds
[INFO 18:06:26] my_main Recent Stats | t_env:    2012000 | Episode:    20120
entropy_loss:              0.0015	ep_length_mean:          100.0000	episode_limit_mean:        1.0000	epsilon:                   0.0500
grad_norm:                19.4332	healthy_machine_fraction_mean:  0.1846	loss:                      0.4029	mi_loss:                   0.0025
q_taken_mean:              2.9175	return_mean:              65.2900	return_median:            65.1000	return_std:                5.8560
target_mean:               2.9358	td_error_abs:              0.4834	test_ep_length_mean:     100.0000	test_episode_limit_mean:   1.0000
test_healthy_machine_fraction_mean:  0.1600	test_return_mean:         72.6437	test_return_median:       73.0000	test_return_std:           5.8877

[INFO 18:07:18] my_main Recent Stats | t_env:    2014000 | Episode:    20140
entropy_loss:              0.0016	ep_length_mean:          100.0000	episode_limit_mean:        1.0000	epsilon:                   0.0500
grad_norm:                18.9152	healthy_machine_fraction_mean:  0.1846	loss:                      0.4043	mi_loss:                   0.0024
q_taken_mean:              2.9354	return_mean:              65.2900	return_median:            65.1000	return_std:                5.8560
target_mean:               2.9439	td_error_abs:              0.4895	test_ep_length_mean:     100.0000	test_episode_limit_mean:   1.0000
test_healthy_machine_fraction_mean:  0.1600	test_return_mean:         72.6437	test_return_median:       73.0000	test_return_std:           5.8877

[INFO 18:08:10] my_main Recent Stats | t_env:    2016000 | Episode:    20160
entropy_loss:              0.0016	ep_length_mean:          100.0000	episode_limit_mean:        1.0000	epsilon:                   0.0500
grad_norm:                18.9152	healthy_machine_fraction_mean:  0.1846	loss:                      0.4043	mi_loss:                   0.0024
q_taken_mean:              2.9354	return_mean:              65.2900	return_median:            65.1000	return_std:                5.8560
target_mean:               2.9439	td_error_abs:              0.4895	test_ep_length_mean:     100.0000	test_episode_limit_mean:   1.0000
test_healthy_machine_fraction_mean:  0.1600	test_return_mean:         72.6437	test_return_median:       73.0000	test_return_std:           5.8877

[INFO 18:09:02] my_main Recent Stats | t_env:    2018000 | Episode:    20180
entropy_loss:              0.0016	ep_length_mean:          100.0000	episode_limit_mean:        1.0000	epsilon:                   0.0500
grad_norm:                18.9152	healthy_machine_fraction_mean:  0.1846	loss:                      0.4043	mi_loss:                   0.0024
q_taken_mean:              2.9354	return_mean:              65.2900	return_median:            65.1000	return_std:                5.8560
target_mean:               2.9439	td_error_abs:              0.4895	test_ep_length_mean:     100.0000	test_episode_limit_mean:   1.0000
test_healthy_machine_fraction_mean:  0.1600	test_return_mean:         72.6437	test_return_median:       73.0000	test_return_std:           5.8877

[INFO 18:09:52] my_main Recent Stats | t_env:    2020000 | Episode:    20200
entropy_loss:              0.0016	ep_length_mean:          100.0000	episode_limit_mean:        1.0000	epsilon:                   0.0500
grad_norm:                18.9152	healthy_machine_fraction_mean:  0.1846	loss:                      0.4043	mi_loss:                   0.0024
q_taken_mean:              2.9354	return_mean:              65.2900	return_median:            65.1000	return_std:                5.8560
target_mean:               2.9439	td_error_abs:              0.4895	test_ep_length_mean:     100.0000	test_episode_limit_mean:   1.0000
test_healthy_machine_fraction_mean:  0.1600	test_return_mean:         72.6437	test_return_median:       73.0000	test_return_std:           5.8877

[INFO 18:09:55] my_main Updated target network
[INFO 18:09:55] my_main t_env: 2020100 / 2050000
[INFO 18:09:55] my_main Estimated time left: 14 minutes, 29 seconds. Time passed: 16 hours, 5 minutes, 45 seconds
[INFO 18:11:16] my_main Recent Stats | t_env:    2022000 | Episode:    20220
entropy_loss:              0.0016	ep_length_mean:          100.0000	episode_limit_mean:        1.0000	epsilon:                   0.0500
grad_norm:                18.9152	healthy_machine_fraction_mean:  0.1772	loss:                      0.4043	mi_loss:                   0.0024
q_taken_mean:              2.9354	return_mean:              65.1540	return_median:            64.9000	return_std:                5.7247
target_mean:               2.9439	td_error_abs:              0.4895	test_ep_length_mean:     100.0000	test_episode_limit_mean:   1.0000
test_healthy_machine_fraction_mean:  0.1494	test_return_mean:         72.6188	test_return_median:       73.2000	test_return_std:           6.0460

[INFO 18:12:08] my_main Recent Stats | t_env:    2024000 | Episode:    20240
entropy_loss:              0.0016	ep_length_mean:          100.0000	episode_limit_mean:        1.0000	epsilon:                   0.0500
grad_norm:                18.0265	healthy_machine_fraction_mean:  0.1772	loss:                      0.4034	mi_loss:                   0.0024
q_taken_mean:              2.9571	return_mean:              65.1540	return_median:            64.9000	return_std:                5.7247
target_mean:               2.9641	td_error_abs:              0.4856	test_ep_length_mean:     100.0000	test_episode_limit_mean:   1.0000
test_healthy_machine_fraction_mean:  0.1494	test_return_mean:         72.6188	test_return_median:       73.2000	test_return_std:           6.0460

[INFO 18:13:01] my_main Recent Stats | t_env:    2026000 | Episode:    20260
entropy_loss:              0.0016	ep_length_mean:          100.0000	episode_limit_mean:        1.0000	epsilon:                   0.0500
grad_norm:                18.0265	healthy_machine_fraction_mean:  0.1772	loss:                      0.4034	mi_loss:                   0.0024
q_taken_mean:              2.9571	return_mean:              65.1540	return_median:            64.9000	return_std:                5.7247
target_mean:               2.9641	td_error_abs:              0.4856	test_ep_length_mean:     100.0000	test_episode_limit_mean:   1.0000
test_healthy_machine_fraction_mean:  0.1494	test_return_mean:         72.6188	test_return_median:       73.2000	test_return_std:           6.0460

[INFO 18:13:53] my_main Recent Stats | t_env:    2028000 | Episode:    20280
entropy_loss:              0.0016	ep_length_mean:          100.0000	episode_limit_mean:        1.0000	epsilon:                   0.0500
grad_norm:                18.0265	healthy_machine_fraction_mean:  0.1772	loss:                      0.4034	mi_loss:                   0.0024
q_taken_mean:              2.9571	return_mean:              65.1540	return_median:            64.9000	return_std:                5.7247
target_mean:               2.9641	td_error_abs:              0.4856	test_ep_length_mean:     100.0000	test_episode_limit_mean:   1.0000
test_healthy_machine_fraction_mean:  0.1494	test_return_mean:         72.6188	test_return_median:       73.2000	test_return_std:           6.0460

[INFO 18:14:43] my_main Recent Stats | t_env:    2030000 | Episode:    20300
entropy_loss:              0.0016	ep_length_mean:          100.0000	episode_limit_mean:        1.0000	epsilon:                   0.0500
grad_norm:                18.0265	healthy_machine_fraction_mean:  0.1772	loss:                      0.4034	mi_loss:                   0.0024
q_taken_mean:              2.9571	return_mean:              65.1540	return_median:            64.9000	return_std:                5.7247
target_mean:               2.9641	td_error_abs:              0.4856	test_ep_length_mean:     100.0000	test_episode_limit_mean:   1.0000
test_healthy_machine_fraction_mean:  0.1494	test_return_mean:         72.6188	test_return_median:       73.2000	test_return_std:           6.0460

[INFO 18:14:45] my_main t_env: 2030100 / 2050000
[INFO 18:14:45] my_main Estimated time left: 9 minutes, 38 seconds. Time passed: 16 hours, 10 minutes, 36 seconds
[INFO 18:16:08] my_main Recent Stats | t_env:    2032000 | Episode:    20320
entropy_loss:              0.0016	ep_length_mean:          100.0000	episode_limit_mean:        1.0000	epsilon:                   0.0500
grad_norm:                18.0265	healthy_machine_fraction_mean:  0.1852	loss:                      0.4034	mi_loss:                   0.0024
q_taken_mean:              2.9571	return_mean:              65.2540	return_median:            64.7000	return_std:                5.8780
target_mean:               2.9641	td_error_abs:              0.4856	test_ep_length_mean:     100.0000	test_episode_limit_mean:   1.0000
test_healthy_machine_fraction_mean:  0.1556	test_return_mean:         73.0125	test_return_median:       73.1000	test_return_std:           6.0274

[INFO 18:17:00] my_main Recent Stats | t_env:    2034000 | Episode:    20340
entropy_loss:              0.0015	ep_length_mean:          100.0000	episode_limit_mean:        1.0000	epsilon:                   0.0500
grad_norm:                17.5014	healthy_machine_fraction_mean:  0.1852	loss:                      0.3988	mi_loss:                   0.0024
q_taken_mean:              2.9750	return_mean:              65.2540	return_median:            64.7000	return_std:                5.8780
target_mean:               2.9810	td_error_abs:              0.4808	test_ep_length_mean:     100.0000	test_episode_limit_mean:   1.0000
test_healthy_machine_fraction_mean:  0.1556	test_return_mean:         73.0125	test_return_median:       73.1000	test_return_std:           6.0274

[INFO 18:17:53] my_main Recent Stats | t_env:    2036000 | Episode:    20360
entropy_loss:              0.0015	ep_length_mean:          100.0000	episode_limit_mean:        1.0000	epsilon:                   0.0500
grad_norm:                17.5014	healthy_machine_fraction_mean:  0.1852	loss:                      0.3988	mi_loss:                   0.0024
q_taken_mean:              2.9750	return_mean:              65.2540	return_median:            64.7000	return_std:                5.8780
target_mean:               2.9810	td_error_abs:              0.4808	test_ep_length_mean:     100.0000	test_episode_limit_mean:   1.0000
test_healthy_machine_fraction_mean:  0.1556	test_return_mean:         73.0125	test_return_median:       73.1000	test_return_std:           6.0274

[INFO 18:18:45] my_main Recent Stats | t_env:    2038000 | Episode:    20380
entropy_loss:              0.0015	ep_length_mean:          100.0000	episode_limit_mean:        1.0000	epsilon:                   0.0500
grad_norm:                17.5014	healthy_machine_fraction_mean:  0.1852	loss:                      0.3988	mi_loss:                   0.0024
q_taken_mean:              2.9750	return_mean:              65.2540	return_median:            64.7000	return_std:                5.8780
target_mean:               2.9810	td_error_abs:              0.4808	test_ep_length_mean:     100.0000	test_episode_limit_mean:   1.0000
test_healthy_machine_fraction_mean:  0.1556	test_return_mean:         73.0125	test_return_median:       73.1000	test_return_std:           6.0274

[INFO 18:19:36] my_main Recent Stats | t_env:    2040000 | Episode:    20400
entropy_loss:              0.0015	ep_length_mean:          100.0000	episode_limit_mean:        1.0000	epsilon:                   0.0500
grad_norm:                17.5014	healthy_machine_fraction_mean:  0.1852	loss:                      0.3988	mi_loss:                   0.0024
q_taken_mean:              2.9750	return_mean:              65.2540	return_median:            64.7000	return_std:                5.8780
target_mean:               2.9810	td_error_abs:              0.4808	test_ep_length_mean:     100.0000	test_episode_limit_mean:   1.0000
test_healthy_machine_fraction_mean:  0.1556	test_return_mean:         73.0125	test_return_median:       73.1000	test_return_std:           6.0274

[INFO 18:19:38] my_main Updated target network
[INFO 18:19:38] my_main t_env: 2040100 / 2050000
[INFO 18:19:38] my_main Estimated time left: 4 minutes, 50 seconds. Time passed: 16 hours, 15 minutes, 29 seconds
[INFO 18:21:02] my_main Recent Stats | t_env:    2042000 | Episode:    20420
entropy_loss:              0.0015	ep_length_mean:          100.0000	episode_limit_mean:        1.0000	epsilon:                   0.0500
grad_norm:                17.5014	healthy_machine_fraction_mean:  0.1996	loss:                      0.3988	mi_loss:                   0.0024
q_taken_mean:              2.9750	return_mean:              65.6580	return_median:            65.3000	return_std:                5.8714
target_mean:               2.9810	td_error_abs:              0.4808	test_ep_length_mean:     100.0000	test_episode_limit_mean:   1.0000
test_healthy_machine_fraction_mean:  0.1706	test_return_mean:         73.1750	test_return_median:       73.1000	test_return_std:           6.3049

[INFO 18:21:54] my_main Recent Stats | t_env:    2044000 | Episode:    20440
entropy_loss:              0.0015	ep_length_mean:          100.0000	episode_limit_mean:        1.0000	epsilon:                   0.0500
grad_norm:                17.0842	healthy_machine_fraction_mean:  0.1996	loss:                      0.3919	mi_loss:                   0.0024
q_taken_mean:              2.9980	return_mean:              65.6580	return_median:            65.3000	return_std:                5.8714
target_mean:               3.0031	td_error_abs:              0.4745	test_ep_length_mean:     100.0000	test_episode_limit_mean:   1.0000
test_healthy_machine_fraction_mean:  0.1706	test_return_mean:         73.1750	test_return_median:       73.1000	test_return_std:           6.3049

[INFO 18:22:46] my_main Recent Stats | t_env:    2046000 | Episode:    20460
entropy_loss:              0.0015	ep_length_mean:          100.0000	episode_limit_mean:        1.0000	epsilon:                   0.0500
grad_norm:                17.0842	healthy_machine_fraction_mean:  0.1996	loss:                      0.3919	mi_loss:                   0.0024
q_taken_mean:              2.9980	return_mean:              65.6580	return_median:            65.3000	return_std:                5.8714
target_mean:               3.0031	td_error_abs:              0.4745	test_ep_length_mean:     100.0000	test_episode_limit_mean:   1.0000
test_healthy_machine_fraction_mean:  0.1706	test_return_mean:         73.1750	test_return_median:       73.1000	test_return_std:           6.3049

[INFO 18:23:39] my_main Recent Stats | t_env:    2048000 | Episode:    20480
entropy_loss:              0.0015	ep_length_mean:          100.0000	episode_limit_mean:        1.0000	epsilon:                   0.0500
grad_norm:                17.0842	healthy_machine_fraction_mean:  0.1996	loss:                      0.3919	mi_loss:                   0.0024
q_taken_mean:              2.9980	return_mean:              65.6580	return_median:            65.3000	return_std:                5.8714
target_mean:               3.0031	td_error_abs:              0.4745	test_ep_length_mean:     100.0000	test_episode_limit_mean:   1.0000
test_healthy_machine_fraction_mean:  0.1706	test_return_mean:         73.1750	test_return_median:       73.1000	test_return_std:           6.3049

[INFO 18:24:30] my_main Recent Stats | t_env:    2050000 | Episode:    20500
entropy_loss:              0.0015	ep_length_mean:          100.0000	episode_limit_mean:        1.0000	epsilon:                   0.0500
grad_norm:                17.0842	healthy_machine_fraction_mean:  0.1996	loss:                      0.3919	mi_loss:                   0.0024
q_taken_mean:              2.9980	return_mean:              65.6580	return_median:            65.3000	return_std:                5.8714
target_mean:               3.0031	td_error_abs:              0.4745	test_ep_length_mean:     100.0000	test_episode_limit_mean:   1.0000
test_healthy_machine_fraction_mean:  0.1706	test_return_mean:         73.1750	test_return_median:       73.1000	test_return_std:           6.3049

[INFO 18:24:32] my_main t_env: 2050100 / 2050000
[INFO 18:24:32] my_main Estimated time left: -. Time passed: 16 hours, 20 minutes, 22 seconds
[INFO 18:25:02] my_main Finished Training
Export tensorboard scalars at /root/autodl-tmp/AAAI/LLM_Communication/Baseline-cognac/MAIC/results/tb_logs/cognac/MAIC_COGNAC/2026-07-19_02-04-08_MAIC_COGNAC_cognac_sysadmin_10_1234 to json file /root/autodl-tmp/AAAI/LLM_Communication/Baseline-cognac/MAIC/results/cognac/MAIC_COGNAC/2026-07-19_02-04-08_MAIC_COGNAC_cognac_sysadmin_10_1234.json
[DEBUG 18:25:02] tensorboard Opening a stub record reader pointing at /root/autodl-tmp/AAAI/LLM_Communication/Baseline-cognac/MAIC/results/tb_logs/cognac/MAIC_COGNAC/2026-07-19_02-04-08_MAIC_COGNAC_cognac_sysadmin_10_1234/events.out.tfevents.1784397848.autodl-container-e9e04d9e7a-ea39e67f
[DEBUG 18:25:02] tensorboard Loading events from /root/autodl-tmp/AAAI/LLM_Communication/Baseline-cognac/MAIC/results/tb_logs/cognac/MAIC_COGNAC/2026-07-19_02-04-08_MAIC_COGNAC_cognac_sysadmin_10_1234/events.out.tfevents.1784397848.autodl-container-e9e04d9e7a-ea39e67f
[DEBUG 18:25:02] tensorboard End of file in /root/autodl-tmp/AAAI/LLM_Communication/Baseline-cognac/MAIC/results/tb_logs/cognac/MAIC_COGNAC/2026-07-19_02-04-08_MAIC_COGNAC_cognac_sysadmin_10_1234/events.out.tfevents.1784397848.autodl-container-e9e04d9e7a-ea39e67f
[DEBUG 18:25:02] tensorboard No more events in /root/autodl-tmp/AAAI/LLM_Communication/Baseline-cognac/MAIC/results/tb_logs/cognac/MAIC_COGNAC/2026-07-19_02-04-08_MAIC_COGNAC_cognac_sysadmin_10_1234/events.out.tfevents.1784397848.autodl-container-e9e04d9e7a-ea39e67f
[INFO 18:25:02] tensorboard No path found after /root/autodl-tmp/AAAI/LLM_Communication/Baseline-cognac/MAIC/results/tb_logs/cognac/MAIC_COGNAC/2026-07-19_02-04-08_MAIC_COGNAC_cognac_sysadmin_10_1234/events.out.tfevents.1784397848.autodl-container-e9e04d9e7a-ea39e67f
Exiting Main
Stopping all threads
Thread Thread-1 is alive! Is daemon: False
Thread joined
Thread Thread-2 is alive! Is daemon: True
Thread joined
Thread QueueFeederThread is alive! Is daemon: True
Thread joined
Exiting script
